idFactura,idC,fecha
FACT00502,C07,22/01/2025
FACT08078,C10,01/10/2025
FACT08992,C10,19/11/2025
FACT05419,C01,26/07/2025
FACT06017,C10,30/08/2025
FACT03501,C01,19/05/2025
FACT02481,C08,25/03/2025
FACT06633,C05,08/08/2025
FACT06841,C10,21/09/2025
FACT08959,C07,05/11/2025
FACT02163,C02,15/03/2025
FACT01948,C04,08/03/2025
FACT05703,C07,07/07/2025
FACT03259,C07,28/04/2025
FACT03127,C03,24/04/2025
FACT00525,C09,17/01/2025
FACT02520,C08,18/04/2025
FACT05614,C07,28/07/2025
FACT05603,C10,30/07/2025
FACT09974,C04,25/12/2025
FACT04836,C03,13/06/2025
FACT05047,C07,25/07/2025
FACT02911,C02,19/04/2025
FACT05502,C09,23/07/2025
FACT01691,C09,23/03/2025
FACT01964,C09,24/03/2025
FACT01043,C07,14/02/2025
FACT09587,C01,20/12/2025
FACT02989,C01,28/04/2025
FACT09109,C04,07/11/2025
FACT08763,C01,11/11/2025
FACT08251,C02,06/10/2025
FACT07230,C04,26/09/2025
FACT08353,C10,25/11/2025
FACT03926,C10,23/05/2025
FACT01510,C03,26/02/2025
FACT01173,C08,14/02/2025
FACT09089,C08,08/11/2025
FACT03273,C08,03/04/2025
FACT09403,C03,12/12/2025
FACT04699,C07,17/06/2025
FACT07127,C07,15/09/2025
FACT04564,C03,02/06/2025
FACT07639,C03,29/10/2025
FACT08182,C04,19/10/2025
FACT03514,C05,09/05/2025
FACT08090,C07,26/10/2025
FACT00346,C01,07/01/2025
FACT01532,C08,09/02/2025
FACT05322,C05,27/07/2025
FACT08503,C02,09/11/2025
FACT05405,C04,26/07/2025
FACT01865,C05,12/03/2025
FACT03985,C07,29/05/2025
FACT03905,C03,04/05/2025
FACT07482,C09,11/09/2025
FACT09205,C08,31/12/2025
FACT08319,C02,27/10/2025
FACT04967,C06,03/06/2025
FACT09075,C09,05/11/2025
FACT06136,C06,26/08/2025
FACT08221,C10,25/10/2025
FACT02967,C03,26/04/2025
FACT08790,C01,16/11/2025
FACT09119,C07,02/11/2025
FACT09937,C02,13/12/2025
FACT09875,C04,18/12/2025
FACT04683,C10,08/06/2025
FACT05734,C10,29/07/2025
FACT03766,C07,05/05/2025
FACT02372,C05,31/03/2025
FACT05460,C07,06/07/2025
FACT01528,C03,06/02/2025
FACT06789,C09,23/09/2025
FACT02317,C07,26/03/2025
FACT03183,C01,20/04/2025
FACT04150,C08,19/05/2025
FACT05126,C01,15/07/2025
FACT00851,C10,24/02/2025
FACT01421,C07,20/02/2025
FACT06933,C01,15/09/2025
FACT04339,C05,21/06/2025
FACT00810,C10,17/01/2025
FACT02356,C04,05/03/2025
FACT08385,C01,12/11/2025
FACT05305,C03,13/07/2025
FACT02180,C06,24/03/2025
FACT08605,C02,30/11/2025
FACT04702,C03,20/06/2025
FACT01639,C01,09/02/2025
FACT04221,C10,04/06/2025
FACT09731,C03,08/12/2025
FACT01048,C04,01/02/2025
FACT05073,C03,19/07/2025
FACT01941,C05,16/03/2025
FACT02386,C02,06/03/2025
FACT03190,C01,08/04/2025
FACT04543,C05,19/06/2025
FACT02959,C06,12/04/2025
FACT05966,C09,25/08/2025
FACT02628,C07,04/04/2025
FACT01330,C10,12/02/2025
FACT05397,C10,20/07/2025
FACT08219,C01,04/10/2025
FACT03724,C06,04/05/2025
FACT04448,C03,05/06/2025
FACT03533,C07,06/05/2025
FACT07828,C07,08/10/2025
FACT00362,C01,28/01/2025
FACT08804,C01,24/11/2025
FACT04827,C08,29/06/2025
FACT03548,C01,30/05/2025
FACT03946,C10,05/05/2025
FACT01243,C01,25/02/2025
FACT02340,C04,19/03/2025
FACT01519,C04,10/02/2025
FACT05155,C08,18/07/2025
FACT01660,C02,25/02/2025
FACT04680,C10,16/06/2025
FACT03783,C04,14/05/2025
FACT05108,C10,01/07/2025
FACT00366,C02,29/01/2025
FACT06257,C05,18/08/2025
FACT06763,C06,18/09/2025
FACT01620,C08,19/02/2025
FACT05477,C02,29/07/2025
FACT01739,C06,05/03/2025
FACT02333,C07,17/03/2025
FACT05396,C01,18/07/2025
FACT06740,C04,09/09/2025
FACT06675,C05,31/08/2025
FACT03413,C06,11/05/2025
FACT04005,C08,13/05/2025
FACT00311,C05,04/01/2025
FACT09576,C04,25/12/2025
FACT03894,C04,03/05/2025
FACT02424,C08,13/03/2025
FACT01388,C10,07/02/2025
FACT04178,C08,11/05/2025
FACT06248,C04,12/08/2025
FACT03820,C02,02/05/2025
FACT04004,C09,07/05/2025
FACT04534,C02,29/06/2025
FACT02122,C08,17/03/2025
FACT00975,C07,15/02/2025
FACT01072,C05,03/02/2025
FACT04701,C08,20/06/2025
FACT07361,C01,06/09/2025
FACT09233,C05,05/12/2025
FACT03860,C10,27/05/2025
FACT01530,C04,01/02/2025
FACT03625,C01,30/05/2025
FACT02096,C06,11/03/2025
FACT03184,C01,27/04/2025
FACT04486,C10,28/06/2025
FACT00598,C08,15/01/2025
FACT01725,C09,26/03/2025
FACT09323,C05,21/12/2025
FACT04301,C03,16/06/2025
FACT06186,C08,06/08/2025
FACT02698,C09,09/04/2025
FACT00014,C04,03/01/2025
FACT06091,C01,13/08/2025
FACT04972,C01,23/06/2025
FACT04703,C07,24/06/2025
FACT02341,C06,19/03/2025
FACT00552,C04,21/01/2025
FACT02178,C05,14/03/2025
FACT01600,C10,13/02/2025
FACT04815,C07,09/06/2025
FACT09743,C03,26/12/2025
FACT03596,C09,19/05/2025
FACT09102,C05,14/11/2025
FACT08405,C10,30/11/2025
FACT07984,C03,22/10/2025
FACT00734,C06,22/01/2025
FACT08883,C03,01/11/2025
FACT08887,C09,21/11/2025
FACT06006,C02,21/08/2025
FACT08551,C04,17/11/2025
FACT05220,C07,24/07/2025
FACT06984,C09,21/09/2025
FACT02563,C07,01/04/2025
FACT07462,C01,14/09/2025
FACT07129,C10,25/09/2025
FACT04386,C04,13/06/2025
FACT03013,C08,03/04/2025
FACT08534,C05,18/11/2025
FACT02381,C09,03/03/2025
FACT08713,C01,15/11/2025
FACT04131,C03,16/05/2025
FACT00290,C09,06/01/2025
FACT07742,C06,22/10/2025
FACT05619,C08,01/07/2025
FACT07209,C05,21/09/2025
FACT03237,C09,24/04/2025
FACT06904,C04,06/09/2025
FACT04437,C04,29/06/2025
FACT06078,C07,08/08/2025
FACT09304,C08,19/12/2025
FACT09378,C07,26/12/2025
FACT02298,C09,27/03/2025
FACT04970,C03,23/06/2025
FACT09464,C07,20/12/2025
FACT00506,C06,02/01/2025
FACT00517,C03,20/01/2025
FACT02079,C10,05/03/2025
FACT03023,C02,27/04/2025
FACT06948,C06,23/09/2025
FACT03951,C05,18/05/2025
FACT08258,C09,21/10/2025
FACT08835,C09,19/11/2025
FACT03496,C01,18/05/2025
FACT08285,C08,14/10/2025
FACT01622,C05,21/02/2025
FACT09266,C01,21/12/2025
FACT09635,C07,09/12/2025
FACT09422,C07,01/12/2025
FACT09310,C05,20/12/2025
FACT01546,C03,10/02/2025
FACT05064,C06,20/07/2025
FACT00497,C08,21/01/2025
FACT08690,C01,24/11/2025
FACT03263,C02,29/04/2025
FACT01805,C04,23/03/2025
FACT01434,C06,21/02/2025
FACT00277,C04,04/01/2025
FACT01459,C05,03/02/2025
FACT09978,C05,28/12/2025
FACT01499,C03,21/02/2025
FACT02640,C01,18/04/2025
FACT00002,C07,31/01/2025
FACT03139,C03,28/04/2025
FACT02981,C02,25/04/2025
FACT01869,C10,28/03/2025
FACT04587,C09,14/06/2025
FACT04596,C07,10/06/2025
FACT02862,C05,21/04/2025
FACT02231,C08,11/03/2025
FACT00261,C07,24/01/2025
FACT02035,C01,11/03/2025
FACT08047,C02,04/10/2025
FACT05893,C09,27/08/2025
FACT00091,C04,10/01/2025
FACT05981,C05,24/08/2025
FACT06674,C06,08/08/2025
FACT01506,C08,22/02/2025
FACT05378,C03,05/07/2025
FACT05849,C03,08/08/2025
FACT07430,C03,18/09/2025
FACT03221,C10,15/04/2025
FACT00900,C08,18/02/2025
FACT04308,C02,25/06/2025
FACT07555,C05,25/10/2025
FACT01134,C09,07/02/2025
FACT08225,C06,24/10/2025
FACT02152,C04,04/03/2025
FACT06677,C09,23/08/2025
FACT01251,C08,14/02/2025
FACT09002,C08,18/11/2025
FACT04320,C07,13/06/2025
FACT00662,C04,14/01/2025
FACT06366,C09,24/08/2025
FACT07962,C03,14/10/2025
FACT08171,C07,04/10/2025
FACT09678,C05,13/12/2025
FACT03634,C04,01/05/2025
FACT06556,C07,22/08/2025
FACT09038,C02,16/11/2025
FACT01610,C04,13/02/2025
FACT04312,C05,03/06/2025
FACT06314,C01,17/08/2025
FACT05498,C05,14/07/2025
FACT04389,C08,21/06/2025
FACT07776,C08,15/10/2025
FACT06970,C10,10/09/2025
FACT06875,C04,08/09/2025
FACT09657,C02,13/12/2025
FACT00101,C10,05/01/2025
FACT08427,C09,12/11/2025
FACT07169,C05,04/09/2025
FACT02897,C08,20/04/2025
FACT07130,C02,19/09/2025
FACT03900,C10,29/05/2025
FACT09624,C05,08/12/2025
FACT07249,C02,15/09/2025
FACT01144,C10,24/02/2025
FACT03789,C09,26/05/2025
FACT04500,C06,02/06/2025
FACT05181,C08,16/07/2025
FACT02744,C10,04/04/2025
FACT05415,C02,01/07/2025
FACT08448,C05,05/11/2025
FACT03109,C09,24/04/2025
FACT09727,C04,05/12/2025
FACT02712,C08,09/04/2025
FACT01928,C04,18/03/2025
FACT09392,C03,01/12/2025
FACT03495,C03,18/05/2025
FACT08169,C07,28/10/2025
FACT02432,C07,15/03/2025
FACT07919,C08,31/10/2025
FACT01089,C08,18/02/2025
FACT00005,C07,26/01/2025
FACT04327,C06,04/06/2025
FACT09719,C03,05/12/2025
FACT09780,C09,30/12/2025
FACT01293,C04,01/02/2025
FACT02420,C01,11/03/2025
FACT06795,C04,13/09/2025
FACT07901,C01,15/10/2025
FACT00647,C04,23/01/2025
FACT04130,C01,26/05/2025
FACT03120,C10,18/04/2025
FACT03737,C06,10/05/2025
FACT06445,C02,27/08/2025
FACT03198,C03,03/04/2025
FACT05524,C08,09/07/2025
FACT07964,C10,03/10/2025
FACT01230,C03,18/02/2025
FACT04192,C03,02/06/2025
FACT03701,C08,10/05/2025
FACT09159,C09,04/12/2025
FACT00221,C04,06/01/2025
FACT01918,C01,12/03/2025
FACT04876,C09,17/06/2025
FACT09513,C09,23/12/2025
FACT04478,C03,02/06/2025
FACT04216,C07,14/06/2025
FACT04925,C04,25/06/2025
FACT00651,C01,25/01/2025
FACT01162,C04,23/02/2025
FACT00723,C07,07/01/2025
FACT01734,C09,03/03/2025
FACT06573,C07,04/08/2025
FACT05268,C10,22/07/2025
FACT03427,C08,23/05/2025
FACT00977,C05,09/02/2025
FACT06011,C10,12/08/2025
FACT02551,C09,14/04/2025
FACT02031,C01,25/03/2025
FACT09426,C04,23/12/2025
FACT07359,C08,02/09/2025
FACT03977,C06,28/05/2025
FACT07342,C07,23/09/2025
FACT08218,C04,17/10/2025
FACT06670,C05,24/08/2025
FACT01598,C06,04/02/2025
FACT03182,C04,01/04/2025
FACT00836,C08,03/02/2025
FACT09628,C03,19/12/2025
FACT08105,C08,27/10/2025
FACT01206,C04,10/02/2025
FACT08781,C04,01/11/2025
FACT02618,C07,29/04/2025
FACT06685,C02,15/08/2025
FACT01557,C10,12/02/2025
FACT04508,C01,15/06/2025
FACT06601,C03,03/08/2025
FACT05899,C04,24/08/2025
FACT04938,C08,07/06/2025
FACT02680,C08,08/04/2025
FACT02648,C09,27/04/2025
FACT02908,C08,28/04/2025
FACT07564,C04,26/10/2025
FACT04140,C05,11/05/2025
FACT09757,C08,18/12/2025
FACT09594,C07,22/12/2025
FACT06266,C10,26/08/2025
FACT00181,C02,05/01/2025
FACT01086,C01,06/02/2025
FACT01858,C01,28/03/2025
FACT00291,C02,03/01/2025
FACT09908,C02,05/12/2025
FACT01105,C08,02/02/2025
FACT06619,C06,20/08/2025
FACT06141,C06,02/08/2025
FACT06380,C03,27/08/2025
FACT09458,C03,20/12/2025
FACT07365,C03,03/09/2025
FACT01727,C07,29/03/2025
FACT08252,C08,14/10/2025
FACT06014,C06,11/08/2025
FACT02077,C07,28/03/2025
FACT00835,C09,12/02/2025
FACT01496,C01,09/02/2025
FACT09830,C07,07/12/2025
FACT00680,C04,13/01/2025
FACT03378,C05,25/05/2025
FACT06026,C04,23/08/2025
FACT09622,C04,04/12/2025
FACT09460,C07,09/12/2025
FACT00373,C03,01/01/2025
FACT04199,C06,18/06/2025
FACT06785,C09,24/09/2025
FACT04567,C07,21/06/2025
FACT07451,C07,21/09/2025
FACT07573,C02,01/10/2025
FACT06996,C03,13/09/2025
FACT08555,C04,03/11/2025
FACT08523,C02,13/11/2025
FACT08879,C10,12/11/2025
FACT03644,C07,21/05/2025
FACT05702,C01,29/07/2025
FACT01200,C01,09/02/2025
FACT04346,C10,07/06/2025
FACT02637,C09,21/04/2025
FACT08294,C07,08/10/2025
FACT06779,C02,20/09/2025
FACT07678,C02,20/10/2025
FACT01046,C02,08/02/2025
FACT08086,C10,07/10/2025
FACT05398,C08,22/07/2025
FACT05063,C10,17/07/2025
FACT06823,C08,19/09/2025
FACT01690,C06,12/03/2025
FACT06207,C03,25/08/2025
FACT07510,C10,31/10/2025
FACT04735,C10,13/06/2025
FACT05878,C04,25/08/2025
FACT04162,C05,20/05/2025
FACT02549,C08,21/04/2025
FACT09152,C10,06/12/2025
FACT01197,C04,07/02/2025
FACT07892,C03,28/10/2025
FACT01275,C08,02/02/2025
FACT03675,C06,03/05/2025
FACT05324,C06,05/07/2025
FACT06323,C08,03/08/2025
FACT02705,C01,07/04/2025
FACT08237,C06,28/10/2025
FACT01779,C01,09/03/2025
FACT08852,C06,13/11/2025
FACT00301,C07,24/01/2025
FACT02419,C01,02/03/2025
FACT05299,C09,11/07/2025
FACT03330,C10,27/04/2025
FACT06562,C08,14/08/2025
FACT06375,C07,04/08/2025
FACT02604,C04,15/04/2025
FACT08589,C09,08/11/2025
FACT09590,C08,25/12/2025
FACT08380,C08,18/11/2025
FACT03218,C07,10/04/2025
FACT06285,C01,22/08/2025
FACT00718,C05,25/01/2025
FACT06406,C02,05/08/2025
FACT07402,C10,21/09/2025
FACT09775,C04,23/12/2025
FACT08330,C06,23/10/2025
FACT03282,C07,14/04/2025
FACT03694,C02,15/05/2025
FACT06663,C02,31/08/2025
FACT01996,C10,06/03/2025
FACT06335,C02,25/08/2025
FACT08126,C10,23/10/2025
FACT03175,C10,16/04/2025
FACT08842,C09,09/11/2025
FACT04412,C03,01/06/2025
FACT01790,C08,29/03/2025
FACT04904,C09,10/06/2025
FACT00546,C04,01/01/2025
FACT00596,C01,27/01/2025
FACT07170,C04,18/09/2025
FACT03329,C10,01/04/2025
FACT02462,C10,15/03/2025
FACT07494,C09,21/09/2025
FACT09355,C06,02/12/2025
FACT07560,C08,11/10/2025
FACT00082,C09,24/01/2025
FACT01328,C04,27/02/2025
FACT03467,C03,18/05/2025
FACT06177,C06,10/08/2025
FACT00049,C02,21/01/2025
FACT02363,C02,12/03/2025
FACT07149,C01,24/09/2025
FACT04638,C09,20/06/2025
FACT09659,C01,07/12/2025
FACT00242,C01,03/01/2025
FACT07849,C06,27/10/2025
FACT04942,C05,20/06/2025
FACT00948,C01,26/02/2025
FACT05807,C08,01/07/2025
FACT03416,C07,21/05/2025
FACT05333,C05,12/07/2025
FACT03534,C09,30/05/2025
FACT01361,C02,12/02/2025
FACT07721,C07,04/10/2025
FACT01536,C09,01/02/2025
FACT06165,C07,31/08/2025
FACT06166,C05,17/08/2025
FACT02691,C04,13/04/2025
FACT01613,C10,15/02/2025
FACT06184,C06,19/08/2025
FACT07640,C05,08/10/2025
FACT06962,C09,05/09/2025
FACT00264,C01,14/01/2025
FACT03241,C01,29/04/2025
FACT09572,C01,21/12/2025
FACT05416,C07,01/07/2025
FACT09613,C06,06/12/2025
FACT05275,C03,08/07/2025
FACT07876,C09,10/10/2025
FACT01079,C01,09/02/2025
FACT00560,C01,02/01/2025
FACT01615,C04,20/02/2025
FACT05857,C09,23/08/2025
FACT00811,C01,19/01/2025
FACT03604,C04,01/05/2025
FACT07378,C05,20/09/2025
FACT07607,C01,07/10/2025
FACT07921,C07,05/10/2025
FACT06147,C01,26/08/2025
FACT04929,C09,15/06/2025
FACT09892,C08,04/12/2025
FACT07539,C01,13/10/2025
FACT07533,C05,19/10/2025
FACT00111,C02,20/01/2025
FACT08989,C04,10/11/2025
FACT08642,C06,08/11/2025
FACT07270,C01,24/09/2025
FACT06965,C06,13/09/2025
FACT07565,C03,08/10/2025
FACT01104,C09,17/02/2025
FACT05713,C01,07/07/2025
FACT05026,C03,22/07/2025
FACT08940,C01,28/11/2025
FACT05061,C07,17/07/2025
FACT05339,C02,30/07/2025
FACT08185,C01,13/10/2025
FACT03761,C03,10/05/2025
FACT04438,C04,22/06/2025
FACT04242,C02,11/06/2025
FACT09295,C02,07/12/2025
FACT03868,C05,13/05/2025
FACT00401,C06,04/01/2025
FACT08918,C09,23/11/2025
FACT03511,C01,09/05/2025
FACT06155,C10,17/08/2025
FACT00686,C02,14/01/2025
FACT04399,C01,15/06/2025
FACT05050,C04,21/07/2025
FACT06572,C05,22/08/2025
FACT05916,C09,09/08/2025
FACT04222,C04,30/06/2025
FACT02057,C01,27/03/2025
FACT04420,C04,23/06/2025
FACT04984,C05,18/06/2025
FACT08711,C01,13/11/2025
FACT02377,C06,28/03/2025
FACT08910,C03,17/11/2025
FACT09184,C08,01/12/2025
FACT06680,C08,17/08/2025
FACT01198,C10,24/02/2025
FACT03955,C09,08/05/2025
FACT01878,C07,19/03/2025
FACT04345,C01,19/06/2025
FACT04359,C07,30/06/2025
FACT03635,C06,12/05/2025
FACT01038,C02,02/02/2025
FACT04360,C04,03/06/2025
FACT01291,C03,21/02/2025
FACT08843,C01,25/11/2025
FACT02792,C05,20/04/2025
FACT00355,C02,02/01/2025
FACT04924,C04,13/06/2025
FACT04067,C07,08/05/2025
FACT01635,C05,04/02/2025
FACT06602,C08,05/08/2025
FACT09375,C04,23/12/2025
FACT05912,C03,09/08/2025
FACT01544,C09,10/02/2025
FACT02089,C03,03/03/2025
FACT06172,C08,28/08/2025
FACT07881,C07,06/10/2025
FACT01646,C04,06/02/2025
FACT08187,C01,13/10/2025
FACT02613,C09,19/04/2025
FACT04105,C08,28/05/2025
FACT06490,C03,19/08/2025
FACT04504,C07,26/06/2025
FACT05558,C09,19/07/2025
FACT07113,C09,18/09/2025
FACT03289,C08,06/04/2025
FACT05138,C08,21/07/2025
FACT03320,C09,15/04/2025
FACT04374,C02,13/06/2025
FACT02479,C03,17/03/2025
FACT05481,C06,03/07/2025
FACT09857,C07,23/12/2025
FACT09202,C01,24/12/2025
FACT06175,C05,07/08/2025
FACT07734,C02,15/10/2025
FACT06486,C06,02/08/2025
FACT01581,C02,20/02/2025
FACT00594,C01,12/01/2025
FACT04082,C07,29/05/2025
FACT07433,C06,04/09/2025
FACT04330,C08,27/06/2025
FACT00923,C04,02/02/2025
FACT00689,C10,18/01/2025
FACT03165,C01,07/04/2025
FACT05598,C09,10/07/2025
FACT02088,C08,23/03/2025
FACT09450,C08,12/12/2025
FACT02343,C06,20/03/2025
FACT02496,C05,11/03/2025
FACT09179,C04,18/12/2025
FACT00009,C08,08/01/2025
FACT04415,C01,03/06/2025
FACT01266,C07,27/02/2025
FACT03111,C08,22/04/2025
FACT05389,C06,25/07/2025
FACT06442,C06,03/08/2025
FACT06723,C07,28/09/2025
FACT05343,C10,25/07/2025
FACT07153,C06,18/09/2025
FACT07995,C02,20/10/2025
FACT01426,C09,25/02/2025
FACT07653,C04,05/10/2025
FACT06809,C09,03/09/2025
FACT05119,C03,18/07/2025
FACT02630,C03,03/04/2025
FACT06697,C07,25/09/2025
FACT02677,C02,17/04/2025
FACT04355,C02,25/06/2025
FACT02966,C03,22/04/2025
FACT09344,C03,22/12/2025
FACT00386,C06,19/01/2025
FACT03560,C08,03/05/2025
FACT06797,C10,24/09/2025
FACT04376,C04,27/06/2025
FACT08707,C09,30/11/2025
FACT05968,C01,20/08/2025
FACT06690,C04,30/09/2025
FACT04434,C08,13/06/2025
FACT04552,C10,19/06/2025
FACT05318,C03,14/07/2025
FACT01227,C10,21/02/2025
FACT03583,C08,28/05/2025
FACT03205,C10,30/04/2025
FACT00318,C02,08/01/2025
FACT05629,C07,20/07/2025
FACT01061,C06,04/02/2025
FACT04096,C08,27/05/2025
FACT04635,C10,09/06/2025
FACT05973,C08,03/08/2025
FACT07842,C01,19/10/2025
FACT01492,C10,06/02/2025
FACT06338,C02,03/08/2025
FACT00968,C06,09/02/2025
FACT00877,C05,06/02/2025
FACT05907,C06,02/08/2025
FACT00343,C06,14/01/2025
FACT02758,C06,08/04/2025
FACT09876,C06,16/12/2025
FACT01821,C02,22/03/2025
FACT05365,C09,19/07/2025
FACT08462,C03,27/11/2025
FACT07820,C04,04/10/2025
FACT06821,C05,09/09/2025
FACT08779,C06,16/11/2025
FACT00456,C07,03/01/2025
FACT08574,C06,21/11/2025
FACT09476,C03,26/12/2025
FACT08209,C03,29/10/2025
FACT00072,C08,09/01/2025
FACT01184,C09,26/02/2025
FACT03479,C08,05/05/2025
FACT04642,C04,01/06/2025
FACT00128,C04,03/01/2025
FACT05755,C10,08/07/2025
FACT05880,C07,17/08/2025
FACT09747,C08,21/12/2025
FACT08482,C08,06/11/2025
FACT06535,C07,25/08/2025
FACT04443,C05,12/06/2025
FACT02765,C05,17/04/2025
FACT04570,C10,27/06/2025
FACT04553,C10,19/06/2025
FACT01853,C02,30/03/2025
FACT08767,C04,01/11/2025
FACT00958,C05,10/02/2025
FACT07933,C05,28/10/2025
FACT07296,C06,04/09/2025
FACT01226,C06,03/02/2025
FACT01269,C05,01/02/2025
FACT09312,C09,12/12/2025
FACT08348,C02,08/11/2025
FACT03657,C03,22/05/2025
FACT01684,C09,06/03/2025
FACT01336,C04,27/02/2025
FACT00939,C03,18/02/2025
FACT01471,C01,20/02/2025
FACT06210,C10,08/08/2025
FACT09436,C10,07/12/2025
FACT09662,C09,21/12/2025
FACT07188,C05,19/09/2025
FACT08740,C09,23/11/2025
FACT03288,C06,30/04/2025
FACT08216,C06,12/10/2025
FACT05371,C06,15/07/2025
FACT04646,C10,25/06/2025
FACT08163,C06,03/10/2025
FACT06956,C10,24/09/2025
FACT08591,C07,27/11/2025
FACT06559,C02,17/08/2025
FACT03477,C08,22/05/2025
FACT09610,C08,12/12/2025
FACT09864,C04,08/12/2025
FACT07900,C05,28/10/2025
FACT01192,C02,06/02/2025
FACT09236,C06,01/12/2025
FACT02499,C08,26/04/2025
FACT04676,C02,23/06/2025
FACT02984,C09,03/04/2025
FACT03726,C01,21/05/2025
FACT05270,C05,30/07/2025
FACT03903,C06,25/05/2025
FACT07396,C06,26/09/2025
FACT01766,C10,20/03/2025
FACT08861,C09,10/11/2025
FACT03822,C03,17/05/2025
FACT05935,C10,30/08/2025
FACT05961,C05,24/08/2025
FACT03162,C04,25/04/2025
FACT06566,C06,09/08/2025
FACT06348,C02,31/08/2025
FACT04631,C05,12/06/2025
FACT04838,C02,13/06/2025
FACT05830,C02,15/07/2025
FACT08996,C01,02/11/2025
FACT07711,C04,06/10/2025
FACT06807,C10,07/09/2025
FACT09609,C03,11/12/2025
FACT00464,C09,18/01/2025
FACT09319,C07,22/12/2025
FACT04133,C02,07/05/2025
FACT05519,C07,02/07/2025
FACT00211,C09,10/01/2025
FACT08755,C10,21/11/2025
FACT09144,C03,30/11/2025
FACT02991,C06,28/04/2025
FACT03412,C03,31/05/2025
FACT02863,C08,04/04/2025
FACT01819,C10,27/03/2025
FACT00567,C03,26/01/2025
FACT01952,C08,25/03/2025
FACT09704,C06,27/12/2025
FACT03942,C03,24/05/2025
FACT08018,C01,21/10/2025
FACT04507,C10,29/06/2025
FACT04673,C10,24/06/2025
FACT02782,C09,18/04/2025
FACT07343,C10,18/09/2025
FACT01934,C03,19/03/2025
FACT09985,C09,06/12/2025
FACT00623,C04,10/01/2025
FACT05076,C07,15/07/2025
FACT04985,C07,20/06/2025
FACT06608,C02,28/08/2025
FACT06024,C10,29/08/2025
FACT05618,C04,21/07/2025
FACT09947,C02,18/12/2025
FACT05570,C04,12/07/2025
FACT08757,C08,30/11/2025
FACT08308,C04,29/10/2025
FACT04349,C07,04/06/2025
FACT03540,C03,03/05/2025
FACT07370,C02,03/09/2025
FACT06846,C03,19/09/2025
FACT03921,C09,22/05/2025
FACT00789,C01,02/01/2025
FACT02191,C10,31/03/2025
FACT00035,C01,01/01/2025
FACT04538,C04,02/06/2025
FACT08402,C10,19/11/2025
FACT05038,C10,28/07/2025
FACT01211,C10,01/02/2025
FACT03434,C07,18/05/2025
FACT06353,C02,03/08/2025
FACT07925,C05,07/10/2025
FACT03512,C06,02/05/2025
FACT06461,C08,27/08/2025
FACT00615,C01,04/01/2025
FACT03045,C08,26/04/2025
FACT08853,C10,28/11/2025
FACT08037,C03,15/10/2025
FACT00352,C03,03/01/2025
FACT06565,C05,28/08/2025
FACT06908,C10,22/09/2025
FACT05714,C02,09/07/2025
FACT01910,C01,09/03/2025
FACT03708,C02,19/05/2025
FACT04179,C04,06/05/2025
FACT01445,C04,15/02/2025
FACT09035,C04,22/11/2025
FACT08374,C07,07/11/2025
FACT01150,C09,06/02/2025
FACT00934,C05,26/02/2025
FACT04524,C02,16/06/2025
FACT03567,C07,08/05/2025
FACT00799,C04,20/01/2025
FACT07193,C02,26/09/2025
FACT00611,C06,01/01/2025
FACT04188,C04,23/06/2025
FACT00945,C10,28/02/2025
FACT09354,C01,09/12/2025
FACT00032,C03,04/01/2025
FACT07886,C08,11/10/2025
FACT05308,C06,28/07/2025
FACT08608,C10,26/11/2025
FACT08588,C02,13/11/2025
FACT01837,C10,23/03/2025
FACT08826,C03,22/11/2025
FACT03579,C09,17/05/2025
FACT09190,C10,10/12/2025
FACT03553,C06,11/05/2025
FACT08238,C07,13/10/2025
FACT06056,C03,05/08/2025
FACT02484,C09,11/03/2025
FACT06888,C02,16/09/2025
FACT07614,C08,21/10/2025
FACT01949,C09,04/03/2025
FACT05385,C02,08/07/2025
FACT06510,C04,30/08/2025
FACT01363,C03,01/02/2025
FACT04582,C02,11/06/2025
FACT01968,C04,01/03/2025
FACT05150,C08,26/07/2025
FACT05317,C02,25/07/2025
FACT09869,C08,13/12/2025
FACT08194,C10,20/10/2025
FACT07403,C04,25/09/2025
FACT03939,C04,01/05/2025
FACT05361,C05,16/07/2025
FACT06549,C02,22/08/2025
FACT08596,C03,22/11/2025
FACT03213,C06,29/04/2025
FACT02183,C09,06/03/2025
FACT02315,C01,03/03/2025
FACT06188,C09,02/08/2025
FACT03600,C01,03/05/2025
FACT09548,C01,05/12/2025
FACT04379,C01,14/06/2025
FACT01959,C04,16/03/2025
FACT02155,C01,31/03/2025
FACT04741,C08,14/06/2025
FACT07183,C10,21/09/2025
FACT04435,C07,04/06/2025
FACT06315,C09,16/08/2025
FACT07044,C07,24/09/2025
FACT03969,C04,27/05/2025
FACT00142,C07,30/01/2025
FACT00603,C09,08/01/2025
FACT08850,C10,14/11/2025
FACT05522,C05,30/07/2025
FACT05412,C08,25/07/2025
FACT00347,C03,10/01/2025
FACT09992,C01,05/12/2025
FACT04818,C10,24/06/2025
FACT09552,C10,24/12/2025
FACT07055,C09,30/09/2025
FACT06349,C03,05/08/2025
FACT09512,C07,12/12/2025
FACT01836,C09,26/03/2025
FACT01486,C04,11/02/2025
FACT08394,C02,20/11/2025
FACT09920,C04,10/12/2025
FACT02986,C01,11/04/2025
FACT07992,C01,24/10/2025
FACT09600,C08,02/12/2025
FACT07332,C02,24/09/2025
FACT03590,C04,15/05/2025
FACT02925,C09,01/04/2025
FACT07766,C05,05/10/2025
FACT04121,C09,03/05/2025
FACT03016,C02,05/04/2025
FACT06028,C10,28/08/2025
FACT09399,C04,31/12/2025
FACT08300,C07,10/10/2025
FACT02616,C03,19/04/2025
FACT07572,C04,25/10/2025
FACT04310,C09,10/06/2025
FACT07321,C10,09/09/2025
FACT04677,C07,02/06/2025
FACT06448,C01,30/08/2025
FACT01420,C10,15/02/2025
FACT03362,C06,05/05/2025
FACT02635,C06,12/04/2025
FACT04919,C09,01/06/2025
FACT08101,C08,27/10/2025
FACT09060,C09,19/11/2025
FACT09556,C01,18/12/2025
FACT06706,C06,04/09/2025
FACT08199,C04,29/10/2025
FACT00554,C09,28/01/2025
FACT09246,C07,11/12/2025
FACT02859,C08,14/04/2025
FACT03114,C02,19/04/2025
FACT07384,C05,24/09/2025
FACT07297,C07,24/09/2025
FACT02606,C01,20/04/2025
FACT07441,C04,28/09/2025
FACT05955,C09,07/08/2025
FACT09380,C03,01/12/2025
FACT02982,C06,09/04/2025
FACT01784,C07,19/03/2025
FACT03636,C10,29/05/2025
FACT04299,C03,19/06/2025
FACT03992,C03,03/05/2025
FACT01774,C08,22/03/2025
FACT06939,C02,03/09/2025
FACT09834,C07,18/12/2025
FACT04686,C04,24/06/2025
FACT09463,C09,09/12/2025
FACT07400,C02,02/09/2025
FACT05157,C08,09/07/2025
FACT04201,C10,14/06/2025
FACT02000,C05,01/03/2025
FACT07912,C04,29/10/2025
FACT02052,C08,08/03/2025
FACT06265,C04,22/08/2025
FACT08368,C04,03/11/2025
FACT04697,C03,08/06/2025
FACT09340,C08,21/12/2025
FACT05728,C05,25/07/2025
FACT06254,C09,31/08/2025
FACT06361,C04,23/08/2025
FACT07446,C01,21/09/2025
FACT01868,C05,06/03/2025
FACT04316,C05,23/06/2025
FACT09235,C07,19/12/2025
FACT01654,C09,07/02/2025
FACT07232,C10,06/09/2025
FACT00994,C06,04/02/2025
FACT05832,C06,24/07/2025
FACT05468,C10,11/07/2025
FACT01433,C07,16/02/2025
FACT07463,C08,07/09/2025
FACT06358,C10,22/08/2025
FACT06800,C07,20/09/2025
FACT04190,C10,21/06/2025
FACT03973,C09,01/05/2025
FACT08159,C10,16/10/2025
FACT07078,C05,23/09/2025
FACT05806,C02,30/07/2025
FACT03944,C09,21/05/2025
FACT04338,C02,13/06/2025
FACT00628,C02,17/01/2025
FACT05364,C04,30/07/2025
FACT03456,C10,15/05/2025
FACT04254,C07,22/06/2025
FACT08197,C05,26/10/2025
FACT09650,C03,01/12/2025
FACT06511,C03,24/08/2025
FACT06757,C07,18/09/2025
FACT06954,C07,29/09/2025
FACT01845,C07,22/03/2025
FACT02124,C07,26/03/2025
FACT09191,C05,14/12/2025
FACT03266,C06,13/04/2025
FACT02650,C03,03/04/2025
FACT07405,C05,26/09/2025
FACT00749,C04,28/01/2025
FACT00537,C02,20/01/2025
FACT03853,C03,04/05/2025
FACT01768,C10,03/03/2025
FACT02062,C10,22/03/2025
FACT04626,C07,14/06/2025
FACT06928,C04,20/09/2025
FACT02949,C07,02/04/2025
FACT07191,C07,15/09/2025
FACT04444,C05,07/06/2025
FACT03893,C10,26/05/2025
FACT06639,C05,17/08/2025
FACT04789,C04,09/06/2025
FACT06037,C10,16/08/2025
FACT03485,C10,24/05/2025
FACT08474,C05,28/11/2025
FACT06950,C08,21/09/2025
FACT07740,C06,31/10/2025
FACT01062,C05,19/02/2025
FACT04668,C02,08/06/2025
FACT03656,C10,22/05/2025
FACT06034,C01,01/08/2025
FACT04343,C06,07/06/2025
FACT08545,C01,23/11/2025
FACT02144,C04,10/03/2025
FACT07723,C05,05/10/2025
FACT06070,C04,23/08/2025
FACT05409,C05,29/07/2025
FACT08549,C03,21/11/2025
FACT02899,C03,16/04/2025
FACT06344,C04,24/08/2025
FACT07705,C03,10/10/2025
FACT05279,C04,27/07/2025
FACT06341,C05,28/08/2025
FACT09241,C04,19/12/2025
FACT02514,C07,06/04/2025
FACT07301,C03,24/09/2025
FACT01040,C07,24/02/2025
FACT02249,C02,05/03/2025
FACT08396,C01,08/11/2025
FACT03991,C07,14/05/2025
FACT02701,C05,13/04/2025
FACT03254,C02,12/04/2025
FACT04027,C01,20/05/2025
FACT05271,C05,28/07/2025
FACT04781,C08,30/06/2025
FACT07308,C10,13/09/2025
FACT02399,C01,16/03/2025
FACT01177,C10,24/02/2025
FACT04706,C01,11/06/2025
FACT08008,C01,15/10/2025
FACT00649,C01,29/01/2025
FACT01462,C08,21/02/2025
FACT06594,C10,05/08/2025
FACT05464,C05,01/07/2025
FACT03358,C01,04/04/2025
FACT02108,C10,14/03/2025
FACT05615,C05,28/07/2025
FACT07375,C07,11/09/2025
FACT00612,C04,16/01/2025
FACT03619,C02,26/05/2025
FACT05770,C09,07/07/2025
FACT01874,C10,11/03/2025
FACT07981,C02,05/10/2025
FACT07965,C02,16/10/2025
FACT02971,C03,18/04/2025
FACT00949,C05,28/02/2025
FACT06022,C03,19/08/2025
FACT03952,C06,09/05/2025
FACT05838,C04,07/08/2025
FACT05896,C01,16/08/2025
FACT07645,C05,28/10/2025
FACT08824,C08,01/11/2025
FACT08916,C05,08/11/2025
FACT07579,C02,16/10/2025
FACT04092,C03,23/05/2025
FACT09466,C09,05/12/2025
FACT08869,C04,14/11/2025
FACT01366,C06,07/02/2025
FACT03387,C04,09/05/2025
FACT07670,C08,22/10/2025
FACT03132,C03,20/04/2025
FACT08215,C04,02/10/2025
FACT02710,C07,10/04/2025
FACT07752,C10,30/10/2025
FACT04152,C03,08/05/2025
FACT03828,C04,19/05/2025
FACT07261,C06,09/09/2025
FACT05078,C04,24/07/2025
FACT00703,C10,05/01/2025
FACT05717,C07,27/07/2025
FACT06770,C04,04/09/2025
FACT07026,C04,03/09/2025
FACT05808,C02,07/07/2025
FACT01937,C06,16/03/2025
FACT02224,C03,06/03/2025
FACT08966,C07,13/11/2025
FACT01431,C04,27/02/2025
FACT08450,C10,18/11/2025
FACT07248,C04,12/09/2025
FACT06856,C10,13/09/2025
FACT00201,C09,31/01/2025
FACT07710,C03,25/10/2025
FACT06119,C09,22/08/2025
FACT06192,C04,13/08/2025
FACT05218,C09,16/07/2025
FACT06135,C01,09/08/2025
FACT06174,C06,26/08/2025
FACT00529,C04,02/01/2025
FACT06425,C05,02/08/2025
FACT06927,C05,08/09/2025
FACT02160,C04,28/03/2025
FACT04489,C08,19/06/2025
FACT06720,C05,15/09/2025
FACT05183,C06,15/07/2025
FACT02902,C10,20/04/2025
FACT09048,C09,18/11/2025
FACT04851,C10,11/06/2025
FACT08429,C02,20/11/2025
FACT02737,C01,20/04/2025
FACT08739,C05,19/11/2025
FACT07969,C10,24/10/2025
FACT08179,C06,03/10/2025
FACT09411,C09,28/12/2025
FACT02988,C05,06/04/2025
FACT04878,C04,16/06/2025
FACT02145,C03,25/03/2025
FACT03455,C01,20/05/2025
FACT02318,C10,03/03/2025
FACT07030,C03,19/09/2025
FACT08724,C09,22/11/2025
FACT06428,C09,24/08/2025
FACT08338,C07,15/11/2025
FACT06114,C08,09/08/2025
FACT00523,C03,31/01/2025
FACT08540,C02,09/11/2025
FACT08627,C05,10/11/2025
FACT03337,C02,17/04/2025
FACT05434,C04,29/07/2025
FACT07226,C09,19/09/2025
FACT07699,C10,09/10/2025
FACT03847,C09,12/05/2025
FACT09087,C09,05/11/2025
FACT05950,C08,20/08/2025
FACT04352,C06,21/06/2025
FACT03361,C02,30/05/2025
FACT03859,C10,23/05/2025
FACT07547,C07,06/10/2025
FACT04805,C07,25/06/2025
FACT03812,C03,08/05/2025
FACT03940,C08,20/05/2025
FACT03451,C05,30/05/2025
FACT01580,C04,19/02/2025
FACT08787,C07,21/11/2025
FACT02303,C10,10/03/2025
FACT09433,C09,02/12/2025
FACT07529,C04,08/10/2025
FACT08761,C01,02/11/2025
FACT00999,C07,21/02/2025
FACT00392,C04,06/01/2025
FACT09532,C02,22/12/2025
FACT05980,C10,26/08/2025
FACT09420,C04,03/12/2025
FACT06907,C06,24/09/2025
FACT02172,C04,19/03/2025
FACT03059,C05,14/04/2025
FACT03225,C05,27/04/2025
FACT00155,C03,15/01/2025
FACT08232,C03,01/10/2025
FACT03885,C10,26/05/2025
FACT05687,C02,05/07/2025
FACT02362,C09,06/03/2025
FACT09488,C08,02/12/2025
FACT04898,C01,19/06/2025
FACT09725,C09,02/12/2025
FACT00802,C07,14/01/2025
FACT04715,C04,28/06/2025
FACT07702,C07,26/10/2025
FACT04157,C05,26/05/2025
FACT04257,C09,06/06/2025
FACT03919,C03,07/05/2025
FACT00408,C01,14/01/2025
FACT03217,C04,29/04/2025
FACT05487,C05,03/07/2025
FACT01796,C06,31/03/2025
FACT09942,C03,25/12/2025
FACT09887,C03,13/12/2025
FACT09688,C09,18/12/2025
FACT01155,C04,23/02/2025
FACT05744,C04,07/07/2025
FACT02210,C06,23/03/2025
FACT05930,C09,30/08/2025
FACT01414,C08,20/02/2025
FACT04141,C02,06/05/2025
FACT00733,C09,07/01/2025
FACT07428,C06,11/09/2025
FACT06842,C06,28/09/2025
FACT02998,C08,29/04/2025
FACT02924,C01,21/04/2025
FACT04732,C01,16/06/2025
FACT02589,C09,18/04/2025
FACT02480,C01,10/03/2025
FACT07050,C08,07/09/2025
FACT06610,C10,09/08/2025
FACT09583,C07,31/12/2025
FACT03594,C01,15/05/2025
FACT01841,C03,16/03/2025
FACT01737,C08,29/03/2025
FACT08322,C01,05/10/2025
FACT08847,C01,08/11/2025
FACT07344,C02,07/09/2025
FACT01065,C05,19/02/2025
FACT06357,C03,07/08/2025
FACT03615,C06,09/05/2025
FACT09574,C10,02/12/2025
FACT06258,C02,12/08/2025
FACT03227,C04,21/04/2025
FACT05891,C05,21/08/2025
FACT06040,C02,09/08/2025
FACT00158,C08,31/01/2025
FACT03881,C02,21/05/2025
FACT04032,C05,11/05/2025
FACT02010,C04,22/03/2025
FACT08539,C05,13/11/2025
FACT07163,C01,29/09/2025
FACT08576,C04,11/11/2025
FACT04710,C09,30/06/2025
FACT04107,C04,29/05/2025
FACT09569,C05,02/12/2025
FACT04689,C07,05/06/2025
FACT07436,C02,23/09/2025
FACT02094,C03,11/03/2025
FACT02297,C10,17/03/2025
FACT02957,C04,24/04/2025
FACT05766,C02,15/07/2025
FACT09511,C08,03/12/2025
FACT01329,C09,09/02/2025
FACT00193,C05,13/01/2025
FACT09541,C07,02/12/2025
FACT00109,C10,10/01/2025
FACT05298,C08,20/07/2025
FACT05605,C01,11/07/2025
FACT08154,C05,01/10/2025
FACT02150,C04,08/03/2025
FACT09062,C04,22/11/2025
FACT03652,C09,03/05/2025
FACT02670,C01,18/04/2025
FACT08694,C09,30/11/2025
FACT07908,C06,08/10/2025
FACT04866,C02,20/06/2025
FACT04810,C05,20/06/2025
FACT04881,C04,20/06/2025
FACT04226,C01,20/06/2025
FACT08000,C10,13/10/2025
FACT01628,C03,27/02/2025
FACT06686,C05,31/08/2025
FACT04125,C06,01/05/2025
FACT06683,C07,06/08/2025
FACT09648,C02,24/12/2025
FACT05750,C08,25/07/2025
FACT04577,C07,10/06/2025
FACT09286,C09,20/12/2025
FACT04779,C04,17/06/2025
FACT03323,C07,02/04/2025
FACT06064,C01,14/08/2025
FACT07104,C08,08/09/2025
FACT07747,C06,29/10/2025
FACT01488,C01,11/02/2025
FACT06474,C08,11/08/2025
FACT09118,C10,20/11/2025
FACT06443,C01,03/08/2025
FACT05045,C07,01/07/2025
FACT07473,C01,07/09/2025
FACT03394,C03,08/05/2025
FACT06471,C02,22/08/2025
FACT01196,C07,24/02/2025
FACT03015,C03,17/04/2025
FACT03509,C02,01/05/2025
FACT06076,C08,05/08/2025
FACT09475,C05,22/12/2025
FACT02302,C05,10/03/2025
FACT01343,C05,07/02/2025
FACT07685,C07,06/10/2025
FACT05472,C03,04/07/2025
FACT09213,C07,24/12/2025
FACT00313,C05,23/01/2025
FACT04606,C01,29/06/2025
FACT02293,C07,07/03/2025
FACT05222,C08,13/07/2025
FACT03564,C07,25/05/2025
FACT05003,C04,03/06/2025
FACT02498,C05,02/03/2025
FACT03383,C02,12/05/2025
FACT02100,C05,29/03/2025
FACT08013,C04,02/10/2025
FACT09044,C02,05/11/2025
FACT00147,C03,21/01/2025
FACT02299,C06,16/03/2025
FACT07681,C06,12/10/2025
FACT04772,C02,24/06/2025
FACT03777,C05,08/05/2025
FACT06564,C02,09/08/2025
FACT06799,C03,05/09/2025
FACT09284,C01,27/12/2025
FACT01515,C04,08/02/2025
FACT09745,C07,07/12/2025
FACT09906,C09,13/12/2025
FACT03642,C06,17/05/2025
FACT07376,C10,24/09/2025
FACT07160,C09,13/09/2025
FACT01824,C08,11/03/2025
FACT00119,C02,22/01/2025
FACT03122,C01,15/04/2025
FACT09829,C04,14/12/2025
FACT04525,C05,15/06/2025
FACT07528,C10,15/10/2025
FACT08811,C07,28/11/2025
FACT05084,C07,03/07/2025
FACT08499,C06,06/11/2025
FACT04622,C03,11/06/2025
FACT04244,C10,26/06/2025
FACT04002,C02,22/05/2025
FACT03954,C01,01/05/2025
FACT02435,C01,12/03/2025
FACT01137,C04,17/02/2025
FACT07100,C09,10/09/2025
FACT09415,C05,28/12/2025
FACT08956,C02,16/11/2025
FACT06530,C10,21/08/2025
FACT07893,C06,29/10/2025
FACT00257,C03,09/01/2025
FACT05136,C05,08/07/2025
FACT02871,C05,25/04/2025
FACT09014,C03,21/11/2025
FACT01070,C08,19/02/2025
FACT02733,C04,29/04/2025
FACT08635,C05,02/11/2025
FACT03442,C04,30/05/2025
FACT05920,C02,30/08/2025
FACT08731,C10,20/11/2025
FACT09872,C06,24/12/2025
FACT03699,C06,06/05/2025
FACT00829,C02,25/02/2025
FACT05959,C05,23/08/2025
FACT06033,C04,13/08/2025
FACT09070,C07,16/11/2025
FACT00472,C08,17/01/2025
FACT09220,C04,19/12/2025
FACT01579,C08,06/02/2025
FACT03386,C07,06/05/2025
FACT06587,C03,17/08/2025
FACT01950,C04,15/03/2025
FACT07077,C09,18/09/2025
FACT07347,C08,14/09/2025
FACT04933,C02,22/06/2025
FACT08107,C02,14/10/2025
FACT09333,C02,24/12/2025
FACT07063,C10,30/09/2025
FACT09360,C08,04/12/2025
FACT05821,C06,17/07/2025
FACT09788,C06,02/12/2025
FACT01135,C05,16/02/2025
FACT02148,C10,15/03/2025
FACT04604,C07,24/06/2025
FACT04451,C06,14/06/2025
FACT08445,C01,23/11/2025
FACT04719,C09,09/06/2025
FACT04292,C01,09/06/2025
FACT01917,C09,08/03/2025
FACT03321,C07,28/04/2025
FACT06756,C02,28/09/2025
FACT08136,C04,06/10/2025
FACT09838,C07,20/12/2025
FACT00102,C04,21/01/2025
FACT02809,C03,05/04/2025
FACT09454,C10,22/12/2025
FACT08135,C02,14/10/2025
FACT09456,C06,21/12/2025
FACT07941,C08,25/10/2025
FACT09361,C09,25/12/2025
FACT08884,C10,06/11/2025
FACT05154,C07,05/07/2025
FACT08156,C05,24/10/2025
FACT02254,C04,29/03/2025
FACT00771,C01,04/01/2025
FACT02835,C08,20/04/2025
FACT05329,C06,05/07/2025
FACT06614,C02,29/08/2025
FACT09879,C04,07/12/2025
FACT06603,C07,18/08/2025
FACT05248,C04,11/07/2025
FACT00192,C04,11/01/2025
FACT02811,C01,03/04/2025
FACT01724,C01,20/03/2025
FACT08430,C01,07/11/2025
FACT02580,C09,02/04/2025
FACT00846,C03,26/02/2025
FACT05542,C05,02/07/2025
FACT09527,C10,08/12/2025
FACT00015,C07,29/01/2025
FACT03896,C02,01/05/2025
FACT03498,C04,19/05/2025
FACT06422,C02,15/08/2025
FACT03769,C07,01/05/2025
FACT00704,C01,01/01/2025
FACT05494,C01,30/07/2025
FACT03563,C03,02/05/2025
FACT09545,C07,02/12/2025
FACT08517,C05,06/11/2025
FACT00143,C03,18/01/2025
FACT08301,C05,24/10/2025
FACT04514,C09,11/06/2025
FACT00864,C02,08/02/2025
FACT02928,C05,22/04/2025
FACT05466,C10,22/07/2025
FACT08239,C07,15/10/2025
FACT05669,C06,05/07/2025
FACT09973,C09,11/12/2025
FACT04482,C09,20/06/2025
FACT05861,C05,28/08/2025
FACT07052,C10,20/09/2025
FACT08600,C09,20/11/2025
FACT00476,C01,01/01/2025
FACT06593,C09,03/08/2025
FACT07600,C02,05/10/2025
FACT07459,C05,24/09/2025
FACT06334,C05,19/08/2025
FACT02006,C06,07/03/2025
FACT08514,C02,11/11/2025
FACT08226,C07,12/10/2025
FACT07730,C07,03/10/2025
FACT03307,C06,27/04/2025
FACT01584,C04,20/02/2025
FACT04093,C09,10/05/2025
FACT01671,C10,17/03/2025
FACT09137,C07,07/11/2025
FACT05913,C01,15/08/2025
FACT08150,C06,28/10/2025
FACT03128,C05,17/04/2025
FACT03140,C03,21/04/2025
FACT01940,C06,13/03/2025
FACT04729,C10,06/06/2025
FACT01250,C10,08/02/2025
FACT05069,C06,07/07/2025
FACT08970,C07,07/11/2025
FACT00709,C06,09/01/2025
FACT01555,C04,04/02/2025
FACT02569,C08,20/04/2025
FACT09046,C07,06/11/2025
FACT04471,C03,07/06/2025
FACT09455,C04,29/12/2025
FACT09228,C02,21/12/2025
FACT05826,C09,05/07/2025
FACT08722,C07,02/11/2025
FACT08012,C07,12/10/2025
FACT02466,C07,27/03/2025
FACT06275,C07,02/08/2025
FACT03253,C08,28/04/2025
FACT02525,C08,28/04/2025
FACT09608,C01,22/12/2025
FACT08855,C07,02/11/2025
FACT02528,C09,28/04/2025
FACT03877,C09,16/05/2025
FACT04497,C09,19/06/2025
FACT09169,C03,07/12/2025
FACT08837,C01,02/11/2025
FACT09553,C03,10/12/2025
FACT00229,C03,27/01/2025
FACT05937,C09,01/08/2025
FACT06815,C10,25/09/2025
FACT08559,C02,22/11/2025
FACT06622,C06,09/08/2025
FACT08818,C06,22/11/2025
FACT01886,C07,25/03/2025
FACT07327,C01,07/09/2025
FACT05788,C06,20/07/2025
FACT05535,C03,15/07/2025
FACT01520,C08,02/02/2025
FACT05858,C07,23/08/2025
FACT02048,C10,27/03/2025
FACT01653,C06,18/02/2025
FACT03762,C05,06/05/2025
FACT03767,C03,08/05/2025
FACT07733,C05,21/10/2025
FACT00622,C02,07/01/2025
FACT05791,C04,22/07/2025
FACT02040,C01,07/03/2025
FACT02202,C05,26/03/2025
FACT00512,C02,17/01/2025
FACT07728,C01,28/10/2025
FACT02620,C02,08/04/2025
FACT03084,C03,03/04/2025
FACT07195,C03,10/09/2025
FACT00507,C10,19/01/2025
FACT07698,C10,04/10/2025
FACT05925,C03,01/08/2025
FACT09201,C03,24/12/2025
FACT00475,C05,09/01/2025
FACT08813,C10,22/11/2025
FACT02674,C10,05/04/2025
FACT08556,C05,20/11/2025
FACT08192,C10,06/10/2025
FACT08671,C07,04/11/2025
FACT01244,C05,01/02/2025
FACT05559,C05,02/07/2025
FACT05677,C10,30/07/2025
FACT02009,C07,02/03/2025
FACT04498,C04,05/06/2025
FACT05654,C03,09/07/2025
FACT06695,C01,23/09/2025
FACT03558,C07,02/05/2025
FACT05970,C08,19/08/2025
FACT08890,C05,28/11/2025
FACT04323,C06,20/06/2025
FACT08475,C07,29/11/2025
FACT09356,C10,08/12/2025
FACT00788,C08,13/01/2025
FACT05048,C09,15/07/2025
FACT05934,C01,26/08/2025
FACT05062,C07,21/07/2025
FACT07425,C05,25/09/2025
FACT07764,C01,23/10/2025
FACT00587,C09,19/01/2025
FACT05532,C05,15/07/2025
FACT02265,C04,25/03/2025
FACT03194,C04,05/04/2025
FACT04793,C05,19/06/2025
FACT00246,C06,08/01/2025
FACT01663,C06,14/02/2025
FACT09915,C08,26/12/2025
FACT07571,C10,01/10/2025
FACT01729,C01,13/03/2025
FACT06837,C01,10/09/2025
FACT00927,C02,11/02/2025
FACT09625,C08,11/12/2025
FACT00896,C02,01/02/2025
FACT07834,C07,16/10/2025
FACT08797,C01,30/11/2025
FACT08029,C07,27/10/2025
FACT01801,C10,10/03/2025
FACT00995,C08,14/02/2025
FACT04114,C02,14/05/2025
FACT02161,C09,07/03/2025
FACT09116,C02,08/11/2025
FACT07167,C09,30/09/2025
FACT07509,C03,23/10/2025
FACT07769,C07,30/10/2025
FACT00424,C05,19/01/2025
FACT07165,C02,13/09/2025
FACT03370,C06,05/05/2025
FACT04636,C02,10/06/2025
FACT04888,C03,08/06/2025
FACT06278,C06,15/08/2025
FACT04080,C06,09/05/2025
FACT02672,C04,21/04/2025
FACT07913,C09,19/10/2025
FACT08326,C06,20/10/2025
FACT04943,C05,27/06/2025
FACT05667,C07,05/07/2025
FACT01677,C06,11/03/2025
FACT05967,C10,02/08/2025
FACT08525,C07,03/11/2025
FACT06560,C04,04/08/2025
FACT04787,C05,23/06/2025
FACT02865,C08,16/04/2025
FACT05649,C04,04/07/2025
FACT03684,C07,30/05/2025
FACT04138,C03,11/05/2025
FACT00871,C09,28/02/2025
FACT03972,C01,04/05/2025
FACT05370,C10,09/07/2025
FACT04314,C03,27/06/2025
FACT09593,C02,23/12/2025
FACT08045,C07,13/10/2025
FACT05764,C02,11/07/2025
FACT02661,C02,10/04/2025
FACT05859,C09,23/08/2025
FACT02429,C05,25/03/2025
FACT03054,C04,25/04/2025
FACT05585,C08,03/07/2025
FACT05644,C10,25/07/2025
FACT00967,C04,04/02/2025
FACT09752,C05,01/12/2025
FACT09969,C04,08/12/2025
FACT01027,C03,17/02/2025
FACT03246,C04,21/04/2025
FACT06845,C03,18/09/2025
FACT06701,C06,15/09/2025
FACT07194,C07,25/09/2025
FACT09055,C09,15/11/2025
FACT03459,C09,06/05/2025
FACT00742,C02,21/01/2025
FACT03536,C04,25/05/2025
FACT05864,C04,13/08/2025
FACT03408,C08,03/05/2025
FACT00681,C04,14/01/2025
FACT03313,C02,24/04/2025
FACT00794,C07,20/01/2025
FACT07832,C10,05/10/2025
FACT08590,C08,29/11/2025
FACT08507,C01,05/11/2025
FACT03570,C09,21/05/2025
FACT08511,C08,05/11/2025
FACT05330,C06,23/07/2025
FACT05386,C05,26/07/2025
FACT03838,C06,01/05/2025
FACT02675,C09,19/04/2025
FACT02072,C02,18/03/2025
FACT04906,C01,11/06/2025
FACT02799,C10,30/04/2025
FACT01017,C01,06/02/2025
FACT03836,C07,25/05/2025
FACT00348,C08,14/01/2025
FACT01207,C03,01/02/2025
FACT01986,C04,23/03/2025
FACT08097,C03,31/10/2025
FACT02978,C05,14/04/2025
FACT07582,C05,07/10/2025
FACT07036,C02,28/09/2025
FACT07475,C10,21/09/2025
FACT05965,C01,29/08/2025
FACT09134,C07,27/11/2025
FACT00452,C03,19/01/2025
FACT02892,C08,19/04/2025
FACT08067,C04,10/10/2025
FACT05418,C01,29/07/2025
FACT05596,C01,16/07/2025
FACT09324,C01,22/12/2025
FACT09509,C04,30/12/2025
FACT00407,C07,09/01/2025
FACT06648,C01,31/08/2025
FACT09500,C10,06/12/2025
FACT06473,C05,24/08/2025
FACT09984,C08,21/12/2025
FACT09571,C10,18/12/2025
FACT06834,C08,28/09/2025
FACT08436,C07,01/11/2025
FACT04982,C01,30/06/2025
FACT05639,C02,26/07/2025
FACT07039,C08,06/09/2025
FACT05844,C05,14/08/2025
FACT07114,C05,22/09/2025
FACT05960,C03,26/08/2025
FACT03333,C03,26/04/2025
FACT01990,C05,04/03/2025
FACT00369,C06,02/01/2025
FACT05827,C03,06/07/2025
FACT03834,C02,08/05/2025
FACT08506,C09,04/11/2025
FACT04109,C02,17/05/2025
FACT08715,C04,16/11/2025
FACT09029,C06,23/11/2025
FACT00772,C08,11/01/2025
FACT09831,C09,25/12/2025
FACT00332,C06,04/01/2025
FACT02261,C06,22/03/2025
FACT06755,C08,28/09/2025
FACT00881,C04,11/02/2025
FACT04053,C05,11/05/2025
FACT09728,C03,28/12/2025
FACT07159,C03,19/09/2025
FACT04390,C07,11/06/2025
FACT03032,C03,07/04/2025
FACT03518,C10,30/05/2025
FACT05358,C01,12/07/2025
FACT09865,C02,22/12/2025
FACT07416,C09,10/09/2025
FACT01416,C02,17/02/2025
FACT00924,C04,11/02/2025
FACT05984,C06,30/08/2025
FACT08382,C04,06/11/2025
FACT02821,C05,26/04/2025
FACT08286,C05,20/10/2025
FACT05289,C02,12/07/2025
FACT01698,C07,12/03/2025
FACT06404,C07,20/08/2025
FACT01751,C06,20/03/2025
FACT05739,C09,21/07/2025
FACT05177,C07,23/07/2025
FACT06389,C05,15/08/2025
FACT08253,C06,28/10/2025
FACT03008,C02,30/04/2025
FACT05637,C09,19/07/2025
FACT08554,C08,27/11/2025
FACT06383,C08,08/08/2025
FACT08839,C06,20/11/2025
FACT09057,C05,02/11/2025
FACT09578,C10,14/12/2025
FACT01924,C10,24/03/2025
FACT02239,C03,25/03/2025
FACT02503,C08,27/04/2025
FACT01314,C09,15/02/2025
FACT04995,C09,10/06/2025
FACT08378,C07,11/11/2025
FACT06496,C09,24/08/2025
FACT05018,C04,30/06/2025
FACT04429,C01,02/06/2025
FACT01976,C04,31/03/2025
FACT07438,C02,19/09/2025
FACT07368,C09,17/09/2025
FACT02105,C09,09/03/2025
FACT04174,C04,10/05/2025
FACT03774,C02,29/05/2025
FACT01154,C05,11/02/2025
FACT02554,C08,05/04/2025
FACT06742,C02,30/09/2025
FACT05695,C10,16/07/2025
FACT08976,C02,27/11/2025
FACT02711,C08,23/04/2025
FACT01260,C09,26/02/2025
FACT04284,C10,25/06/2025
FACT09861,C08,04/12/2025
FACT06062,C02,08/08/2025
FACT09279,C02,28/12/2025
FACT07372,C05,19/09/2025
FACT08898,C10,12/11/2025
FACT01182,C04,28/02/2025
FACT09037,C07,24/11/2025
FACT05869,C10,08/08/2025
FACT06803,C09,27/09/2025
FACT05237,C10,27/07/2025
FACT07222,C01,09/09/2025
FACT03517,C10,24/05/2025
FACT02196,C06,28/03/2025
FACT04837,C10,28/06/2025
FACT08167,C09,04/10/2025
FACT02204,C01,08/03/2025
FACT07638,C05,24/10/2025
FACT05617,C08,26/07/2025
FACT01272,C03,22/02/2025
FACT04397,C09,24/06/2025
FACT04629,C05,02/06/2025
FACT03176,C10,28/04/2025
FACT03487,C08,08/05/2025
FACT04055,C01,17/05/2025
FACT09401,C07,30/12/2025
FACT02605,C05,05/04/2025
FACT00200,C01,19/01/2025
FACT03138,C04,16/04/2025
FACT05253,C03,01/07/2025
FACT03918,C10,16/05/2025
FACT08868,C01,28/11/2025
FACT08990,C09,02/11/2025
FACT03410,C08,03/05/2025
FACT09325,C02,17/12/2025
FACT02707,C04,29/04/2025
FACT06994,C09,19/09/2025
FACT00978,C06,11/02/2025
FACT06148,C03,27/08/2025
FACT09859,C01,14/12/2025
FACT07111,C06,20/09/2025
FACT08520,C03,16/11/2025
FACT08594,C02,29/11/2025
FACT07716,C04,30/10/2025
FACT03827,C10,29/05/2025
FACT00400,C08,18/01/2025
FACT08222,C02,19/10/2025
FACT09092,C09,04/11/2025
FACT09255,C01,13/12/2025
FACT06420,C09,19/08/2025
FACT04322,C10,08/06/2025
FACT03271,C02,28/04/2025
FACT02076,C01,01/03/2025
FACT07592,C07,26/10/2025
FACT03009,C04,17/04/2025
FACT04578,C08,04/06/2025
FACT08871,C02,06/11/2025
FACT03663,C03,16/05/2025
FACT09021,C09,27/11/2025
FACT00917,C03,02/02/2025
FACT00595,C02,15/01/2025
FACT01604,C07,16/02/2025
FACT06489,C07,20/08/2025
FACT09714,C06,16/12/2025
FACT07307,C09,10/09/2025
FACT08775,C01,25/11/2025
FACT09796,C09,15/12/2025
FACT06827,C03,26/09/2025
FACT09645,C10,09/12/2025
FACT00316,C07,23/01/2025
FACT05071,C07,03/07/2025
FACT08491,C09,12/11/2025
FACT07774,C09,29/10/2025
FACT06878,C08,05/09/2025
FACT03587,C06,31/05/2025
FACT03097,C02,11/04/2025
FACT01202,C02,16/02/2025
FACT03017,C04,08/04/2025
FACT04025,C02,17/05/2025
FACT08858,C07,24/11/2025
FACT00238,C08,06/01/2025
FACT07452,C04,22/09/2025
FACT07989,C05,21/10/2025
FACT06264,C09,26/08/2025
FACT00998,C07,06/02/2025
FACT07216,C05,17/09/2025
FACT04035,C07,05/05/2025
FACT05030,C02,26/07/2025
FACT00044,C01,07/01/2025
FACT06588,C10,03/08/2025
FACT04654,C05,26/06/2025
FACT05997,C04,08/08/2025
FACT07214,C04,09/09/2025
FACT06937,C06,06/09/2025
FACT05579,C10,27/07/2025
FACT02543,C03,06/04/2025
FACT03007,C07,23/04/2025
FACT03846,C09,21/05/2025
FACT04807,C09,16/06/2025
FACT00591,C01,04/01/2025
FACT08270,C02,28/10/2025
FACT01576,C02,03/02/2025
FACT03904,C07,10/05/2025
FACT06084,C01,27/08/2025
FACT05301,C01,30/07/2025
FACT03718,C07,20/05/2025
FACT07817,C05,26/10/2025
FACT08341,C08,23/11/2025
FACT06644,C07,27/08/2025
FACT04651,C02,07/06/2025
FACT04579,C06,26/06/2025
FACT00471,C10,11/01/2025
FACT05520,C05,17/07/2025
FACT00325,C04,09/01/2025
FACT05761,C04,19/07/2025
FACT01732,C05,12/03/2025
FACT02194,C09,28/03/2025
FACT01118,C05,26/02/2025
FACT07819,C09,30/10/2025
FACT08460,C08,10/11/2025
FACT08115,C07,20/10/2025
FACT05075,C04,26/07/2025
FACT04347,C02,21/06/2025
FACT00371,C10,17/01/2025
FACT05623,C03,22/07/2025
FACT04212,C03,18/06/2025
FACT06761,C09,01/09/2025
FACT04102,C05,01/05/2025
FACT04413,C04,21/06/2025
FACT05281,C07,15/07/2025
FACT08426,C06,16/11/2025
FACT03224,C06,10/04/2025
FACT08630,C06,28/11/2025
FACT08397,C08,22/11/2025
FACT07662,C09,22/10/2025
FACT06397,C06,15/08/2025
FACT01902,C10,11/03/2025
FACT05031,C05,15/07/2025
FACT05347,C10,13/07/2025
FACT08106,C06,06/10/2025
FACT03739,C10,20/05/2025
FACT09880,C07,01/12/2025
FACT06365,C04,02/08/2025
FACT01397,C10,16/02/2025
FACT09053,C01,24/11/2025
FACT01297,C07,05/02/2025
FACT08947,C06,01/11/2025
FACT00224,C01,26/01/2025
FACT08062,C04,26/10/2025
FACT01241,C04,22/02/2025
FACT02653,C01,04/04/2025
FACT07526,C04,19/10/2025
FACT06627,C02,28/08/2025
FACT07859,C09,29/10/2025
FACT02879,C01,25/04/2025
FACT08904,C09,12/11/2025
FACT04616,C07,28/06/2025
FACT01263,C01,05/02/2025
FACT05825,C06,29/07/2025
FACT09396,C09,15/12/2025
FACT08283,C01,02/10/2025
FACT00239,C05,30/01/2025
FACT05682,C08,27/07/2025
FACT09989,C01,02/12/2025
FACT09012,C10,14/11/2025
FACT00495,C04,11/01/2025
FACT00203,C04,18/01/2025
FACT01825,C09,03/03/2025
FACT03933,C06,15/05/2025
FACT07234,C04,16/09/2025
FACT00910,C08,24/02/2025
FACT03937,C07,09/05/2025
FACT04306,C06,18/06/2025
FACT07432,C02,18/09/2025
FACT01808,C08,19/03/2025
FACT02749,C03,08/04/2025
FACT04000,C07,31/05/2025
FACT00642,C06,08/01/2025
FACT02700,C08,15/04/2025
FACT03721,C07,16/05/2025
FACT02884,C08,04/04/2025
FACT02627,C03,19/04/2025
FACT02170,C10,16/03/2025
FACT06061,C10,21/08/2025
FACT07269,C05,08/09/2025
FACT02950,C06,21/04/2025
FACT03686,C02,24/05/2025
FACT03936,C10,29/05/2025
FACT05852,C10,04/08/2025
FACT02590,C09,03/04/2025
FACT09767,C08,31/12/2025
FACT05209,C01,25/07/2025
FACT04782,C05,30/06/2025
FACT09682,C04,30/12/2025
FACT09521,C10,14/12/2025
FACT07007,C03,03/09/2025
FACT09928,C07,08/12/2025
FACT01895,C01,07/03/2025
FACT08121,C08,15/10/2025
FACT02977,C04,04/04/2025
FACT00298,C10,30/01/2025
FACT08069,C10,27/10/2025
FACT05608,C06,22/07/2025
FACT02023,C02,12/03/2025
FACT03296,C08,01/04/2025
FACT04583,C04,04/06/2025
FACT09888,C05,25/12/2025
FACT02091,C09,15/03/2025
FACT06481,C04,01/08/2025
FACT08867,C10,07/11/2025
FACT03070,C04,24/04/2025
FACT00020,C07,17/01/2025
FACT02470,C01,28/03/2025
FACT08587,C04,21/11/2025
FACT02450,C03,06/03/2025
FACT02751,C06,01/04/2025
FACT01236,C07,19/02/2025
FACT02974,C08,09/04/2025
FACT07870,C06,26/10/2025
FACT04230,C04,18/06/2025
FACT03950,C06,01/05/2025
FACT00247,C10,09/01/2025
FACT04605,C08,05/06/2025
FACT08356,C08,08/11/2025
FACT07888,C08,06/10/2025
FACT02565,C08,07/04/2025
FACT04158,C02,18/05/2025
FACT02697,C10,07/04/2025
FACT07970,C01,25/10/2025
FACT00090,C08,22/01/2025
FACT08479,C06,30/11/2025
FACT00112,C03,21/01/2025
FACT07765,C07,31/10/2025
FACT04472,C07,25/06/2025
FACT07118,C01,29/09/2025
FACT08595,C06,18/11/2025
FACT01786,C08,21/03/2025
FACT08981,C10,21/11/2025
FACT07157,C03,22/09/2025
FACT06351,C06,21/08/2025
FACT04744,C08,09/06/2025
FACT06032,C02,30/08/2025
FACT05902,C06,02/08/2025
FACT05058,C07,25/07/2025
FACT04198,C07,26/06/2025
FACT02067,C10,04/03/2025
FACT00265,C10,20/01/2025
FACT01333,C09,13/02/2025
FACT07634,C01,24/10/2025
FACT07116,C08,29/09/2025
FACT04113,C06,17/05/2025
FACT05790,C05,20/07/2025
FACT07647,C07,18/10/2025
FACT06717,C05,19/09/2025
FACT02822,C03,26/04/2025
FACT09445,C03,14/12/2025
FACT04749,C04,22/06/2025
FACT06068,C07,30/08/2025
FACT09200,C09,06/12/2025
FACT07057,C09,10/09/2025
FACT03112,C10,03/04/2025
FACT02519,C09,09/04/2025
FACT01905,C07,24/03/2025
FACT00926,C02,03/02/2025
FACT00654,C10,14/01/2025
FACT01483,C10,17/02/2025
FACT09005,C08,15/11/2025
FACT00884,C09,27/02/2025
FACT00125,C09,23/01/2025
FACT07093,C02,19/09/2025
FACT06924,C07,23/09/2025
FACT07203,C02,15/09/2025
FACT04663,C09,15/06/2025
FACT07112,C04,02/09/2025
FACT09013,C03,23/11/2025
FACT03014,C05,29/04/2025
FACT05688,C06,30/07/2025
FACT00378,C07,10/01/2025
FACT07784,C07,19/10/2025
FACT07972,C02,08/10/2025
FACT09706,C03,04/12/2025
FACT06616,C01,27/08/2025
FACT08752,C02,03/11/2025
FACT03525,C05,01/05/2025
FACT09101,C05,14/11/2025
FACT01641,C09,28/02/2025
FACT01764,C05,20/03/2025
FACT06332,C01,07/08/2025
FACT03802,C06,07/05/2025
FACT04261,C05,24/06/2025
FACT05684,C06,24/07/2025
FACT07693,C08,23/10/2025
FACT06013,C09,26/08/2025
FACT06157,C05,17/08/2025
FACT02728,C05,25/04/2025
FACT04661,C04,17/06/2025
FACT08273,C04,12/10/2025
FACT09490,C07,26/12/2025
FACT04070,C03,07/05/2025
FACT07424,C10,18/09/2025
FACT00761,C05,22/01/2025
FACT09959,C03,08/12/2025
FACT01396,C02,06/02/2025
FACT07767,C01,19/10/2025
FACT05465,C08,22/07/2025
FACT08224,C06,25/10/2025
FACT07495,C03,28/09/2025
FACT06125,C02,23/08/2025
FACT08272,C01,16/10/2025
FACT08137,C10,16/10/2025
FACT05125,C02,01/07/2025
FACT00248,C03,20/01/2025
FACT03163,C07,21/04/2025
FACT01071,C06,28/02/2025
FACT02262,C06,14/03/2025
FACT04319,C10,23/06/2025
FACT07534,C02,30/10/2025
FACT04825,C01,22/06/2025
FACT04488,C01,10/06/2025
FACT09306,C10,23/12/2025
FACT07786,C06,24/10/2025
FACT07688,C08,31/10/2025
FACT00194,C06,31/01/2025
FACT06599,C10,02/08/2025
FACT02562,C08,24/04/2025
FACT00705,C04,02/01/2025
FACT01936,C05,23/03/2025
FACT00062,C06,29/01/2025
FACT05201,C08,26/07/2025
FACT06101,C09,22/08/2025
FACT00184,C09,14/01/2025
FACT08611,C03,01/11/2025
FACT07743,C07,06/10/2025
FACT04520,C07,06/06/2025
FACT02636,C05,27/04/2025
FACT07427,C04,04/09/2025
FACT02115,C04,13/03/2025
FACT08806,C04,13/11/2025
FACT09860,C09,11/12/2025
FACT01795,C08,26/03/2025
FACT01707,C01,27/03/2025
FACT07267,C10,11/09/2025
FACT00235,C02,27/01/2025
FACT05610,C01,16/07/2025
FACT03460,C08,11/05/2025
FACT09043,C01,16/11/2025
FACT01059,C06,14/02/2025
FACT08200,C08,13/10/2025
FACT05949,C09,18/08/2025
FACT01744,C02,23/03/2025
FACT02732,C04,15/04/2025
FACT09211,C07,02/12/2025
FACT08461,C01,10/11/2025
FACT01326,C06,09/02/2025
FACT01623,C09,01/02/2025
FACT01108,C08,03/02/2025
FACT02540,C08,09/04/2025
FACT08785,C06,01/11/2025
FACT09847,C01,18/12/2025
FACT06444,C06,01/08/2025
FACT03245,C05,03/04/2025
FACT04234,C04,18/06/2025
FACT07502,C04,02/09/2025
FACT04974,C10,24/06/2025
FACT09421,C06,03/12/2025
FACT09873,C01,18/12/2025
FACT04456,C06,15/06/2025
FACT03390,C02,05/05/2025
FACT06222,C07,09/08/2025
FACT04983,C09,22/06/2025
FACT07894,C01,08/10/2025
FACT06288,C02,15/08/2025
FACT00100,C09,14/01/2025
FACT02552,C07,22/04/2025
FACT08873,C03,28/11/2025
FACT09042,C03,16/11/2025
FACT05660,C08,06/07/2025
FACT08245,C06,25/10/2025
FACT07857,C10,07/10/2025
FACT03620,C01,02/05/2025
FACT02970,C05,26/04/2025
FACT01111,C06,07/02/2025
FACT08297,C03,26/10/2025
FACT00033,C02,27/01/2025
FACT01743,C04,14/03/2025
FACT02516,C02,27/04/2025
FACT00368,C06,15/01/2025
FACT08721,C06,13/11/2025
FACT02827,C10,28/04/2025
FACT04829,C03,08/06/2025
FACT06974,C08,18/09/2025
FACT04621,C05,22/06/2025
FACT01818,C03,07/03/2025
FACT05868,C10,24/08/2025
FACT06356,C01,16/08/2025
FACT02780,C01,03/04/2025
FACT03886,C01,21/05/2025
FACT00882,C08,06/02/2025
FACT09854,C06,29/12/2025
FACT05917,C04,18/08/2025
FACT06109,C07,17/08/2025
FACT04641,C01,19/06/2025
FACT06596,C04,15/08/2025
FACT04218,C04,02/06/2025
FACT03816,C04,26/05/2025
FACT00393,C04,03/01/2025
FACT03058,C08,11/04/2025
FACT02036,C08,15/03/2025
FACT03561,C04,01/05/2025
FACT09412,C08,27/12/2025
FACT05772,C04,12/07/2025
FACT00501,C05,14/01/2025
FACT06261,C10,30/08/2025
FACT09405,C03,01/12/2025
FACT06964,C10,07/09/2025
FACT03649,C06,07/05/2025
FACT09603,C04,01/12/2025
FACT07646,C09,23/10/2025
FACT07741,C06,14/10/2025
FACT03452,C08,02/05/2025
FACT03798,C08,15/05/2025
FACT07023,C08,24/09/2025
FACT02283,C07,20/03/2025
FACT07863,C01,27/10/2025
FACT08688,C02,19/11/2025
FACT06641,C07,20/08/2025
FACT00108,C04,28/01/2025
FACT06536,C05,19/08/2025
FACT09313,C03,27/12/2025
FACT02521,C09,23/04/2025
FACT04951,C09,18/06/2025
FACT06023,C02,31/08/2025
FACT08860,C04,23/11/2025
FACT07629,C10,20/10/2025
FACT00857,C02,14/02/2025
FACT06455,C07,20/08/2025
FACT06922,C05,16/09/2025
FACT06816,C07,12/09/2025
FACT09965,C08,28/12/2025
FACT09842,C08,21/12/2025
FACT01223,C04,03/02/2025
FACT02947,C03,07/04/2025
FACT03768,C10,13/05/2025
FACT02625,C07,15/04/2025
FACT08810,C04,09/11/2025
FACT00626,C07,22/01/2025
FACT09252,C08,02/12/2025
FACT05784,C07,08/07/2025
FACT02015,C08,21/03/2025
FACT06191,C10,12/08/2025
FACT03876,C05,03/05/2025
FACT08128,C06,12/10/2025
FACT08257,C07,26/10/2025
FACT09935,C01,14/12/2025
FACT06293,C01,17/08/2025
FACT08851,C10,01/11/2025
FACT07570,C04,22/10/2025
FACT07763,C05,31/10/2025
FACT03069,C10,26/04/2025
FACT04228,C01,29/06/2025
FACT01007,C08,21/02/2025
FACT04946,C09,17/06/2025
FACT04363,C05,10/06/2025
FACT06517,C01,19/08/2025
FACT02615,C02,01/04/2025
FACT07660,C07,12/10/2025
FACT08054,C05,25/10/2025
FACT08924,C07,24/11/2025
FACT06952,C02,05/09/2025
FACT03060,C03,23/04/2025
FACT06208,C01,05/08/2025
FACT02933,C03,01/04/2025
FACT06792,C07,21/09/2025
FACT06790,C08,26/09/2025
FACT04176,C03,21/05/2025
FACT03782,C05,08/05/2025
FACT05134,C03,27/07/2025
FACT09709,C10,08/12/2025
FACT03650,C04,19/05/2025
FACT05000,C03,08/06/2025
FACT04378,C07,14/06/2025
FACT02773,C08,21/04/2025
FACT02830,C10,28/04/2025
FACT09623,C06,12/12/2025
FACT03572,C07,02/05/2025
FACT02353,C03,09/03/2025
FACT02962,C05,29/04/2025
FACT03419,C09,09/05/2025
FACT09023,C02,08/11/2025
FACT01205,C05,07/02/2025
FACT08355,C08,14/11/2025
FACT08072,C01,20/10/2025
FACT04414,C09,06/06/2025
FACT09787,C05,28/12/2025
FACT06423,C08,24/08/2025
FACT04842,C09,21/06/2025
FACT05311,C07,27/07/2025
FACT06890,C09,21/09/2025
FACT00251,C04,12/01/2025
FACT08172,C03,02/10/2025
FACT04233,C02,06/06/2025
FACT04785,C02,24/06/2025
FACT03125,C05,26/04/2025
FACT08202,C08,26/10/2025
FACT01057,C01,10/02/2025
FACT09738,C07,31/12/2025
FACT04731,C03,14/06/2025
FACT05681,C06,25/07/2025
FACT00918,C03,14/02/2025
FACT03180,C08,19/04/2025
FACT09740,C09,09/12/2025
FACT03366,C02,31/05/2025
FACT00604,C10,20/01/2025
FACT02681,C02,18/04/2025
FACT09001,C06,11/11/2025
FACT04503,C05,13/06/2025
FACT03901,C06,12/05/2025
FACT00983,C09,18/02/2025
FACT04554,C01,29/06/2025
FACT06774,C06,13/09/2025
FACT00099,C09,05/01/2025
FACT08737,C09,07/11/2025
FACT07643,C01,19/10/2025
FACT09438,C06,11/12/2025
FACT04253,C04,03/06/2025
FACT03409,C06,24/05/2025
FACT07081,C02,26/09/2025
FACT09451,C04,13/12/2025
FACT04206,C10,09/06/2025
FACT08404,C02,18/11/2025
FACT02946,C03,13/04/2025
FACT07083,C03,24/09/2025
FACT09581,C02,07/12/2025
FACT01068,C08,08/02/2025
FACT04786,C01,30/06/2025
FACT03005,C05,30/04/2025
FACT06521,C01,24/08/2025
FACT02475,C04,12/03/2025
FACT06553,C06,28/08/2025
FACT03322,C06,08/04/2025
FACT09784,C10,08/12/2025
FACT00617,C07,10/01/2025
FACT04923,C06,12/06/2025
FACT09896,C05,22/12/2025
FACT04816,C03,17/06/2025
FACT01152,C03,20/02/2025
FACT09791,C04,01/12/2025
FACT04992,C08,29/06/2025
FACT02410,C06,11/03/2025
FACT01953,C04,07/03/2025
FACT07089,C03,17/09/2025
FACT01372,C09,16/02/2025
FACT05169,C03,25/07/2025
FACT07227,C02,25/09/2025
FACT07821,C09,24/10/2025
FACT09642,C06,29/12/2025
FACT07323,C02,16/09/2025
FACT09226,C02,07/12/2025
FACT08521,C01,28/11/2025
FACT04679,C05,08/06/2025
FACT05413,C04,25/07/2025
FACT07568,C01,03/10/2025
FACT00329,C06,29/01/2025
FACT03149,C10,07/04/2025
FACT00150,C03,07/01/2025
FACT01476,C03,04/02/2025
FACT00618,C06,20/01/2025
FACT05005,C01,07/06/2025
FACT07173,C04,28/09/2025
FACT05147,C01,05/07/2025
FACT04479,C08,28/06/2025
FACT03347,C05,08/04/2025
FACT08647,C06,14/11/2025
FACT09477,C03,23/12/2025
FACT05312,C04,01/07/2025
FACT09772,C01,01/12/2025
FACT03025,C05,24/04/2025
FACT04297,C10,14/06/2025
FACT05012,C08,11/06/2025
FACT02558,C10,21/04/2025
FACT04094,C10,23/05/2025
FACT04717,C10,09/06/2025
FACT04831,C06,13/06/2025
FACT05853,C05,15/08/2025
FACT07594,C01,26/10/2025
FACT04913,C09,26/06/2025
FACT03731,C10,01/05/2025
FACT03317,C02,23/04/2025
FACT06734,C09,08/09/2025
FACT05523,C04,09/07/2025
FACT05486,C09,26/07/2025
FACT03022,C05,27/04/2025
FACT01601,C07,05/02/2025
FACT04033,C08,14/05/2025
FACT09987,C03,02/12/2025
FACT09491,C02,24/12/2025
FACT07902,C07,01/10/2025
FACT07225,C06,15/09/2025
FACT04639,C08,01/06/2025
FACT02216,C06,09/03/2025
FACT05014,C05,24/06/2025
FACT08295,C10,08/10/2025
FACT05443,C06,08/07/2025
FACT07406,C02,21/09/2025
FACT01912,C10,13/03/2025
FACT01525,C07,25/02/2025
FACT02570,C10,30/04/2025
FACT03403,C04,07/05/2025
FACT06398,C05,18/08/2025
FACT07619,C07,11/10/2025
FACT06531,C10,02/08/2025
FACT07580,C03,09/10/2025
FACT08379,C04,09/11/2025
FACT02129,C07,18/03/2025
FACT02748,C09,18/04/2025
FACT03374,C07,27/05/2025
FACT09898,C01,21/12/2025
FACT09639,C02,03/12/2025
FACT05796,C08,11/07/2025
FACT07598,C02,02/10/2025
FACT04309,C01,13/06/2025
FACT04433,C09,08/06/2025
FACT02019,C06,13/03/2025
FACT06150,C06,30/08/2025
FACT09778,C06,30/12/2025
FACT09964,C03,09/12/2025
FACT05234,C08,31/07/2025
FACT02222,C03,28/03/2025
FACT02880,C06,25/04/2025
FACT07851,C06,21/10/2025
FACT07000,C03,16/09/2025
FACT09707,C01,27/12/2025
FACT06810,C06,19/09/2025
FACT04799,C03,06/06/2025
FACT09300,C01,10/12/2025
FACT01792,C01,22/03/2025
FACT07704,C10,20/10/2025
FACT08592,C04,01/11/2025
FACT05338,C08,22/07/2025
FACT03735,C09,13/05/2025
FACT06163,C01,15/08/2025
FACT07805,C05,31/10/2025
FACT02731,C10,30/04/2025
FACT02102,C08,06/03/2025
FACT05994,C09,17/08/2025
FACT00263,C05,20/01/2025
FACT08458,C07,25/11/2025
FACT08803,C04,04/11/2025
FACT09912,C02,20/12/2025
FACT09447,C04,26/12/2025
FACT08372,C10,06/11/2025
FACT07980,C08,29/10/2025
FACT09559,C01,02/12/2025
FACT05020,C10,27/06/2025
FACT03755,C06,07/05/2025
FACT08003,C06,03/10/2025
FACT01827,C10,30/03/2025
FACT00037,C06,17/01/2025
FACT08415,C05,06/11/2025
FACT04595,C08,20/06/2025
FACT09899,C01,03/12/2025
FACT06689,C01,29/08/2025
FACT02839,C09,16/04/2025
FACT05224,C03,23/07/2025
FACT07064,C06,12/09/2025
FACT03068,C05,17/04/2025
FACT01589,C07,01/02/2025
FACT07108,C10,24/09/2025
FACT07059,C06,20/09/2025
FACT08921,C01,04/11/2025
FACT08310,C02,10/10/2025
FACT08139,C10,04/10/2025
FACT07330,C04,13/09/2025
FACT06664,C10,18/08/2025
FACT03967,C07,22/05/2025
FACT06989,C10,16/09/2025
FACT05884,C08,05/08/2025
FACT04580,C06,04/06/2025
FACT08469,C06,25/11/2025
FACT00183,C03,02/01/2025
FACT08267,C04,23/10/2025
FACT09097,C02,28/11/2025
FACT07812,C06,02/10/2025
FACT00873,C02,06/02/2025
FACT08489,C02,01/11/2025
FACT02631,C02,08/04/2025
FACT01815,C04,09/03/2025
FACT09339,C04,19/12/2025
FACT04845,C01,08/06/2025
FACT07085,C07,29/09/2025
FACT09519,C08,31/12/2025
FACT06991,C09,03/09/2025
FACT08815,C01,04/11/2025
FACT04740,C10,05/06/2025
FACT02311,C05,28/03/2025
FACT08905,C10,08/11/2025
FACT02026,C02,20/03/2025
FACT03801,C03,06/05/2025
FACT05638,C10,29/07/2025
FACT02893,C01,03/04/2025
FACT00589,C04,17/01/2025
FACT09612,C10,22/12/2025
FACT03795,C02,26/05/2025
FACT00289,C06,17/01/2025
FACT09214,C04,31/12/2025
FACT03206,C08,05/04/2025
FACT07950,C10,05/10/2025
FACT01916,C06,15/03/2025
FACT00556,C07,29/01/2025
FACT07971,C06,05/10/2025
FACT05184,C02,06/07/2025
FACT02107,C05,22/03/2025
FACT03778,C02,01/05/2025
FACT05839,C09,30/08/2025
FACT05082,C04,08/07/2025
FACT01927,C01,12/03/2025
FACT01730,C06,19/03/2025
FACT00271,C03,04/01/2025
FACT00309,C01,22/01/2025
FACT04328,C04,03/06/2025
FACT06751,C07,26/09/2025
FACT00888,C01,25/02/2025
FACT07418,C06,22/09/2025
FACT00849,C01,03/02/2025
FACT01126,C10,16/02/2025
FACT09212,C09,25/12/2025
FACT07642,C10,03/10/2025
FACT04644,C04,13/06/2025
FACT04274,C01,24/06/2025
FACT08586,C07,13/11/2025
FACT02013,C02,17/03/2025
FACT08077,C04,30/10/2025
FACT02225,C05,11/03/2025
FACT06286,C03,28/08/2025
FACT02126,C04,24/03/2025
FACT02779,C08,18/04/2025
FACT02828,C05,15/04/2025
FACT09366,C08,05/12/2025
FACT04841,C03,21/06/2025
FACT09427,C10,11/12/2025
FACT08083,C08,17/10/2025
FACT04584,C03,25/06/2025
FACT09061,C06,04/11/2025
FACT07758,C01,03/10/2025
FACT00198,C06,03/01/2025
FACT06226,C06,29/08/2025
FACT07651,C10,19/10/2025
FACT06120,C10,23/08/2025
FACT01847,C08,27/03/2025
FACT04364,C05,11/06/2025
FACT03461,C03,28/05/2025
FACT02037,C10,09/03/2025
FACT06520,C05,31/08/2025
FACT05735,C07,16/07/2025
FACT03457,C02,21/05/2025
FACT03897,C10,06/05/2025
FACT00726,C01,12/01/2025
FACT00716,C06,26/01/2025
FACT01804,C10,24/03/2025
FACT05712,C05,06/07/2025
FACT00904,C02,07/02/2025
FACT08082,C02,13/10/2025
FACT05905,C04,15/08/2025
FACT04640,C10,21/06/2025
FACT06514,C01,05/08/2025
FACT02415,C10,20/03/2025
FACT03917,C05,27/05/2025
FACT01186,C08,09/02/2025
FACT08134,C01,10/10/2025
FACT02250,C02,08/03/2025
FACT01652,C05,22/02/2025
FACT02070,C06,08/03/2025
FACT05591,C03,15/07/2025
FACT03855,C08,05/05/2025
FACT07258,C04,11/09/2025
FACT00025,C10,25/01/2025
FACT09367,C09,25/12/2025
FACT05678,C09,09/07/2025
FACT09734,C06,26/12/2025
FACT07574,C04,22/10/2025
FACT02294,C05,10/03/2025
FACT04835,C08,11/06/2025
FACT03142,C01,30/04/2025
FACT01041,C07,10/02/2025
FACT05354,C05,05/07/2025
FACT06107,C04,17/08/2025
FACT03077,C02,21/04/2025
FACT01346,C05,23/02/2025
FACT06735,C06,29/09/2025
FACT00943,C05,19/02/2025
FACT04852,C08,18/06/2025
FACT07860,C08,12/10/2025
FACT02332,C02,19/03/2025
FACT00906,C06,17/02/2025
FACT04674,C04,03/06/2025
FACT01231,C08,16/02/2025
FACT04918,C09,20/06/2025
FACT06967,C08,30/09/2025
FACT09408,C04,02/12/2025
FACT00956,C05,14/02/2025
FACT03396,C08,13/05/2025
FACT02695,C06,17/04/2025
FACT08637,C01,03/11/2025
FACT06905,C06,19/09/2025
FACT08836,C10,15/11/2025
FACT05420,C01,02/07/2025
FACT07076,C06,30/09/2025
FACT02807,C08,08/04/2025
FACT01187,C09,01/02/2025
FACT06140,C04,27/08/2025
FACT06333,C04,29/08/2025
FACT06942,C05,24/09/2025
FACT00933,C05,05/02/2025
FACT01381,C08,21/02/2025
FACT03996,C09,30/05/2025
FACT06840,C04,28/09/2025
FACT00354,C07,01/01/2025
FACT03930,C01,25/05/2025
FACT02099,C10,09/03/2025
FACT06305,C04,21/08/2025
FACT04135,C06,07/05/2025
FACT00657,C05,25/01/2025
FACT01621,C01,03/02/2025
FACT07778,C07,01/10/2025
FACT04891,C10,21/06/2025
FACT05903,C07,24/08/2025
FACT01929,C01,18/03/2025
FACT09666,C06,18/12/2025
FACT04867,C04,02/06/2025
FACT06678,C03,11/08/2025
FACT01438,C02,02/02/2025
FACT02559,C01,18/04/2025
FACT08268,C08,04/10/2025
FACT03784,C09,29/05/2025
FACT03889,C05,06/05/2025
FACT03840,C07,16/05/2025
FACT07146,C07,20/09/2025
FACT08789,C07,17/11/2025
FACT01142,C01,04/02/2025
FACT01102,C08,26/02/2025
FACT06688,C07,09/08/2025
FACT05872,C03,05/08/2025
FACT07808,C03,05/10/2025
FACT01675,C03,18/03/2025
FACT09909,C10,05/12/2025
FACT06578,C02,04/08/2025
FACT09871,C01,12/12/2025
FACT02953,C01,30/04/2025
FACT06824,C07,22/09/2025
FACT01859,C08,31/03/2025
FACT01542,C05,16/02/2025
FACT05285,C06,22/07/2025
FACT00007,C09,19/01/2025
FACT09262,C08,22/12/2025
FACT04247,C01,05/06/2025
FACT06280,C08,28/08/2025
FACT07094,C04,10/09/2025
FACT04903,C03,16/06/2025
FACT08233,C10,26/10/2025
FACT07254,C08,17/09/2025
FACT01547,C10,09/02/2025
FACT00641,C09,20/01/2025
FACT03195,C09,19/04/2025
FACT00041,C08,24/01/2025
FACT08129,C04,17/10/2025
FACT00159,C03,11/01/2025
FACT00634,C01,26/01/2025
FACT05747,C03,14/07/2025
FACT00320,C04,31/01/2025
FACT05802,C01,21/07/2025
FACT05672,C08,12/07/2025
FACT07990,C04,31/10/2025
FACT05160,C05,05/07/2025
FACT04711,C06,09/06/2025
FACT01776,C05,18/03/2025
FACT09799,C03,02/12/2025
FACT03978,C01,17/05/2025
FACT08565,C03,26/11/2025
FACT07700,C01,30/10/2025
FACT06987,C01,19/09/2025
FACT02904,C10,08/04/2025
FACT07409,C09,11/09/2025
FACT07315,C07,24/09/2025
FACT07631,C07,03/10/2025
FACT00682,C01,12/01/2025
FACT05887,C04,13/08/2025
FACT03672,C02,10/05/2025
FACT07661,C09,29/10/2025
FACT07852,C07,12/10/2025
FACT03105,C05,29/04/2025
FACT06998,C06,04/09/2025
FACT09510,C07,07/12/2025
FACT06533,C04,22/08/2025
FACT05555,C01,07/07/2025
FACT08675,C02,01/11/2025
FACT06271,C09,12/08/2025
FACT00273,C02,17/01/2025
FACT03483,C09,07/05/2025
FACT00954,C10,02/02/2025
FACT00790,C05,17/01/2025
FACT02165,C04,10/03/2025
FACT09924,C10,15/12/2025
FACT07049,C01,22/09/2025
FACT05393,C02,24/07/2025
FACT00146,C07,27/01/2025
FACT03101,C10,02/04/2025
FACT05256,C05,03/07/2025
FACT05871,C07,30/08/2025
FACT08041,C07,19/10/2025
FACT01424,C09,05/02/2025
FACT09041,C02,04/11/2025
FACT03233,C03,21/04/2025
FACT05382,C09,04/07/2025
FACT04857,C10,13/06/2025
FACT06326,C06,17/08/2025
FACT08961,C06,16/11/2025
FACT03491,C10,01/05/2025
FACT07545,C04,07/10/2025
FACT04820,C09,02/06/2025
FACT00094,C03,03/01/2025
FACT08119,C09,04/10/2025
FACT07569,C01,31/10/2025
FACT06571,C05,31/08/2025
FACT01402,C01,16/02/2025
FACT06981,C01,22/09/2025
FACT01545,C01,07/02/2025
FACT02146,C10,03/03/2025
FACT08954,C05,16/11/2025
FACT01575,C08,21/02/2025
FACT00450,C05,11/01/2025
FACT01846,C01,17/03/2025
FACT07855,C10,08/10/2025
FACT02535,C08,23/04/2025
FACT09337,C10,12/12/2025
FACT08822,C09,27/11/2025
FACT05459,C03,12/07/2025
FACT01673,C07,09/03/2025
FACT09708,C03,14/12/2025
FACT02679,C04,03/04/2025
FACT07004,C04,15/09/2025
FACT09320,C09,21/12/2025
FACT06502,C08,22/08/2025
FACT06955,C06,25/09/2025
FACT00042,C07,18/01/2025
FACT09693,C03,27/12/2025
FACT04615,C09,21/06/2025
FACT08569,C09,04/11/2025
FACT07782,C02,18/10/2025
FACT07604,C02,18/10/2025
FACT05977,C02,25/08/2025
FACT06128,C08,10/08/2025
FACT07449,C04,21/09/2025
FACT06621,C05,27/08/2025
FACT07385,C06,15/09/2025
FACT07148,C10,09/09/2025
FACT01078,C07,19/02/2025
FACT00777,C10,01/01/2025
FACT07038,C08,09/09/2025
FACT06049,C01,05/08/2025
FACT09365,C07,29/12/2025
FACT06642,C07,14/08/2025
FACT04166,C08,08/05/2025
FACT04127,C04,27/05/2025
FACT03817,C08,29/05/2025
FACT01843,C07,04/03/2025
FACT06609,C06,28/08/2025
FACT06640,C06,17/08/2025
FACT07924,C10,15/10/2025
FACT00353,C02,08/01/2025
FACT03807,C08,10/05/2025
FACT06746,C04,06/09/2025
FACT06372,C07,11/08/2025
FACT09127,C06,02/11/2025
FACT09549,C03,21/12/2025
FACT00853,C05,26/02/2025
FACT07593,C07,17/10/2025
FACT08006,C03,01/10/2025
FACT04315,C02,20/06/2025
FACT06476,C09,04/08/2025
FACT03417,C08,22/05/2025
FACT07496,C07,25/09/2025
FACT03324,C07,13/04/2025
FACT01021,C06,04/02/2025
FACT07720,C06,06/10/2025
FACT00566,C08,18/01/2025
FACT02806,C07,30/04/2025
FACT08089,C06,02/10/2025
FACT01826,C02,08/03/2025
FACT06202,C01,29/08/2025
FACT07105,C06,16/09/2025
FACT02007,C06,30/03/2025
FACT00415,C09,07/01/2025
FACT07986,C07,03/10/2025
FACT08874,C08,14/11/2025
FACT01904,C02,24/03/2025
FACT02422,C07,22/03/2025
FACT00486,C09,28/01/2025
FACT00029,C01,25/01/2025
FACT02398,C03,06/03/2025
FACT05121,C10,12/07/2025
FACT00569,C07,26/01/2025
FACT02960,C06,28/04/2025
FACT02694,C05,13/04/2025
FACT00323,C08,05/01/2025
FACT05819,C10,11/07/2025
FACT03678,C01,27/05/2025
FACT03754,C04,16/05/2025
FACT09938,C09,14/12/2025
FACT09585,C04,25/12/2025
FACT04409,C10,26/06/2025
FACT02243,C09,31/03/2025
FACT08666,C07,06/11/2025
FACT09489,C09,27/12/2025
FACT09334,C04,01/12/2025
FACT07434,C01,19/09/2025
FACT00079,C09,28/01/2025
FACT01759,C10,28/03/2025
FACT05530,C06,13/07/2025
FACT04915,C05,06/06/2025
FACT00981,C10,06/02/2025
FACT00164,C01,13/01/2025
FACT05813,C09,04/07/2025
FACT06943,C08,30/09/2025
FACT06773,C10,12/09/2025
FACT03610,C09,27/05/2025
FACT07247,C10,13/09/2025
FACT09713,C10,17/12/2025
FACT02301,C10,09/03/2025
FACT09431,C04,23/12/2025
FACT07845,C06,27/10/2025
FACT07873,C03,27/10/2025
FACT07479,C06,29/09/2025
FACT07884,C07,28/10/2025
FACT08080,C05,14/10/2025
FACT09112,C07,12/11/2025
FACT00563,C03,11/01/2025
FACT09811,C07,20/12/2025
FACT05733,C03,23/07/2025
FACT02288,C08,31/03/2025
FACT07367,C02,02/09/2025
FACT00650,C07,04/01/2025
FACT01430,C10,24/02/2025
FACT05442,C02,01/07/2025
FACT06914,C04,17/09/2025
FACT04957,C02,06/06/2025
FACT04572,C02,28/06/2025
FACT01925,C01,12/03/2025
FACT05602,C07,13/07/2025
FACT03502,C04,18/05/2025
FACT03806,C04,20/05/2025
FACT04528,C01,19/06/2025
FACT06480,C03,04/08/2025
FACT08830,C08,25/11/2025
FACT00636,C05,02/01/2025
FACT03667,C06,28/05/2025
FACT03169,C05,10/04/2025
FACT02137,C05,20/03/2025
FACT05705,C08,13/07/2025
FACT07920,C05,07/10/2025
FACT01823,C05,24/03/2025
FACT07212,C02,30/09/2025
FACT02789,C05,19/04/2025
FACT08537,C09,19/11/2025
FACT04095,C03,26/05/2025
FACT05390,C09,25/07/2025
FACT02401,C05,18/03/2025
FACT02814,C09,11/04/2025
FACT03748,C01,11/05/2025
FACT01583,C08,09/02/2025
FACT06725,C04,14/09/2025
FACT02505,C08,06/04/2025
FACT08207,C05,05/10/2025
FACT01259,C07,04/02/2025
FACT09812,C02,06/12/2025
FACT07003,C04,06/09/2025
FACT09919,C03,06/12/2025
FACT09771,C08,18/12/2025
FACT08617,C05,18/11/2025
FACT00252,C07,02/01/2025
FACT02547,C06,04/04/2025
FACT05715,C01,27/07/2025
FACT00955,C06,25/02/2025
FACT09430,C07,17/12/2025
FACT08290,C07,30/10/2025
FACT08931,C03,08/11/2025
FACT02074,C06,06/03/2025
FACT07790,C08,02/10/2025
FACT07815,C01,21/10/2025
FACT07802,C01,14/10/2025
FACT04806,C08,04/06/2025
FACT02901,C07,03/04/2025
FACT08903,C02,24/11/2025
FACT00658,C08,14/01/2025
FACT00350,C04,11/01/2025
FACT02046,C01,27/03/2025
FACT02414,C08,19/03/2025
FACT04739,C10,03/06/2025
FACT05444,C05,07/07/2025
FACT00984,C05,21/02/2025
FACT07523,C08,30/10/2025
FACT01540,C08,27/02/2025
FACT08393,C07,13/11/2025
FACT00344,C01,07/01/2025
FACT01705,C04,14/03/2025
FACT00575,C10,18/01/2025
FACT05065,C02,09/07/2025
FACT03100,C02,20/04/2025
FACT01371,C09,08/02/2025
FACT09804,C07,22/12/2025
FACT04078,C04,25/05/2025
FACT03381,C02,03/05/2025
FACT04561,C04,30/06/2025
FACT09637,C09,08/12/2025
FACT01596,C09,03/02/2025
FACT07854,C09,21/10/2025
FACT09786,C03,06/12/2025
FACT08235,C06,06/10/2025
FACT01493,C07,26/02/2025
FACT01735,C06,06/03/2025
FACT01222,C08,25/02/2025
FACT05804,C02,11/07/2025
FACT07187,C06,30/09/2025
FACT01069,C03,01/02/2025
FACT02761,C05,04/04/2025
FACT06772,C08,15/09/2025
FACT08046,C03,09/10/2025
FACT05219,C02,30/07/2025
FACT01686,C09,20/03/2025
FACT00398,C07,04/01/2025
FACT03359,C07,11/04/2025
FACT09721,C02,15/12/2025
FACT00576,C03,11/01/2025
FACT09852,C05,04/12/2025
FACT00531,C03,30/01/2025
FACT03938,C08,14/05/2025
FACT00038,C08,07/01/2025
FACT01657,C10,15/02/2025
FACT07041,C07,26/09/2025
FACT05383,C02,22/07/2025
FACT06079,C07,01/08/2025
FACT03290,C05,10/04/2025
FACT05641,C02,01/07/2025
FACT07166,C06,06/09/2025
FACT02445,C03,08/03/2025
FACT01022,C02,06/02/2025
FACT08793,C01,10/11/2025
FACT08031,C02,01/10/2025
FACT02449,C04,10/03/2025
FACT02582,C07,05/04/2025
FACT02336,C06,10/03/2025
FACT02777,C08,10/04/2025
FACT09122,C08,17/11/2025
FACT02114,C05,03/03/2025
FACT07493,C04,28/09/2025
FACT05264,C09,12/07/2025
FACT06419,C03,06/08/2025
FACT03056,C10,07/04/2025
FACT08960,C05,23/11/2025
FACT06302,C06,23/08/2025
FACT03371,C07,11/05/2025
FACT07922,C01,23/10/2025
FACT04462,C05,28/06/2025
FACT03447,C04,08/05/2025
FACT02344,C03,14/03/2025
FACT06407,C09,27/08/2025
FACT07605,C03,09/10/2025
FACT08053,C05,19/10/2025
FACT03710,C10,15/05/2025
FACT03240,C05,22/04/2025
FACT06246,C01,14/08/2025
FACT03081,C07,18/04/2025
FACT01561,C02,19/02/2025
FACT05291,C01,17/07/2025
FACT04473,C07,15/06/2025
FACT05112,C10,24/07/2025
FACT09084,C10,03/11/2025
FACT08384,C02,21/11/2025
FACT02721,C05,03/04/2025
FACT00887,C08,01/02/2025
FACT04912,C09,16/06/2025
FACT05719,C09,16/07/2025
FACT07456,C04,12/09/2025
FACT00712,C05,14/01/2025
FACT06464,C01,23/08/2025
FACT04326,C10,19/06/2025
FACT00255,C02,17/01/2025
FACT04690,C09,17/06/2025
FACT00719,C07,24/01/2025
FACT01132,C07,16/02/2025
FACT06169,C06,04/08/2025
FACT01857,C01,25/03/2025
FACT08189,C05,13/10/2025
FACT05801,C06,29/07/2025
FACT05582,C08,02/07/2025
FACT09794,C03,22/12/2025
FACT06235,C03,30/08/2025
FACT03046,C04,27/04/2025
FACT02256,C01,01/03/2025
FACT08088,C02,28/10/2025
FACT05130,C10,10/07/2025
FACT03034,C08,17/04/2025
FACT09878,C09,17/12/2025
FACT04275,C07,23/06/2025
FACT02594,C04,16/04/2025
FACT03835,C04,25/05/2025
FACT04350,C06,09/06/2025
FACT03402,C04,05/05/2025
FACT09673,C01,22/12/2025
FACT07846,C06,09/10/2025
FACT08984,C08,24/11/2025
FACT06980,C02,11/09/2025
FACT03044,C03,06/04/2025
FACT06043,C07,30/08/2025
FACT04728,C02,14/06/2025
FACT00921,C03,02/02/2025
FACT05990,C06,11/08/2025
FACT07250,C05,18/09/2025
FACT03741,C04,25/05/2025
FACT07412,C04,04/09/2025
FACT05369,C01,28/07/2025
FACT03824,C07,31/05/2025
FACT01209,C09,27/02/2025
FACT03280,C09,14/04/2025
FACT07133,C03,06/09/2025
FACT05092,C01,20/07/2025
FACT03201,C08,04/04/2025
FACT06441,C08,19/08/2025
FACT07788,C10,13/10/2025
FACT01923,C10,13/03/2025
FACT02205,C02,20/03/2025
FACT03468,C09,11/05/2025
FACT03757,C06,17/05/2025
FACT04492,C08,03/06/2025
FACT07414,C09,18/09/2025
FACT06652,C10,02/08/2025
FACT08840,C07,29/11/2025
FACT03065,C04,15/04/2025
FACT08246,C01,05/10/2025
FACT04650,C02,12/06/2025
FACT06090,C04,16/08/2025
FACT00997,C08,11/02/2025
FACT05561,C06,27/07/2025
FACT06377,C04,17/08/2025
FACT08050,C09,15/10/2025
FACT06069,C08,04/08/2025
FACT02228,C07,28/03/2025
FACT09506,C02,20/12/2025
FACT06971,C02,23/09/2025
FACT06459,C09,01/08/2025
FACT00124,C10,04/01/2025
FACT06580,C06,24/08/2025
FACT01194,C01,04/02/2025
FACT00944,C02,09/02/2025
FACT02443,C09,01/03/2025
FACT00136,C06,28/01/2025
FACT03052,C06,15/04/2025
FACT05399,C05,20/07/2025
FACT00783,C08,28/01/2025
FACT00597,C05,10/01/2025
FACT07447,C09,07/09/2025
FACT03281,C07,09/04/2025
FACT01353,C02,02/02/2025
FACT02393,C09,16/03/2025
FACT00822,C01,08/01/2025
FACT07138,C04,17/09/2025
FACT03438,C05,05/05/2025
FACT00986,C07,16/02/2025
FACT04947,C06,30/06/2025
FACT00165,C09,14/01/2025
FACT08066,C08,13/10/2025
FACT08383,C04,02/11/2025
FACT03569,C03,08/05/2025
FACT04304,C06,19/06/2025
FACT06707,C05,13/09/2025
FACT08505,C10,23/11/2025
FACT06918,C08,13/09/2025
FACT03566,C08,08/05/2025
FACT01651,C09,03/02/2025
FACT06813,C08,28/09/2025
FACT08011,C02,05/10/2025
FACT05951,C09,13/08/2025
FACT03174,C10,23/04/2025
FACT03665,C06,28/05/2025
FACT05690,C02,27/07/2025
FACT04258,C03,13/06/2025
FACT07648,C01,26/10/2025
FACT02803,C01,01/04/2025
FACT00963,C03,19/02/2025
FACT00039,C03,11/01/2025
FACT01294,C05,11/02/2025
FACT00839,C08,06/02/2025
FACT08350,C09,20/11/2025
FACT07543,C10,27/10/2025
FACT02417,C02,01/03/2025
FACT09322,C06,22/12/2025
FACT06577,C10,04/08/2025
FACT07939,C07,25/10/2025
FACT07865,C06,26/10/2025
FACT04546,C02,02/06/2025
FACT06130,C09,11/08/2025
FACT03865,C10,06/05/2025
FACT08702,C01,10/11/2025
FACT00840,C07,21/02/2025
FACT07975,C04,22/10/2025
FACT02437,C07,17/03/2025
FACT08705,C04,26/11/2025
FACT09582,C10,01/12/2025
FACT04116,C02,04/05/2025
FACT03661,C02,25/05/2025
FACT01169,C09,20/02/2025
FACT09024,C02,16/11/2025
FACT00172,C07,29/01/2025
FACT00421,C01,23/01/2025
FACT08502,C07,07/11/2025
FACT09803,C01,28/12/2025
FACT07875,C08,08/10/2025
FACT06129,C05,12/08/2025
FACT00104,C08,31/01/2025
FACT07983,C09,20/10/2025
FACT02109,C03,12/03/2025
FACT05879,C07,05/08/2025
FACT03637,C06,20/05/2025
FACT04057,C01,11/05/2025
FACT01608,C08,18/02/2025
FACT00638,C08,17/01/2025
FACT07519,C03,16/10/2025
FACT06487,C05,02/08/2025
FACT06355,C01,01/08/2025
FACT02024,C06,21/03/2025
FACT05107,C05,09/07/2025
FACT02458,C03,01/03/2025
FACT07197,C09,24/09/2025
FACT09646,C09,18/12/2025
FACT01364,C04,03/02/2025
FACT04565,C05,29/06/2025
FACT03340,C10,05/04/2025
FACT07024,C08,20/09/2025
FACT05363,C02,21/07/2025
FACT03786,C06,21/05/2025
FACT01573,C01,23/02/2025
FACT07798,C03,08/10/2025
FACT03339,C07,13/04/2025
FACT04902,C01,21/06/2025
FACT07806,C07,22/10/2025
FACT02251,C01,11/03/2025
FACT03189,C07,23/04/2025
FACT03912,C01,08/05/2025
FACT01693,C05,28/03/2025
FACT01494,C05,22/02/2025
FACT09178,C03,26/12/2025
FACT08800,C08,28/11/2025
FACT05885,C04,04/08/2025
FACT02431,C08,18/03/2025
FACT01877,C02,08/03/2025
FACT02456,C10,10/03/2025
FACT09900,C09,26/12/2025
FACT06424,C10,13/08/2025
FACT09244,C07,08/12/2025
FACT09946,C10,27/12/2025
FACT03546,C06,25/05/2025
FACT03825,C05,29/05/2025
FACT06869,C04,13/09/2025
FACT06961,C01,27/09/2025
FACT05692,C02,23/07/2025
FACT02409,C10,23/03/2025
FACT04402,C01,30/06/2025
FACT00073,C04,15/01/2025
FACT05911,C04,27/08/2025
FACT01630,C10,02/02/2025
FACT05927,C07,04/08/2025
FACT08016,C08,24/10/2025
FACT01507,C04,16/02/2025
FACT02047,C10,27/03/2025
FACT05077,C01,13/07/2025
FACT03842,C05,17/05/2025
FACT02060,C02,11/03/2025
FACT09807,C05,15/12/2025
FACT02980,C06,17/04/2025
FACT01036,C07,27/02/2025
FACT08262,C10,23/10/2025
FACT05326,C04,30/07/2025
FACT09032,C10,13/11/2025
FACT07780,C10,25/10/2025
FACT01461,C01,08/02/2025
FACT09718,C07,27/12/2025
FACT02742,C03,14/04/2025
FACT02603,C04,16/04/2025
FACT05051,C03,13/07/2025
FACT08825,C05,02/11/2025
FACT09890,C04,18/12/2025
FACT03294,C03,28/04/2025
FACT00302,C07,11/01/2025
FACT03688,C08,28/05/2025
FACT01606,C08,26/02/2025
FACT04223,C01,28/06/2025
FACT01903,C02,01/03/2025
FACT03186,C05,27/04/2025
FACT09047,C09,26/11/2025
FACT00358,C03,20/01/2025
FACT01993,C09,23/03/2025
FACT07664,C09,20/10/2025
FACT06759,C08,08/09/2025
FACT09653,C03,08/12/2025
FACT02976,C10,13/04/2025
FACT05661,C06,03/07/2025
FACT09298,C02,18/12/2025
FACT05709,C04,12/07/2025
FACT05132,C03,21/07/2025
FACT05515,C03,25/07/2025
FACT05306,C10,05/07/2025
FACT00178,C08,14/01/2025
FACT05554,C09,09/07/2025
FACT02169,C09,26/03/2025
FACT02791,C03,21/04/2025
FACT04061,C07,11/05/2025
FACT09282,C10,24/12/2025
FACT01029,C01,13/02/2025
FACT07751,C02,02/10/2025
FACT06099,C09,24/08/2025
FACT00854,C01,03/02/2025
FACT02206,C03,26/03/2025
FACT02666,C10,30/04/2025
FACT08801,C01,06/11/2025
FACT01531,C08,03/02/2025
FACT04219,C08,05/06/2025
FACT00050,C07,26/01/2025
FACT02267,C01,01/03/2025
FACT02882,C10,06/04/2025
FACT01273,C10,24/02/2025
FACT09176,C10,26/12/2025
FACT02560,C02,30/04/2025
FACT02117,C09,10/03/2025
FACT04758,C08,05/06/2025
FACT09897,C07,02/12/2025
FACT01268,C03,24/02/2025
FACT00297,C10,07/01/2025
FACT00895,C09,28/02/2025
FACT05213,C06,16/07/2025
FACT06193,C05,02/08/2025
FACT07536,C09,14/10/2025
FACT03591,C04,15/05/2025
FACT08640,C06,24/11/2025
FACT01682,C05,04/03/2025
FACT00363,C02,30/01/2025
FACT01161,C06,16/02/2025
FACT00218,C02,29/01/2025
FACT07311,C07,06/09/2025
FACT04246,C07,28/06/2025
FACT09820,C02,27/12/2025
FACT08846,C02,10/11/2025
FACT03216,C06,26/04/2025
FACT05453,C05,23/07/2025
FACT03550,C06,12/05/2025
FACT04189,C01,02/06/2025
FACT02201,C08,29/03/2025
FACT02709,C10,11/04/2025
FACT00786,C10,30/01/2025
FACT05263,C09,25/07/2025
FACT05727,C04,02/07/2025
FACT05307,C09,28/07/2025
FACT04384,C01,01/06/2025
FACT08568,C04,23/11/2025
FACT08509,C01,10/11/2025
FACT05664,C08,08/07/2025
FACT01172,C05,16/02/2025
FACT02486,C07,18/03/2025
FACT05493,C02,14/07/2025
FACT02227,C08,04/03/2025
FACT05833,C09,20/07/2025
FACT06681,C03,04/08/2025
FACT01456,C09,08/02/2025
FACT05754,C09,15/07/2025
FACT04112,C04,09/05/2025
FACT09515,C01,27/12/2025
FACT01119,C08,04/02/2025
FACT02101,C08,23/03/2025
FACT05286,C05,04/07/2025
FACT01911,C05,20/03/2025
FACT05822,C02,29/07/2025
FACT01176,C05,19/02/2025
FACT04747,C10,10/06/2025
FACT01096,C05,20/02/2025
FACT07754,C01,27/10/2025
FACT06527,C03,09/08/2025
FACT05553,C08,07/07/2025
FACT01755,C05,29/03/2025
FACT08805,C03,21/11/2025
FACT07189,C06,28/09/2025
FACT05011,C08,19/06/2025
FACT07029,C02,09/09/2025
FACT04734,C06,11/06/2025
FACT05060,C01,12/07/2025
FACT03261,C10,15/04/2025
FACT01658,C06,10/02/2025
FACT02065,C01,23/03/2025
FACT02676,C09,29/04/2025
FACT01891,C10,21/03/2025
FACT01455,C02,28/02/2025
FACT05255,C07,30/07/2025
FACT03134,C05,01/04/2025
FACT05831,C07,05/07/2025
FACT01109,C02,05/02/2025
FACT08680,C04,10/11/2025
FACT03818,C07,30/05/2025
FACT06472,C10,23/08/2025
FACT06083,C09,08/08/2025
FACT09702,C08,06/12/2025
FACT08344,C02,04/11/2025
FACT07292,C06,21/09/2025
FACT08546,C05,16/11/2025
FACT01814,C09,10/03/2025
FACT03723,C05,14/05/2025
FACT00444,C06,28/01/2025
FACT08651,C04,11/11/2025
FACT06700,C06,16/09/2025
FACT08759,C05,15/11/2025
FACT05836,C09,06/07/2025
FACT05892,C04,15/08/2025
FACT06030,C07,28/08/2025
FACT02397,C10,28/03/2025
FACT06454,C01,19/08/2025
FACT04159,C07,23/05/2025
FACT06282,C02,13/08/2025
FACT00361,C02,01/01/2025
FACT07973,C02,24/10/2025
FACT08901,C07,02/11/2025
FACT04098,C10,16/05/2025
FACT08704,C02,25/11/2025
FACT09798,C08,26/12/2025
FACT05974,C05,21/08/2025
FACT09901,C04,01/12/2025
FACT07144,C06,29/09/2025
FACT04043,C10,31/05/2025
FACT02382,C03,03/03/2025
FACT04909,C05,14/06/2025
FACT00619,C02,18/01/2025
FACT07356,C08,19/09/2025
FACT09981,C03,07/12/2025
FACT04726,C04,02/06/2025
FACT04879,C10,15/06/2025
FACT07715,C10,16/10/2025
FACT04185,C10,28/05/2025
FACT07818,C05,29/10/2025
FACT04160,C07,20/05/2025
FACT01991,C02,13/03/2025
FACT07046,C10,03/09/2025
FACT03287,C08,13/04/2025
FACT07850,C03,14/10/2025
FACT04733,C10,14/06/2025
FACT01359,C07,28/02/2025
FACT00732,C09,21/01/2025
FACT07789,C02,11/10/2025
FACT01156,C04,25/02/2025
FACT02116,C10,23/03/2025
FACT01362,C09,23/02/2025
FACT01665,C06,24/02/2025
FACT07098,C10,01/09/2025
FACT09561,C06,23/12/2025
FACT07880,C07,06/10/2025
FACT07392,C01,18/09/2025
FACT01256,C06,04/02/2025
FACT00545,C01,28/01/2025
FACT03344,C07,22/04/2025
FACT08481,C03,01/11/2025
FACT05474,C07,14/07/2025
FACT00678,C10,27/01/2025
FACT01351,C08,01/02/2025
FACT01337,C08,23/02/2025
FACT04255,C09,25/06/2025
FACT09198,C07,09/12/2025
FACT02080,C03,13/03/2025
FACT02309,C10,08/03/2025
FACT08674,C05,15/11/2025
FACT06329,C06,10/08/2025
FACT02364,C06,12/03/2025
FACT01114,C02,13/02/2025
FACT05300,C09,11/07/2025
FACT00040,C03,25/01/2025
FACT08991,C06,12/11/2025
FACT04119,C08,16/05/2025
FACT07955,C04,30/10/2025
FACT04282,C09,14/06/2025
FACT02093,C09,23/03/2025
FACT06300,C07,01/08/2025
FACT01257,C08,19/02/2025
FACT03682,C04,09/05/2025
FACT02770,C10,09/04/2025
FACT08530,C09,19/11/2025
FACT06929,C06,30/09/2025
FACT03373,C05,12/05/2025
FACT06134,C08,08/08/2025
FACT08784,C03,13/11/2025
FACT00752,C08,23/01/2025
FACT08950,C08,08/11/2025
FACT04203,C03,05/06/2025
FACT00017,C06,14/01/2025
FACT02786,C01,05/04/2025
FACT00191,C07,22/01/2025
FACT02778,C06,19/04/2025
FACT09939,C06,23/12/2025
FACT06698,C02,26/09/2025
FACT07527,C06,20/10/2025
FACT04425,C06,15/06/2025
FACT03815,C05,11/05/2025
FACT06449,C08,09/08/2025
FACT08562,C01,03/11/2025
FACT05914,C09,17/08/2025
FACT09520,C04,30/12/2025
FACT00898,C04,12/02/2025
FACT01475,C01,20/02/2025
FACT01809,C04,11/03/2025
FACT01178,C09,08/02/2025
FACT09395,C08,21/12/2025
FACT00916,C09,15/02/2025
FACT06151,C05,03/08/2025
FACT01447,C02,28/02/2025
FACT06976,C03,08/09/2025
FACT01234,C09,05/02/2025
FACT05195,C01,28/07/2025
FACT08558,C08,05/11/2025
FACT08908,C04,04/11/2025
FACT01446,C09,19/02/2025
FACT07967,C10,29/10/2025
FACT07065,C01,04/09/2025
FACT09641,C10,27/12/2025
FACT09800,C04,15/12/2025
FACT00770,C10,08/01/2025
FACT08243,C01,29/10/2025
FACT05631,C07,06/07/2025
FACT07223,C08,28/09/2025
FACT06781,C01,28/09/2025
FACT09249,C05,21/12/2025
FACT05572,C09,07/07/2025
FACT02286,C10,03/03/2025
FACT09359,C10,28/12/2025
FACT09248,C04,16/12/2025
FACT00661,C01,04/01/2025
FACT08146,C07,11/10/2025
FACT03153,C03,12/04/2025
FACT05769,C01,23/07/2025
FACT01638,C06,24/02/2025
FACT00663,C03,21/01/2025
FACT00384,C04,10/01/2025
FACT06768,C08,04/09/2025
FACT00816,C06,30/01/2025
FACT05231,C05,03/07/2025
FACT05923,C05,01/08/2025
FACT03505,C04,21/05/2025
FACT05133,C02,30/07/2025
FACT06825,C06,15/09/2025
FACT01284,C03,11/02/2025
FACT00555,C03,26/01/2025
FACT03976,C01,09/05/2025
FACT01432,C10,06/02/2025
FACT07825,C04,14/10/2025
FACT03104,C05,01/04/2025
FACT07180,C04,30/09/2025
FACT08284,C02,02/10/2025
FACT07898,C10,13/10/2025
FACT03740,C03,08/05/2025
FACT01863,C07,27/03/2025
FACT05647,C06,29/07/2025
FACT06972,C01,01/09/2025
FACT09423,C10,05/12/2025
FACT08566,C01,09/11/2025
FACT04101,C09,31/05/2025
FACT04623,C10,13/06/2025
FACT04737,C02,15/06/2025
FACT03549,C07,11/05/2025
FACT07796,C09,08/10/2025
FACT08028,C03,21/10/2025
FACT06378,C10,17/08/2025
FACT05689,C10,01/07/2025
FACT06381,C06,09/08/2025
FACT03622,C04,12/05/2025
FACT05510,C09,27/07/2025
FACT09419,C06,06/12/2025
FACT07669,C06,02/10/2025
FACT02370,C02,03/03/2025
FACT03228,C06,04/04/2025
FACT03529,C06,16/05/2025
FACT07654,C05,18/10/2025
FACT08094,C03,05/10/2025
FACT08900,C01,09/11/2025
FACT07515,C02,04/10/2025
FACT04696,C05,27/06/2025
FACT07339,C10,09/09/2025
FACT00370,C09,04/01/2025
FACT08625,C01,10/11/2025
FACT04042,C08,02/05/2025
FACT00557,C06,25/01/2025
FACT00381,C09,15/01/2025
FACT00820,C03,11/01/2025
FACT03064,C04,23/04/2025
FACT05706,C10,08/07/2025
FACT01974,C04,03/03/2025
FACT00023,C09,14/01/2025
FACT03578,C08,11/05/2025
FACT07823,C08,13/10/2025
FACT07139,C06,15/09/2025
FACT03993,C01,27/05/2025
FACT09631,C02,09/12/2025
FACT06649,C05,17/08/2025
FACT00542,C06,03/01/2025
FACT07974,C10,24/10/2025
FACT00722,C08,07/01/2025
FACT06281,C08,14/08/2025
FACT08880,C09,04/11/2025
FACT05446,C06,28/07/2025
FACT06849,C07,25/09/2025
FACT04484,C06,02/06/2025
FACT09802,C03,17/12/2025
FACT05630,C06,31/07/2025
FACT04483,C02,13/06/2025
FACT02719,C03,29/04/2025
FACT07221,C08,11/09/2025
FACT01577,C04,10/02/2025
FACT06839,C01,24/09/2025
FACT03845,C02,12/05/2025
FACT07025,C10,21/09/2025
FACT08527,C01,25/11/2025
FACT00376,C08,05/01/2025
FACT07576,C03,16/10/2025
FACT06113,C05,08/08/2025
FACT02387,C02,28/03/2025
FACT09732,C05,26/12/2025
FACT01384,C01,07/02/2025
FACT07813,C04,22/10/2025
FACT09524,C08,05/12/2025
FACT01619,C06,19/02/2025
FACT05176,C10,16/07/2025
FACT07202,C05,17/09/2025
FACT01955,C09,02/03/2025
FACT08695,C06,22/11/2025
FACT01190,C07,07/02/2025
FACT05249,C02,15/07/2025
FACT01844,C06,16/03/2025
FACT04047,C05,10/05/2025
FACT06029,C07,17/08/2025
FACT03116,C09,22/04/2025
FACT02875,C07,14/04/2025
FACT07508,C01,25/10/2025
FACT03945,C09,21/05/2025
FACT08733,C05,26/11/2025
FACT01404,C09,15/02/2025
FACT06156,C02,19/08/2025
FACT04971,C04,11/06/2025
FACT02600,C06,06/04/2025
FACT00120,C03,04/01/2025
FACT04566,C04,28/06/2025
FACT06238,C08,30/08/2025
FACT05771,C02,30/07/2025
FACT06408,C03,31/08/2025
FACT04869,C07,04/06/2025
FACT09215,C01,11/12/2025
FACT03262,C02,14/04/2025
FACT05417,C02,22/07/2025
FACT07251,C02,18/09/2025
FACT08644,C06,23/11/2025
FACT04403,C07,27/06/2025
FACT00305,C01,28/01/2025
FACT06500,C02,02/08/2025
FACT02647,C06,15/04/2025
FACT08812,C07,20/11/2025
FACT06291,C03,18/08/2025
FACT01348,C10,21/02/2025
FACT02287,C06,30/03/2025
FACT01001,C01,09/02/2025
FACT01345,C06,20/02/2025
FACT03285,C03,01/04/2025
FACT04205,C01,23/06/2025
FACT00765,C08,31/01/2025
FACT07599,C07,29/10/2025
FACT04170,C03,22/05/2025
FACT01219,C02,01/02/2025
FACT09283,C10,03/12/2025
FACT03931,C08,03/05/2025
FACT04724,C03,18/06/2025
FACT08403,C03,02/11/2025
FACT08064,C04,16/10/2025
FACT09409,C06,25/12/2025
FACT01849,C03,16/03/2025
FACT03999,C05,18/05/2025
FACT03584,C01,09/05/2025
FACT03953,C07,21/05/2025
FACT07097,C01,16/09/2025
FACT03580,C03,02/05/2025
FACT02252,C10,23/03/2025
FACT04494,C02,12/06/2025
FACT09028,C02,26/11/2025
FACT02571,C09,22/04/2025
FACT09951,C10,01/12/2025
FACT02189,C03,25/03/2025
FACT01816,C08,06/03/2025
FACT09000,C04,02/11/2025
FACT05741,C09,14/07/2025
FACT00447,C03,15/01/2025
FACT04028,C08,06/05/2025
FACT03883,C09,27/05/2025
FACT06373,C07,25/08/2025
FACT05189,C05,10/07/2025
FACT06385,C01,14/08/2025
FACT06093,C01,29/08/2025
FACT05479,C02,27/07/2025
FACT02367,C09,23/03/2025
FACT01004,C03,15/02/2025
FACT00760,C06,22/01/2025
FACT09560,C02,01/12/2025
FACT03659,C10,07/05/2025
FACT01049,C05,17/02/2025
FACT00458,C06,29/01/2025
FACT03375,C07,04/05/2025
FACT01888,C04,06/03/2025
FACT07531,C05,31/10/2025
FACT01050,C08,19/02/2025
FACT08160,C08,18/10/2025
FACT09837,C05,06/12/2025
FACT09934,C05,23/12/2025
FACT02673,C01,24/04/2025
FACT07319,C03,16/09/2025
FACT02657,C06,09/04/2025
FACT06945,C02,08/09/2025
FACT00225,C02,31/01/2025
FACT09474,C09,26/12/2025
FACT09877,C10,26/12/2025
FACT08726,C01,16/11/2025
FACT02491,C03,22/03/2025
FACT00093,C10,21/01/2025
FACT06736,C06,06/09/2025
FACT00671,C01,14/01/2025
FACT00795,C10,25/01/2025
FACT07398,C04,26/09/2025
FACT06194,C07,16/08/2025
FACT09660,C02,16/12/2025
FACT00409,C05,30/01/2025
FACT03871,C01,30/05/2025
FACT07143,C03,24/09/2025
FACT00754,C03,31/01/2025
FACT09459,C06,26/12/2025
FACT06936,C07,11/09/2025
FACT08958,C04,20/11/2025
FACT02617,C06,29/04/2025
FACT07056,C08,10/09/2025
FACT02151,C02,13/03/2025
FACT06727,C08,28/09/2025
FACT02218,C03,06/03/2025
FACT09328,C04,21/12/2025
FACT06547,C06,08/08/2025
FACT04986,C07,22/06/2025
FACT02084,C09,15/03/2025
FACT07883,C02,16/10/2025
FACT00069,C05,07/01/2025
FACT07513,C02,05/10/2025
FACT01695,C03,01/03/2025
FACT05634,C02,12/07/2025
FACT00485,C01,09/01/2025
FACT05250,C03,23/07/2025
FACT01214,C05,14/02/2025
FACT09749,C04,02/12/2025
FACT06999,C02,27/09/2025
FACT02802,C01,26/04/2025
FACT04126,C10,24/05/2025
FACT03249,C09,07/04/2025
FACT08601,C04,30/11/2025
FACT00635,C08,11/01/2025
FACT06396,C08,14/08/2025
FACT03531,C04,18/05/2025
FACT06292,C01,04/08/2025
FACT04828,C07,08/06/2025
FACT05816,C09,23/07/2025
FACT07626,C05,27/10/2025
FACT00868,C09,09/02/2025
FACT00214,C04,24/01/2025
FACT07867,C08,28/10/2025
FACT02338,C09,12/03/2025
FACT07431,C03,27/09/2025
FACT04103,C01,18/05/2025
FACT04873,C06,26/06/2025
FACT06926,C08,18/09/2025
FACT04822,C09,02/06/2025
FACT05792,C09,23/07/2025
FACT08244,C02,26/10/2025
FACT02313,C08,10/03/2025
FACT05407,C08,21/07/2025
FACT05767,C10,26/07/2025
FACT00162,C10,11/01/2025
FACT08004,C10,17/10/2025
FACT00889,C05,20/02/2025
FACT05501,C05,12/07/2025
FACT08685,C10,13/11/2025
FACT09911,C04,30/12/2025
FACT03181,C03,01/04/2025
FACT01715,C08,28/03/2025
FACT05320,C01,30/07/2025
FACT00499,C04,06/01/2025
FACT03085,C07,26/04/2025
FACT02608,C06,02/04/2025
FACT04016,C08,20/05/2025
FACT05115,C05,06/07/2025
FACT04006,C04,04/05/2025
FACT07936,C04,07/10/2025
FACT01970,C10,28/03/2025
FACT03866,C02,18/05/2025
FACT07474,C07,18/09/2025
FACT06145,C05,19/08/2025
FACT06159,C08,07/08/2025
FACT08428,C08,13/11/2025
FACT09281,C02,17/12/2025
FACT05009,C10,17/06/2025
FACT02477,C03,12/03/2025
FACT02841,C04,08/04/2025
FACT07690,C10,21/10/2025
FACT09154,C06,22/12/2025
FACT05922,C08,07/08/2025
FACT09374,C10,07/12/2025
FACT02956,C07,03/04/2025
FACT04288,C07,03/06/2025
FACT04695,C04,02/06/2025
FACT08425,C02,12/11/2025
FACT00498,C06,01/01/2025
FACT07021,C02,13/09/2025
FACT01785,C02,05/03/2025
FACT00446,C06,25/01/2025
FACT02671,C04,22/04/2025
FACT01875,C10,07/03/2025
FACT00098,C08,27/01/2025
FACT00310,C05,04/01/2025
FACT09156,C03,10/12/2025
FACT05531,C08,31/07/2025
FACT08899,C08,09/11/2025
FACT01034,C05,09/02/2025
FACT02736,C05,10/04/2025
FACT09883,C01,03/12/2025
FACT07597,C01,08/10/2025
FACT04149,C08,26/05/2025
FACT07411,C07,10/09/2025
FACT04949,C08,09/06/2025
FACT07793,C02,18/10/2025
FACT08553,C08,21/11/2025
FACT02584,C03,16/04/2025
FACT07252,C04,12/09/2025
FACT06122,C10,04/08/2025
FACT08547,C10,09/11/2025
FACT01777,C03,11/03/2025
FACT07399,C07,08/09/2025
FACT07243,C03,13/09/2025
FACT07125,C04,09/09/2025
FACT06744,C03,11/09/2025
FACT05946,C02,16/08/2025
FACT07497,C05,01/09/2025
FACT05350,C04,29/07/2025
FACT05190,C06,05/07/2025
FACT08828,C03,20/11/2025
FACT06484,C09,16/08/2025
FACT08039,C02,21/10/2025
FACT03197,C02,30/04/2025
FACT08730,C06,19/11/2025
FACT04964,C03,15/06/2025
FACT03539,C04,28/05/2025
FACT07415,C01,05/09/2025
FACT06679,C03,17/08/2025
FACT01289,C07,22/02/2025
FACT09977,C09,05/12/2025
FACT09722,C06,15/12/2025
FACT02280,C07,12/03/2025
FACT06001,C05,09/08/2025
FACT07783,C02,30/10/2025
FACT03400,C02,17/05/2025
FACT07465,C07,13/09/2025
FACT05368,C09,29/07/2025
FACT08472,C01,11/11/2025
FACT09149,C08,27/11/2025
FACT07687,C05,29/10/2025
FACT03391,C01,13/05/2025
FACT03369,C08,03/05/2025
FACT04318,C10,28/06/2025
FACT02173,C09,23/03/2025
FACT00442,C06,21/01/2025
FACT08241,C09,26/10/2025
FACT02539,C04,30/04/2025
FACT00996,C02,07/02/2025
FACT06153,C05,13/08/2025
FACT09086,C05,19/11/2025
FACT04405,C02,16/06/2025
FACT01988,C03,02/03/2025
FACT01627,C03,06/02/2025
FACT01938,C07,21/03/2025
FACT04193,C09,18/06/2025
FACT09341,C09,26/12/2025
FACT01201,C08,11/02/2025
FACT03311,C08,14/04/2025
FACT00966,C01,19/02/2025
FACT01101,C06,14/02/2025
FACT03850,C10,14/05/2025
FACT02567,C10,10/04/2025
FACT00690,C10,23/01/2025
FACT08643,C06,23/11/2025
FACT01527,C02,16/02/2025
FACT08435,C06,05/11/2025
FACT00317,C02,14/01/2025
FACT07472,C05,03/09/2025
FACT06960,C08,19/09/2025
FACT06204,C03,06/08/2025
FACT08550,C06,28/11/2025
FACT00027,C04,01/01/2025
FACT02278,C05,30/03/2025
FACT02734,C03,19/04/2025
FACT03147,C03,29/04/2025
FACT04990,C10,12/06/2025
FACT07110,C06,26/09/2025
FACT02185,C04,17/03/2025
FACT04652,C02,23/06/2025
FACT04262,C04,08/06/2025
FACT05952,C07,03/08/2025
FACT06632,C01,02/08/2025
FACT06625,C07,16/08/2025
FACT02350,C02,30/03/2025
FACT02847,C08,12/04/2025
FACT01449,C04,23/02/2025
FACT02927,C10,21/04/2025
FACT04883,C04,04/06/2025
FACT08177,C08,20/10/2025
FACT03028,C06,04/04/2025
FACT09685,C07,10/12/2025
FACT03959,C06,24/05/2025
FACT08488,C10,28/11/2025
FACT02876,C04,19/04/2025
FACT01387,C02,27/02/2025
FACT09171,C08,01/12/2025
FACT04603,C08,27/06/2025
FACT04812,C10,05/06/2025
FACT04843,C02,20/06/2025
FACT07520,C02,25/10/2025
FACT07135,C09,29/09/2025
FACT09554,C05,12/12/2025
FACT00562,C01,20/01/2025
FACT06582,C03,07/08/2025
FACT02042,C04,05/03/2025
FACT04692,C03,07/06/2025
FACT04568,C08,17/06/2025
FACT07154,C06,08/09/2025
FACT05671,C03,21/07/2025
FACT02820,C08,22/04/2025
FACT00474,C10,17/01/2025
FACT09003,C10,17/11/2025
FACT03648,C07,08/05/2025
FACT05962,C08,25/08/2025
FACT07595,C06,14/10/2025
FACT08044,C05,16/10/2025
FACT05544,C01,13/07/2025
FACT01405,C04,16/02/2025
FACT02139,C07,15/03/2025
FACT05751,C02,12/07/2025
FACT08298,C02,31/10/2025
FACT07377,C06,21/09/2025
FACT09309,C06,21/12/2025
FACT02896,C06,06/04/2025
FACT07276,C02,23/09/2025
FACT09789,C03,07/12/2025
FACT09808,C04,27/12/2025
FACT08998,C02,12/11/2025
FACT07369,C09,30/09/2025
FACT06817,C02,24/09/2025
FACT08944,C08,24/11/2025
FACT01409,C07,28/02/2025
FACT03481,C04,11/05/2025
FACT04894,C04,21/06/2025
FACT08727,C07,11/11/2025
FACT06583,C03,06/08/2025
FACT08632,C06,28/11/2025
FACT04725,C07,20/06/2025
FACT04088,C06,14/05/2025
FACT02572,C08,20/04/2025
FACT06519,C07,04/08/2025
FACT00801,C05,16/01/2025
FACT05462,C09,31/07/2025
FACT03351,C08,18/04/2025
FACT04790,C06,17/06/2025
FACT00443,C06,12/01/2025
FACT06702,C06,29/09/2025
FACT06973,C07,03/09/2025
FACT02143,C09,18/03/2025
FACT02061,C04,16/03/2025
FACT05452,C03,14/07/2025
FACT05738,C09,05/07/2025
FACT07096,C06,08/09/2025
FACT01077,C03,13/02/2025
FACT07735,C07,05/10/2025
FACT07281,C07,29/09/2025
FACT09114,C06,25/11/2025
FACT06071,C01,05/08/2025
FACT06623,C05,22/08/2025
FACT01906,C05,22/03/2025
FACT06958,C10,07/09/2025
FACT02994,C09,19/04/2025
FACT02922,C01,20/04/2025
FACT07417,C07,06/09/2025
FACT07635,C07,07/10/2025
FACT08744,C07,04/11/2025
FACT09440,C09,26/12/2025
FACT08125,C08,10/10/2025
FACT02182,C10,26/03/2025
FACT03418,C03,22/05/2025
FACT09647,C03,03/12/2025
FACT05428,C02,03/07/2025
FACT01247,C06,27/02/2025
FACT05028,C01,17/07/2025
FACT06218,C09,12/08/2025
FACT05067,C07,02/07/2025
FACT05194,C09,21/07/2025
FACT00866,C05,08/02/2025
FACT01871,C03,17/03/2025
FACT01716,C04,12/03/2025
FACT00539,C06,05/01/2025
FACT00010,C01,14/01/2025
FACT01962,C05,08/03/2025
FACT07265,C10,17/09/2025
FACT06124,C06,31/08/2025
FACT03033,C10,13/04/2025
FACT01969,C07,02/03/2025
FACT06739,C02,01/09/2025
FACT09054,C08,28/11/2025
FACT09684,C06,12/12/2025
FACT08791,C07,28/11/2025
FACT08204,C09,30/10/2025
FACT00985,C05,28/02/2025
FACT03513,C02,30/05/2025
FACT04342,C10,15/06/2025
FACT01757,C02,21/03/2025
FACT01981,C06,23/03/2025
FACT03890,C10,29/05/2025
FACT05091,C09,10/07/2025
FACT04730,C07,09/06/2025
FACT06713,C06,13/09/2025
FACT01800,C09,08/03/2025
FACT07087,C05,15/09/2025
FACT04197,C09,26/06/2025
FACT06635,C08,17/08/2025
FACT03166,C02,26/04/2025
FACT07117,C08,29/09/2025
FACT02860,C07,11/04/2025
FACT09129,C07,13/11/2025
FACT09614,C02,06/12/2025
FACT08698,C10,04/11/2025
FACT04868,C07,06/06/2025
FACT07824,C02,22/10/2025
FACT06206,C01,11/08/2025
FACT07935,C07,09/10/2025
FACT02177,C06,05/03/2025
FACT00708,C09,18/01/2025
FACT04826,C10,26/06/2025
FACT02757,C02,10/04/2025
FACT08148,C07,15/10/2025
FACT08728,C02,02/11/2025
FACT04289,C03,03/06/2025
FACT02199,C05,27/03/2025
FACT03547,C08,20/05/2025
FACT01410,C03,27/02/2025
FACT00097,C04,10/01/2025
FACT09516,C03,27/12/2025
FACT00281,C03,08/01/2025
FACT04071,C02,29/05/2025
FACT07498,C01,05/09/2025
FACT03831,C08,23/05/2025
FACT02716,C10,02/04/2025
FACT05095,C02,06/07/2025
FACT03424,C09,01/05/2025
FACT05737,C05,21/07/2025
FACT05657,C09,03/07/2025
FACT05588,C06,26/07/2025
FACT06047,C05,31/08/2025
FACT01009,C06,11/02/2025
FACT07397,C07,26/09/2025
FACT04264,C10,07/06/2025
FACT02729,C03,28/04/2025
FACT00490,C05,29/01/2025
FACT04065,C06,01/05/2025
FACT02610,C09,09/04/2025
FACT00481,C04,02/01/2025
FACT01649,C08,09/02/2025
FACT00210,C10,17/01/2025
FACT05882,C08,20/08/2025
FACT03562,C01,31/05/2025
FACT05274,C07,13/07/2025
FACT08305,C04,15/10/2025
FACT09482,C08,31/12/2025
FACT04200,C01,07/06/2025
FACT04767,C04,28/06/2025
FACT05549,C07,23/07/2025
FACT03702,C05,09/05/2025
FACT03617,C10,13/05/2025
FACT03146,C03,04/04/2025
FACT06374,C01,12/08/2025
FACT03465,C07,26/05/2025
FACT04018,C06,07/05/2025
FACT02784,C04,29/04/2025
FACT02334,C03,31/03/2025
FACT09776,C04,14/12/2025
FACT05929,C08,11/08/2025
FACT01054,C07,24/02/2025
FACT09690,C05,01/12/2025
FACT02663,C10,28/04/2025
FACT01676,C03,16/03/2025
FACT01025,C03,06/02/2025
FACT05780,C08,14/07/2025
FACT06600,C02,01/08/2025
FACT01543,C07,20/02/2025
FACT07584,C10,01/10/2025
FACT09921,C04,17/12/2025
FACT06340,C03,18/08/2025
FACT04048,C01,06/05/2025
FACT01740,C06,07/03/2025
FACT07701,C03,17/10/2025
FACT09384,C07,30/12/2025
FACT01453,C05,26/02/2025
FACT00920,C06,06/02/2025
FACT08891,C05,28/11/2025
FACT02464,C07,20/03/2025
FACT05910,C10,28/08/2025
FACT00259,C10,28/01/2025
FACT04537,C09,16/06/2025
FACT07603,C06,10/10/2025
FACT06985,C02,07/09/2025
FACT04285,C02,24/06/2025
FACT01375,C06,07/02/2025
FACT08038,C05,02/10/2025
FACT06811,C08,01/09/2025
FACT03765,C08,15/05/2025
FACT08964,C09,24/11/2025
FACT03924,C03,13/05/2025
FACT09932,C09,04/12/2025
FACT08988,C03,20/11/2025
FACT09468,C06,07/12/2025
FACT06714,C06,26/09/2025
FACT00701,C10,29/01/2025
FACT04665,C04,12/06/2025
FACT09177,C03,11/12/2025
FACT08075,C08,13/10/2025
FACT00660,C08,29/01/2025
FACT09698,C03,20/12/2025
FACT05835,C10,24/07/2025
FACT02920,C08,26/04/2025
FACT08388,C04,13/11/2025
FACT06696,C09,13/09/2025
FACT00577,C08,03/01/2025
FACT07988,C07,19/10/2025
FACT01352,C07,11/02/2025
FACT04329,C10,18/06/2025
FACT06617,C08,20/08/2025
FACT00245,C08,27/01/2025
FACT07316,C09,08/09/2025
FACT02230,C02,11/03/2025
FACT03515,C10,18/05/2025
FACT06460,C08,24/08/2025
FACT00520,C01,02/01/2025
FACT03453,C01,17/05/2025
FACT08841,C04,23/11/2025
FACT07363,C01,02/09/2025
FACT04487,C04,09/06/2025
FACT07514,C07,28/10/2025
FACT08371,C06,07/11/2025
FACT00518,C01,05/01/2025
FACT08735,C08,30/11/2025
FACT00021,C09,16/01/2025
FACT09733,C09,22/12/2025
FACT01562,C08,05/02/2025
FACT08217,C06,06/10/2025
FACT06201,C05,17/08/2025
FACT00697,C05,03/01/2025
FACT01088,C03,04/02/2025
FACT04204,C03,26/06/2025
FACT04354,C01,07/06/2025
FACT04509,C07,23/06/2025
FACT03395,C09,06/05/2025
FACT09926,C08,12/12/2025
FACT03037,C04,01/04/2025
FACT09125,C09,22/11/2025
FACT03089,C06,23/04/2025
FACT01283,C06,12/02/2025
FACT08665,C10,12/11/2025
FACT07442,C02,28/09/2025
FACT02039,C02,21/03/2025
FACT01035,C02,26/02/2025
FACT04573,C10,18/06/2025
FACT07490,C02,29/09/2025
FACT05099,C09,23/07/2025
FACT09221,C03,02/12/2025
FACT07827,C10,28/10/2025
FACT03750,C01,30/05/2025
FACT08410,C06,02/11/2025
FACT06749,C07,13/09/2025
FACT01356,C02,03/02/2025
FACT01932,C08,16/03/2025
FACT06362,C02,06/08/2025
FACT05505,C08,01/07/2025
FACT03504,C01,22/05/2025
FACT08754,C07,28/11/2025
FACT07729,C02,15/10/2025
FACT06828,C07,16/09/2025
FACT09644,C04,22/12/2025
FACT01614,C06,16/02/2025
FACT01327,C09,09/02/2025
FACT03819,C07,15/05/2025
FACT09697,C08,26/12/2025
FACT04066,C03,10/05/2025
FACT09068,C06,19/11/2025
FACT00372,C06,20/01/2025
FACT00391,C10,30/01/2025
FACT00685,C03,18/01/2025
FACT03031,C06,15/04/2025
FACT01713,C01,04/03/2025
FACT09823,C10,15/12/2025
FACT01240,C02,17/02/2025
FACT09473,C04,20/12/2025
FACT05624,C08,29/07/2025
FACT08912,C10,17/11/2025
FACT08934,C04,07/11/2025
FACT01574,C10,03/02/2025
FACT09816,C10,07/12/2025
FACT06969,C07,02/09/2025
FACT00805,C04,30/01/2025
FACT06108,C05,28/08/2025
FACT09764,C03,16/12/2025
FACT05425,C10,08/07/2025
FACT07048,C08,05/09/2025
FACT01450,C10,15/02/2025
FACT07176,C02,21/09/2025
FACT04294,C09,22/06/2025
FACT08668,C02,17/11/2025
FACT06866,C05,30/09/2025
FACT03345,C04,27/04/2025
FACT08955,C01,12/11/2025
FACT09161,C09,16/12/2025
FACT07421,C08,28/09/2025
FACT08349,C09,06/11/2025
FACT06968,C07,25/09/2025
FACT09379,C01,11/12/2025
FACT05576,C07,16/07/2025
FACT00449,C01,31/01/2025
FACT08772,C01,20/11/2025
FACT09015,C06,19/11/2025
FACT04518,C04,25/06/2025
FACT05969,C06,03/08/2025
FACT07075,C01,06/09/2025
FACT02268,C09,21/03/2025
FACT03243,C10,25/04/2025
FACT08032,C02,23/10/2025
FACT07006,C07,22/09/2025
FACT01957,C07,23/03/2025
FACT00493,C02,10/01/2025
FACT05815,C10,15/07/2025
FACT04517,C09,19/06/2025
FACT06456,C07,27/08/2025
FACT01811,C07,16/03/2025
FACT04010,C05,19/05/2025
FACT01782,C05,25/03/2025
FACT07612,C03,22/10/2025
FACT00509,C07,22/01/2025
FACT08014,C09,01/10/2025
FACT02295,C05,28/03/2025
FACT08833,C10,16/11/2025
FACT02296,C07,13/03/2025
FACT00227,C09,06/01/2025
FACT04401,C05,04/06/2025
FACT08477,C02,29/11/2025
FACT01130,C06,15/02/2025
FACT07314,C05,15/09/2025
FACT02983,C01,24/04/2025
FACT00236,C01,10/01/2025
FACT01864,C08,26/03/2025
FACT00825,C08,17/01/2025
FACT01699,C09,02/03/2025
FACT09983,C09,28/12/2025
FACT05036,C01,09/07/2025
FACT00156,C08,05/01/2025
FACT00828,C04,31/01/2025
FACT09439,C09,11/12/2025
FACT02418,C02,13/03/2025
FACT01778,C05,07/03/2025
FACT02119,C04,08/03/2025
FACT04870,C03,26/06/2025
FACT05633,C09,02/07/2025
FACT03538,C02,07/05/2025
FACT09434,C04,01/12/2025
FACT07622,C05,09/10/2025
FACT08048,C07,22/10/2025
FACT08320,C04,04/10/2025
FACT00869,C02,21/02/2025
FACT09124,C08,11/11/2025
FACT08367,C06,12/11/2025
FACT01331,C02,09/02/2025
FACT06776,C04,03/09/2025
FACT03242,C03,25/04/2025
FACT00141,C02,11/01/2025
FACT00402,C04,10/01/2025
FACT05079,C06,27/07/2025
FACT08896,C03,30/11/2025
FACT02954,C08,06/04/2025
FACT04380,C08,18/06/2025
FACT03542,C05,16/05/2025
FACT04041,C04,22/05/2025
FACT01920,C05,06/03/2025
FACT05366,C03,09/07/2025
FACT01870,C06,04/03/2025
FACT03343,C06,15/04/2025
FACT03421,C06,11/05/2025
FACT06741,C02,11/09/2025
FACT04523,C10,20/06/2025
FACT09175,C07,21/12/2025
FACT08057,C09,24/10/2025
FACT09151,C10,25/12/2025
FACT02027,C05,20/03/2025
FACT06342,C04,28/08/2025
FACT00823,C03,01/01/2025
FACT04231,C03,23/06/2025
FACT09224,C05,18/12/2025
FACT07620,C03,09/10/2025
FACT07611,C06,01/10/2025
FACT03910,C06,14/05/2025
FACT06003,C08,15/08/2025
FACT04467,C09,08/06/2025
FACT01552,C02,06/02/2025
FACT07101,C09,06/09/2025
FACT06180,C03,06/08/2025
FACT02654,C06,25/04/2025
FACT01472,C02,03/02/2025
FACT03760,C02,08/05/2025
FACT08198,C01,10/10/2025
FACT03226,C09,16/04/2025
FACT02246,C07,23/03/2025
FACT04575,C05,09/06/2025
FACT06036,C07,25/08/2025
FACT06479,C01,11/08/2025
FACT09763,C02,24/12/2025
FACT00629,C03,08/01/2025
FACT07847,C06,18/10/2025
FACT04592,C02,23/06/2025
FACT00962,C08,12/02/2025
FACT09703,C04,21/12/2025
FACT02601,C10,19/04/2025
FACT06647,C06,27/08/2025
FACT05216,C04,24/07/2025
FACT06317,C08,03/08/2025
FACT01553,C08,15/02/2025
FACT01292,C10,15/02/2025
FACT05691,C08,29/07/2025
FACT05024,C01,29/07/2025
FACT02427,C10,28/03/2025
FACT02614,C07,09/04/2025
FACT05123,C04,12/07/2025
FACT06959,C01,22/09/2025
FACT09961,C09,10/12/2025
FACT06687,C10,22/08/2025
FACT09318,C09,20/12/2025
FACT02788,C08,16/04/2025
FACT07930,C05,29/10/2025
FACT06528,C01,08/08/2025
FACT00515,C03,25/01/2025
FACT00077,C01,07/01/2025
FACT03096,C06,30/04/2025
FACT08299,C05,01/10/2025
FACT09655,C04,04/12/2025
FACT06297,C01,03/08/2025
FACT05716,C01,01/07/2025
FACT08376,C05,22/11/2025
FACT01480,C10,16/02/2025
FACT02457,C01,24/03/2025
FACT00215,C08,10/01/2025
FACT04958,C01,05/06/2025
FACT09737,C02,06/12/2025
FACT06251,C09,06/08/2025
FACT05597,C10,24/07/2025
FACT04129,C04,04/05/2025
FACT09321,C10,14/12/2025
FACT09785,C09,27/12/2025
FACT07957,C05,05/10/2025
FACT09094,C08,26/11/2025
FACT06516,C10,10/08/2025
FACT00074,C10,18/01/2025
FACT01014,C08,26/02/2025
FACT01586,C03,02/02/2025
FACT03641,C10,29/05/2025
FACT08579,C06,16/11/2025
FACT07897,C08,07/10/2025
FACT02136,C06,27/03/2025
FACT04630,C06,04/06/2025
FACT09967,C03,02/12/2025
FACT01771,C10,31/03/2025
FACT06944,C10,25/09/2025
FACT04954,C05,26/06/2025
FACT08059,C08,31/10/2025
FACT00830,C06,18/02/2025
FACT09052,C09,28/11/2025
FACT03705,C02,08/05/2025
FACT02785,C06,06/04/2025
FACT08261,C07,03/10/2025
FACT06437,C01,12/08/2025
FACT02508,C01,27/04/2025
FACT06721,C08,06/09/2025
FACT04620,C09,10/06/2025
FACT09163,C07,07/12/2025
FACT02455,C08,12/03/2025
FACT08302,C09,02/10/2025
FACT08023,C04,17/10/2025
FACT09308,C08,09/12/2025
FACT09076,C02,07/11/2025
FACT03852,C05,05/05/2025
FACT09539,C02,31/12/2025
FACT09619,C04,21/12/2025
FACT04036,C04,24/05/2025
FACT04356,C05,19/06/2025
FACT06682,C05,14/08/2025
FACT09526,C01,02/12/2025
FACT00550,C10,02/01/2025
FACT09065,C02,24/11/2025
FACT09288,C03,09/12/2025
FACT03003,C03,27/04/2025
FACT07058,C06,05/09/2025
FACT04455,C07,01/06/2025
FACT03316,C04,18/04/2025
FACT06658,C05,09/08/2025
FACT04333,C07,18/06/2025
FACT05529,C01,29/07/2025
FACT01788,C01,03/03/2025
FACT01436,C02,09/02/2025
FACT08771,C01,23/11/2025
FACT09858,C07,03/12/2025
FACT07288,C07,26/09/2025
FACT07284,C10,19/09/2025
FACT02935,C01,10/04/2025
FACT03357,C07,07/04/2025
FACT02425,C05,16/03/2025
FACT00116,C10,07/01/2025
FACT07278,C07,10/09/2025
FACT08266,C03,25/10/2025
FACT00177,C01,30/01/2025
FACT07548,C09,05/10/2025
FACT05867,C02,10/08/2025
FACT07872,C04,22/10/2025
FACT00394,C04,10/01/2025
FACT07346,C07,02/09/2025
FACT09067,C05,23/11/2025
FACT05840,C05,24/08/2025
FACT09846,C09,29/12/2025
FACT06413,C05,23/08/2025
FACT07891,C06,26/10/2025
FACT04367,C07,04/06/2025
FACT04344,C01,12/06/2025
FACT08821,C07,02/11/2025
FACT08007,C08,10/10/2025
FACT03367,C09,08/05/2025
FACT05284,C10,17/07/2025
FACT02376,C10,02/03/2025
FACT08673,C03,26/11/2025
FACT03011,C09,16/04/2025
FACT01308,C01,20/02/2025
FACT08782,C06,19/11/2025
FACT06691,C08,23/09/2025
FACT03961,C06,13/05/2025
FACT02642,C07,19/04/2025
FACT03647,C03,03/05/2025
FACT00959,C09,09/02/2025
FACT07994,C06,19/10/2025
FACT07623,C09,16/10/2025
FACT02467,C09,15/03/2025
FACT00405,C02,17/01/2025
FACT01270,C07,19/02/2025
FACT01979,C02,08/03/2025
FACT06788,C08,08/09/2025
FACT08881,C08,22/11/2025
FACT06569,C10,10/08/2025
FACT00213,C07,06/01/2025
FACT03318,C10,09/04/2025
FACT01276,C02,10/02/2025
FACT02366,C09,15/03/2025
FACT03609,C10,20/05/2025
FACT06152,C04,28/08/2025
FACT00859,C01,16/02/2025
FACT06881,C03,04/09/2025
FACT05768,C01,30/07/2025
FACT07391,C09,12/09/2025
FACT02270,C07,01/03/2025
FACT02428,C07,29/03/2025
FACT04291,C04,23/06/2025
FACT06899,C06,07/09/2025
FACT04541,C08,20/06/2025
FACT01386,C06,23/02/2025
FACT03441,C10,24/05/2025
FACT03469,C10,17/05/2025
FACT04252,C06,03/06/2025
FACT05897,C03,24/08/2025
FACT03414,C04,14/05/2025
FACT00336,C02,16/01/2025
FACT08788,C08,15/11/2025
FACT04353,C05,24/06/2025
FACT03753,C04,02/05/2025
FACT00841,C02,07/02/2025
FACT05436,C04,27/07/2025
FACT03524,C10,10/05/2025
FACT06930,C01,26/09/2025
FACT05039,C08,29/07/2025
FACT07554,C05,14/10/2025
FACT09349,C01,06/12/2025
FACT09663,C06,29/12/2025
FACT08092,C04,10/10/2025
FACT01570,C04,24/02/2025
FACT04302,C09,08/06/2025
FACT09759,C08,15/12/2025
FACT08760,C01,30/11/2025
FACT03267,C04,15/04/2025
FACT08902,C04,29/11/2025
FACT04897,C08,03/06/2025
FACT01479,C01,16/02/2025
FACT09256,C09,30/12/2025
FACT04090,C10,08/05/2025
FACT00559,C09,07/01/2025
FACT06767,C05,14/09/2025
FACT06613,C01,23/08/2025
FACT01473,C03,28/02/2025
FACT08271,C05,31/10/2025
FACT02530,C08,15/04/2025
FACT09952,C09,21/12/2025
FACT05798,C05,03/07/2025
FACT00226,C08,25/01/2025
FACT09452,C07,25/12/2025
FACT02082,C04,06/03/2025
FACT03730,C09,18/05/2025
FACT04445,C02,01/06/2025
FACT07196,C04,06/09/2025
FACT01720,C06,04/03/2025
FACT07470,C06,21/09/2025
FACT03389,C01,22/05/2025
FACT05207,C06,13/07/2025
FACT05873,C03,08/08/2025
FACT04932,C06,06/06/2025
FACT03856,C02,17/05/2025
FACT02754,C08,05/04/2025
FACT06552,C06,02/08/2025
FACT06260,C06,11/08/2025
FACT06400,C02,10/08/2025
FACT07601,C02,24/10/2025
FACT03278,C01,11/04/2025
FACT06273,C02,22/08/2025
FACT09531,C08,03/12/2025
FACT06401,C08,03/08/2025
FACT00613,C09,28/01/2025
FACT03541,C06,21/05/2025
FACT08161,C02,15/10/2025
FACT06178,C05,21/08/2025
FACT05043,C08,04/07/2025
FACT02804,C01,16/04/2025
FACT06543,C09,12/08/2025
FACT01320,C09,28/02/2025
FACT05103,C06,19/07/2025
FACT02903,C01,22/04/2025
FACT00307,C07,21/01/2025
FACT04239,C07,14/06/2025
FACT06540,C07,27/08/2025
FACT09742,C09,16/12/2025
FACT08888,C06,24/11/2025
FACT02002,C10,26/03/2025
FACT03715,C08,29/05/2025
FACT01037,C09,28/02/2025
FACT02774,C06,25/04/2025
FACT08493,C04,26/11/2025
FACT00169,C01,28/01/2025
FACT05151,C02,26/07/2025
FACT04266,C09,01/06/2025
FACT02544,C05,05/04/2025
FACT03720,C07,30/05/2025
FACT05450,C03,22/07/2025
FACT02693,C07,03/04/2025
FACT04952,C04,02/06/2025
FACT01419,C03,25/02/2025
FACT08264,C02,28/10/2025
FACT09923,C09,07/12/2025
FACT09904,C02,02/12/2025
FACT02919,C04,01/04/2025
FACT00173,C06,08/01/2025
FACT06360,C06,22/08/2025
FACT02316,C06,24/03/2025
FACT01242,C02,26/02/2025
FACT09736,C10,04/12/2025
FACT04085,C04,17/05/2025
FACT01374,C03,11/02/2025
FACT03528,C09,27/05/2025
FACT09664,C06,25/12/2025
FACT02518,C09,23/04/2025
FACT08667,C05,25/11/2025
FACT04765,C02,29/06/2025
FACT09010,C09,02/11/2025
FACT08342,C06,07/11/2025
FACT00931,C09,25/02/2025
FACT04236,C02,06/06/2025
FACT08210,C03,18/10/2025
FACT08465,C10,30/11/2025
FACT05470,C09,12/07/2025
FACT02667,C10,06/04/2025
FACT02688,C02,07/04/2025
FACT02358,C02,27/03/2025
FACT01000,C04,18/02/2025
FACT04058,C10,03/05/2025
FACT06501,C04,08/08/2025
FACT05777,C03,13/07/2025
FACT08957,C04,21/11/2025
FACT06832,C08,23/09/2025
FACT02963,C07,22/04/2025
FACT05432,C03,24/07/2025
FACT01313,C10,26/02/2025
FACT00058,C07,03/01/2025
FACT06075,C07,14/08/2025
FACT01189,C10,10/02/2025
FACT05525,C10,22/07/2025
FACT06830,C08,26/09/2025
FACT01644,C04,21/02/2025
FACT09267,C05,28/12/2025
FACT05351,C07,24/07/2025
FACT09677,C06,25/12/2025
FACT02277,C10,02/03/2025
FACT08327,C05,19/10/2025
FACT09437,C07,04/12/2025
FACT05313,C06,09/07/2025
FACT08758,C05,27/11/2025
FACT06446,C02,25/08/2025
FACT04714,C05,19/06/2025
FACT04905,C08,07/06/2025
FACT03990,C08,14/05/2025
FACT09699,C08,07/12/2025
FACT09649,C08,19/12/2025
FACT02795,C07,28/04/2025
FACT02408,C07,16/03/2025
FACT07062,C01,29/09/2025
FACT08487,C10,15/11/2025
FACT03208,C09,28/04/2025
FACT05986,C07,24/08/2025
FACT09206,C10,26/12/2025
FACT07896,C08,31/10/2025
FACT01389,C01,04/02/2025
FACT02836,C10,10/04/2025
FACT07797,C04,10/10/2025
FACT07208,C01,28/09/2025
FACT04959,C03,19/06/2025
FACT06868,C03,26/09/2025
FACT05070,C06,10/07/2025
FACT01898,C06,02/03/2025
FACT05778,C03,18/07/2025
FACT07544,C02,26/10/2025
FACT03559,C07,22/05/2025
FACT00465,C07,05/01/2025
FACT06197,C05,29/08/2025
FACT04840,C08,02/06/2025
FACT01607,C04,07/02/2025
FACT06048,C05,29/08/2025
FACT04163,C05,26/05/2025
FACT02292,C02,11/03/2025
FACT09862,C09,31/12/2025
FACT06526,C10,19/08/2025
FACT04100,C05,03/05/2025
FACT01442,C04,13/02/2025
FACT06900,C08,05/09/2025
FACT07358,C03,23/09/2025
FACT03669,C03,25/05/2025
FACT08946,C07,15/11/2025
FACT06798,C05,02/09/2025
FACT09376,C05,28/12/2025
FACT02103,C04,02/03/2025
FACT07829,C06,10/10/2025
FACT01310,C08,07/02/2025
FACT01799,C09,27/03/2025
FACT08945,C04,13/11/2025
FACT06453,C10,04/08/2025
FACT06718,C05,25/09/2025
FACT07386,C06,01/09/2025
FACT04936,C04,25/06/2025
FACT02686,C09,14/04/2025
FACT08528,C03,17/11/2025
FACT04996,C09,20/06/2025
FACT01624,C09,27/02/2025
FACT03984,C08,10/05/2025
FACT05710,C10,16/07/2025
FACT02326,C03,16/03/2025
FACT06506,C05,13/08/2025
FACT02029,C10,23/03/2025
FACT03327,C09,14/04/2025
FACT09132,C03,08/11/2025
FACT07008,C05,04/09/2025
FACT00190,C07,06/01/2025
FACT07045,C02,09/09/2025
FACT06058,C01,04/08/2025
FACT02842,C03,23/04/2025
FACT01481,C06,13/02/2025
FACT06870,C03,02/09/2025
FACT09683,C07,22/12/2025
FACT07013,C08,02/09/2025
FACT01120,C09,16/02/2025
FACT01533,C08,20/02/2025
FACT02826,C04,29/04/2025
FACT06364,C06,26/08/2025
FACT00725,C09,15/01/2025
FACT02071,C01,05/03/2025
FACT03137,C07,19/04/2025
FACT06503,C10,14/08/2025
FACT05698,C06,24/07/2025
FACT05742,C03,22/07/2025
FACT06919,C02,09/09/2025
FACT08158,C04,22/10/2025
FACT00304,C09,04/01/2025
FACT06591,C04,02/08/2025
FACT05029,C09,29/07/2025
FACT00435,C05,21/01/2025
FACT08193,C06,06/10/2025
FACT09078,C07,30/11/2025
FACT08026,C07,06/10/2025
FACT07835,C06,27/10/2025
FACT05565,C08,18/07/2025
FACT09833,C01,16/12/2025
FACT06112,C02,06/08/2025
FACT00420,C04,18/01/2025
FACT05013,C04,26/06/2025
FACT05810,C10,10/07/2025
FACT06007,C03,06/08/2025
FACT03115,C01,24/04/2025
FACT03331,C01,19/04/2025
FACT08543,C02,03/11/2025
FACT02848,C01,17/04/2025
FACT05480,C01,17/07/2025
FACT02579,C06,23/04/2025
FACT03315,C05,12/04/2025
FACT04014,C08,28/05/2025
FACT03629,C10,04/05/2025
FACT05280,C06,13/07/2025
FACT00568,C04,30/01/2025
FACT05080,C01,11/07/2025
FACT01761,C06,21/03/2025
FACT08689,C02,22/11/2025
FACT01697,C08,12/03/2025
FACT08275,C03,23/10/2025
FACT05992,C06,27/08/2025
FACT04775,C03,08/06/2025
FACT00504,C08,04/01/2025
FACT03299,C05,03/04/2025
FACT02263,C05,25/03/2025
FACT02869,C05,19/04/2025
FACT00154,C08,06/01/2025
FACT06087,C10,20/08/2025
FACT00437,C09,25/01/2025
FACT04260,C01,29/06/2025
FACT06320,C08,29/08/2025
FACT01098,C07,21/02/2025
FACT07485,C03,23/09/2025
FACT06584,C03,25/08/2025
FACT01073,C02,01/02/2025
FACT01810,C09,10/03/2025
FACT06589,C03,17/08/2025
FACT02017,C09,06/03/2025
FACT08391,C01,30/11/2025
FACT05461,C05,31/07/2025
FACT06567,C07,15/08/2025
FACT04756,C03,10/06/2025
FACT02752,C08,09/04/2025
FACT02753,C02,07/04/2025
FACT06745,C07,24/09/2025
FACT04969,C01,12/06/2025
FACT06391,C04,11/08/2025
FACT09716,C06,06/12/2025
FACT07429,C02,06/09/2025
FACT09573,C08,08/12/2025
FACT03535,C02,17/05/2025
FACT01301,C06,06/02/2025
FACT03666,C08,28/05/2025
FACT09113,C09,13/11/2025
FACT01834,C03,02/03/2025
FACT04074,C06,12/05/2025
FACT04148,C01,12/05/2025
FACT08914,C08,28/11/2025
FACT05573,C06,10/07/2025
FACT01585,C10,04/02/2025
FACT05625,C10,06/07/2025
FACT03626,C08,20/05/2025
FACT03683,C01,26/05/2025
FACT08234,C06,17/10/2025
FACT09263,C07,13/12/2025
FACT09968,C03,12/12/2025
FACT04463,C02,13/06/2025
FACT00912,C07,08/02/2025
FACT02055,C05,30/03/2025
FACT05162,C08,12/07/2025
FACT05704,C08,09/07/2025
FACT09110,C04,30/11/2025
FACT00892,C08,16/02/2025
FACT00462,C05,12/01/2025
FACT08638,C08,20/11/2025
FACT05037,C09,22/07/2025
FACT01595,C07,23/02/2025
FACT07304,C08,10/09/2025
FACT09157,C08,03/12/2025
FACT04511,C02,12/06/2025
FACT09633,C10,25/12/2025
FACT03779,C10,06/05/2025
FACT00834,C08,09/02/2025
FACT02423,C08,17/03/2025
FACT04542,C01,21/06/2025
FACT01983,C07,20/03/2025
FACT02021,C02,24/03/2025
FACT00832,C01,15/02/2025
FACT00648,C07,26/01/2025
FACT06724,C10,02/09/2025
FACT06863,C09,13/09/2025
FACT03618,C07,06/05/2025
FACT04034,C02,02/05/2025
FACT00815,C10,07/01/2025
FACT08040,C05,04/10/2025
FACT05668,C03,26/07/2025
FACT00533,C07,04/01/2025
FACT08718,C09,27/11/2025
FACT06395,C03,28/08/2025
FACT02819,C08,24/04/2025
FACT05334,C09,28/07/2025
FACT01502,C02,20/02/2025
FACT03691,C10,07/05/2025
FACT03482,C07,18/05/2025
FACT07303,C01,06/09/2025
FACT02032,C09,08/03/2025
FACT06743,C04,22/09/2025
FACT08911,C09,14/11/2025
FACT08513,C04,24/11/2025
FACT07273,C09,14/09/2025
FACT06748,C02,14/09/2025
FACT02683,C06,15/04/2025
FACT00643,C10,24/01/2025
FACT07244,C05,15/09/2025
FACT06612,C01,25/08/2025
FACT04548,C09,02/06/2025
FACT01171,C09,24/02/2025
FACT01282,C07,04/02/2025
FACT01605,C09,24/02/2025
FACT01521,C05,16/02/2025
FACT01880,C10,09/03/2025
FACT06167,C02,09/08/2025
FACT07615,C05,24/10/2025
FACT09753,C05,21/12/2025
FACT05164,C06,29/07/2025
FACT03608,C04,10/05/2025
FACT03220,C05,24/04/2025
FACT07668,C01,05/10/2025
FACT09692,C07,21/12/2025
FACT00288,C08,20/01/2025
FACT08162,C05,10/10/2025
FACT05866,C03,08/08/2025
FACT06604,C09,22/08/2025
FACT09059,C07,14/11/2025
FACT04682,C03,20/06/2025
FACT02913,C08,25/04/2025
FACT05846,C10,15/08/2025
FACT05310,C09,13/07/2025
FACT07722,C09,03/10/2025
FACT00819,C10,17/01/2025
FACT09681,C06,04/12/2025
FACT08149,C09,02/10/2025
FACT00180,C02,02/01/2025
FACT03787,C06,31/05/2025
FACT05943,C08,13/08/2025
FACT00390,C01,12/01/2025
FACT02245,C03,20/03/2025
FACT06843,C02,04/09/2025
FACT03605,C04,29/05/2025
FACT07037,C06,11/09/2025
FACT00524,C03,14/01/2025
FACT01872,C06,05/03/2025
FACT00030,C07,30/01/2025
FACT07211,C07,10/09/2025
FACT03923,C02,30/05/2025
FACT01954,C01,27/03/2025
FACT05053,C08,06/07/2025
FACT01067,C04,26/02/2025
FACT06626,C03,17/08/2025
FACT01425,C09,12/02/2025
FACT02979,C08,26/04/2025
FACT08564,C03,09/11/2025
FACT03295,C05,20/04/2025
FACT01298,C09,26/02/2025
FACT04649,C04,24/06/2025
FACT03613,C08,29/05/2025
FACT01666,C04,06/02/2025
FACT05650,C01,28/07/2025
FACT01921,C09,26/03/2025
FACT09011,C07,29/11/2025
FACT00746,C03,30/01/2025
FACT03792,C02,03/05/2025
FACT09907,C10,31/12/2025
FACT04398,C06,29/06/2025
FACT00737,C02,08/01/2025
FACT07650,C08,17/10/2025
FACT04154,C09,11/05/2025
FACT06433,C04,05/08/2025
FACT00056,C06,29/01/2025
FACT01303,C07,03/02/2025
FACT00991,C01,01/02/2025
FACT09095,C04,19/11/2025
FACT07624,C03,09/10/2025
FACT09317,C10,07/12/2025
FACT09580,C04,29/12/2025
FACT08664,C02,17/11/2025
FACT00758,C09,20/01/2025
FACT00269,C06,04/01/2025
FACT03444,C06,30/05/2025
FACT08180,C01,14/10/2025
FACT03239,C05,30/04/2025
FACT04865,C04,26/06/2025
FACT00053,C10,20/01/2025
FACT01225,C08,24/02/2025
FACT01939,C06,28/03/2025
FACT07906,C07,20/10/2025
FACT05035,C08,10/07/2025
FACT05779,C07,12/07/2025
FACT03530,C04,17/05/2025
FACT01239,C10,12/02/2025
FACT05976,C01,10/08/2025
FACT04512,C08,09/06/2025
FACT00942,C01,10/02/2025
FACT00970,C01,08/02/2025
FACT08248,C03,17/10/2025
FACT09314,C09,07/12/2025
FACT02678,C04,24/04/2025
FACT08459,C07,18/11/2025
FACT07673,C01,22/10/2025
FACT02209,C07,03/03/2025
FACT08292,C01,02/10/2025
FACT07822,C10,17/10/2025
FACT02041,C09,31/03/2025
FACT02400,C01,07/03/2025
FACT02307,C10,30/03/2025
FACT01897,C05,18/03/2025
FACT07932,C07,16/10/2025
FACT00865,C03,27/02/2025
FACT07546,C07,24/10/2025
FACT09538,C10,27/12/2025
FACT01793,C01,31/03/2025
FACT08719,C07,28/11/2025
FACT02664,C05,27/04/2025
FACT07445,C09,18/09/2025
FACT09651,C04,26/12/2025
FACT05560,C02,11/07/2025
FACT00337,C07,02/01/2025
FACT06095,C08,09/08/2025
FACT05309,C08,30/07/2025
FACT05097,C10,07/07/2025
FACT07512,C02,08/10/2025
FACT07328,C08,12/09/2025
FACT04182,C08,10/05/2025
FACT00683,C01,26/01/2025
FACT07018,C06,09/09/2025
FACT07677,C10,07/10/2025
FACT06376,C07,19/08/2025
FACT05325,C05,11/07/2025
FACT02739,C07,16/04/2025
FACT03957,C02,10/05/2025
FACT04466,C02,18/06/2025
FACT07020,C04,04/09/2025
FACT09694,C02,24/12/2025
FACT02588,C01,27/04/2025
FACT09069,C08,09/11/2025
FACT05245,C08,09/07/2025
FACT03643,C09,19/05/2025
FACT08412,C03,21/11/2025
FACT03948,C10,27/05/2025
FACT03406,C10,14/05/2025
FACT09448,C08,28/12/2025
FACT09498,C05,08/12/2025
FACT09465,C01,13/12/2025
FACT06053,C05,19/08/2025
FACT02629,C09,25/04/2025
FACT02266,C10,19/03/2025
FACT06430,C03,24/08/2025
FACT00606,C10,16/01/2025
FACT09103,C10,08/11/2025
FACT00787,C05,13/01/2025
FACT07586,C09,24/10/2025
FACT06630,C01,19/08/2025
FACT08734,C04,03/11/2025
FACT06021,C07,06/08/2025
FACT00960,C03,06/02/2025
FACT03098,C09,12/04/2025
FACT03892,C08,05/05/2025
FACT03908,C10,07/05/2025
FACT05877,C03,06/08/2025
FACT07092,C10,08/09/2025
FACT06909,C05,30/09/2025
FACT07779,C10,20/10/2025
FACT01714,C09,07/03/2025
FACT00674,C09,01/01/2025
FACT07841,C06,13/10/2025
FACT07558,C06,22/10/2025
FACT04283,C06,20/06/2025
FACT00013,C05,17/01/2025
FACT00036,C09,03/01/2025
FACT03671,C05,06/05/2025
FACT08240,C06,23/10/2025
FACT09020,C05,13/11/2025
FACT09160,C10,16/12/2025
FACT05491,C08,07/07/2025
FACT06726,C01,15/09/2025
FACT04993,C04,29/06/2025
FACT02689,C10,16/04/2025
FACT05196,C01,10/07/2025
FACT09071,C08,21/11/2025
FACT03211,C01,08/04/2025
FACT01659,C05,25/02/2025
FACT03260,C06,20/04/2025
FACT01238,C06,14/02/2025
FACT07177,C05,26/09/2025
FACT06877,C02,09/09/2025
FACT06829,C10,19/09/2025
FACT05847,C04,10/08/2025
FACT00095,C04,25/01/2025
FACT06794,C01,09/09/2025
FACT04371,C03,14/06/2025
FACT05842,C03,05/08/2025
FACT07982,C04,24/10/2025
FACT01015,C01,14/02/2025
FACT09562,C09,30/12/2025
FACT05174,C05,13/07/2025
FACT03751,C10,29/05/2025
FACT06092,C09,29/08/2025
FACT01279,C02,21/02/2025
FACT07871,C10,31/10/2025
FACT02747,C10,27/04/2025
FACT07773,C08,26/10/2025
FACT03155,C10,16/04/2025
FACT07291,C09,23/09/2025
FACT07320,C05,06/09/2025
FACT00434,C01,15/01/2025
FACT08464,C10,21/11/2025
FACT01597,C03,12/02/2025
FACT09237,C03,24/12/2025
FACT00427,C09,28/01/2025
FACT02586,C01,28/04/2025
FACT00751,C09,02/01/2025
FACT02236,C10,22/03/2025
FACT07985,C01,06/10/2025
FACT08437,C07,22/11/2025
FACT00092,C05,18/01/2025
FACT05377,C08,16/07/2025
FACT08872,C06,23/11/2025
FACT05743,C01,09/07/2025
FACT09019,C02,04/11/2025
FACT03257,C01,01/04/2025
FACT08440,C02,16/11/2025
FACT07914,C09,25/10/2025
FACT06646,C06,09/08/2025
FACT09271,C06,02/12/2025
FACT03475,C02,06/05/2025
FACT03172,C06,21/04/2025
FACT08325,C06,05/10/2025
FACT08140,C01,08/10/2025
FACT00114,C10,03/01/2025
FACT01513,C04,23/02/2025
FACT03902,C10,08/05/2025
FACT04368,C02,04/06/2025
FACT04600,C09,11/06/2025
FACT07034,C01,16/09/2025
FACT08650,C07,15/11/2025
FACT01594,C03,19/02/2025
FACT01332,C05,07/02/2025
FACT08786,C07,05/11/2025
FACT09225,C04,25/12/2025
FACT03472,C08,02/05/2025
FACT04073,C03,11/05/2025
FACT06336,C05,18/08/2025
FACT02918,C01,03/04/2025
FACT05400,C06,27/07/2025
FACT08332,C03,26/11/2025
FACT05729,C08,27/07/2025
FACT01889,C08,05/03/2025
FACT09471,C10,20/12/2025
FACT03103,C04,09/04/2025
FACT06762,C09,16/09/2025
FACT09260,C04,03/12/2025
FACT06886,C06,24/09/2025
FACT04599,C04,29/06/2025
FACT04480,C10,04/06/2025
FACT06168,C02,19/08/2025
FACT00852,C07,05/02/2025
FACT05336,C03,23/07/2025
FACT05693,C03,16/07/2025
FACT08746,C06,30/11/2025
FACT07054,C07,14/09/2025
FACT03212,C03,16/04/2025
FACT06946,C03,09/09/2025
FACT02524,C07,20/04/2025
FACT09424,C06,16/12/2025
FACT07325,C06,03/09/2025
FACT00152,C09,30/01/2025
FACT01833,C07,15/03/2025
FACT00928,C04,11/02/2025
FACT01535,C01,13/02/2025
FACT00806,C04,12/01/2025
FACT00241,C02,11/01/2025
FACT02304,C07,13/03/2025
FACT00738,C03,16/01/2025
FACT08174,C10,27/10/2025
FACT07934,C07,08/10/2025
FACT02790,C05,22/04/2025
FACT03821,C04,11/05/2025
FACT09839,C07,21/12/2025
FACT07423,C08,26/09/2025
FACT02014,C09,31/03/2025
FACT02361,C10,25/03/2025
FACT09534,C02,21/12/2025
FACT04173,C08,23/05/2025
FACT08100,C09,02/10/2025
FACT05252,C05,15/07/2025
FACT05850,C02,27/08/2025
FACT08686,C02,21/11/2025
FACT09410,C03,04/12/2025
FACT06941,C05,03/09/2025
FACT01908,C09,01/03/2025
FACT04369,C03,04/06/2025
FACT06575,C05,21/08/2025
FACT06274,C06,12/08/2025
FACT09391,C02,20/12/2025
FACT05552,C07,13/07/2025
FACT00080,C05,29/01/2025
FACT05435,C08,06/07/2025
FACT01803,C07,09/03/2025
FACT03805,C07,12/05/2025
FACT08882,C10,05/11/2025
FACT05266,C06,13/07/2025
FACT09148,C01,14/11/2025
FACT06289,C03,14/08/2025
FACT04217,C07,22/06/2025
FACT07294,C10,17/09/2025
FACT05041,C07,30/07/2025
FACT03628,C07,11/05/2025
FACT04506,C02,25/06/2025
FACT07609,C02,05/10/2025
FACT05129,C07,09/07/2025
FACT04411,C05,05/06/2025
FACT04849,C05,04/06/2025
FACT01681,C09,04/03/2025
FACT01191,C09,28/02/2025
FACT08620,C01,01/11/2025
FACT08362,C08,13/11/2025
FACT03709,C06,21/05/2025
FACT00845,C04,20/02/2025
FACT03651,C05,10/05/2025
FACT08452,C08,24/11/2025
FACT07712,C02,18/10/2025
FACT03747,C01,08/05/2025
FACT04988,C02,26/06/2025
FACT04560,C03,11/06/2025
FACT05433,C01,23/07/2025
FACT05113,C02,24/07/2025
FACT02992,C08,28/04/2025
FACT04935,C07,18/06/2025
FACT08602,C07,09/11/2025
FACT08571,C09,06/11/2025
FACT07448,C02,02/09/2025
FACT09195,C04,03/12/2025
FACT02537,C01,04/04/2025
FACT02575,C01,20/04/2025
FACT08747,C04,11/11/2025
FACT09997,C04,20/12/2025
FACT08952,C08,28/11/2025
FACT00965,C01,28/02/2025
FACT06399,C02,23/08/2025
FACT07186,C10,07/09/2025
FACT04973,C07,11/06/2025
FACT09606,C07,18/12/2025
FACT05506,C01,15/07/2025
FACT08986,C08,25/11/2025
FACT01762,C01,30/03/2025
FACT08071,C07,26/10/2025
FACT05261,C08,25/07/2025
FACT07800,C07,22/10/2025
FACT08118,C03,04/10/2025
FACT06826,C01,03/09/2025
FACT07809,C03,11/10/2025
FACT00061,C09,30/01/2025
FACT07946,C02,31/10/2025
FACT03773,C09,29/05/2025
FACT02232,C10,11/03/2025
FACT08347,C02,18/11/2025
FACT05895,C01,27/08/2025
FACT04418,C01,21/06/2025
FACT03187,C07,06/04/2025
FACT01692,C02,25/03/2025
FACT00140,C06,29/01/2025
FACT04243,C07,16/06/2025
FACT02907,C09,04/04/2025
FACT05803,C04,01/07/2025
FACT04597,C01,19/06/2025
FACT06187,C03,02/08/2025
FACT02808,C08,12/04/2025
FACT09243,C04,15/12/2025
FACT05344,C06,24/07/2025
FACT09216,C10,09/12/2025
FACT02564,C07,07/04/2025
FACT04961,C03,30/06/2025
FACT02327,C04,05/03/2025
FACT08816,C09,22/11/2025
FACT04531,C09,08/06/2025
FACT07239,C03,24/09/2025
FACT01468,C09,25/02/2025
FACT09996,C06,05/12/2025
FACT09867,C06,01/12/2025
FACT00774,C05,29/01/2025
FACT05145,C09,10/07/2025
FACT00814,C10,06/01/2025
FACT08480,C07,15/11/2025
FACT05240,C01,22/07/2025
FACT08736,C06,28/11/2025
FACT00163,C06,25/01/2025
FACT07444,C06,15/09/2025
FACT07761,C03,11/10/2025
FACT08857,C09,04/11/2025
FACT04195,C02,06/06/2025
FACT00385,C03,01/01/2025
FACT03192,C08,27/04/2025
FACT02851,C07,08/04/2025
FACT00406,C03,28/01/2025
FACT00151,C02,08/01/2025
FACT05395,C05,26/07/2025
FACT07468,C07,10/09/2025
FACT00664,C08,25/01/2025
FACT00744,C07,14/01/2025
FACT07887,C02,19/10/2025
FACT09687,C02,25/12/2025
FACT08603,C09,11/11/2025
FACT00171,C10,11/01/2025
FACT03803,C02,08/05/2025
FACT03630,C06,31/05/2025
FACT02241,C04,14/03/2025
FACT09827,C08,27/12/2025
FACT04962,C04,29/06/2025
FACT02574,C05,18/04/2025
FACT02846,C01,03/04/2025
FACT07264,C08,05/09/2025
FACT02687,C03,21/04/2025
FACT05797,C03,10/07/2025
FACT03035,C06,13/04/2025
FACT09544,C06,10/12/2025
FACT00132,C08,15/01/2025
FACT01347,C04,20/02/2025
FACT08467,C08,16/11/2025
FACT02305,C10,28/03/2025
FACT03349,C08,16/04/2025
FACT09242,C01,11/12/2025
FACT09292,C09,29/12/2025
FACT09098,C09,04/11/2025
FACT09470,C04,06/12/2025
FACT08490,C04,15/11/2025
FACT04574,C08,19/06/2025
FACT04054,C08,16/05/2025
FACT00538,C02,12/01/2025
FACT09172,C09,06/12/2025
FACT01085,C05,20/02/2025
FACT02762,C02,16/04/2025
FACT05475,C02,23/07/2025
FACT05482,C02,22/07/2025
FACT05823,C10,13/07/2025
FACT08639,C08,03/11/2025
FACT05700,C01,03/07/2025
FACT08709,C09,20/11/2025
FACT09081,C10,30/11/2025
FACT04052,C07,15/05/2025
FACT05963,C02,03/08/2025
FACT06509,C07,03/08/2025
FACT05142,C08,06/07/2025
FACT00700,C10,22/01/2025
FACT09347,C07,16/12/2025
FACT08010,C05,04/10/2025
FACT01448,C08,16/02/2025
FACT01634,C05,17/02/2025
FACT04251,C03,21/06/2025
FACT08604,C10,04/11/2025
FACT02595,C03,26/04/2025
FACT07791,C06,17/10/2025
FACT06044,C02,27/08/2025
FACT02759,C03,14/04/2025
FACT06363,C02,05/08/2025
FACT06806,C06,30/09/2025
FACT07585,C09,22/10/2025
FACT01578,C09,12/02/2025
FACT04963,C01,17/06/2025
FACT01861,C02,25/03/2025
FACT03733,C01,04/05/2025
FACT07997,C01,20/10/2025
FACT04321,C09,23/06/2025
FACT08084,C05,30/10/2025
FACT08392,C07,05/11/2025
FACT06499,C05,26/08/2025
FACT01368,C02,22/02/2025
FACT06995,C07,02/09/2025
FACT03029,C04,20/04/2025
FACT00134,C02,09/01/2025
FACT06581,C09,08/08/2025
FACT09676,C03,31/12/2025
FACT01560,C04,15/02/2025
FACT00784,C10,22/01/2025
FACT01781,C02,11/03/2025
FACT06729,C03,26/09/2025
FACT00735,C08,18/01/2025
FACT07128,C05,19/09/2025
FACT06232,C07,23/08/2025
FACT05114,C04,27/07/2025
FACT07553,C03,03/10/2025
FACT08229,C05,23/10/2025
FACT05276,C03,26/07/2025
FACT00637,C06,10/01/2025
FACT00796,C02,26/01/2025
FACT08823,C08,22/11/2025
FACT01115,C10,17/02/2025
FACT07174,C02,04/09/2025
FACT07625,C04,01/10/2025
FACT06313,C09,03/08/2025
FACT08522,C04,05/11/2025
FACT08769,C07,25/11/2025
FACT01963,C10,31/03/2025
FACT04530,C05,18/06/2025
FACT01439,C10,19/02/2025
FACT03486,C03,19/05/2025
FACT00922,C03,01/02/2025
FACT00988,C06,17/02/2025
FACT01848,C10,26/03/2025
FACT04015,C05,21/05/2025
FACT06272,C03,24/08/2025
FACT05720,C10,04/07/2025
FACT09575,C05,15/12/2025
FACT00045,C10,09/01/2025
FACT05356,C06,22/07/2025
FACT09227,C05,30/12/2025
FACT00753,C02,27/01/2025
FACT01248,C08,19/02/2025
FACT06931,C05,28/09/2025
FACT03154,C03,06/04/2025
FACT04645,C07,04/06/2025
FACT09536,C06,22/12/2025
FACT06200,C06,08/08/2025
FACT05881,C10,15/08/2025
FACT09522,C03,13/12/2025
FACT06345,C06,03/08/2025
FACT09040,C02,11/11/2025
FACT07794,C03,03/10/2025
FACT01435,C10,05/02/2025
FACT03660,C06,16/05/2025
FACT02291,C02,05/03/2025
FACT02346,C07,25/03/2025
FACT04209,C10,11/06/2025
FACT09801,C10,24/12/2025
FACT01896,C05,12/03/2025
FACT04901,C06,16/06/2025
FACT01469,C10,01/02/2025
FACT08434,C09,28/11/2025
FACT03582,C09,03/05/2025
FACT03848,C03,04/05/2025
FACT09717,C09,20/12/2025
FACT02515,C02,23/04/2025
FACT01235,C07,23/02/2025
FACT07537,C10,06/10/2025
FACT08254,C03,26/10/2025
FACT07290,C01,20/09/2025
FACT01395,C06,15/02/2025
FACT00489,C09,13/01/2025
FACT08453,C05,23/11/2025
FACT05315,C06,26/07/2025
FACT03597,C02,22/05/2025
FACT00454,C09,08/01/2025
FACT03018,C09,07/04/2025
FACT07471,C04,22/09/2025
FACT00780,C04,13/01/2025
FACT08738,C01,03/11/2025
FACT04911,C05,05/06/2025
FACT06804,C05,21/09/2025
FACT05372,C06,05/07/2025
FACT06410,C01,27/08/2025
FACT03274,C03,21/04/2025
FACT02652,C08,24/04/2025
FACT07663,C06,01/10/2025
FACT09670,C10,24/12/2025
FACT09315,C09,29/12/2025
FACT04465,C08,04/06/2025
FACT04022,C09,25/05/2025
FACT03209,C05,07/04/2025
FACT08729,C02,07/11/2025
FACT00938,C02,16/02/2025
FACT03668,C10,15/05/2025
FACT07210,C07,25/09/2025
FACT03689,C04,20/05/2025
FACT06031,C04,30/08/2025
FACT09280,C08,28/12/2025
FACT09825,C03,17/12/2025
FACT03557,C06,21/05/2025
FACT09850,C02,18/12/2025
FACT02389,C03,23/03/2025
FACT02993,C10,15/04/2025
FACT03844,C07,06/05/2025
FACT08561,C07,23/11/2025
FACT00294,C10,02/01/2025
FACT03759,C04,16/05/2025
FACT08296,C06,19/10/2025
FACT04672,C05,08/06/2025
FACT08808,C02,15/11/2025
FACT05230,C08,14/07/2025
FACT07450,C10,01/09/2025
FACT00054,C03,03/01/2025
FACT01994,C04,11/03/2025
FACT04795,C01,16/06/2025
FACT04547,C10,12/06/2025
FACT01765,C01,09/03/2025
FACT04617,C07,30/06/2025
FACT07621,C07,11/10/2025
FACT09174,C08,31/12/2025
FACT05699,C08,24/07/2025
FACT03907,C06,13/05/2025
FACT06738,C01,22/09/2025
FACT08151,C08,03/10/2025
FACT00516,C10,22/01/2025
FACT09316,C09,11/12/2025
FACT07947,C06,09/10/2025
FACT04147,C05,08/05/2025
FACT08386,C02,23/11/2025
FACT09525,C04,12/12/2025
FACT06080,C08,29/08/2025
FACT09278,C06,11/12/2025
FACT03729,C07,16/05/2025
FACT03891,C04,30/05/2025
FACT03732,C03,01/05/2025
FACT04713,C07,22/06/2025
FACT00231,C10,17/01/2025
FACT02452,C03,15/03/2025
FACT09586,C06,23/12/2025
FACT02895,C06,11/04/2025
FACT09671,C05,15/12/2025
FACT04211,C09,05/06/2025
FACT01701,C08,27/03/2025
FACT03039,C05,25/04/2025
FACT07680,C09,30/10/2025
FACT04069,C01,14/05/2025
FACT01030,C04,12/02/2025
FACT09793,C04,16/12/2025
FACT06802,C03,03/09/2025
FACT08312,C06,23/10/2025
FACT01188,C02,07/02/2025
FACT09368,C04,16/12/2025
FACT03049,C09,07/04/2025
FACT03633,C10,22/05/2025
FACT09131,C09,16/11/2025
FACT05335,C06,04/07/2025
FACT06497,C08,26/08/2025
FACT09986,C10,20/12/2025
FACT02444,C03,11/03/2025
FACT02801,C04,03/04/2025
FACT05991,C07,03/08/2025
FACT06874,C05,20/09/2025
FACT06435,C03,13/08/2025
FACT03265,C05,06/04/2025
FACT03763,C06,13/05/2025
FACT04118,C08,10/05/2025
FACT06294,C06,04/08/2025
FACT01637,C03,03/02/2025
FACT00026,C09,13/01/2025
FACT01229,C04,22/02/2025
FACT04145,C08,11/05/2025
FACT08438,C08,23/11/2025
FACT02442,C05,09/03/2025
FACT04117,C01,15/05/2025
FACT00299,C07,30/01/2025
FACT00397,C08,22/01/2025
FACT00207,C03,07/01/2025
FACT02843,C06,07/04/2025
FACT00233,C08,26/01/2025
FACT00133,C08,21/01/2025
FACT09485,C03,19/12/2025
FACT09955,C04,03/12/2025
FACT07373,C04,20/09/2025
FACT09383,C05,13/12/2025
FACT07481,C08,22/09/2025
FACT04076,C05,15/05/2025
FACT08893,C05,11/11/2025
FACT07926,C04,27/10/2025
FACT06452,C03,07/08/2025
FACT09555,C04,24/12/2025
FACT00228,C03,27/01/2025
FACT03404,C07,21/05/2025
FACT04794,C04,18/06/2025
FACT05471,C09,24/07/2025
FACT03532,C02,07/05/2025
FACT00711,C04,26/01/2025
FACT03160,C06,22/04/2025
FACT04628,C03,19/06/2025
FACT01031,C02,23/02/2025
FACT08496,C06,21/11/2025
FACT04755,C06,19/06/2025
FACT01106,C08,16/02/2025
FACT05056,C03,06/07/2025
FACT09287,C04,02/12/2025
FACT04887,C08,08/06/2025
FACT01020,C06,15/02/2025
FACT03857,C10,01/05/2025
FACT06814,C04,25/09/2025
FACT07256,C08,14/09/2025
FACT06179,C02,01/08/2025
FACT08876,C05,07/11/2025
FACT00874,C08,17/02/2025
FACT04362,C01,07/06/2025
FACT01907,C05,16/03/2025
FACT07692,C04,29/10/2025
FACT03863,C07,26/05/2025
FACT00527,C02,31/01/2025
FACT04490,C09,17/06/2025
FACT03526,C05,10/05/2025
FACT01411,C08,25/02/2025
FACT06495,C02,27/08/2025
FACT01464,C04,13/02/2025
FACT00670,C02,05/01/2025
FACT06149,C06,24/08/2025
FACT07099,C04,13/09/2025
FACT05021,C02,28/07/2025
FACT08358,C09,20/11/2025
FACT01322,C08,16/02/2025
FACT06137,C08,02/08/2025
FACT06132,C01,25/08/2025
FACT09783,C07,13/12/2025
FACT05001,C09,18/06/2025
FACT01830,C06,15/03/2025
FACT02349,C05,25/03/2025
FACT03791,C06,17/05/2025
FACT04184,C08,19/05/2025
FACT03118,C01,15/04/2025
FACT09204,C08,08/12/2025
FACT08282,C08,12/10/2025
FACT08580,C05,18/11/2025
FACT06131,C03,04/08/2025
FACT02776,C01,03/04/2025
FACT05901,C09,30/08/2025
FACT04430,C03,13/06/2025
FACT08439,C08,18/11/2025
FACT09814,C02,18/12/2025
FACT09595,C09,21/12/2025
FACT07719,C02,23/10/2025
FACT07238,C03,27/09/2025
FACT07207,C05,21/09/2025
FACT09884,C06,05/12/2025
FACT05612,C06,07/07/2025
FACT01325,C01,21/02/2025
FACT05345,C02,08/07/2025
FACT01881,C10,16/03/2025
FACT04056,C06,22/05/2025
FACT01835,C06,28/03/2025
FACT03123,C04,27/04/2025
FACT04357,C08,06/06/2025
FACT05191,C08,13/07/2025
FACT04021,C03,02/05/2025
FACT00375,C09,21/01/2025
FACT01668,C08,19/02/2025
FACT09386,C07,20/12/2025
FACT03067,C03,10/04/2025
FACT06637,C02,23/08/2025
FACT03752,C09,06/05/2025
FACT09004,C09,09/11/2025
FACT04151,C09,30/05/2025
FACT09533,C06,02/12/2025
FACT08917,C04,11/11/2025
FACT04853,C02,12/06/2025
FACT00389,C05,06/01/2025
FACT03466,C03,21/05/2025
FACT07124,C08,25/09/2025
FACT00750,C10,07/01/2025
FACT02050,C07,26/03/2025
FACT09164,C07,11/12/2025
FACT00031,C01,25/01/2025
FACT03202,C06,27/04/2025
FACT08714,C02,18/11/2025
FACT02854,C03,01/04/2025
FACT08345,C01,10/11/2025
FACT05665,C06,02/07/2025
FACT00616,C03,10/01/2025
FACT06693,C06,21/09/2025
FACT09535,C10,19/12/2025
FACT04687,C10,23/06/2025
FACT02402,C04,17/03/2025
FACT01616,C04,26/02/2025
FACT02952,C05,15/04/2025
FACT02932,C04,19/04/2025
FACT01890,C03,11/03/2025
FACT05851,C08,24/08/2025
FACT05357,C06,28/07/2025
FACT02858,C02,18/04/2025
FACT04916,C09,01/06/2025
FACT02005,C04,25/03/2025
FACT05508,C06,16/07/2025
FACT04332,C08,13/06/2025
FACT07588,C02,02/10/2025
FACT03352,C01,03/04/2025
FACT03363,C09,06/05/2025
FACT09168,C07,25/12/2025
FACT01541,C10,27/02/2025
FACT07801,C09,18/10/2025
FACT01806,C03,09/03/2025
FACT00411,C03,09/01/2025
FACT05205,C06,04/07/2025
FACT07069,C05,12/09/2025
FACT00279,C08,02/01/2025
FACT08542,C08,17/11/2025
FACT09853,C05,29/12/2025
FACT00060,C02,27/01/2025
FACT01971,C08,22/03/2025
FACT06388,C05,07/08/2025
FACT09567,C06,06/12/2025
FACT06915,C01,21/09/2025
FACT04736,C10,05/06/2025
FACT06733,C03,12/09/2025
FACT09446,C02,07/12/2025
FACT08470,C04,07/11/2025
FACT08188,C08,24/10/2025
FACT01498,C08,11/02/2025
FACT07364,C05,12/09/2025
FACT07136,C03,09/09/2025
FACT08687,C06,08/11/2025
FACT08618,C01,03/11/2025
FACT04591,C06,06/06/2025
FACT03476,C03,21/05/2025
FACT04727,C01,29/06/2025
FACT09085,C05,13/11/2025
FACT07557,C04,25/10/2025
FACT01110,C09,08/02/2025
FACT07231,C02,11/09/2025
FACT01982,C01,09/03/2025
FACT07540,C07,25/10/2025
FACT05812,C01,30/07/2025
FACT06925,C08,23/09/2025
FACT04956,C04,20/06/2025
FACT05918,C10,25/08/2025
FACT06189,C08,26/08/2025
FACT00339,C01,01/01/2025
FACT03574,C06,30/05/2025
FACT02550,C03,07/04/2025
FACT08060,C02,30/10/2025
FACT08817,C06,29/11/2025
FACT00130,C09,06/01/2025
FACT02964,C04,07/04/2025
FACT03927,C07,22/05/2025
FACT09457,C10,05/12/2025
FACT00715,C09,23/01/2025
FACT05243,C01,20/07/2025
FACT03928,C03,02/05/2025
FACT06299,C03,12/08/2025
FACT00821,C02,05/01/2025
FACT05701,C04,09/07/2025
FACT02447,C02,01/03/2025
FACT06671,C08,27/08/2025
FACT04823,C09,25/06/2025
FACT03092,C02,15/04/2025
FACT04245,C04,16/06/2025
FACT01224,C03,18/02/2025
FACT07158,C04,23/09/2025
FACT05593,C08,19/07/2025
FACT03878,C07,22/05/2025
FACT05332,C05,01/07/2025
FACT05972,C09,10/08/2025
FACT00477,C03,22/01/2025
FACT02433,C05,06/03/2025
FACT00139,C01,25/01/2025
FACT02740,C09,28/04/2025
FACT07016,C02,17/09/2025
FACT04813,C02,04/06/2025
FACT05288,C02,19/07/2025
FACT07147,C01,09/09/2025
FACT07814,C10,26/10/2025
FACT02556,C09,10/04/2025
FACT09499,C09,05/12/2025
FACT06558,C01,29/08/2025
FACT00793,C06,12/01/2025
FACT05010,C04,24/06/2025
FACT02662,C08,29/04/2025
FACT05149,C08,02/07/2025
FACT09199,C05,19/12/2025
FACT01633,C08,06/02/2025
FACT00293,C03,29/01/2025
FACT00759,C09,27/01/2025
FACT08526,C07,21/11/2025
FACT07275,C03,25/09/2025
FACT04441,C07,18/06/2025
FACT06402,C08,29/08/2025
FACT03301,C09,30/04/2025
FACT01736,C06,05/03/2025
FACT00706,C03,23/01/2025
FACT00856,C04,03/02/2025
FACT02215,C07,05/03/2025
FACT04607,C07,09/06/2025
FACT02798,C10,04/04/2025
FACT09230,C07,20/12/2025
FACT09910,C06,16/12/2025
FACT01787,C09,03/03/2025
FACT03232,C07,23/04/2025
FACT05094,C07,01/07/2025
FACT04171,C02,13/05/2025
FACT04392,C09,03/06/2025
FACT08892,C03,08/11/2025
FACT05238,C10,09/07/2025
FACT06103,C08,17/08/2025
FACT02069,C01,10/03/2025
FACT01391,C02,06/02/2025
FACT06592,C01,06/08/2025
FACT00448,C02,30/01/2025
FACT08577,C09,26/11/2025
FACT04688,C09,23/06/2025
FACT04225,C03,12/06/2025
FACT08145,C01,12/10/2025
FACT03711,C08,03/05/2025
FACT00850,C02,25/02/2025
FACT04263,C05,12/06/2025
FACT00883,C03,25/02/2025
FACT00024,C03,07/01/2025
FACT00798,C04,03/01/2025
FACT01163,C01,14/02/2025
FACT05440,C03,27/07/2025
FACT09889,C02,11/12/2025
FACT00367,C09,28/01/2025
FACT09429,C08,08/12/2025
FACT05463,C09,17/07/2025
FACT03264,C09,23/04/2025
FACT02545,C04,09/04/2025
FACT01429,C08,07/02/2025
FACT00148,C03,21/01/2025
FACT09133,C01,29/11/2025
FACT00778,C09,27/01/2025
FACT01427,C01,22/02/2025
FACT07606,C06,08/10/2025
FACT03809,C04,21/05/2025
FACT06643,C02,23/08/2025
FACT00399,C03,28/01/2025
FACT04250,C02,21/06/2025
FACT09849,C02,29/12/2025
FACT05811,C10,28/07/2025
FACT06412,C06,13/08/2025
FACT05789,C07,30/07/2025
FACT04240,C08,03/06/2025
FACT08093,C07,04/10/2025
FACT04040,C07,31/05/2025
FACT09514,C03,02/12/2025
FACT02870,C07,28/04/2025
FACT03006,C10,07/04/2025
FACT05272,C05,16/07/2025
FACT05476,C09,10/07/2025
FACT02845,C07,17/04/2025
FACT01702,C10,02/03/2025
FACT00582,C07,30/01/2025
FACT03026,C04,19/04/2025
FACT06027,C06,09/08/2025
FACT01160,C09,27/02/2025
FACT07295,C07,20/09/2025
FACT00969,C04,21/02/2025
FACT04780,C02,10/06/2025
FACT02284,C06,16/03/2025
FACT04051,C09,16/05/2025
FACT06771,C03,28/09/2025
FACT06035,C10,23/08/2025
FACT05686,C06,31/07/2025
FACT02212,C10,07/03/2025
FACT02996,C05,25/04/2025
FACT03219,C07,06/04/2025
FACT02794,C07,17/04/2025
FACT01679,C05,11/03/2025
FACT05621,C04,16/07/2025
FACT07082,C08,20/09/2025
FACT01477,C06,17/02/2025
FACT09346,C10,05/12/2025
FACT07781,C02,12/10/2025
FACT09844,C07,12/12/2025
FACT08573,C06,04/11/2025
FACT02421,C09,21/03/2025
FACT08449,C02,21/11/2025
FACT05590,C05,08/07/2025
FACT01852,C02,12/03/2025
FACT02159,C09,22/03/2025
FACT08223,C09,19/10/2025
FACT00573,C09,16/01/2025
FACT02513,C07,22/04/2025
FACT01103,C01,06/02/2025
FACT01505,C03,18/02/2025
FACT05756,C05,27/07/2025
FACT00578,C08,30/01/2025
FACT06418,C06,03/08/2025
FACT07326,C02,12/09/2025
FACT00330,C01,30/01/2025
FACT05676,C08,28/07/2025
FACT07455,C01,16/09/2025
FACT01165,C02,14/02/2025
FACT00993,C06,02/02/2025
FACT02068,C05,21/03/2025
FACT09913,C04,05/12/2025
FACT08468,C08,21/11/2025
FACT01262,C08,14/02/2025
FACT04516,C04,18/06/2025
FACT03507,C09,03/05/2025
FACT00880,C03,16/02/2025
FACT00740,C10,14/01/2025
FACT02440,C10,06/03/2025
FACT06143,C01,29/08/2025
FACT01254,C08,25/02/2025
FACT09782,C05,11/12/2025
FACT03592,C10,02/05/2025
FACT05775,C05,16/07/2025
FACT04011,C05,25/05/2025
FACT08764,C02,16/11/2025
FACT04910,C08,28/06/2025
FACT01992,C02,14/03/2025
FACT01789,C01,06/03/2025
FACT03356,C07,23/04/2025
FACT04872,C05,29/06/2025
FACT03998,C05,20/05/2025
FACT08710,C07,13/11/2025
FACT05814,C05,24/07/2025
FACT08314,C04,08/10/2025
FACT04169,C02,19/05/2025
FACT08329,C04,12/10/2025
FACT09330,C09,06/12/2025
FACT01271,C02,19/02/2025
FACT04128,C08,13/05/2025
FACT00879,C01,16/02/2025
FACT04863,C06,19/06/2025
FACT02494,C03,31/03/2025
FACT09700,C05,05/12/2025
FACT06417,C10,23/08/2025
FACT04383,C05,02/06/2025
FACT02823,C06,06/04/2025
FACT06475,C07,16/08/2025
FACT09276,C03,31/12/2025
FACT02474,C10,04/03/2025
FACT05586,C02,06/07/2025
FACT03695,C05,01/05/2025
FACT05023,C04,18/07/2025
FACT00640,C04,28/01/2025
FACT07350,C06,23/09/2025
FACT08649,C06,20/11/2025
FACT09503,C05,21/12/2025
FACT00675,C04,12/01/2025
FACT09724,C05,21/12/2025
FACT03970,C07,13/05/2025
FACT02459,C03,30/03/2025
FACT01565,C06,19/02/2025
FACT07224,C07,28/09/2025
FACT03963,C02,01/05/2025
FACT08629,C06,09/11/2025
FACT04953,C05,04/06/2025
FACT05124,C04,23/07/2025
FACT05740,C01,22/07/2025
FACT05241,C02,03/07/2025
FACT07749,C10,28/10/2025
FACT07066,C09,20/09/2025
FACT06301,C05,28/08/2025
FACT08854,C06,24/11/2025
FACT04598,C10,22/06/2025
FACT00972,C06,08/02/2025
FACT09821,C09,18/12/2025
FACT06831,C06,20/09/2025
FACT01913,C07,31/03/2025
FACT07141,C06,08/09/2025
FACT08792,C08,16/11/2025
FACT08357,C06,12/11/2025
FACT06450,C04,12/08/2025
FACT06010,C08,25/08/2025
FACT01922,C01,23/03/2025
FACT02453,C08,01/03/2025
FACT00457,C09,29/01/2025
FACT05599,C10,25/07/2025
FACT04208,C02,06/06/2025
FACT04803,C06,05/06/2025
FACT00593,C05,02/01/2025
FACT06672,C04,02/08/2025
FACT03696,C10,10/05/2025
FACT03577,C09,17/05/2025
FACT03286,C08,02/04/2025
FACT03932,C09,25/05/2025
FACT06665,C09,14/08/2025
FACT08827,C07,24/11/2025
FACT07938,C01,14/10/2025
FACT04183,C01,20/05/2025
FACT07552,C04,18/10/2025
FACT04458,C10,02/06/2025
FACT02436,C08,25/03/2025
FACT06094,C03,09/08/2025
FACT09691,C06,12/12/2025
FACT09136,C04,21/11/2025
FACT04144,C03,11/05/2025
FACT02787,C09,06/04/2025
FACT04075,C02,04/05/2025
FACT05711,C07,03/07/2025
FACT07998,C06,21/10/2025
FACT04099,C06,01/05/2025
FACT06432,C03,31/08/2025
FACT04077,C04,08/05/2025
FACT04136,C02,17/05/2025
FACT01747,C05,01/03/2025
FACT07255,C01,30/09/2025
FACT03639,C03,16/05/2025
FACT05455,C02,28/07/2025
FACT00652,C01,03/01/2025
FACT00511,C02,13/01/2025
FACT02906,C04,23/04/2025
FACT08056,C02,06/10/2025
FACT09616,C03,09/12/2025
FACT06550,C05,01/08/2025
FACT00766,C04,15/01/2025
FACT00292,C07,21/01/2025
FACT03435,C02,23/05/2025
FACT03478,C01,19/05/2025
FACT00876,C02,13/02/2025
FACT04527,C09,24/06/2025
FACT06209,C07,20/08/2025
FACT01006,C08,01/02/2025
FACT02746,C03,29/04/2025
FACT05158,C07,04/07/2025
FACT03500,C01,01/05/2025
FACT02188,C01,13/03/2025
FACT05726,C06,18/07/2025
FACT03522,C10,30/05/2025
FACT05971,C07,05/08/2025
FACT05683,C05,07/07/2025
FACT01636,C01,18/02/2025
FACT09123,C10,08/11/2025
FACT05215,C05,08/07/2025
FACT04215,C10,08/06/2025
FACT09953,C06,27/12/2025
FACT08933,C01,30/11/2025
FACT01215,C07,06/02/2025
FACT05794,C03,20/07/2025
FACT06518,C07,08/08/2025
FACT09390,C01,21/12/2025
FACT05292,C06,04/07/2025
FACT03284,C01,22/04/2025
FACT04249,C02,26/06/2025
FACT04122,C06,26/05/2025
FACT09270,C03,04/12/2025
FACT02275,C04,19/03/2025
FACT01832,C01,26/03/2025
FACT01232,C06,24/02/2025
FACT07657,C08,25/10/2025
FACT01791,C02,09/03/2025
FACT09294,C03,19/12/2025
FACT07299,C09,10/09/2025
FACT03411,C10,16/05/2025
FACT06267,C08,24/08/2025
FACT08155,C09,15/10/2025
FACT09016,C03,05/11/2025
FACT05908,C09,17/08/2025
FACT08307,C07,06/10/2025
FACT05890,C06,23/08/2025
FACT05824,C01,19/07/2025
FACT06728,C06,15/09/2025
FACT05257,C10,24/07/2025
FACT00919,C09,01/02/2025
FACT06885,C10,22/09/2025
FACT06237,C07,31/08/2025
FACT06259,C02,24/08/2025
FACT05355,C08,26/07/2025
FACT09494,C05,13/12/2025
FACT06754,C10,26/09/2025
FACT07637,C05,17/10/2025
FACT00278,C03,25/01/2025
FACT03156,C05,27/04/2025
FACT08942,C04,04/11/2025
FACT05235,C02,19/07/2025
FACT03437,C10,18/05/2025
FACT03161,C04,13/04/2025
FACT08753,C04,03/11/2025
FACT06394,C07,29/08/2025
FACT05492,C09,23/07/2025
FACT08624,C07,11/11/2025
FACT04746,C06,03/06/2025
FACT05376,C01,12/07/2025
FACT04097,C04,02/05/2025
FACT08409,C07,10/11/2025
FACT00843,C02,02/02/2025
FACT07437,C10,10/09/2025
FACT05988,C09,29/08/2025
FACT04751,C04,23/06/2025
FACT03676,C06,22/05/2025
FACT01220,C01,18/02/2025
FACT04991,C04,27/06/2025
FACT01602,C01,16/02/2025
FACT09472,C07,04/12/2025
FACT01719,C03,14/03/2025
FACT07856,C05,27/10/2025
FACT01124,C07,20/02/2025
FACT05120,C02,08/07/2025
FACT07895,C06,29/10/2025
FACT02692,C10,24/04/2025
FACT07538,C01,27/10/2025
FACT02523,C08,08/04/2025
FACT06060,C04,25/08/2025
FACT06287,C01,22/08/2025
FACT09748,C04,18/12/2025
FACT08205,C02,30/10/2025
FACT06012,C02,23/08/2025
FACT03958,C09,29/05/2025
FACT08164,C08,27/10/2025
FACT06574,C03,16/08/2025
FACT07525,C06,09/10/2025
FACT01168,C05,14/02/2025
FACT00620,C06,15/01/2025
FACT06304,C06,05/08/2025
FACT05594,C09,10/07/2025
FACT04372,C04,27/06/2025
FACT00359,C04,21/01/2025
FACT05538,C06,03/07/2025
FACT06898,C07,23/09/2025
FACT02923,C04,20/04/2025
FACT05090,C02,03/07/2025
FACT00702,C09,16/01/2025
FACT01893,C01,20/03/2025
FACT01509,C05,25/02/2025
FACT04267,C01,18/06/2025
FACT06009,C03,24/08/2025
FACT02583,C09,06/04/2025
FACT02130,C05,12/03/2025
FACT06239,C07,04/08/2025
FACT09866,C06,08/12/2025
FACT06835,C05,20/09/2025
FACT00117,C07,12/01/2025
FACT02722,C02,27/04/2025
FACT01518,C01,02/02/2025
FACT08997,C01,07/11/2025
FACT01112,C08,07/02/2025
FACT02853,C01,07/04/2025
FACT06478,C08,28/08/2025
FACT05860,C01,12/08/2025
FACT04693,C06,27/06/2025
FACT05548,C05,23/07/2025
FACT05085,C06,11/07/2025
FACT01180,C05,16/02/2025
FACT07017,C10,28/09/2025
FACT08995,C08,09/11/2025
FACT04300,C06,09/06/2025
FACT09760,C09,27/12/2025
FACT04227,C10,06/06/2025
FACT08183,C03,14/10/2025
FACT01052,C08,24/02/2025
FACT03251,C08,14/04/2025
FACT08389,C03,08/11/2025
FACT07257,C02,09/09/2025
FACT02866,C02,10/04/2025
FACT06620,C10,20/08/2025
FACT05512,C02,03/07/2025
FACT02290,C06,12/03/2025
FACT04784,C04,17/06/2025
FACT08486,C04,09/11/2025
FACT09108,C08,08/11/2025
FACT09388,C03,11/12/2025
FACT04846,C07,16/06/2025
FACT05518,C05,11/07/2025
FACT09443,C09,08/12/2025
FACT04877,C08,06/06/2025
FACT06414,C07,13/08/2025
FACT09972,C08,06/12/2025
FACT03463,C09,23/05/2025
FACT00018,C04,02/01/2025
FACT06917,C01,17/09/2025
FACT01559,C09,01/02/2025
FACT01265,C06,22/02/2025
FACT00161,C02,16/01/2025
FACT02597,C02,30/04/2025
FACT02166,C05,26/03/2025
FACT09835,C01,26/12/2025
FACT06737,C09,18/09/2025
FACT04576,C01,04/06/2025
FACT04272,C06,04/06/2025
FACT00580,C04,07/01/2025
FACT06182,C01,29/08/2025
FACT04449,C09,06/06/2025
FACT01524,C05,13/02/2025
FACT00275,C10,31/01/2025
FACT06277,C03,15/08/2025
FACT05725,C04,08/07/2025
FACT06370,C10,16/08/2025
FACT08614,C03,16/11/2025
FACT09542,C02,14/12/2025
FACT02058,C06,26/03/2025
FACT09155,C03,29/12/2025
FACT09343,C01,30/12/2025
FACT07407,C09,04/09/2025
FACT05517,C10,28/07/2025
FACT04442,C09,07/06/2025
FACT08456,C10,12/11/2025
FACT06488,C01,02/08/2025
FACT00410,C02,23/01/2025
FACT02128,C04,08/03/2025
FACT04712,C08,05/06/2025
FACT00558,C04,08/01/2025
FACT04653,C03,09/06/2025
FACT07145,C02,15/09/2025
FACT05140,C08,31/07/2025
FACT01033,C02,11/02/2025
FACT02619,C09,02/04/2025
FACT03151,C08,11/04/2025
FACT07909,C06,09/10/2025
FACT04875,C06,17/06/2025
FACT09505,C01,26/12/2025
FACT01839,C03,25/03/2025
FACT04593,C06,21/06/2025
FACT04177,C10,10/05/2025
FACT04187,C03,11/05/2025
FACT04885,C08,04/06/2025
FACT09495,C10,30/12/2025
FACT04481,C07,25/06/2025
FACT08471,C06,10/11/2025
FACT08795,C05,26/11/2025
FACT03867,C05,20/05/2025
FACT00268,C04,15/01/2025
FACT04844,C04,14/06/2025
FACT03196,C05,16/04/2025
FACT07362,C09,18/09/2025
FACT04062,C08,27/05/2025
FACT05283,C05,28/07/2025
FACT04987,C06,07/06/2025
FACT03439,C01,29/05/2025
FACT03906,C03,29/05/2025
FACT03499,C02,28/05/2025
FACT08599,C06,04/11/2025
FACT00414,C03,27/01/2025
FACT08231,C10,17/10/2025
FACT03706,C05,13/05/2025
FACT09307,C10,02/12/2025
FACT08777,C02,04/11/2025
FACT06050,C10,11/08/2025
FACT02831,C02,13/04/2025
FACT09540,C09,09/12/2025
FACT00941,C08,04/02/2025
FACT02669,C05,28/04/2025
FACT02022,C10,07/03/2025
FACT06752,C03,30/09/2025
FACT02889,C10,01/04/2025
FACT07958,C01,23/10/2025
FACT01611,C09,28/02/2025
FACT06439,C03,09/08/2025
FACT05936,C01,23/08/2025
FACT08381,C10,02/11/2025
FACT07305,C09,08/09/2025
FACT02258,C03,08/03/2025
FACT06887,C08,21/09/2025
FACT00833,C10,06/02/2025
FACT02248,C04,10/03/2025
FACT05642,C09,13/07/2025
FACT04396,C01,27/06/2025
FACT01149,C02,18/02/2025
FACT09931,C02,05/12/2025
FACT06004,C08,29/08/2025
FACT08242,C08,06/10/2025
FACT07198,C04,10/09/2025
FACT05260,C02,10/07/2025
FACT08170,C06,06/10/2025
FACT01723,C08,06/03/2025
FACT07200,C03,06/09/2025
FACT06880,C10,18/09/2025
FACT08423,C07,14/11/2025
FACT01454,C05,20/02/2025
FACT03690,C02,30/05/2025
FACT01972,C06,09/03/2025
FACT07911,C01,05/10/2025
FACT00585,C03,18/01/2025
FACT02852,C02,29/04/2025
FACT09099,C03,03/11/2025
FACT04757,C01,04/06/2025
FACT07205,C03,15/09/2025
FACT08406,C07,30/11/2025
FACT09630,C03,19/12/2025
FACT02090,C09,07/03/2025
FACT09335,C04,05/12/2025
FACT06121,C08,24/08/2025
FACT07253,C02,30/09/2025
FACT07219,C06,15/09/2025
FACT02511,C06,13/04/2025
FACT03131,C10,08/04/2025
FACT07155,C05,02/09/2025
FACT05451,C02,25/07/2025
FACT01685,C07,26/03/2025
FACT09238,C08,12/12/2025
FACT07563,C04,01/10/2025
FACT09173,C05,15/12/2025
FACT07567,C03,03/10/2025
FACT01166,C04,07/02/2025
FACT03199,C10,11/04/2025
FACT05168,C10,02/07/2025
FACT00837,C07,17/02/2025
FACT01349,C05,28/02/2025
FACT07672,C03,18/10/2025
FACT00630,C01,16/01/2025
FACT06978,C06,13/09/2025
FACT03602,C06,18/05/2025
FACT00987,C05,08/02/2025
FACT06392,C02,24/08/2025
FACT07903,C08,12/10/2025
FACT03484,C05,20/05/2025
FACT00179,C06,30/01/2025
FACT03303,C05,16/04/2025
FACT02856,C02,21/04/2025
FACT03837,C06,25/05/2025
FACT01680,C07,18/03/2025
FACT07524,C02,14/10/2025
FACT07683,C01,03/10/2025
FACT04280,C06,11/06/2025
FACT02388,C07,04/03/2025
FACT05088,C08,26/07/2025
FACT02714,C08,25/04/2025
FACT05568,C08,20/07/2025
FACT07103,C03,06/09/2025
FACT01648,C03,09/02/2025
FACT07382,C08,23/09/2025
FACT07745,C09,18/10/2025
FACT00249,C10,07/01/2025
FACT09863,C10,21/12/2025
FACT09705,C03,20/12/2025
FACT07140,C01,08/09/2025
FACT00428,C09,09/01/2025
FACT00374,C01,21/01/2025
FACT07943,C03,04/10/2025
FACT03832,C04,21/05/2025
FACT00551,C06,20/01/2025
FACT07550,C01,13/10/2025
FACT01408,C10,17/02/2025
FACT03001,C09,30/04/2025
FACT05898,C06,27/08/2025
FACT04452,C01,16/06/2025
FACT08287,C02,17/10/2025
FACT05314,C04,23/07/2025
FACT03446,C05,15/05/2025
FACT07012,C06,05/09/2025
FACT01482,C06,05/02/2025
FACT03895,C01,23/05/2025
FACT04768,C05,19/06/2025
FACT06316,C03,02/08/2025
FACT03210,C09,17/04/2025
FACT03385,C05,27/05/2025
FACT00656,C09,10/01/2025
FACT06651,C06,30/08/2025
FACT06597,C07,22/08/2025
FACT05262,C07,04/07/2025
FACT08017,C08,11/10/2025
FACT09389,C05,11/12/2025
FACT04796,C09,17/06/2025
FACT08972,C02,06/11/2025
FACT00217,C10,29/01/2025
FACT03588,C05,27/05/2025
FACT00610,C10,27/01/2025
FACT02555,C10,21/04/2025
FACT00572,C09,22/01/2025
FACT00553,C03,26/01/2025
FACT00544,C10,22/01/2025
FACT03736,C07,18/05/2025
FACT07707,C09,15/10/2025
FACT03024,C10,17/04/2025
FACT05478,C02,22/07/2025
FACT02833,C03,30/04/2025
FACT09017,C07,02/11/2025
FACT02813,C09,10/04/2025
FACT06144,C06,16/08/2025
FACT03898,C02,09/05/2025
FACT08612,C01,28/11/2025
FACT01221,C07,21/02/2025
FACT08395,C09,12/11/2025
FACT03793,C05,11/05/2025
FACT08313,C06,31/10/2025
FACT04549,C07,15/06/2025
FACT04421,C03,24/06/2025
FACT08052,C09,04/10/2025
FACT07011,C07,09/09/2025
FACT09181,C10,04/12/2025
FACT00212,C07,23/01/2025
FACT09817,C01,30/12/2025
FACT03346,C06,07/04/2025
FACT05723,C07,12/07/2025
FACT00673,C07,09/01/2025
FACT00404,C07,15/01/2025
FACT01612,C04,10/02/2025
FACT00107,C06,23/01/2025
FACT05093,C07,14/07/2025
FACT02127,C03,27/03/2025
FACT07499,C06,28/09/2025
FACT00466,C02,23/01/2025
FACT05863,C04,22/08/2025
FACT08631,C03,28/11/2025
FACT07134,C02,28/09/2025
FACT02192,C08,08/03/2025
FACT07591,C04,29/10/2025
FACT09755,C09,12/12/2025
FACT02085,C03,19/03/2025
FACT01357,C10,12/02/2025
FACT00885,C09,22/02/2025
FACT05942,C03,24/08/2025
FACT05027,C06,26/07/2025
FACT01980,C04,12/03/2025
FACT01216,C07,15/02/2025
FACT08201,C02,25/10/2025
FACT05278,C05,14/07/2025
FACT04394,C03,08/06/2025
FACT03051,C08,17/04/2025
FACT04358,C09,21/06/2025
FACT08681,C07,16/11/2025
FACT01278,C05,06/02/2025
FACT07182,C05,04/09/2025
FACT09353,C01,04/12/2025
FACT08662,C03,10/11/2025
FACT07469,C08,16/09/2025
FACT04750,C06,12/06/2025
FACT03179,C10,08/04/2025
FACT02312,C06,15/03/2025
FACT01645,C09,20/02/2025
FACT00423,C07,23/01/2025
FACT09680,C02,18/12/2025
FACT03983,C06,16/05/2025
FACT06436,C09,11/08/2025
FACT03508,C04,15/05/2025
FACT05944,C10,21/08/2025
FACT03326,C03,14/04/2025
FACT09774,C03,04/12/2025
FACT05040,C10,25/07/2025
FACT07079,C08,17/09/2025
FACT00416,C06,25/01/2025
FACT06979,C02,08/09/2025
FACT02704,C02,30/04/2025
FACT06590,C04,29/08/2025
FACT06504,C06,31/08/2025
FACT05303,C08,16/07/2025
FACT03943,C04,24/05/2025
FACT00431,C10,09/01/2025
FACT05604,C02,13/07/2025
FACT00160,C04,07/01/2025
FACT07991,C10,20/10/2025
FACT03796,C08,16/05/2025
FACT06491,C01,05/08/2025
FACT05724,C07,18/07/2025
FACT02772,C03,04/04/2025
FACT08749,C07,28/11/2025
FACT04535,C01,30/06/2025
FACT07345,C08,28/09/2025
FACT05025,C10,25/07/2025
FACT02374,C09,31/03/2025
FACT08648,C02,14/11/2025
FACT08400,C08,12/11/2025
FACT05199,C08,22/07/2025
FACT07486,C08,25/09/2025
FACT06505,C04,29/08/2025
FACT02634,C03,30/04/2025
FACT03126,C08,05/04/2025
FACT01342,C01,01/02/2025
FACT03230,C05,30/04/2025
FACT02186,C06,04/03/2025
FACT06025,C01,01/08/2025
FACT05467,C07,09/07/2025
FACT09435,C09,06/12/2025
FACT08206,C10,07/10/2025
FACT06181,C10,24/08/2025
FACT09980,C06,06/12/2025
FACT04526,C09,06/06/2025
FACT02660,C08,11/04/2025
FACT01683,C10,05/03/2025
FACT07379,C06,15/09/2025
FACT09990,C09,31/12/2025
FACT03222,C08,21/04/2025
FACT04776,C07,26/06/2025
FACT00679,C01,28/01/2025
FACT03341,C04,17/04/2025
FACT08807,C01,12/11/2025
FACT09187,C02,13/12/2025
FACT09809,C05,30/12/2025
FACT00973,C05,23/02/2025
FACT03353,C08,26/04/2025
FACT02214,C06,19/03/2025
FACT03214,C04,03/04/2025
FACT07833,C05,06/10/2025
FACT01252,C03,11/02/2025
FACT06343,C02,06/08/2025
FACT06350,C10,13/08/2025
FACT08130,C09,25/10/2025
FACT01302,C09,25/02/2025
FACT04017,C08,06/05/2025
FACT04293,C06,15/06/2025
FACT00043,C09,04/01/2025
FACT06710,C02,28/09/2025
FACT07940,C04,24/10/2025
FACT05352,C04,17/07/2025
FACT09656,C06,19/12/2025
FACT05648,C01,01/07/2025
FACT07322,C07,23/09/2025
FACT08725,C02,03/11/2025
FACT03687,C10,29/05/2025
FACT01661,C08,12/02/2025
FACT03707,C02,10/05/2025
FACT07246,C09,04/09/2025
FACT06127,C03,08/08/2025
FACT02750,C07,11/04/2025
FACT08208,C02,16/10/2025
FACT09626,C01,03/12/2025
FACT07389,C01,13/09/2025
FACT06220,C10,08/08/2025
FACT03247,C05,16/04/2025
FACT09332,C02,02/12/2025
FACT05539,C10,02/07/2025
FACT04874,C02,26/06/2025
FACT01769,C03,06/03/2025
FACT03170,C10,24/04/2025
FACT08699,C06,03/11/2025
FACT05402,C09,28/07/2025
FACT04030,C05,24/05/2025
FACT01943,C05,23/03/2025
FACT03223,C03,22/04/2025
FACT01501,C05,18/02/2025
FACT08276,C06,10/10/2025
FACT07413,C02,06/09/2025
FACT06371,C05,13/08/2025
FACT08124,C04,13/10/2025
FACT04485,C01,18/06/2025
FACT02587,C03,08/04/2025
FACT00729,C04,09/01/2025
FACT06871,C06,03/09/2025
FACT02771,C08,18/04/2025
FACT06415,C06,16/08/2025
FACT04694,C03,06/06/2025
FACT08750,C06,29/11/2025
FACT05828,C05,17/07/2025
FACT09253,C01,03/12/2025
FACT03071,C03,19/04/2025
FACT04659,C10,15/06/2025
FACT05718,C02,03/07/2025
FACT08593,C03,29/11/2025
FACT08894,C02,02/11/2025
FACT01440,C02,08/02/2025
FACT02125,C03,28/03/2025
FACT02916,C02,04/04/2025
FACT02489,C02,14/03/2025
FACT05214,C03,30/07/2025
FACT09995,C03,07/12/2025
FACT03880,C10,31/05/2025
FACT02596,C03,23/04/2025
FACT04657,C06,03/06/2025
FACT03882,C06,27/05/2025
FACT08346,C02,11/11/2025
FACT08563,C08,20/11/2025
FACT03398,C06,13/05/2025
FACT04470,C04,06/06/2025
FACT00129,C05,25/01/2025
FACT06199,C10,23/08/2025
FACT00600,C10,05/01/2025
FACT01055,C07,16/02/2025
FACT04521,C05,22/06/2025
FACT02025,C07,06/03/2025
FACT09100,C09,13/11/2025
FACT04948,C03,27/06/2025
FACT04003,C03,08/05/2025
FACT03685,C08,05/05/2025
FACT03428,C07,28/05/2025
FACT05034,C01,19/07/2025
FACT04049,C02,12/05/2025
FACT01731,C10,30/03/2025
FACT02056,C01,11/03/2025
FACT00078,C08,24/01/2025
FACT06100,C09,11/08/2025
FACT03110,C05,30/04/2025
FACT08263,C09,05/10/2025
FACT01210,C08,06/02/2025
FACT08033,C08,25/10/2025
FACT00522,C06,13/01/2025
FACT06722,C08,09/09/2025
FACT03804,C09,18/05/2025
FACT01288,C03,14/02/2025
FACT08293,C04,30/10/2025
FACT05924,C06,31/08/2025
FACT04855,C07,14/06/2025
FACT02111,C05,30/03/2025
FACT04142,C05,08/05/2025
FACT02837,C08,26/04/2025
FACT08712,C04,11/11/2025
FACT03808,C06,01/05/2025
FACT06855,C04,06/09/2025
FACT07178,C04,29/09/2025
FACT06085,C06,20/08/2025
FACT00655,C04,14/01/2025
FACT00262,C07,15/01/2025
FACT00827,C02,09/01/2025
FACT01756,C06,13/03/2025
FACT01794,C06,03/03/2025
FACT08043,C05,27/10/2025
FACT08774,C01,24/11/2025
FACT01377,C05,26/02/2025
FACT06354,C09,23/08/2025
FACT01451,C07,21/02/2025
FACT00445,C09,23/01/2025
FACT07340,C08,07/09/2025
FACT02001,C05,07/03/2025
FACT05841,C06,16/08/2025
FACT08660,C07,01/11/2025
FACT00388,C04,07/01/2025
FACT08323,C02,11/10/2025
FACT00331,C10,24/01/2025
FACT08417,C03,26/11/2025
FACT09686,C04,15/12/2025
FACT03291,C05,19/04/2025
FACT09768,C06,26/12/2025
FACT03141,C09,19/04/2025
FACT03238,C10,13/04/2025
FACT00694,C09,18/01/2025
FACT04839,C10,03/06/2025
FACT02276,C05,28/03/2025
FACT04068,C08,09/05/2025
FACT07488,C07,20/09/2025
FACT04464,C10,29/06/2025
FACT05087,C09,28/07/2025
FACT03078,C01,22/04/2025
FACT08516,C07,06/11/2025
FACT05163,C03,30/07/2025
FACT01758,C02,13/03/2025
FACT04499,C07,03/06/2025
FACT02213,C08,24/03/2025
FACT09777,C08,03/12/2025
FACT05221,C04,18/07/2025
FACT03279,C01,02/04/2025
FACT02247,C08,18/03/2025
FACT06818,C05,01/09/2025
FACT07071,C04,25/09/2025
FACT04998,C09,29/06/2025
FACT03581,C05,21/05/2025
FACT09592,C06,15/12/2025
FACT07566,C09,07/10/2025
FACT04556,C04,03/06/2025
FACT04146,C07,17/05/2025
FACT09652,C05,24/12/2025
FACT08969,C05,30/11/2025
FACT08962,C05,19/11/2025
FACT01631,C07,12/02/2025
FACT04975,C09,09/06/2025
FACT04562,C01,26/06/2025
FACT07632,C01,26/10/2025
FACT08315,C10,21/10/2025
FACT06240,C03,03/08/2025
FACT05958,C08,03/08/2025
FACT05931,C01,15/08/2025
FACT09620,C08,17/12/2025
FACT09729,C08,14/12/2025
FACT08935,C01,11/11/2025
FACT07122,C02,23/09/2025
FACT05394,C07,09/07/2025
FACT08110,C08,23/10/2025
FACT01813,C06,03/03/2025
FACT07777,C09,23/10/2025
FACT03312,C04,28/04/2025
FACT06638,C01,11/08/2025
FACT07220,C06,15/09/2025
FACT07035,C04,16/09/2025
FACT02141,C07,03/03/2025
FACT02207,C06,08/03/2025
FACT03899,C03,04/05/2025
FACT03207,C08,10/04/2025
FACT09381,C04,27/12/2025
FACT09049,C08,20/11/2025
FACT02154,C03,10/03/2025
FACT03393,C05,10/05/2025
FACT09364,C01,25/12/2025
FACT06940,C05,28/09/2025
FACT01012,C03,02/02/2025
FACT04086,C04,02/05/2025
FACT06893,C09,25/09/2025
FACT01883,C01,06/03/2025
FACT04273,C10,02/06/2025
FACT03849,C05,03/05/2025
FACT04926,C01,02/06/2025
FACT00244,C05,23/01/2025
FACT02965,C03,03/04/2025
FACT06097,C03,05/08/2025
FACT07156,C04,16/09/2025
FACT00561,C05,18/01/2025
FACT06429,C02,05/08/2025
FACT03425,C06,05/05/2025
FACT03913,C06,01/05/2025
FACT02131,C08,27/03/2025
FACT01441,C04,06/02/2025
FACT00764,C01,01/01/2025
FACT05975,C08,14/08/2025
FACT09886,C07,01/12/2025
FACT00961,C03,25/02/2025
FACT00669,C06,08/01/2025
FACT01175,C10,27/02/2025
FACT05423,C02,22/07/2025
FACT06225,C04,28/08/2025
FACT03653,C08,25/05/2025
FACT01217,C07,02/02/2025
FACT03093,C10,28/04/2025
FACT02086,C10,28/03/2025
FACT08889,C02,24/11/2025
FACT01406,C05,11/02/2025
FACT03872,C07,20/05/2025
FACT09636,C03,08/12/2025
FACT05655,C04,31/07/2025
FACT06311,C06,06/08/2025
FACT08116,C09,20/10/2025
FACT08691,C04,06/11/2025
FACT00479,C10,17/01/2025
FACT07478,C02,15/09/2025
FACT04235,C08,08/06/2025
FACT03377,C08,25/05/2025
FACT08178,C01,01/10/2025
FACT01704,C02,30/03/2025
FACT06427,C05,10/08/2025
FACT02649,C07,19/04/2025
FACT05514,C10,16/07/2025
FACT07703,C05,18/10/2025
FACT00547,C01,06/01/2025
FACT02487,C07,31/03/2025
FACT06860,C05,15/09/2025
FACT04656,C08,10/06/2025
FACT09483,C06,25/12/2025
FACT01183,C05,28/02/2025
FACT03471,C10,14/05/2025
FACT08859,C09,29/11/2025
FACT03725,C04,19/05/2025
FACT01688,C06,05/03/2025
FACT04761,C07,01/06/2025
FACT08334,C05,24/11/2025
FACT09730,C10,18/12/2025
FACT00300,C09,07/01/2025
FACT08967,C03,28/11/2025
FACT05540,C09,22/07/2025
FACT09268,C08,09/12/2025
FACT05989,C07,04/08/2025
FACT08518,C03,25/11/2025
FACT04608,C09,24/06/2025
FACT08002,C07,12/10/2025
FACT01418,C08,16/02/2025
FACT00911,C10,06/02/2025
FACT06498,C02,13/08/2025
FACT03422,C04,03/05/2025
FACT00380,C09,07/01/2025
FACT02533,C02,16/04/2025
FACT08541,C04,14/11/2025
FACT07072,C02,14/09/2025
FACT08983,C09,29/11/2025
FACT00426,C02,01/01/2025
FACT07811,C09,12/10/2025
FACT07977,C09,24/10/2025
FACT03770,C07,25/05/2025
FACT04738,C01,26/06/2025
FACT04848,C09,18/06/2025
FACT05454,C10,23/07/2025
FACT01643,C10,22/02/2025
FACT03348,C08,21/04/2025
FACT05327,C06,18/07/2025
FACT00890,C06,23/02/2025
FACT00792,C07,06/01/2025
FACT02793,C07,29/04/2025
FACT05978,C05,29/08/2025
FACT03814,C06,14/05/2025
FACT02020,C09,08/03/2025
FACT04419,C04,25/06/2025
FACT00395,C09,27/01/2025
FACT05429,C02,17/07/2025
FACT03929,C04,11/05/2025
FACT01919,C04,31/03/2025
FACT06477,C03,21/08/2025
FACT08364,C03,10/11/2025
FACT04013,C03,30/05/2025
FACT02348,C04,21/03/2025
FACT03994,C01,08/05/2025
FACT03407,C07,23/05/2025
FACT06861,C01,06/09/2025
FACT09146,C08,09/11/2025
FACT02306,C08,16/03/2025
FACT05575,C06,01/07/2025
FACT09615,C02,14/12/2025
FACT04555,C09,04/06/2025
FACT02282,C05,25/03/2025
FACT04830,C08,07/06/2025
FACT02912,C01,17/04/2025
FACT09222,C06,27/12/2025
FACT02926,C07,01/04/2025
FACT03714,C07,26/05/2025
FACT00052,C07,18/01/2025
FACT08626,C08,25/11/2025
FACT09810,C07,13/12/2025
FACT09746,C07,29/12/2025
FACT05537,C08,02/07/2025
FACT04766,C03,30/06/2025
FACT00085,C04,10/01/2025
FACT03631,C02,04/05/2025
FACT01820,C03,04/03/2025
FACT00284,C09,02/01/2025
FACT08260,C06,31/10/2025
FACT09601,C08,09/12/2025
FACT01860,C01,25/03/2025
FACT00237,C03,28/01/2025
FACT03510,C10,17/05/2025
FACT00360,C03,17/01/2025
FACT01973,C04,26/03/2025
FACT02331,C05,04/03/2025
FACT06440,C02,30/08/2025
FACT04981,C05,16/06/2025
FACT02878,C07,15/04/2025
FACT09363,C09,17/12/2025
FACT08220,C09,10/10/2025
FACT00196,C04,18/01/2025
FACT05616,C08,27/07/2025
FACT04124,C02,04/05/2025
FACT07535,C03,04/10/2025
FACT06993,C10,13/09/2025
FACT03449,C02,28/05/2025
FACT06997,C04,05/09/2025
FACT04589,C09,05/06/2025
FACT00387,C01,23/01/2025
FACT00106,C05,03/01/2025
FACT09566,C04,18/12/2025
FACT00813,C03,17/01/2025
FACT01400,C04,23/02/2025
FACT02285,C10,10/03/2025
FACT03719,C02,16/05/2025
FACT07371,C03,27/09/2025
FACT09261,C08,10/12/2025
FACT00232,C09,27/01/2025
FACT07511,C05,06/10/2025
FACT02098,C07,11/03/2025
FACT00463,C06,16/01/2025
FACT00440,C02,18/01/2025
FACT00272,C07,05/01/2025
FACT06160,C08,27/08/2025
FACT02546,C07,10/04/2025
FACT04079,C04,06/05/2025
FACT08324,C07,31/10/2025
FACT05348,C01,22/07/2025
FACT02195,C09,28/03/2025
FACT06988,C01,08/09/2025
FACT09546,C08,14/12/2025
FACT01258,C04,18/02/2025
FACT02335,C10,02/03/2025
FACT02460,C10,24/03/2025
FACT02118,C08,28/03/2025
FACT08181,C02,01/10/2025
FACT03043,C09,04/04/2025
FACT02730,C08,09/04/2025
FACT09874,C06,17/12/2025
FACT06784,C04,02/09/2025
FACT09254,C02,03/12/2025
FACT07355,C01,19/09/2025
FACT07695,C05,21/10/2025
FACT04588,C09,12/06/2025
FACT05856,C05,05/08/2025
FACT09751,C04,11/12/2025
FACT06063,C09,31/08/2025
FACT07394,C01,09/09/2025
FACT07287,C07,29/09/2025
FACT07466,C02,14/09/2025
FACT09033,C03,30/11/2025
FACT08915,C10,27/11/2025
FACT09158,C01,11/12/2025
FACT04760,C07,16/06/2025
FACT00519,C08,23/01/2025
FACT09394,C06,28/12/2025
FACT09480,C02,06/12/2025
FACT04241,C07,18/06/2025
FACT08922,C03,06/11/2025
FACT00066,C05,03/01/2025
FACT01125,C10,14/02/2025
FACT04907,C04,08/06/2025
FACT03697,C09,14/05/2025
FACT04440,C08,14/06/2025
FACT07706,C09,27/10/2025
FACT09851,C10,11/12/2025
FACT05787,C10,06/07/2025
FACT05722,C08,11/07/2025
FACT03157,C10,15/04/2025
FACT02156,C10,14/03/2025
FACT06645,C05,21/08/2025
FACT04050,C09,17/05/2025
FACT06673,C10,12/08/2025
FACT05762,C07,16/07/2025
FACT08778,C02,15/11/2025
FACT04361,C07,19/06/2025
FACT05384,C07,18/07/2025
FACT07042,C10,05/09/2025
FACT02066,C02,27/03/2025
FACT01394,C10,11/02/2025
FACT02373,C10,14/03/2025
FACT07074,C09,21/09/2025
FACT02244,C10,14/03/2025
FACT01403,C04,24/02/2025
FACT06935,C09,23/09/2025
FACT00341,C06,10/01/2025
FACT00451,C07,29/01/2025
FACT03204,C01,15/04/2025
FACT06585,C01,12/08/2025
FACT01590,C09,09/02/2025
FACT08930,C04,09/11/2025
FACT06312,C07,12/08/2025
FACT08708,C02,29/11/2025
FACT02497,C08,07/03/2025
FACT09696,C02,05/12/2025
FACT04324,C02,18/06/2025
FACT03790,C09,28/05/2025
FACT00932,C10,03/02/2025
FACT01290,C04,12/02/2025
FACT07839,C04,08/10/2025
FACT08982,C10,10/11/2025
FACT06142,C03,24/08/2025
FACT00059,C07,23/01/2025
FACT06862,C08,21/09/2025
FACT05258,C08,20/07/2025
FACT00312,C06,18/01/2025
FACT02434,C07,25/03/2025
FACT00807,C05,19/01/2025
FACT03544,C01,31/05/2025
FACT01024,C02,17/02/2025
FACT07422,C09,18/09/2025
FACT07770,C01,02/10/2025
FACT09770,C03,09/12/2025
FACT01522,C04,01/02/2025
FACT03066,C07,27/04/2025
FACT02416,C09,20/03/2025
FACT07843,C07,11/10/2025
FACT05424,C08,26/07/2025
FACT03167,C08,28/04/2025
FACT06324,C01,19/08/2025
FACT07748,C10,24/10/2025
FACT00287,C07,08/01/2025
FACT01354,C08,24/02/2025
FACT07928,C06,24/10/2025
FACT06298,C06,19/08/2025
FACT01753,C07,23/03/2025
FACT09917,C05,05/12/2025
FACT05208,C01,01/07/2025
FACT01365,C08,22/02/2025
FACT02342,C01,26/03/2025
FACT07387,C08,29/09/2025
FACT01829,C06,29/03/2025
FACT07001,C01,18/09/2025
FACT03568,C01,16/05/2025
FACT00008,C09,16/01/2025
FACT09398,C04,28/12/2025
FACT06467,C04,15/08/2025
FACT06551,C02,23/08/2025
FACT04571,C04,13/06/2025
FACT01360,C08,22/02/2025
FACT05141,C04,14/07/2025
FACT00063,C08,01/01/2025
FACT07204,C07,13/09/2025
FACT05148,C02,16/07/2025
FACT05203,C10,05/07/2025
FACT03464,C02,28/05/2025
FACT06319,C01,19/08/2025
FACT08138,C06,23/10/2025
FACT06000,C09,11/08/2025
FACT02576,C06,05/04/2025
FACT06325,C02,14/08/2025
FACT06913,C07,04/09/2025
FACT06953,C04,06/09/2025
FACT03027,C01,05/04/2025
FACT05122,C10,09/07/2025
FACT08575,C10,03/11/2025
FACT04811,C04,22/06/2025
FACT06045,C07,15/08/2025
FACT00195,C03,28/01/2025
FACT00976,C01,12/02/2025
FACT05449,C02,06/07/2025
FACT04083,C10,24/05/2025
FACT06015,C07,05/08/2025
FACT04111,C10,21/05/2025
FACT07697,C08,17/10/2025
FACT08920,C04,23/11/2025
FACT01985,C03,03/03/2025
FACT05635,C01,18/07/2025
FACT09922,C05,05/12/2025
FACT00776,C09,22/01/2025
FACT01383,C07,15/02/2025
FACT06241,C03,03/08/2025
FACT06465,C06,12/08/2025
FACT05074,C07,06/07/2025
FACT08230,C01,29/10/2025
FACT05556,C02,20/07/2025
FACT03053,C05,29/04/2025
FACT07596,C09,19/10/2025
FACT06002,C07,10/08/2025
FACT02329,C08,28/03/2025
FACT08661,C02,28/11/2025
FACT00295,C09,25/01/2025
FACT05533,C08,19/07/2025
FACT01444,C02,24/02/2025
FACT09956,C07,21/12/2025
FACT00748,C02,22/01/2025
FACT04802,C02,18/06/2025
FACT01798,C04,17/03/2025
FACT03638,C05,28/05/2025
FACT06891,C08,23/09/2025
FACT07360,C01,04/09/2025
FACT02142,C03,04/03/2025
FACT06382,C09,25/08/2025
FACT04290,C07,08/06/2025
FACT09326,C08,05/12/2025
FACT09128,C02,22/11/2025
FACT07937,C06,13/10/2025
FACT09259,C09,14/12/2025
FACT07033,C05,28/09/2025
FACT01558,C07,10/02/2025
FACT03612,C08,07/05/2025
FACT08036,C03,20/10/2025
FACT07838,C01,04/10/2025
FACT07137,C06,19/09/2025
FACT08354,C02,15/11/2025
FACT02175,C06,11/03/2025
FACT07951,C10,23/10/2025
FACT07460,C07,01/09/2025
FACT07737,C08,19/10/2025
FACT06262,C07,20/08/2025
FACT00223,C03,17/01/2025
FACT04664,C02,20/06/2025
FACT06666,C06,02/08/2025
FACT00419,C08,24/01/2025
FACT01127,C06,27/02/2025
FACT08099,C09,23/10/2025
FACT06820,C05,20/09/2025
FACT03057,C02,07/04/2025
FACT09824,C09,10/12/2025
FACT09264,C10,04/12/2025
FACT09106,C01,21/11/2025
FACT06098,C05,05/08/2025
FACT06539,C10,08/08/2025
FACT04513,C10,20/06/2025
FACT02352,C10,20/03/2025
FACT06290,C05,26/08/2025
FACT02764,C01,14/04/2025
FACT03019,C05,10/04/2025
FACT01856,C05,08/03/2025
FACT06196,C10,25/08/2025
FACT08411,C06,15/11/2025
FACT05277,C01,28/07/2025
FACT03305,C06,07/04/2025
FACT06221,C06,06/08/2025
FACT00721,C07,03/01/2025
FACT07457,C03,04/09/2025
FACT09141,C06,17/11/2025
FACT06318,C03,19/08/2025
FACT09492,C10,26/12/2025
FACT01093,C09,26/02/2025
FACT04662,C07,19/06/2025
FACT01376,C05,20/02/2025
FACT07803,C08,01/10/2025
FACT04754,C02,30/06/2025
FACT02874,C09,21/04/2025
FACT07289,C04,28/09/2025
FACT05294,C02,15/07/2025
FACT07541,C08,29/10/2025
FACT02723,C07,19/04/2025
FACT04373,C01,25/06/2025
FACT07907,C02,31/10/2025
FACT06570,C02,11/08/2025
FACT04087,C04,21/05/2025
FACT05229,C08,27/07/2025
FACT01317,C01,17/02/2025
FACT03873,C06,30/05/2025
FACT04156,C05,06/05/2025
FACT05316,C10,15/07/2025
FACT04366,C05,10/06/2025
FACT06812,C04,20/09/2025
FACT00878,C05,05/02/2025
FACT08478,C03,28/11/2025
FACT09918,C02,16/12/2025
FACT09893,C05,11/12/2025
FACT04824,C04,07/06/2025
FACT00858,C07,27/02/2025
FACT00135,C08,12/01/2025
FACT06421,C04,26/08/2025
FACT00693,C08,04/01/2025
FACT07993,C08,02/10/2025
FACT06532,C08,12/08/2025
FACT02135,C06,28/03/2025
FACT08277,C02,21/10/2025
FACT09528,C10,20/12/2025
FACT00907,C09,15/02/2025
FACT01783,C07,06/03/2025
FACT09063,C09,12/11/2025
FACT01318,C08,10/02/2025
FACT01571,C06,08/02/2025
FACT09251,C03,05/12/2025
FACT05228,C01,14/07/2025
FACT04181,C03,13/05/2025
FACT05504,C09,12/07/2025
FACT07192,C01,12/09/2025
FACT04804,C05,15/06/2025
FACT04331,C06,12/06/2025
FACT03839,C02,07/05/2025
FACT09720,C07,26/12/2025
FACT03965,C02,27/05/2025
FACT07792,C05,17/10/2025
FACT06910,C03,07/09/2025
FACT04469,C09,28/06/2025
FACT07349,C10,23/09/2025
FACT01975,C03,20/03/2025
FACT09487,C07,24/12/2025
FACT05159,C06,22/07/2025
FACT00103,C04,21/01/2025
FACT01412,C10,10/02/2025
FACT06213,C06,15/08/2025
FACT08352,C06,13/11/2025
FACT08538,C06,01/11/2025
FACT08663,C05,13/11/2025
FACT02257,C08,26/03/2025
FACT00202,C07,21/01/2025
FACT06548,C09,16/08/2025
FACT00187,C10,28/01/2025
FACT09885,C06,11/12/2025
FACT03080,C08,12/04/2025
FACT07070,C09,19/09/2025
FACT00176,C04,12/01/2025
FACT03575,C10,14/05/2025
FACT00797,C05,25/01/2025
FACT05431,C06,13/07/2025
FACT01738,C08,03/03/2025
FACT09870,C09,30/12/2025
FACT07581,C02,10/10/2025
FACT08745,C02,23/11/2025
FACT07717,C10,15/10/2025
FACT00526,C10,28/01/2025
FACT06118,C03,31/08/2025
FACT06668,C04,04/08/2025
FACT03492,C01,06/05/2025
FACT05613,C09,04/07/2025
FACT09442,C07,10/12/2025
FACT06513,C02,16/08/2025
FACT06507,C09,30/08/2025
FACT07151,C03,29/09/2025
FACT07426,C10,20/09/2025
FACT09848,C08,11/12/2025
FACT01016,C02,15/02/2025
FACT06656,C10,26/08/2025
FACT07171,C04,27/09/2025
FACT08143,C09,01/10/2025
FACT03338,C08,12/04/2025
FACT02149,C01,12/03/2025
FACT04627,C03,03/06/2025
FACT00908,C10,19/02/2025
FACT05607,C08,11/07/2025
FACT00122,C07,02/01/2025
FACT04966,C01,02/06/2025
FACT09517,C07,25/12/2025
FACT06081,C03,17/08/2025
FACT04777,C03,21/06/2025
FACT03888,C06,11/05/2025
FACT04704,C06,11/06/2025
FACT01460,C01,25/02/2025
FACT07696,C09,20/10/2025
FACT04764,C03,17/06/2025
FACT08809,C07,12/11/2025
FACT05105,C04,08/07/2025
FACT09712,C01,03/12/2025
FACT06848,C05,16/09/2025
FACT00860,C02,22/02/2025
FACT07120,C07,09/09/2025
FACT06857,C06,08/09/2025
FACT09091,C01,29/11/2025
FACT08653,C04,05/11/2025
FACT03607,C01,08/05/2025
FACT02646,C03,07/04/2025
FACT01370,C01,24/02/2025
FACT04491,C02,03/06/2025
FACT08743,C01,06/11/2025
FACT03716,C06,18/05/2025
FACT02179,C03,20/03/2025
FACT06966,C06,25/09/2025
FACT00254,C01,10/01/2025
FACT01146,C06,03/02/2025
FACT08442,C03,09/11/2025
FACT00467,C04,17/01/2025
FACT01113,C05,20/02/2025
FACT00001,C06,16/01/2025
FACT00992,C07,10/02/2025
FACT09638,C04,21/12/2025
FACT06705,C04,15/09/2025
FACT09629,C03,03/12/2025
FACT01935,C03,12/03/2025
FACT06054,C04,22/08/2025
FACT00614,C09,13/01/2025
FACT05019,C07,15/06/2025
FACT06662,C08,22/08/2025
FACT02898,C01,13/04/2025
FACT06016,C02,26/08/2025
FACT02877,C07,18/04/2025
FACT04337,C05,19/06/2025
FACT09194,C10,08/12/2025
FACT08927,C05,06/11/2025
FACT05193,C09,08/07/2025
FACT05096,C07,23/07/2025
FACT00632,C05,05/01/2025
FACT05374,C08,25/07/2025
FACT04742,C09,04/06/2025
FACT03135,C03,19/04/2025
FACT05953,C01,12/08/2025
FACT09501,C10,12/12/2025
FACT00769,C01,01/01/2025
FACT08068,C06,28/10/2025
FACT02073,C06,21/03/2025
FACT05188,C04,29/07/2025
FACT00601,C06,18/01/2025
FACT04563,C04,06/06/2025
FACT02078,C09,16/03/2025
FACT04505,C05,23/06/2025
FACT07862,C06,22/10/2025
FACT02221,C06,13/03/2025
FACT07691,C09,03/10/2025
FACT01413,C04,26/02/2025
FACT02755,C07,11/04/2025
FACT09066,C04,16/11/2025
FACT09617,C06,24/12/2025
FACT07152,C01,14/09/2025
FACT02413,C01,01/03/2025
FACT04091,C02,17/05/2025
FACT04748,C10,07/06/2025
FACT01706,C10,08/03/2025
FACT01143,C04,09/02/2025
FACT03436,C09,05/05/2025
FACT01138,C04,04/02/2025
FACT00800,C05,20/01/2025
FACT07285,C09,15/09/2025
FACT02706,C02,05/04/2025
FACT08572,C05,10/11/2025
FACT08987,C03,18/11/2025
FACT08203,C02,11/10/2025
FACT04476,C10,13/06/2025
FACT00818,C03,13/01/2025
FACT05732,C07,25/07/2025
FACT00781,C03,26/01/2025
FACT02379,C09,06/03/2025
FACT02395,C05,24/03/2025
FACT03593,C06,13/05/2025
FACT07959,C02,06/10/2025
FACT02690,C06,09/04/2025
FACT04864,C07,12/06/2025
FACT05247,C06,11/07/2025
FACT04559,C01,20/06/2025
FACT09502,C09,04/12/2025
FACT05131,C09,19/07/2025
FACT00115,C10,06/01/2025
FACT06554,C04,14/08/2025
FACT04460,C09,13/06/2025
FACT03698,C10,03/05/2025
FACT08340,C02,08/11/2025
FACT02359,C06,21/03/2025
FACT08968,C06,20/11/2025
FACT07051,C02,05/09/2025
FACT07644,C07,31/10/2025
FACT02259,C09,15/03/2025
FACT09418,C05,17/12/2025
FACT09467,C09,14/12/2025
FACT02229,C01,30/03/2025
FACT01831,C07,17/03/2025
FACT02289,C09,12/03/2025
FACT03380,C03,18/05/2025
FACT04139,C06,16/05/2025
FACT02510,C05,11/04/2025
FACT07652,C04,19/10/2025
FACT08677,C08,27/11/2025
FACT01867,C04,30/03/2025
FACT01280,C10,03/02/2025
FACT03971,C04,13/05/2025
FACT07119,C03,23/09/2025
FACT09547,C04,16/12/2025
FACT00532,C06,30/01/2025
FACT09182,C02,29/12/2025
FACT02083,C04,12/03/2025
FACT09797,C05,27/12/2025
FACT05511,C09,13/07/2025
FACT00951,C09,15/02/2025
FACT07861,C01,12/10/2025
FACT05197,C07,31/07/2025
FACT01094,C06,11/02/2025
FACT03646,C08,19/05/2025
FACT03443,C02,30/05/2025
FACT06884,C08,27/09/2025
FACT09672,C03,27/12/2025
FACT07357,C10,26/09/2025
FACT05484,C10,06/07/2025
FACT05211,C02,08/07/2025
FACT01340,C04,06/02/2025
FACT06872,C06,08/09/2025
FACT05685,C01,17/07/2025
FACT00667,C09,04/01/2025
FACT01748,C09,06/03/2025
FACT00441,C01,15/01/2025
FACT09064,C09,17/11/2025
FACT06758,C06,14/09/2025
FACT04268,C09,27/06/2025
FACT00699,C04,29/01/2025
FACT00170,C10,12/01/2025
FACT00779,C10,22/01/2025
FACT05117,C10,03/07/2025
FACT07228,C06,15/09/2025
FACT07945,C08,12/10/2025
FACT09723,C01,19/12/2025
FACT04655,C05,15/06/2025
FACT07374,C10,24/09/2025
FACT00653,C10,27/01/2025
FACT07090,C05,30/09/2025
FACT09371,C07,03/12/2025
FACT04771,C09,22/06/2025
FACT06158,C09,10/08/2025
FACT09258,C03,04/12/2025
FACT09493,C05,17/12/2025
FACT07240,C07,16/09/2025
FACT04529,C03,08/06/2025
FACT06515,C02,07/08/2025
FACT02527,C01,10/04/2025
FACT04773,C02,09/06/2025
FACT04286,C02,08/06/2025
FACT02961,C10,03/04/2025
FACT00335,C01,09/01/2025
FACT07630,C07,21/10/2025
FACT07666,C04,30/10/2025
FACT03601,C04,11/05/2025
FACT00256,C08,07/01/2025
FACT09370,C04,04/12/2025
FACT09413,C02,11/12/2025
FACT01696,C03,09/03/2025
FACT01264,C08,25/02/2025
FACT03083,C03,05/04/2025
FACT08030,C10,21/10/2025
FACT08669,C09,04/11/2025
FACT00270,C10,20/01/2025
FACT00717,C08,29/01/2025
FACT04439,C02,27/06/2025
FACT02581,C04,09/04/2025
FACT01458,C06,17/02/2025
FACT06716,C02,01/09/2025
FACT08701,C07,08/11/2025
FACT04886,C08,10/06/2025
FACT08780,C04,24/11/2025
FACT03800,C04,31/05/2025
FACT05489,C07,23/07/2025
FACT05331,C04,30/07/2025
FACT00219,C06,25/01/2025
FACT01074,C04,21/02/2025
FACT00157,C06,21/01/2025
FACT00914,C02,23/02/2025
FACT03589,C08,18/05/2025
FACT02623,C05,12/04/2025
FACT00488,C10,23/01/2025
FACT02345,C02,23/03/2025
FACT00548,C01,23/01/2025
FACT06227,C01,03/08/2025
FACT05736,C08,29/07/2025
FACT05373,C10,06/07/2025
FACT05066,C10,02/07/2025
FACT04115,C09,18/05/2025
FACT00377,C10,29/01/2025
FACT08925,C02,03/11/2025
FACT08247,C09,03/10/2025
FACT02208,C08,02/03/2025
FACT01129,C09,20/02/2025
FACT02092,C08,25/03/2025
FACT07310,C04,05/09/2025
FACT07271,C09,13/09/2025
FACT01199,C09,18/02/2025
FACT09453,C01,24/12/2025
FACT08919,C06,17/11/2025
FACT07201,C08,02/09/2025
FACT01718,C06,22/03/2025
FACT08269,C03,10/10/2025
FACT05663,C07,09/07/2025
FACT04165,C01,11/05/2025
FACT06801,C10,20/09/2025
FACT02059,C01,15/03/2025
FACT03021,C06,25/04/2025
FACT04407,C10,10/06/2025
FACT00065,C05,17/01/2025
FACT09661,C02,13/12/2025
FACT05674,C07,22/07/2025
FACT03392,C08,28/05/2025
FACT03833,C09,06/05/2025
FACT01255,C08,27/02/2025
FACT09297,C09,21/12/2025
FACT02120,C01,18/03/2025
FACT04194,C02,22/06/2025
FACT05926,C03,05/08/2025
FACT01672,C09,26/03/2025
FACT09982,C08,20/12/2025
FACT00627,C07,06/01/2025
FACT07675,C02,16/10/2025
FACT09988,C09,25/12/2025
FACT07968,C02,10/10/2025
FACT05287,C04,12/07/2025
FACT05337,C04,22/07/2025
FACT09387,C02,19/12/2025
FACT02274,C03,25/03/2025
FACT02220,C03,25/03/2025
FACT09336,C03,30/12/2025
FACT02542,C08,23/04/2025
FACT08557,C07,08/11/2025
FACT00747,C04,31/01/2025
FACT04277,C10,13/06/2025
FACT09135,C04,18/11/2025
FACT03700,C07,23/05/2025
FACT09773,C02,04/12/2025
FACT02645,C09,09/04/2025
FACT08783,C05,08/11/2025
FACT02658,C10,09/04/2025
FACT09273,C04,06/12/2025
FACT06431,C07,06/08/2025
FACT07768,C04,28/10/2025
FACT07671,C06,14/10/2025
FACT06367,C05,13/08/2025
FACT09970,C02,15/12/2025
FACT04624,C06,20/06/2025
FACT02237,C03,29/03/2025
FACT06234,C07,02/08/2025
FACT05167,C05,10/07/2025
FACT08390,C04,24/11/2025
FACT09591,C04,04/12/2025
FACT03270,C03,14/04/2025
FACT08081,C08,11/10/2025
FACT05571,C09,13/07/2025
FACT06493,C10,02/08/2025
FACT05236,C10,21/07/2025
FACT08421,C01,24/11/2025
FACT08005,C02,26/10/2025
FACT01669,C07,09/02/2025
FACT01140,C10,09/02/2025
FACT05627,C09,13/07/2025
FACT04024,C09,16/05/2025
FACT03813,C02,10/05/2025
FACT09779,C05,13/12/2025
FACT01128,C01,07/02/2025
FACT03585,C03,25/05/2025
FACT08365,C05,01/11/2025
FACT05273,C10,19/07/2025
FACT01010,C08,24/02/2025
FACT09481,C10,02/12/2025
FACT00957,C10,24/02/2025
FACT08820,C07,05/11/2025
FACT09269,C09,31/12/2025
FACT02769,C06,10/04/2025
FACT03293,C04,14/04/2025
FACT00487,C10,06/01/2025
FACT00791,C08,20/01/2025
FACT07830,C03,28/10/2025
FACT07616,C09,03/10/2025
FACT05536,C04,05/07/2025
FACT07923,C04,31/10/2025
FACT03980,C10,23/05/2025
FACT08485,C03,25/11/2025
FACT02985,C01,29/04/2025
FACT01703,C04,15/03/2025
FACT05321,C01,17/07/2025
FACT06469,C01,22/08/2025
FACT02043,C10,21/03/2025
FACT05758,C04,23/07/2025
FACT02260,C10,20/03/2025
FACT05721,C09,03/07/2025
FACT03916,C03,21/05/2025
FACT05915,C08,24/08/2025
FACT01295,C06,07/02/2025
FACT06263,C02,17/08/2025
FACT06309,C09,06/08/2025
FACT02320,C01,04/03/2025
FACT03949,C04,08/05/2025
FACT06889,C07,29/09/2025
FACT06765,C07,21/09/2025
FACT06766,C08,08/09/2025
FACT05353,C03,07/07/2025
FACT03042,C04,12/04/2025
FACT01694,C02,14/03/2025
FACT06269,C05,29/08/2025
FACT00127,C04,03/01/2025
FACT02738,C09,07/04/2025
FACT08398,C02,19/11/2025
FACT08190,C08,02/10/2025
FACT02557,C03,14/04/2025
FACT01039,C03,20/02/2025
FACT00979,C08,21/02/2025
FACT09274,C06,19/12/2025
FACT07435,C08,21/09/2025
FACT09927,C01,24/12/2025
FACT07916,C04,24/10/2025
FACT02944,C07,16/04/2025
FACT06146,C07,18/08/2025
FACT00356,C08,01/01/2025
FACT05379,C07,01/07/2025
FACT05753,C10,04/07/2025
FACT02033,C08,24/03/2025
FACT08683,C04,18/11/2025
FACT04447,C05,12/06/2025
FACT07027,C05,21/09/2025
FACT08236,C04,08/10/2025
FACT09607,C06,20/12/2025
FACT00540,C10,02/01/2025
FACT00267,C02,18/01/2025
FACT07816,C02,02/10/2025
FACT02934,C06,06/04/2025
FACT07628,C09,17/10/2025
FACT00003,C09,29/01/2025
FACT03788,C05,27/05/2025
FACT09104,C06,24/11/2025
FACT07556,C04,29/10/2025
FACT02140,C09,06/03/2025
FACT03050,C01,11/04/2025
FACT00672,C05,21/01/2025
FACT03215,C01,25/04/2025
FACT04120,C01,20/05/2025
FACT05445,C05,03/07/2025
FACT09726,C03,12/12/2025
FACT01763,C10,28/03/2025
FACT10000,C08,12/12/2025
FACT02720,C06,29/04/2025
FACT09766,C03,27/12/2025
FACT00118,C07,20/01/2025
FACT04968,C03,09/06/2025
FACT08766,C08,08/11/2025
FACT09311,C09,03/12/2025
FACT02411,C10,16/03/2025
FACT09819,C01,05/12/2025
FACT02725,C01,21/04/2025
FACT04675,C07,18/06/2025
FACT01617,C01,20/02/2025
FACT09074,C03,23/11/2025
FACT07115,C05,07/09/2025
FACT06659,C03,10/08/2025
FACT08814,C02,10/11/2025
FACT00149,C10,04/01/2025
FACT03328,C03,03/04/2025
FACT05611,C01,21/07/2025
FACT09945,C07,23/12/2025
FACT01091,C07,21/02/2025
FACT09611,C09,28/12/2025
FACT08906,C06,14/11/2025
FACT05921,C07,24/08/2025
FACT01139,C02,28/02/2025
FACT01208,C05,24/02/2025
FACT00720,C04,13/01/2025
FACT06242,C10,24/08/2025
FACT02394,C09,17/03/2025
FACT02097,C07,29/03/2025
FACT04544,C09,28/06/2025
FACT00659,C05,26/01/2025
FACT09031,C02,27/11/2025
FACT00327,C05,27/01/2025
FACT05049,C01,02/07/2025
FACT04532,C09,07/06/2025
FACT08913,C09,09/11/2025
FACT08670,C03,23/11/2025
FACT06321,C10,28/08/2025
FACT09105,C09,25/11/2025
FACT09207,C02,29/12/2025
FACT01415,C05,03/02/2025
FACT06067,C06,24/08/2025
FACT08598,C05,23/11/2025
FACT01063,C09,08/02/2025
FACT08798,C02,10/11/2025
FACT01721,C10,22/03/2025
FACT00605,C04,10/01/2025
FACT07331,C08,09/09/2025
FACT08652,C04,19/11/2025
FACT07260,C09,23/09/2025
FACT00121,C08,11/01/2025
FACT08055,C05,16/10/2025
FACT07762,C06,16/10/2025
FACT08063,C05,21/10/2025
FACT07280,C05,21/09/2025
FACT01008,C09,22/02/2025
FACT04783,C05,15/06/2025
FACT08838,C05,17/11/2025
FACT02392,C07,09/03/2025
FACT02357,C01,26/03/2025
FACT02171,C07,27/03/2025
FACT04931,C03,06/06/2025
FACT00334,C07,17/01/2025
FACT03354,C10,07/04/2025
FACT08776,C07,13/11/2025
FACT00216,C05,26/01/2025
FACT04278,C03,29/06/2025
FACT02471,C04,31/03/2025
FACT07233,C01,10/09/2025
FACT00897,C01,04/02/2025
FACT04210,C10,23/06/2025
FACT09077,C03,30/11/2025
FACT08079,C05,11/10/2025
FACT03627,C09,07/05/2025
FACT05883,C09,30/08/2025
FACT04999,C10,11/06/2025
FACT09994,C08,31/12/2025
FACT07530,C02,25/10/2025
FACT03988,C06,29/05/2025
FACT03516,C01,11/05/2025
FACT00470,C07,05/01/2025
FACT08923,C04,12/11/2025
FACT06255,C02,11/08/2025
FACT05187,C01,13/07/2025
FACT07684,C05,09/10/2025
FACT08656,C06,11/11/2025
FACT05165,C01,19/07/2025
FACT08361,C08,28/11/2025
FACT07313,C10,24/09/2025
FACT06283,C03,30/08/2025
FACT04334,C07,30/06/2025
FACT01822,C05,09/03/2025
FACT03966,C01,02/05/2025
FACT04186,C09,18/05/2025
FACT06858,C07,22/09/2025
FACT02532,C04,27/04/2025
FACT01828,C01,19/03/2025
FACT00253,C05,26/01/2025
FACT08756,C05,07/11/2025
FACT06228,C02,07/08/2025
FACT04317,C03,17/06/2025
FACT06730,C06,04/09/2025
FACT03061,C09,23/04/2025
FACT03298,C03,18/04/2025
FACT08096,C06,31/10/2025
FACT03692,C06,21/05/2025
FACT02805,C04,25/04/2025
FACT06867,C02,24/09/2025
FACT07506,C10,15/10/2025
FACT05595,C03,28/07/2025
FACT07086,C10,28/09/2025
FACT08250,C09,29/10/2025
FACT05242,C08,13/07/2025
FACT07577,C02,14/10/2025
FACT02438,C07,25/03/2025
FACT04989,C08,18/06/2025
FACT04745,C10,22/06/2025
FACT08907,C06,06/11/2025
FACT06466,C07,16/08/2025
FACT07931,C03,04/10/2025
FACT03152,C02,10/04/2025
FACT06236,C04,25/08/2025
FACT05052,C01,03/07/2025
FACT09034,C06,17/11/2025
FACT08015,C10,14/10/2025
FACT05022,C05,23/07/2025
FACT02507,C10,10/04/2025
FACT03673,C07,20/05/2025
FACT01817,C09,24/03/2025
FACT04370,C01,08/06/2025
FACT02030,C09,19/03/2025
FACT05179,C09,27/07/2025
FACT00459,C07,14/01/2025
FACT06082,C09,01/08/2025
FACT02717,C08,12/04/2025
FACT02053,C09,12/03/2025
FACT07464,C08,29/09/2025
FACT04797,C05,10/06/2025
FACT03164,C10,27/04/2025
FACT09425,C07,31/12/2025
FACT09369,C02,18/12/2025
FACT07727,C04,13/10/2025
FACT09008,C06,19/11/2025
FACT07744,C09,22/10/2025
FACT07532,C02,21/10/2025
FACT04493,C06,05/06/2025
FACT04063,C05,29/05/2025
FACT07627,C02,13/10/2025
FACT00084,C10,30/01/2025
FACT01851,C07,19/03/2025
FACT03554,C03,31/05/2025
FACT09229,C06,20/12/2025
FACT03397,C09,11/05/2025
FACT01075,C08,22/02/2025
FACT06195,C10,20/08/2025
FACT02763,C05,16/04/2025
FACT06977,C01,07/09/2025
FACT05566,C08,27/07/2025
FACT00500,C03,07/01/2025
FACT07142,C03,17/09/2025
FACT04019,C08,08/05/2025
FACT03203,C02,20/04/2025
FACT06911,C10,02/09/2025
FACT09115,C09,09/11/2025
FACT08141,C07,14/10/2025
FACT03256,C06,06/04/2025
FACT00676,C08,07/01/2025
FACT01133,C09,21/02/2025
FACT06557,C03,19/08/2025
FACT02509,C03,17/04/2025
FACT00508,C01,20/01/2025
FACT06963,C06,24/09/2025
FACT02855,C08,10/04/2025
FACT02881,C03,26/04/2025
FACT08191,C02,18/10/2025
FACT05998,C08,23/08/2025
FACT07408,C09,01/09/2025
FACT02548,C04,01/04/2025
FACT00872,C08,24/02/2025
FACT05782,C09,24/07/2025
FACT06018,C09,06/08/2025
FACT04752,C10,13/06/2025
FACT01011,C06,17/02/2025
FACT01770,C07,05/03/2025
FACT05232,C10,30/07/2025
FACT02849,C09,04/04/2025
FACT03884,C08,11/05/2025
FACT01491,C08,07/02/2025
FACT05441,C07,23/07/2025
FACT03368,C09,18/05/2025
FACT03941,C08,03/05/2025
FACT09272,C08,17/12/2025
FACT00182,C03,01/01/2025
FACT00308,C07,24/01/2025
FACT01987,C10,14/03/2025
FACT08700,C04,18/11/2025
FACT09665,C04,31/12/2025
FACT03405,C07,15/05/2025
FACT07963,C01,25/10/2025
FACT03432,C08,13/05/2025
FACT05876,C02,10/08/2025
FACT08473,C09,16/11/2025
FACT06949,C03,25/09/2025
FACT06164,C08,25/08/2025
FACT07467,C01,05/09/2025
FACT09963,C09,22/12/2025
FACT03565,C10,18/05/2025
FACT03925,C08,31/05/2025
FACT01745,C07,05/03/2025
FACT07562,C05,04/10/2025
FACT00430,C04,28/01/2025
FACT04089,C03,26/05/2025
FACT00168,C01,27/01/2025
FACT05547,C05,07/07/2025
FACT05679,C07,25/07/2025
FACT09351,C08,17/12/2025
FACT09362,C07,29/12/2025
FACT07516,C05,29/10/2025
FACT07689,C04,19/10/2025
FACT01121,C05,02/02/2025
FACT03185,C07,30/04/2025
FACT00571,C08,06/01/2025
FACT05945,C05,28/08/2025
FACT08455,C10,15/11/2025
FACT02708,C09,15/04/2025
FACT07708,C04,17/10/2025
FACT03914,C10,28/05/2025
FACT05427,C04,12/07/2025
FACT04453,C08,11/06/2025
FACT03384,C10,31/05/2025
FACT05483,C05,01/07/2025
FACT00382,C08,07/01/2025
FACT08387,C04,03/11/2025
FACT00535,C09,18/01/2025
FACT03171,C03,24/04/2025
FACT02703,C03,17/04/2025
FACT00574,C03,15/01/2025
FACT01350,C01,28/02/2025
FACT05360,C09,17/07/2025
FACT03423,C09,26/05/2025
FACT05109,C07,22/07/2025
FACT04454,C01,01/06/2025
FACT03521,C04,18/05/2025
FACT06352,C05,24/08/2025
FACT01158,C01,16/02/2025
FACT06020,C02,24/08/2025
FACT03935,C03,13/05/2025
FACT02217,C05,28/03/2025
FACT01689,C09,08/03/2025
FACT09958,C02,14/12/2025
FACT03734,C05,18/05/2025
FACT02310,C09,16/03/2025
FACT07726,C08,09/10/2025
FACT05044,C06,07/07/2025
FACT08420,C02,25/11/2025
FACT01047,C07,24/02/2025
FACT03858,C07,23/05/2025
FACT09940,C06,21/12/2025
FACT02003,C08,27/03/2025
FACT08424,C05,20/11/2025
FACT09930,C08,02/12/2025
FACT09815,C02,21/12/2025
FACT08339,C04,25/11/2025
FACT00727,C09,18/01/2025
FACT09551,C07,12/12/2025
FACT08615,C06,13/11/2025
FACT01018,C10,14/02/2025
FACT09111,C02,17/11/2025
FACT07853,C03,12/10/2025
FACT04381,C02,04/06/2025
FACT04191,C06,06/06/2025
FACT06008,C09,28/08/2025
FACT01122,C03,21/02/2025
FACT04459,C04,29/06/2025
FACT00530,C08,24/01/2025
FACT02198,C10,30/03/2025
FACT00646,C09,05/01/2025
FACT07333,C05,04/09/2025
FACT06563,C10,13/08/2025
FACT09051,C08,24/11/2025
FACT03915,C03,24/05/2025
FACT03920,C09,13/05/2025
FACT04856,C01,28/06/2025
FACT00624,C03,08/01/2025
FACT09667,C03,23/12/2025
FACT02054,C02,17/03/2025
FACT04585,C02,11/06/2025
FACT03746,C01,09/05/2025
FACT00286,C06,15/01/2025
FACT06667,C03,04/08/2025
FACT00131,C02,11/01/2025
FACT04880,C07,15/06/2025
FACT06223,C10,03/08/2025
FACT08794,C02,06/11/2025
FACT01582,C10,07/02/2025
FACT08831,C01,16/11/2025
FACT04477,C02,30/06/2025
FACT09976,C02,01/12/2025
FACT04533,C03,01/06/2025
FACT03474,C02,25/05/2025
FACT08623,C04,18/11/2025
FACT01367,C09,26/02/2025
FACT05940,C06,02/08/2025
FACT05781,C08,26/07/2025
FACT01945,C04,20/03/2025
FACT02696,C04,12/04/2025
FACT05032,C10,01/07/2025
FACT03775,C02,02/05/2025
FACT09805,C02,23/12/2025
FACT05499,C07,15/07/2025
FACT02233,C04,21/03/2025
FACT04977,C05,17/06/2025
FACT04609,C07,22/06/2025
FACT05173,C05,14/07/2025
FACT01899,C03,29/03/2025
FACT03543,C05,28/05/2025
FACT06327,C07,18/08/2025
FACT05948,C03,08/08/2025
FACT00417,C09,30/01/2025
FACT08802,C05,03/11/2025
FACT01752,C03,17/03/2025
FACT01382,C05,06/02/2025
FACT00687,C06,04/01/2025
FACT00303,C08,01/01/2025
FACT05083,C07,27/07/2025
FACT08009,C05,16/10/2025
FACT04934,C04,03/06/2025
FACT02325,C01,23/03/2025
FACT09331,C01,07/12/2025
FACT01710,C06,18/03/2025
FACT06864,C06,01/09/2025
FACT09301,C02,11/12/2025
FACT04382,C07,06/06/2025
FACT04155,C01,29/05/2025
FACT02064,C08,11/03/2025
FACT07618,C08,26/10/2025
FACT02004,C10,08/03/2025
FACT06038,C01,20/08/2025
FACT08646,C06,07/11/2025
FACT09165,C04,02/12/2025
FACT02365,C04,28/03/2025
FACT06753,C03,28/09/2025
FACT05375,C01,09/07/2025
FACT06657,C03,15/08/2025
FACT06052,C03,30/08/2025
FACT08122,C06,25/10/2025
FACT06769,C08,03/09/2025
FACT06892,C03,01/09/2025
FACT07775,C06,11/10/2025
FACT01709,C07,01/03/2025
FACT09679,C05,24/12/2025
FACT09096,C07,19/11/2025
FACT08544,C06,24/11/2025
FACT04224,C07,06/06/2025
FACT01392,C02,06/02/2025
FACT07279,C10,28/09/2025
FACT09957,C10,20/12/2025
FACT07266,C04,26/09/2025
FACT08457,C02,08/11/2025
FACT00057,C07,03/01/2025
FACT05367,C08,28/07/2025
FACT04305,C08,14/06/2025
FACT04586,C02,19/06/2025
FACT03989,C04,27/05/2025
FACT02490,C10,18/03/2025
FACT03851,C05,20/05/2025
FACT00364,C10,15/01/2025
FACT01640,C09,06/02/2025
FACT05086,C01,25/07/2025
FACT08213,C06,18/10/2025
FACT00455,C02,03/01/2025
FACT09711,C09,24/12/2025
FACT03429,C09,25/05/2025
FACT09285,C04,28/12/2025
FACT04298,C01,05/06/2025
FACT05116,C02,29/07/2025
FACT00342,C09,01/01/2025
FACT08419,C03,15/11/2025
FACT01572,C05,10/02/2025
FACT01092,C10,16/02/2025
FACT01933,C04,10/03/2025
FACT07864,C02,12/10/2025
FACT00894,C08,15/02/2025
FACT03130,C04,21/04/2025
FACT09497,C07,19/12/2025
FACT07953,C01,27/10/2025
FACT00340,C02,12/01/2025
FACT05574,C10,13/07/2025
FACT00019,C03,21/01/2025
FACT07521,C10,17/10/2025
FACT05696,C07,24/07/2025
FACT00046,C10,23/01/2025
FACT06787,C09,16/09/2025
FACT05622,C04,28/07/2025
FACT09550,C06,08/12/2025
FACT04153,C05,01/05/2025
FACT04496,C06,24/06/2025
FACT08291,C07,03/10/2025
FACT05246,C01,08/07/2025
FACT07420,C01,12/09/2025
FACT09543,C07,31/12/2025
FACT01228,C08,28/02/2025
FACT03055,C04,04/04/2025
FACT06704,C06,11/09/2025
FACT06598,C08,07/08/2025
FACT03388,C04,28/05/2025
FACT08678,C02,23/11/2025
FACT00282,C07,26/01/2025
FACT04031,C07,05/05/2025
FACT08909,C10,16/11/2025
FACT01131,C08,23/02/2025
FACT03879,C04,14/05/2025
FACT00188,C10,29/01/2025
FACT09891,C08,20/12/2025
FACT04762,C08,27/06/2025
FACT09658,C02,17/12/2025
FACT09941,C09,29/12/2025
FACT00668,C03,04/01/2025
FACT02174,C10,03/03/2025
FACT06854,C10,25/09/2025
FACT04817,C04,15/06/2025
FACT05941,C05,07/08/2025
FACT00739,C03,10/01/2025
FACT09050,C06,15/11/2025
FACT00505,C10,25/01/2025
FACT08654,C08,05/11/2025
FACT08321,C02,12/10/2025
FACT00439,C06,24/01/2025
FACT03129,C08,10/04/2025
FACT00886,C07,13/02/2025
FACT09944,C07,17/12/2025
FACT00004,C10,10/01/2025
FACT09449,C09,06/12/2025
FACT05985,C07,01/08/2025
FACT07031,C06,28/09/2025
FACT01667,C09,02/02/2025
FACT08829,C10,27/11/2025
FACT08929,C05,10/11/2025
FACT03520,C06,01/05/2025
FACT08147,C06,28/10/2025
FACT05928,C03,10/08/2025
FACT08926,C06,11/11/2025
FACT00743,C03,24/01/2025
FACT03108,C06,11/04/2025
FACT02531,C08,19/04/2025
FACT08613,C06,21/11/2025
FACT04678,C05,25/06/2025
FACT04474,C07,30/06/2025
FACT01153,C03,22/02/2025
FACT08606,C02,18/11/2025
FACT07771,C01,18/10/2025
FACT02430,C02,03/03/2025
FACT09239,C08,28/12/2025
FACT02095,C05,01/03/2025
FACT08343,C08,22/11/2025
FACT05886,C05,18/08/2025
FACT03113,C10,22/04/2025
FACT09345,C02,06/12/2025
FACT07410,C05,19/09/2025
FACT06390,C01,27/08/2025
FACT02121,C04,31/03/2025
FACT03336,C10,23/04/2025
FACT06791,C01,08/09/2025
FACT04893,C03,03/06/2025
FACT02702,C09,22/04/2025
FACT02815,C01,16/04/2025
FACT06876,C01,03/09/2025
FACT09277,C09,19/12/2025
FACT09868,C08,28/12/2025
FACT08948,C04,17/11/2025
FACT08196,C10,07/10/2025
FACT07575,C05,25/10/2025
FACT04172,C01,14/05/2025
FACT07656,C03,21/10/2025
FACT01489,C06,22/02/2025
FACT07272,C08,19/09/2025
FACT05809,C08,10/07/2025
FACT08001,C10,02/10/2025
FACT09881,C02,02/12/2025
FACT05101,C03,17/07/2025
FACT09358,C10,11/12/2025
FACT00480,C05,30/01/2025
FACT08497,C04,25/11/2025
FACT04270,C02,25/06/2025
FACT05185,C08,05/07/2025
FACT02840,C01,12/04/2025
FACT02279,C10,29/03/2025
FACT05909,C09,10/08/2025
FACT06330,C07,09/08/2025
FACT08359,C10,23/11/2025
FACT04220,C04,25/06/2025
FACT03178,C08,23/04/2025
FACT06606,C08,12/08/2025
FACT03956,C02,17/05/2025
FACT07836,C06,13/10/2025
FACT05939,C03,02/08/2025
FACT09589,C07,08/12/2025
FACT04313,C07,02/06/2025
FACT07028,C08,17/09/2025
FACT04709,C06,24/06/2025
FACT06106,C05,22/08/2025
FACT01840,C04,18/03/2025
FACT00174,C10,18/01/2025
FACT06542,C10,17/08/2025
FACT04743,C06,27/06/2025
FACT01593,C08,07/02/2025
FACT00842,C01,13/02/2025
FACT05580,C07,17/07/2025
FACT04450,C07,03/06/2025
FACT05007,C05,15/06/2025
FACT02378,C01,24/03/2025
FACT08274,C09,23/10/2025
FACT01417,C05,26/02/2025
FACT07107,C03,06/09/2025
FACT01082,C06,20/02/2025
FACT01019,C01,26/02/2025
FACT08109,C06,20/10/2025
FACT05239,C08,11/07/2025
FACT08498,C04,04/11/2025
FACT09147,C09,13/11/2025
FACT08622,C01,02/11/2025
FACT04229,C09,15/06/2025
FACT00088,C04,30/01/2025
FACT06901,C04,30/09/2025
FACT06512,C05,14/08/2025
FACT02323,C07,22/03/2025
FACT09143,C03,01/11/2025
FACT07388,C10,02/09/2025
FACT04809,C04,12/06/2025
FACT06808,C09,10/09/2025
FACT06579,C01,30/08/2025
FACT02886,C09,16/04/2025
FACT02426,C09,16/03/2025
FACT03519,C01,14/05/2025
FACT05033,C03,22/07/2025
FACT05628,C06,20/07/2025
FACT02861,C08,06/04/2025
FACT01087,C08,03/02/2025
FACT00695,C04,06/01/2025
FACT05171,C08,15/07/2025
FACT05102,C09,08/07/2025
FACT05392,C02,20/07/2025
FACT06628,C05,05/08/2025
FACT08531,C02,01/11/2025
FACT09247,C01,06/12/2025
FACT08360,C09,28/11/2025
FACT03244,C10,03/04/2025
FACT06897,C02,11/09/2025
FACT03091,C01,09/04/2025
FACT08214,C05,09/10/2025
FACT09597,C05,06/12/2025
FACT01084,C09,04/02/2025
FACT08977,C08,30/11/2025
FACT03076,C06,06/04/2025
FACT00153,C03,23/01/2025
FACT00773,C05,14/01/2025
FACT07877,C04,29/10/2025
FACT06544,C05,26/08/2025
FACT01508,C01,28/02/2025
FACT04001,C04,02/05/2025
FACT02995,C10,21/04/2025
FACT04123,C02,27/05/2025
FACT09289,C01,03/12/2025
FACT02495,C04,12/03/2025
FACT04539,C09,06/06/2025
FACT05458,C02,12/07/2025
FACT06126,C05,30/08/2025
FACT06133,C09,07/08/2025
FACT01516,C01,26/02/2025
FACT07904,C04,01/10/2025
FACT04922,C06,01/06/2025
FACT01285,C07,20/02/2025
FACT08175,C01,01/10/2025
FACT07262,C09,21/09/2025
FACT09373,C01,25/12/2025
FACT01807,C05,30/03/2025
FACT05774,C01,18/07/2025
FACT03621,C09,07/05/2025
FACT04834,C08,21/06/2025
FACT09275,C10,09/12/2025
FACT09036,C07,29/11/2025
FACT06719,C02,26/09/2025
FACT01862,C07,21/03/2025
FACT04081,C01,22/05/2025
FACT03250,C07,10/04/2025
FACT06426,C01,12/08/2025
FACT01341,C09,21/02/2025
FACT03713,C10,16/05/2025
FACT01591,C08,13/02/2025
FACT08886,C01,05/11/2025
FACT05759,C04,17/07/2025
FACT02905,C03,25/04/2025
FACT04801,C10,11/06/2025
FACT05818,C05,23/07/2025
FACT02973,C04,22/04/2025
FACT07944,C01,23/10/2025
FACT09954,C08,19/12/2025
FACT07826,C10,19/10/2025
FACT01556,C04,12/02/2025
FACT08980,C08,07/11/2025
FACT04461,C06,23/06/2025
FACT06508,C01,29/08/2025
FACT06416,C01,16/08/2025
FACT04431,C09,12/06/2025
FACT08256,C06,09/10/2025
FACT09756,C07,13/12/2025
FACT09598,C06,30/12/2025
FACT04899,C05,15/06/2025
FACT06369,C08,10/08/2025
FACT08306,C06,19/10/2025
FACT04106,C05,20/05/2025
FACT03002,C04,10/04/2025
FACT01567,C03,18/02/2025
FACT01855,C09,11/03/2025
FACT07352,C06,17/09/2025
FACT03144,C04,03/04/2025
FACT06249,C03,21/08/2025
FACT05135,C02,14/07/2025
FACT01773,C04,31/03/2025
FACT05550,C08,13/07/2025
FACT04336,C01,05/06/2025
FACT00724,C05,07/01/2025
FACT01662,C03,09/02/2025
FACT09577,C05,07/12/2025
FACT09856,C04,02/12/2025
FACT06447,C02,06/08/2025
FACT09007,C09,21/11/2025
FACT01514,C06,08/02/2025
FACT03119,C07,21/04/2025
FACT01428,C01,10/02/2025
FACT06065,C03,31/08/2025
FACT02864,C08,09/04/2025
FACT05388,C10,19/07/2025
FACT01249,C05,02/02/2025
FACT06692,C03,07/09/2025
FACT08765,C04,14/11/2025
FACT08049,C08,03/10/2025
FACT05659,C06,05/07/2025
FACT05933,C05,13/08/2025
FACT07335,C02,13/09/2025
FACT06086,C10,08/08/2025
FACT06715,C08,28/09/2025
FACT02883,C06,05/04/2025
FACT06379,C09,03/08/2025
FACT01711,C05,10/03/2025
FACT00584,C09,19/01/2025
FACT09902,C02,29/12/2025
FACT09769,C02,09/12/2025
FACT04020,C02,21/05/2025
FACT03102,C04,23/04/2025
FACT08335,C06,23/11/2025
FACT07927,C01,28/10/2025
FACT02133,C01,30/03/2025
FACT03426,C08,28/05/2025
FACT05651,C04,25/07/2025
FACT09781,C10,30/12/2025
FACT05888,C10,20/08/2025
FACT05993,C01,25/08/2025
FACT02887,C07,03/04/2025
FACT08634,C02,23/11/2025
FACT01946,C10,14/03/2025
FACT09936,C08,22/12/2025
FACT09417,C09,03/12/2025
FACT04632,C07,01/06/2025
FACT09484,C02,01/12/2025
FACT00314,C02,10/01/2025
FACT01316,C05,07/02/2025
FACT07956,C06,20/10/2025
FACT07709,C04,23/10/2025
FACT03658,C09,07/05/2025
FACT07184,C02,23/09/2025
FACT01854,C04,07/03/2025
FACT03448,C06,12/05/2025
FACT01664,C08,11/02/2025
FACT03703,C10,24/05/2025
FACT05707,C09,03/07/2025
FACT04341,C07,25/06/2025
FACT04705,C02,24/06/2025
FACT00138,C04,05/01/2025
FACT04545,C03,13/06/2025
FACT00429,C10,20/01/2025
FACT07229,C07,18/09/2025
FACT01485,C02,08/02/2025
FACT07954,C05,16/10/2025
FACT09153,C03,07/12/2025
FACT01749,C08,15/03/2025
FACT01712,C01,02/03/2025
FACT01390,C06,17/02/2025
FACT02599,C02,17/04/2025
FACT07274,C07,12/09/2025
FACT06322,C09,31/08/2025
FACT09192,C01,17/12/2025
FACT05820,C04,17/07/2025
FACT02375,C09,01/03/2025
FACT09761,C02,16/12/2025
FACT08112,C03,28/10/2025
FACT05055,C10,27/07/2025
FACT06782,C10,15/09/2025
FACT05999,C02,21/08/2025
FACT00599,C07,14/01/2025
FACT04861,C03,18/06/2025
FACT05295,C01,06/07/2025
FACT03841,C07,22/05/2025
FACT00266,C05,07/01/2025
FACT07393,C07,02/09/2025
FACT04950,C09,25/06/2025
FACT09397,C07,26/12/2025
FACT01772,C01,12/03/2025
FACT03133,C05,16/04/2025
FACT04551,C01,08/06/2025
FACT04132,C03,11/05/2025
FACT05731,C10,27/07/2025
FACT05447,C03,05/07/2025
FACT02591,C07,01/04/2025
FACT05410,C01,31/07/2025
FACT06624,C01,14/08/2025
FACT08679,C07,30/11/2025
FACT00016,C06,15/01/2025
FACT04269,C01,23/06/2025
FACT08227,C08,03/10/2025
FACT01511,C01,13/02/2025
FACT05606,C02,31/07/2025
FACT03036,C10,17/04/2025
FACT00588,C07,26/01/2025
FACT01741,C05,06/03/2025
FACT02478,C08,18/03/2025
FACT06438,C03,05/08/2025
FACT00528,C03,05/01/2025
FACT09027,C03,08/11/2025
FACT08073,C05,18/10/2025
FACT06896,C03,26/09/2025
FACT05495,C09,27/07/2025
FACT08091,C03,12/10/2025
FACT07996,C03,01/10/2025
FACT02639,C02,10/04/2025
FACT00521,C09,05/01/2025
FACT09142,C08,13/11/2025
FACT05304,C10,13/07/2025
FACT08609,C07,23/11/2025
FACT03503,C07,27/05/2025
FACT07725,C04,31/10/2025
FACT05938,C01,25/08/2025
FACT02622,C02,19/04/2025
FACT03236,C06,14/04/2025
FACT00762,C03,10/01/2025
FACT05658,C06,29/07/2025
FACT02553,C02,27/04/2025
FACT09039,C09,23/11/2025
FACT07477,C05,07/09/2025
FACT02339,C03,11/03/2025
FACT07590,C07,12/10/2025
FACT00855,C08,03/02/2025
FACT01277,C03,25/02/2025
FACT09479,C10,09/12/2025
FACT00096,C10,12/01/2025
FACT09329,C06,01/12/2025
FACT01107,C01,08/02/2025
FACT03258,C05,10/04/2025
FACT01569,C01,11/02/2025
FACT07641,C04,11/10/2025
FACT02253,C07,03/03/2025
FACT04671,C05,10/06/2025
FACT03150,C01,12/04/2025
FACT07501,C07,28/09/2025
FACT02476,C06,01/03/2025
FACT09813,C06,07/12/2025
FACT02783,C06,15/04/2025
FACT00875,C05,04/02/2025
FACT03107,C03,01/04/2025
FACT01876,C07,06/03/2025
FACT06368,C01,30/08/2025
FACT04400,C09,26/06/2025
FACT00935,C02,19/02/2025
FACT05200,C04,31/07/2025
FACT00285,C02,11/01/2025
FACT05381,C09,03/07/2025
FACT09818,C09,14/12/2025
FACT03090,C05,16/04/2025
FACT03781,C09,03/05/2025
FACT03488,C08,16/05/2025
FACT04557,C01,20/06/2025
FACT08845,C04,26/11/2025
FACT04423,C07,07/06/2025
FACT05749,C10,08/07/2025
FACT01324,C09,21/02/2025
FACT00940,C07,03/02/2025
FACT02715,C06,27/04/2025
FACT04601,C06,04/06/2025
FACT04800,C06,27/06/2025
FACT08657,C02,06/11/2025
FACT08610,C08,30/11/2025
FACT04808,C09,14/06/2025
FACT03595,C08,10/05/2025
FACT02598,C10,11/04/2025
FACT00396,C10,16/01/2025
FACT02713,C09,15/04/2025
FACT06252,C04,07/08/2025
FACT08706,C02,26/11/2025
FACT02469,C04,15/03/2025
FACT00230,C07,04/01/2025
FACT03193,C05,24/04/2025
FACT07795,C01,15/10/2025
FACT02872,C01,29/04/2025
FACT04814,C09,13/06/2025
FACT07106,C03,14/09/2025
FACT02914,C05,10/04/2025
FACT09073,C10,02/11/2025
FACT08025,C06,20/10/2025
FACT09790,C05,12/12/2025
FACT06684,C09,19/08/2025
FACT09217,C07,26/12/2025
FACT03506,C07,21/05/2025
FACT03811,C07,11/05/2025
FACT06833,C07,26/09/2025
FACT00586,C10,14/01/2025
FACT07019,C04,27/09/2025
FACT09167,C07,20/12/2025
FACT03372,C10,12/05/2025
FACT00365,C10,17/01/2025
FACT02611,C07,03/04/2025
FACT05583,C08,15/07/2025
FACT01538,C08,26/02/2025
FACT08095,C02,27/10/2025
FACT09792,C08,06/12/2025
FACT00461,C03,11/01/2025
FACT09350,C05,06/12/2025
FACT01305,C06,24/02/2025
FACT00899,C02,12/02/2025
FACT08278,C10,31/10/2025
FACT08682,C03,22/11/2025
FACT06654,C06,22/08/2025
FACT07483,C08,15/09/2025
FACT06104,C04,27/08/2025
FACT03979,C04,01/05/2025
FACT05380,C09,10/07/2025
FACT08848,C10,20/11/2025
FACT02448,C10,27/03/2025
FACT07890,C07,05/10/2025
FACT07736,C03,04/10/2025
FACT01618,C01,06/02/2025
FACT09563,C07,04/12/2025
FACT08951,C03,10/11/2025
FACT04832,C06,30/06/2025
FACT07235,C04,13/09/2025
FACT05652,C09,29/07/2025
FACT03962,C05,07/05/2025
FACT07109,C10,02/09/2025
FACT08279,C10,05/10/2025
FACT03797,C02,06/05/2025
FACT06042,C09,06/08/2025
FACT01157,C06,23/02/2025
FACT03987,C06,03/05/2025
FACT04007,C04,04/05/2025
FACT03124,C03,02/04/2025
FACT09189,C07,13/12/2025
FACT04594,C05,11/06/2025
FACT02921,C05,18/04/2025
FACT09406,C10,17/12/2025
FACT01588,C02,25/02/2025
FACT01967,C10,25/03/2025
FACT02942,C04,30/04/2025
FACT06895,C09,18/09/2025
FACT04446,C06,04/06/2025
FACT05008,C08,19/06/2025
FACT09654,C04,19/12/2025
FACT05675,C05,13/07/2025
FACT07757,C07,27/10/2025
FACT09145,C10,21/11/2025
FACT09754,C02,08/12/2025
FACT04976,C04,29/06/2025
FACT03911,C10,28/05/2025
FACT06217,C02,19/08/2025
FACT05319,C10,22/07/2025
FACT03191,C04,28/04/2025
FACT05259,C07,24/07/2025
FACT06296,C02,07/08/2025
FACT09744,C02,06/12/2025
FACT00775,C07,29/01/2025
FACT06409,C03,14/08/2025
FACT00870,C06,28/02/2025
FACT09372,C02,22/12/2025
FACT09186,C02,18/12/2025
FACT06229,C06,09/08/2025
FACT05601,C05,27/07/2025
FACT09404,C08,03/12/2025
FACT02488,C03,11/03/2025
FACT02656,C02,19/04/2025
FACT01512,C07,27/02/2025
FACT00357,C04,04/01/2025
FACT03234,C09,06/04/2025
FACT02045,C04,18/03/2025
FACT07746,C03,05/10/2025
FACT01960,C04,01/03/2025
FACT04941,C03,18/06/2025
FACT07443,C03,28/09/2025
FACT09558,C04,20/12/2025
FACT02948,C09,25/04/2025
FACT04965,C08,20/06/2025
FACT04927,C02,24/06/2025
FACT07179,C01,18/09/2025
FACT06233,C05,07/08/2025
FACT06105,C10,16/08/2025
FACT04558,C04,21/06/2025
FACT04084,C01,21/05/2025
FACT00936,C09,16/02/2025
FACT00328,C08,31/01/2025
FACT06231,C05,24/08/2025
FACT00937,C01,04/02/2025
FACT00349,C07,14/01/2025
FACT00351,C03,11/01/2025
FACT02684,C07,07/04/2025
FACT03030,C08,07/04/2025
FACT02910,C02,22/04/2025
FACT01670,C03,21/02/2025
FACT04296,C06,26/06/2025
FACT04700,C04,09/06/2025
FACT02081,C07,19/03/2025
FACT04763,C02,12/06/2025
FACT08928,C03,23/11/2025
FACT05046,C08,21/07/2025
FACT02917,C10,30/04/2025
FACT00804,C09,11/01/2025
FACT08659,C05,20/11/2025
FACT01564,C09,06/02/2025
FACT05139,C03,06/07/2025
FACT09741,C10,23/12/2025
FACT03758,C01,11/05/2025
FACT02943,C08,17/04/2025
FACT07242,C06,07/09/2025
FACT04634,C01,01/06/2025
FACT08762,C02,27/11/2025
FACT05982,C06,23/08/2025
FACT07649,C05,11/10/2025
FACT09302,C07,13/12/2025
FACT06219,C02,04/08/2025
FACT05783,C02,20/07/2025
FACT00736,C04,25/01/2025
FACT07910,C05,26/10/2025
FACT02626,C02,16/04/2025
FACT09444,C07,11/12/2025
FACT01304,C02,25/02/2025
FACT04213,C03,22/06/2025
FACT01116,C03,18/02/2025
FACT02281,C02,25/03/2025
FACT05015,C02,16/06/2025
FACT00055,C09,19/01/2025
FACT04955,C06,15/06/2025
FACT01174,C06,12/02/2025
FACT04708,C01,18/06/2025
FACT04348,C08,01/06/2025
FACT07760,C02,14/10/2025
FACT02308,C01,30/03/2025
FACT08697,C01,19/11/2025
FACT07667,C09,28/10/2025
FACT09975,C09,15/12/2025
FACT03843,C09,10/05/2025
FACT06631,C07,28/08/2025
FACT09327,C05,20/12/2025
FACT03360,C09,06/04/2025
FACT06328,C09,11/08/2025
FACT03712,C07,29/05/2025
FACT07504,C04,19/10/2025
FACT05956,C09,28/08/2025
FACT03433,C06,12/05/2025
FACT06783,C03,29/09/2025
FACT04858,C02,11/06/2025
FACT08098,C02,18/10/2025
FACT02104,C10,14/03/2025
FACT07674,C06,30/10/2025
FACT01443,C01,11/02/2025
FACT03654,C02,07/05/2025
FACT03981,C08,26/05/2025
FACT05340,C03,15/07/2025
FACT07268,C10,05/09/2025
FACT00208,C04,05/01/2025
FACT08019,C02,27/10/2025
FACT07966,C09,23/10/2025
FACT09840,C02,04/12/2025
FACT09203,C08,11/12/2025
FACT01650,C08,06/02/2025
FACT04377,C06,15/06/2025
FACT00990,C05,08/02/2025
FACT08866,C05,27/11/2025
FACT08655,C02,08/11/2025
FACT06851,C08,20/09/2025
FACT06386,C03,20/08/2025
FACT06822,C10,18/09/2025
FACT04581,C10,08/06/2025
FACT03887,C02,27/05/2025
FACT06786,C03,08/09/2025
FACT00453,C03,06/01/2025
FACT01885,C02,04/03/2025
FACT09998,C04,16/12/2025
FACT05557,C06,07/07/2025
FACT01323,C06,25/02/2025
FACT06230,C10,31/08/2025
FACT09962,C01,03/12/2025
FACT00621,C08,08/01/2025
FACT06247,C09,21/08/2025
FACT02534,C01,03/04/2025
FACT04501,C05,27/06/2025
FACT00478,C05,29/01/2025
FACT08878,C01,17/11/2025
FACT01842,C02,23/03/2025
FACT03248,C07,12/04/2025
FACT02526,C04,14/04/2025
FACT00696,C01,22/01/2025
FACT03861,C10,21/05/2025
FACT01315,C09,04/02/2025
FACT06618,C09,10/08/2025
FACT01083,C02,25/02/2025
FACT09564,C01,26/12/2025
FACT09342,C10,15/12/2025
FACT01136,C06,10/02/2025
FACT09570,C04,07/12/2025
FACT03041,C02,20/04/2025
FACT01066,C01,16/02/2025
FACT01722,C04,12/03/2025
FACT07277,C09,10/09/2025
FACT02483,C01,06/03/2025
FACT08131,C09,25/10/2025
FACT00710,C04,04/01/2025
FACT05957,C06,31/08/2025
FACT07676,C05,09/10/2025
FACT01013,C06,20/02/2025
FACT01549,C04,25/02/2025
FACT08316,C03,28/10/2025
FACT01554,C07,03/02/2025
FACT00494,C02,29/01/2025
FACT01958,C05,06/03/2025
FACT04648,C10,01/06/2025
FACT03704,C09,06/05/2025
FACT05855,C04,25/08/2025
FACT07561,C01,18/10/2025
FACT08443,C08,03/11/2025
FACT01245,C03,07/02/2025
FACT02368,C06,11/03/2025
FACT06089,C01,01/08/2025
FACT00260,C01,01/01/2025
FACT05837,C08,15/08/2025
FACT04917,C04,14/06/2025
FACT02781,C07,02/04/2025
FACT05653,C09,30/07/2025
FACT02011,C02,18/03/2025
FACT05143,C05,13/07/2025
FACT05144,C01,25/07/2025
FACT04134,C10,13/05/2025
FACT05362,C04,04/07/2025
FACT06393,C06,26/08/2025
FACT04276,C07,30/06/2025
FACT00625,C10,04/01/2025
FACT00980,C10,13/02/2025
FACT00953,C10,05/02/2025
FACT05773,C04,11/07/2025
FACT01423,C01,11/02/2025
FACT00971,C01,18/02/2025
FACT00379,C08,27/01/2025
FACT02211,C07,02/03/2025
FACT00902,C02,24/02/2025
FACT07401,C02,02/09/2025
FACT05987,C07,19/08/2025
FACT00326,C07,27/01/2025
FACT02612,C08,23/04/2025
FACT06703,C05,26/09/2025
FACT08533,C10,25/11/2025
FACT04920,C05,24/06/2025
FACT00861,C05,25/02/2025
FACT05640,C10,26/07/2025
FACT08289,C09,16/10/2025
FACT05296,C06,18/07/2025
FACT08584,C04,17/11/2025
FACT09208,C04,11/12/2025
FACT00144,C08,09/01/2025
FACT02968,C09,09/04/2025
FACT09668,C10,31/12/2025
FACT08877,C08,10/11/2025
FACT04391,C04,18/06/2025
FACT07756,C06,27/10/2025
FACT00639,C08,04/01/2025
FACT07542,C08,23/10/2025
FACT04436,C01,09/06/2025
FACT09234,C01,10/12/2025
FACT06561,C07,16/08/2025
FACT04643,C05,21/06/2025
FACT05251,C08,14/07/2025
FACT06171,C04,23/08/2025
FACT00707,C10,29/01/2025
FACT04510,C01,05/06/2025
FACT01307,C09,14/02/2025
FACT09643,C02,22/12/2025
FACT09568,C02,02/12/2025
FACT05785,C09,13/07/2025
FACT01274,C10,03/02/2025
FACT00510,C05,23/01/2025
FACT00166,C05,10/01/2025
FACT08311,C07,01/10/2025
FACT04698,C04,21/06/2025
FACT05551,C05,02/07/2025
FACT05404,C10,12/07/2025
FACT03745,C05,03/05/2025
FACT08120,C07,15/10/2025
FACT05947,C10,28/08/2025
FACT06111,C09,17/08/2025
FACT03875,C04,23/05/2025
FACT00867,C08,17/02/2025
FACT03823,C06,31/05/2025
FACT00081,C06,31/01/2025
FACT09960,C01,18/12/2025
FACT09357,C10,09/12/2025
FACT09537,C03,31/12/2025
FACT08973,C05,23/11/2025
FACT02945,C08,26/04/2025
FACT09079,C02,18/11/2025
FACT06139,C10,31/08/2025
FACT09120,C03,28/11/2025
FACT02844,C09,01/04/2025
FACT01401,C04,08/02/2025
FACT02621,C02,19/04/2025
FACT05104,C05,21/07/2025
FACT09231,C06,07/12/2025
FACT02355,C09,09/03/2025
FACT03586,C09,06/05/2025
FACT02337,C05,01/03/2025
FACT00137,C07,26/01/2025
FACT05543,C02,11/07/2025
FACT04791,C03,29/06/2025
FACT09882,C03,12/12/2025
FACT06331,C10,30/08/2025
FACT05227,C02,10/07/2025
FACT06916,C07,17/09/2025
FACT02685,C03,20/04/2025
FACT03552,C08,11/05/2025
FACT02051,C09,28/03/2025
FACT02321,C04,06/03/2025
FACT00946,C06,09/02/2025
FACT07123,C10,26/09/2025
FACT04590,C03,09/06/2025
FACT03909,C09,31/05/2025
FACT06276,C09,04/08/2025
FACT02110,C03,28/03/2025
FACT02016,C08,31/03/2025
FACT03854,C04,04/05/2025
FACT02451,C10,11/03/2025
FACT04406,C01,10/06/2025
FACT00067,C05,04/01/2025
FACT02955,C08,22/04/2025
FACT02718,C07,12/04/2025
FACT06546,C03,22/08/2025
FACT09605,C08,31/12/2025
FACT08856,C08,19/11/2025
FACT06568,C05,19/08/2025
FACT07302,C04,18/09/2025
FACT08152,C01,24/10/2025
FACT01942,C03,30/03/2025
FACT06162,C07,24/08/2025
FACT04495,C06,19/06/2025
FACT05875,C01,15/08/2025
FACT03079,C10,23/04/2025
FACT02767,C02,08/04/2025
FACT03020,C07,17/04/2025
FACT00913,C10,10/02/2025
FACT03082,C06,18/04/2025
FACT09393,C10,22/12/2025
FACT01887,C10,13/03/2025
FACT00491,C03,15/01/2025
FACT02938,C08,23/04/2025
FACT04716,C04,24/06/2025
FACT01148,C05,06/02/2025
FACT03048,C10,14/04/2025
FACT03864,C04,12/05/2025
FACT06243,C07,22/08/2025
FACT01503,C05,27/02/2025
FACT08446,C09,10/11/2025
FACT01300,C10,04/02/2025
FACT01261,C10,04/02/2025
FACT08074,C04,26/10/2025
FACT01407,C10,19/02/2025
FACT08885,C08,11/11/2025
FACT05127,C06,04/07/2025
FACT07306,C03,13/09/2025
FACT03869,C03,22/05/2025
FACT08021,C09,29/10/2025
FACT09088,C07,05/11/2025
FACT01100,C02,07/02/2025
FACT06411,C02,18/08/2025
FACT07351,C10,02/09/2025
FACT01894,C05,16/03/2025
FACT03074,C03,13/04/2025
FACT04248,C03,27/06/2025
FACT09250,C07,09/12/2025
FACT02850,C02,03/04/2025
FACT07014,C08,18/09/2025
FACT05391,C01,02/07/2025
FACT05632,C01,18/07/2025
FACT08529,C08,26/11/2025
FACT01909,C09,16/03/2025
FACT08500,C06,19/11/2025
FACT06555,C08,21/08/2025
FACT09971,C03,15/12/2025
FACT08373,C10,26/11/2025
FACT08484,C03,14/11/2025
FACT02255,C06,28/03/2025
FACT03664,C08,04/05/2025
FACT09218,C04,12/12/2025
FACT01568,C06,15/02/2025
FACT04602,C08,06/06/2025
FACT08870,C06,13/11/2025
FACT06595,C03,15/08/2025
FACT00763,C06,22/01/2025
FACT09715,C06,19/12/2025
FACT08863,C08,10/11/2025
FACT01463,C01,21/02/2025
FACT02018,C02,09/03/2025
FACT01003,C03,28/02/2025
FACT05763,C01,05/07/2025
FACT04340,C05,25/06/2025
FACT01587,C01,08/02/2025
FACT09618,C05,13/12/2025
FACT09072,C09,29/11/2025
FACT05178,C02,18/07/2025
FACT05342,C07,17/07/2025
FACT03632,C05,09/05/2025
FACT08535,C06,23/11/2025
FACT09579,C03,26/12/2025
FACT07043,C03,10/09/2025
FACT02506,C08,18/04/2025
FACT07755,C04,12/10/2025
FACT03145,C06,09/04/2025
FACT02585,C07,20/04/2025
FACT09290,C08,14/12/2025
FACT02796,C01,20/04/2025
FACT04684,C07,23/06/2025
FACT04522,C04,30/06/2025
FACT05748,C06,11/07/2025
FACT07658,C10,23/10/2025
FACT05527,C07,17/07/2025
FACT06986,C10,10/09/2025
FACT01466,C01,07/02/2025
FACT02380,C06,11/03/2025
FACT05426,C01,18/07/2025
FACT06492,C09,10/08/2025
FACT07324,C08,25/09/2025
FACT07713,C08,29/10/2025
FACT04997,C01,15/06/2025
FACT05081,C05,04/07/2025
FACT09826,C01,14/12/2025
FACT08034,C01,26/10/2025
FACT09045,C08,19/11/2025
FACT05757,C05,27/07/2025
FACT01470,C05,19/02/2025
FACT00564,C06,31/01/2025
FACT01632,C03,01/02/2025
FACT07694,C10,03/10/2025
FACT05534,C07,25/07/2025
FACT09299,C05,26/12/2025
FACT00087,C07,25/01/2025
FACT09210,C07,13/12/2025
FACT01517,C07,11/02/2025
FACT05411,C03,15/07/2025
FACT04721,C08,28/06/2025
FACT05254,C05,09/07/2025
FACT09414,C05,21/12/2025
FACT07918,C10,02/10/2025
FACT08975,C01,04/11/2025
FACT02319,C02,17/03/2025
FACT01212,C04,08/02/2025
FACT06778,C03,14/09/2025
FACT08532,C08,05/11/2025
FACT08070,C01,22/10/2025
FACT07613,C09,14/10/2025
FACT02937,C04,16/04/2025
FACT01369,C03,04/02/2025
FACT07318,C02,25/09/2025
FACT09348,C01,27/12/2025
FACT01504,C05,22/02/2025
FACT01090,C09,23/02/2025
FACT02578,C07,20/04/2025
FACT06055,C07,20/08/2025
FACT06852,C03,26/09/2025
FACT05526,C08,13/07/2025
FACT05111,C06,15/07/2025
FACT03780,C05,19/05/2025
FACT07500,C04,29/09/2025
FACT03480,C07,02/05/2025
FACT07952,C03,22/10/2025
FACT01726,C07,07/03/2025
FACT09296,C10,12/12/2025
FACT03283,C05,20/04/2025
FACT02724,C07,11/04/2025
FACT08978,C02,19/11/2025
FACT06676,C03,06/08/2025
FACT07088,C02,11/09/2025
FACT07121,C08,05/09/2025
FACT09621,C08,17/12/2025
FACT03121,C03,25/04/2025
FACT00741,C05,23/01/2025
FACT09018,C01,06/11/2025
FACT01901,C10,13/03/2025
FACT08943,C06,16/11/2025
FACT05636,C08,19/07/2025
FACT01218,C04,22/02/2025
FACT06912,C07,25/09/2025
FACT08255,C06,01/10/2025
FACT08103,C02,19/10/2025
FACT07831,C01,15/10/2025
FACT00543,C07,05/01/2025
FACT06650,C04,21/08/2025
FACT06116,C06,06/08/2025
FACT09416,C03,06/12/2025
FACT07905,C05,18/10/2025
FACT04196,C04,19/06/2025
FACT03087,C09,15/04/2025
FACT07172,C06,24/09/2025
FACT08104,C02,11/10/2025
FACT02816,C05,18/04/2025
FACT04410,C05,19/06/2025
FACT08076,C02,20/10/2025
FACT07366,C06,14/09/2025
FACT04613,C10,20/06/2025
FACT05387,C05,28/07/2025
FACT00105,C09,12/01/2025
FACT05496,C01,18/07/2025
FACT00925,C06,04/02/2025
FACT02797,C03,06/04/2025
FACT02158,C05,21/03/2025
FACT01393,C10,19/02/2025
FACT03771,C09,18/05/2025
FACT05473,C04,25/07/2025
FACT05233,C03,10/07/2025
FACT02951,C08,04/04/2025
FACT00433,C10,11/01/2025
FACT05503,C10,31/07/2025
FACT02441,C07,11/03/2025
FACT03314,C02,02/04/2025
FACT07682,C04,26/10/2025
FACT01339,C05,18/02/2025
FACT00826,C06,23/01/2025
FACT01399,C10,11/02/2025
FACT05265,C05,07/07/2025
FACT00189,C04,04/01/2025
FACT09966,C07,08/12/2025
FACT01237,C06,20/02/2025
FACT01931,C09,22/03/2025
FACT00197,C08,05/01/2025
FACT00782,C04,25/01/2025
FACT07889,C02,02/10/2025
FACT04860,C02,27/06/2025
FACT03300,C02,04/04/2025
FACT03117,C10,08/04/2025
FACT01733,C07,24/03/2025
FACT06244,C05,06/08/2025
FACT08875,C04,21/11/2025
FACT08259,C01,09/10/2025
FACT04259,C06,11/06/2025
FACT02766,C04,20/04/2025
FACT04637,C01,09/06/2025
FACT09925,C07,30/12/2025
FACT08985,C03,25/11/2025
FACT00901,C10,16/02/2025
FACT02745,C05,11/04/2025
FACT05414,C07,14/07/2025
FACT02512,C07,18/04/2025
FACT01678,C07,08/03/2025
FACT02743,C02,13/04/2025
FACT01159,C09,20/02/2025
FACT04819,C09,28/06/2025
FACT03376,C01,21/05/2025
FACT04325,C09,05/06/2025
FACT01164,C06,15/02/2025
FACT01002,C07,02/02/2025
FACT07217,C06,13/09/2025
FACT08799,C10,16/11/2025
FACT06073,C09,10/08/2025
FACT03982,C03,21/05/2025
FACT00677,C04,21/01/2025
FACT00383,C04,23/01/2025
FACT08369,C02,01/11/2025
FACT04060,C05,23/05/2025
FACT07032,C06,21/09/2025
FACT07518,C05,20/10/2025
FACT07132,C04,03/09/2025
FACT08621,C05,13/11/2025
FACT04307,C01,07/06/2025
FACT03679,C04,28/05/2025
FACT01500,C01,02/02/2025
FACT08619,C01,16/11/2025
FACT08999,C07,10/11/2025
FACT02909,C10,29/04/2025
FACT05192,C09,19/07/2025
FACT07772,C10,03/10/2025
FACT04404,C05,02/06/2025
FACT01044,C02,23/02/2025
FACT00863,C10,03/02/2025
FACT06051,C04,05/08/2025
FACT04351,C10,15/06/2025
FACT03075,C04,09/04/2025
FACT09121,C05,05/11/2025
FACT04393,C06,22/06/2025
FACT07383,C07,26/09/2025
FACT03269,C06,09/04/2025
FACT00047,C01,20/01/2025
FACT06883,C10,15/09/2025
FACT07491,C07,17/09/2025
FACT01467,C08,28/02/2025
FACT07979,C04,08/10/2025
FACT02997,C04,17/04/2025
FACT05708,C01,24/07/2025
FACT01900,C01,31/03/2025
FACT05848,C05,29/08/2025
FACT01058,C02,25/02/2025
FACT07453,C08,30/09/2025
FACT02147,C06,19/03/2025
FACT06694,C08,29/09/2025
FACT01754,C01,09/03/2025
FACT06983,C02,09/09/2025
FACT08693,C06,23/11/2025
FACT04770,C10,24/06/2025
FACT09523,C01,15/12/2025
FACT01956,C07,23/03/2025
FACT08768,C06,10/11/2025
FACT00952,C10,14/02/2025
FACT08567,C10,02/11/2025
FACT00541,C04,31/01/2025
FACT02271,C07,16/03/2025
FACT08022,C01,18/10/2025
FACT00076,C02,27/01/2025
FACT06990,C02,03/09/2025
FACT05226,C09,03/07/2025
FACT09058,C10,17/11/2025
FACT08422,C09,05/11/2025
FACT05068,C10,17/07/2025
FACT02940,C07,15/04/2025
FACT06879,C08,09/09/2025
FACT00012,C04,06/01/2025
FACT02577,C07,30/04/2025
FACT07738,C01,26/10/2025
FACT07095,C08,01/09/2025
FACT00607,C09,02/01/2025
FACT03922,C01,28/05/2025
FACT07164,C09,30/09/2025
FACT08751,C09,22/11/2025
FACT00126,C06,15/01/2025
FACT06463,C05,18/08/2025
FACT06882,C04,21/09/2025
FACT00345,C05,09/01/2025
FACT02931,C09,12/04/2025
FACT02063,C10,31/03/2025
FACT06699,C03,20/09/2025
FACT03523,C02,12/05/2025
FACT06096,C09,05/08/2025
FACT08939,C10,04/11/2025
FACT05745,C01,16/07/2025
FACT07215,C01,27/09/2025
FACT01551,C04,01/02/2025
FACT08796,C09,04/11/2025
FACT03623,C05,07/05/2025
FACT01951,C09,06/03/2025
FACT09056,C01,27/11/2025
FACT00714,C08,12/01/2025
FACT09093,C09,06/11/2025
FACT05513,C04,23/07/2025
FACT05182,C02,23/07/2025
FACT07878,C06,20/10/2025
FACT08303,C01,27/10/2025
FACT08720,C10,01/11/2025
FACT02888,C07,01/04/2025
FACT04064,C07,30/05/2025
FACT04012,C01,12/05/2025
FACT07348,C03,08/09/2025
FACT07454,C02,07/09/2025
FACT03470,C03,16/05/2025
FACT05006,C03,24/06/2025
FACT02153,C09,05/03/2025
FACT04930,C07,17/06/2025
FACT00514,C10,26/01/2025
FACT04670,C05,30/06/2025
FACT01750,C04,06/03/2025
FACT02987,C03,13/04/2025
FACT03986,C06,29/05/2025
FACT00989,C06,08/02/2025
FACT09082,C08,03/11/2025
FACT03159,C10,10/04/2025
FACT09599,C10,25/12/2025
FACT05862,C04,20/08/2025
FACT04792,C07,05/06/2025
FACT06709,C08,26/09/2025
FACT02609,C02,09/04/2025
FACT04475,C02,13/06/2025
FACT00838,C04,19/02/2025
FACT07679,C07,19/10/2025
FACT06932,C06,04/09/2025
FACT06865,C01,07/09/2025
FACT00425,C10,16/01/2025
FACT08168,C01,02/10/2025
FACT05204,C06,28/07/2025
FACT00064,C04,07/01/2025
FACT09150,C01,03/11/2025
FACT07102,C02,13/09/2025
FACT00220,C04,05/01/2025
FACT00536,C01,11/01/2025
FACT07987,C05,26/10/2025
FACT09504,C05,13/12/2025
FACT07753,C02,05/10/2025
FACT01437,C09,06/02/2025
FACT04658,C10,08/06/2025
FACT09009,C01,29/11/2025
FACT05569,C10,20/07/2025
FACT07882,C03,29/10/2025
FACT02193,C01,28/03/2025
FACT03624,C06,29/05/2025
FACT00950,C08,21/02/2025
FACT05098,C01,02/07/2025
FACT08407,C02,19/11/2025
FACT07061,C05,23/09/2025
FACT00068,C08,19/01/2025
FACT01306,C07,19/02/2025
FACT02834,C02,10/04/2025
FACT05118,C03,27/07/2025
FACT05795,C08,04/07/2025
FACT03382,C05,23/05/2025
FACT00185,C01,18/01/2025
FACT02403,C03,07/03/2025
FACT00666,C03,05/01/2025
FACT08058,C02,23/10/2025
FACT06185,C01,27/08/2025
FACT07655,C02,19/10/2025
FACT06284,C04,07/08/2025
FACT04945,C07,30/06/2025
FACT09352,C02,27/12/2025
FACT07686,C07,22/10/2025
FACT05488,C07,03/07/2025
FACT05100,C01,19/07/2025
FACT09197,C02,12/12/2025
FACT01452,C02,02/02/2025
FACT04681,C02,14/06/2025
FACT05349,C05,13/07/2025
FACT04287,C05,23/06/2025
FACT05541,C01,24/07/2025
FACT05829,C07,12/07/2025
FACT00930,C06,19/02/2025
FACT09806,C04,18/12/2025
FACT03177,C01,09/04/2025
FACT05290,C04,02/07/2025
FACT01338,C04,17/02/2025
FACT01167,C05,25/02/2025
FACT01309,C04,09/02/2025
FACT07218,C08,20/09/2025
FACT00324,C09,27/01/2025
FACT07236,C03,18/09/2025
FACT08142,C09,04/10/2025
FACT03200,C03,26/04/2025
FACT06295,C03,07/08/2025
FACT03662,C08,17/05/2025
FACT00581,C08,21/01/2025
FACT03473,C02,09/05/2025
FACT03431,C01,04/05/2025
FACT01717,C03,01/03/2025
FACT03332,C02,06/04/2025
FACT01625,C06,01/02/2025
FACT02272,C03,11/03/2025
FACT08895,C04,22/11/2025
FACT05746,C02,04/07/2025
FACT06170,C04,18/08/2025
FACT02624,C05,04/04/2025
FACT08932,C05,11/11/2025
FACT01081,C07,02/02/2025
FACT07015,C10,15/09/2025
FACT06347,C02,05/08/2025
FACT05072,C07,30/07/2025
FACT04722,C04,02/06/2025
FACT01358,C01,02/02/2025
FACT02832,C03,26/04/2025
FACT00812,C04,03/01/2025
FACT02044,C07,12/03/2025
FACT04365,C08,19/06/2025
FACT01780,C10,07/03/2025
FACT06957,C07,14/09/2025
FACT05485,C07,14/07/2025
FACT01193,C07,04/02/2025
FACT08331,C01,05/11/2025
FACT06057,C01,19/08/2025
FACT01523,C01,20/02/2025
FACT08020,C03,15/10/2025
FACT09026,C03,29/11/2025
FACT08127,C03,12/10/2025
FACT00848,C04,10/02/2025
FACT01930,C10,23/03/2025
FACT01060,C03,11/02/2025
FACT07739,C06,26/10/2025
FACT05328,C01,31/07/2025
FACT06660,C09,05/08/2025
FACT03450,C01,28/05/2025
FACT09139,C01,24/11/2025
FACT01147,C10,20/02/2025
FACT05456,C10,04/07/2025
FACT08936,C09,24/11/2025
FACT05900,C05,21/08/2025
FACT08495,C08,12/11/2025
FACT04271,C03,03/06/2025
FACT05805,C01,18/07/2025
FACT04660,C07,03/06/2025
FACT02008,C08,25/03/2025
FACT01746,C09,16/03/2025
FACT07837,C02,09/10/2025
FACT03000,C07,16/04/2025
FACT04038,C07,04/05/2025
FACT08515,C07,16/11/2025
FACT05528,C09,18/07/2025
FACT07010,C10,28/09/2025
FACT05223,C03,24/07/2025
FACT03136,C10,18/04/2025
FACT09022,C10,20/11/2025
FACT02838,C09,01/04/2025
FACT08432,C03,08/11/2025
FACT03309,C03,20/04/2025
FACT03350,C10,27/04/2025
FACT06906,C06,14/09/2025
FACT05932,C09,17/08/2025
FACT01299,C08,01/02/2025
FACT06198,C03,01/08/2025
FACT02181,C09,11/03/2025
FACT08548,C10,21/11/2025
FACT09240,C04,17/12/2025
FACT00645,C10,23/01/2025
FACT04009,C08,03/05/2025
FACT01312,C05,04/02/2025
FACT06457,C03,26/08/2025
FACT00728,C03,18/01/2025
FACT08510,C06,07/11/2025
FACT06534,C01,13/08/2025
FACT06046,C10,29/08/2025
FACT06359,C03,29/08/2025
FACT04385,C01,27/06/2025
FACT03576,C04,12/05/2025
FACT09640,C09,21/12/2025
FACT00234,C06,05/01/2025
FACT08953,C01,16/11/2025
FACT04908,C06,23/06/2025
FACT07978,C09,13/10/2025
FACT06615,C08,10/08/2025
FACT02354,C09,24/03/2025
FACT03829,C06,06/05/2025
FACT07868,C09,13/10/2025
FACT03062,C07,09/04/2025
FACT00590,C10,10/01/2025
FACT02699,C01,15/04/2025
FACT00110,C04,03/01/2025
FACT03010,C05,14/04/2025
FACT03364,C08,25/05/2025
FACT03040,C08,11/04/2025
FACT01145,C06,21/02/2025
FACT00768,C03,20/01/2025
FACT00473,C05,03/01/2025
FACT08399,C04,03/11/2025
FACT04427,C05,01/06/2025
FACT08051,C10,02/10/2025
FACT09557,C06,26/12/2025
FACT02517,C05,08/04/2025
FACT03527,C01,13/05/2025
FACT09832,C03,07/12/2025
FACT02885,C01,10/04/2025
FACT00608,C03,11/01/2025
FACT07168,C06,30/09/2025
FACT03749,C06,16/05/2025
FACT07329,C04,04/09/2025
FACT04137,C08,30/05/2025
FACT06115,C09,04/08/2025
FACT08508,C02,20/11/2025
FACT01051,C08,10/02/2025
FACT08607,C01,19/11/2025
FACT04633,C02,23/06/2025
FACT02235,C05,14/03/2025
FACT08937,C04,12/11/2025
FACT01995,C07,12/03/2025
FACT03319,C10,06/04/2025
FACT03420,C09,30/05/2025
FACT09602,C01,06/12/2025
FACT06019,C04,14/08/2025
FACT03325,C04,27/04/2025
FACT05545,C03,19/07/2025
FACT02273,C05,08/03/2025
FACT01700,C08,29/03/2025
FACT07080,C05,03/09/2025
FACT00412,C05,25/01/2025
FACT03494,C05,10/05/2025
FACT06483,C06,09/08/2025
FACT07507,C09,21/10/2025
FACT07942,C09,27/10/2025
FACT01465,C10,07/02/2025
FACT04980,C10,24/06/2025
FACT07517,C07,31/10/2025
FACT06920,C05,05/09/2025
FACT00460,C02,04/01/2025
FACT05645,C04,18/07/2025
FACT04502,C08,26/06/2025
FACT01385,C04,12/02/2025
FACT08166,C09,05/10/2025
FACT03964,C03,03/05/2025
FACT04625,C04,02/06/2025
FACT09739,C01,27/12/2025
FACT05800,C10,31/07/2025
FACT02384,C01,02/03/2025
FACT07724,C04,21/10/2025
FACT06307,C08,10/08/2025
FACT08844,C06,30/11/2025
FACT09822,C05,15/12/2025
FACT08524,C04,22/11/2025
FACT08748,C04,29/11/2025
FACT00745,C08,16/01/2025
FACT05843,C10,18/08/2025
FACT06494,C02,25/08/2025
FACT05904,C09,04/08/2025
FACT01674,C02,28/03/2025
FACT02412,C02,25/03/2025
FACT06661,C10,07/08/2025
FACT03255,C01,11/04/2025
FACT06844,C10,15/09/2025
FACT05817,C01,28/07/2025
FACT04778,C03,17/06/2025
FACT00167,C02,10/01/2025
FACT03399,C03,31/05/2025
FACT05438,C05,15/07/2025
FACT02735,C09,29/04/2025
FACT06712,C07,09/09/2025
FACT00982,C07,10/02/2025
FACT05564,C04,21/07/2025
FACT02371,C09,21/03/2025
FACT02727,C08,17/04/2025
FACT05562,C09,08/07/2025
FACT09914,C09,13/12/2025
FACT02930,C03,13/04/2025
FACT09130,C04,29/11/2025
FACT03934,C08,14/05/2025
FACT07976,C07,26/10/2025
FACT08862,C04,26/11/2025
FACT04667,C03,29/06/2025
FACT02300,C05,25/03/2025
FACT05217,C02,18/07/2025
FACT02404,C02,12/03/2025
FACT07390,C06,24/09/2025
FACT04026,C05,10/05/2025
FACT03556,C09,19/05/2025
FACT08165,C08,03/10/2025
FACT03458,C09,10/05/2025
FACT05421,C10,20/07/2025
FACT06850,C06,22/09/2025
FACT05457,C04,27/07/2025
FACT03047,C09,11/04/2025
FACT01204,C04,15/02/2025
FACT01344,C10,14/02/2025
FACT04798,C06,08/06/2025
FACT03776,C08,11/05/2025
FACT05656,C09,29/07/2025
FACT00688,C06,08/01/2025
FACT07126,C01,12/09/2025
FACT05563,C07,30/07/2025
FACT01965,C02,12/03/2025
FACT03599,C06,01/05/2025
FACT02644,C09,19/04/2025
FACT04536,C05,20/06/2025
FACT05894,C05,27/08/2025
FACT08351,C05,03/11/2025
FACT04167,C09,22/05/2025
FACT06775,C02,23/09/2025
FACT02482,C05,11/03/2025
FACT06805,C02,14/09/2025
FACT05919,C06,14/08/2025
FACT00321,C03,13/01/2025
FACT04422,C10,10/06/2025
FACT09843,C01,29/12/2025
FACT04023,C08,27/05/2025
FACT02812,C07,08/04/2025
FACT05577,C06,23/07/2025
FACT01076,C01,21/02/2025
FACT08042,C04,22/10/2025
FACT04666,C03,20/06/2025
FACT09762,C09,19/12/2025
FACT02632,C05,05/04/2025
FACT02383,C06,22/03/2025
FACT06485,C09,12/08/2025
FACT04045,C05,22/05/2025
FACT04311,C07,08/06/2025
FACT05175,C03,02/07/2025
FACT00418,C07,27/01/2025
FACT09530,C02,11/12/2025
FACT09948,C01,24/12/2025
FACT06529,C04,21/08/2025
FACT05620,C04,26/07/2025
FACT02162,C03,15/03/2025
FACT04039,C08,07/05/2025
FACT00175,C09,18/01/2025
FACT01655,C06,09/02/2025
FACT03794,C01,07/05/2025
FACT05002,C05,10/06/2025
FACT04896,C06,10/06/2025
FACT07522,C02,19/10/2025
FACT06934,C06,05/09/2025
FACT05509,C10,08/07/2025
FACT00905,C04,10/02/2025
FACT07259,C10,26/09/2025
FACT00964,C07,07/02/2025
FACT02123,C03,17/03/2025
FACT00089,C09,03/01/2025
FACT03489,C02,26/05/2025
FACT07731,C05,11/10/2025
FACT03143,C01,13/04/2025
FACT08085,C02,19/10/2025
FACT01947,C06,06/03/2025
FACT00243,C09,11/01/2025
FACT05089,C01,12/07/2025
FACT06586,C04,16/08/2025
FACT06537,C07,08/08/2025
FACT01797,C03,30/03/2025
FACT06462,C06,22/08/2025
FACT02028,C03,26/03/2025
FACT07551,C08,26/10/2025
FACT02641,C03,12/04/2025
FACT06458,C07,11/08/2025
FACT03168,C06,19/04/2025
FACT00565,C05,27/01/2025
FACT05244,C09,11/07/2025
FACT01534,C08,01/02/2025
FACT00250,C03,27/01/2025
FACT09903,C04,11/12/2025
FACT06732,C06,07/09/2025
FACT00034,C10,30/01/2025
FACT04164,C06,29/05/2025
FACT06308,C02,18/08/2025
FACT04774,C05,20/06/2025
FACT07480,C06,23/09/2025
FACT01961,C02,15/03/2025
FACT02314,C05,08/03/2025
FACT05581,C03,08/07/2025
FACT06982,C06,11/09/2025
FACT07440,C05,29/09/2025
FACT04889,C01,07/06/2025
FACT02468,C09,21/03/2025
FACT04037,C01,04/05/2025
FACT08211,C02,05/10/2025
FACT08212,C10,27/10/2025
FACT00974,C02,12/02/2025
FACT04614,C03,15/06/2025
FACT07999,C01,11/10/2025
FACT06921,C05,21/09/2025
FACT08578,C01,01/11/2025
FACT06268,C06,04/08/2025
FACT02219,C09,28/03/2025
FACT05430,C07,16/07/2025
FACT04424,C06,12/06/2025
FACT05186,C06,13/07/2025
FACT08363,C08,09/11/2025
FACT08133,C01,22/10/2025
FACT04550,C02,13/06/2025
FACT07633,C10,12/10/2025
FACT06059,C08,26/08/2025
FACT09929,C04,26/12/2025
FACT09795,C07,01/12/2025
FACT01398,C10,28/02/2025
FACT08717,C05,06/11/2025
FACT08195,C04,24/10/2025
FACT02566,C05,21/04/2025
FACT00206,C09,18/01/2025
FACT04265,C03,13/06/2025
FACT07589,C04,28/10/2025
FACT04937,C09,23/06/2025
FACT06470,C09,22/08/2025
FACT04110,C10,08/05/2025
FACT09293,C06,27/12/2025
FACT06777,C02,10/09/2025
FACT03148,C08,26/04/2025
FACT01656,C03,02/02/2025
FACT03306,C04,03/04/2025
FACT08770,C10,19/11/2025
FACT02607,C02,03/04/2025
FACT02941,C02,23/04/2025
FACT05874,C03,21/08/2025
FACT01997,C03,15/03/2025
FACT00283,C07,21/01/2025
FACT02633,C07,09/04/2025
FACT05128,C02,10/07/2025
FACT03537,C08,17/05/2025
FACT07929,C01,04/10/2025
FACT08144,C02,23/10/2025
FACT02972,C06,10/04/2025
FACT06468,C01,24/08/2025
FACT01944,C07,11/03/2025
FACT01812,C03,24/03/2025
FACT04914,C05,22/06/2025
FACT08741,C03,06/11/2025
FACT03681,C04,07/05/2025
FACT01529,C06,15/02/2025
FACT01053,C07,16/02/2025
FACT00319,C09,20/01/2025
FACT01319,C05,28/02/2025
FACT06216,C05,28/08/2025
FACT04994,C10,26/06/2025
FACT05578,C07,21/07/2025
FACT07286,C03,26/09/2025
FACT00731,C04,12/01/2025
FACT01775,C03,03/03/2025
FACT09565,C03,27/12/2025
FACT04685,C05,12/06/2025
FACT08333,C10,15/11/2025
FACT03874,C03,15/05/2025
FACT02857,C10,02/04/2025
FACT05521,C06,14/07/2025
FACT01495,C04,04/02/2025
FACT09303,C01,05/12/2025
FACT03738,C06,21/05/2025
FACT05469,C04,29/07/2025
FACT07840,C10,13/10/2025
FACT07636,C03,24/10/2025
FACT09006,C07,30/11/2025
FACT01802,C02,24/03/2025
FACT06245,C04,11/08/2025
FACT03645,C10,28/05/2025
FACT06523,C09,10/08/2025
FACT05626,C07,30/07/2025
FACT03862,C05,24/05/2025
FACT00755,C01,29/01/2025
FACT01474,C09,09/02/2025
FACT01045,C05,26/02/2025
FACT00296,C01,24/01/2025
FACT09140,C10,06/11/2025
FACT08492,C01,16/11/2025
FACT06161,C02,27/08/2025
FACT01457,C09,01/02/2025
FACT06041,C06,21/08/2025
FACT09126,C04,14/11/2025
FACT03616,C05,01/05/2025
FACT06451,C01,21/08/2025
FACT03974,C01,20/05/2025
FACT00086,C01,16/01/2025
FACT03960,C10,30/05/2025
FACT01032,C10,01/02/2025
FACT03614,C08,09/05/2025
FACT07461,C09,26/09/2025
FACT02049,C07,18/03/2025
FACT02461,C08,15/03/2025
FACT09209,C06,12/12/2025
FACT00757,C08,23/01/2025
FACT01550,C01,02/02/2025
FACT05210,C09,06/07/2025
FACT07300,C07,09/09/2025
FACT03335,C10,29/04/2025
FACT02958,C01,11/04/2025
FACT01195,C07,06/02/2025
FACT04161,C03,26/05/2025
FACT07799,C04,22/10/2025
FACT03810,C07,30/05/2025
FACT02322,C01,13/03/2025
FACT09634,C03,19/12/2025
FACT06847,C08,22/09/2025
FACT00824,C02,04/01/2025
FACT02969,C04,14/04/2025
FACT09828,C04,20/12/2025
FACT01056,C01,03/02/2025
FACT04892,C09,29/06/2025
FACT04723,C10,06/06/2025
FACT02240,C06,16/03/2025
FACT07785,C05,07/10/2025
FACT07807,C10,17/10/2025
FACT03677,C08,15/05/2025
FACT08441,C03,21/11/2025
FACT00209,C06,30/01/2025
FACT08583,C01,25/11/2025
FACT04059,C02,31/05/2025
FACT03722,C03,07/05/2025
FACT08974,C01,28/11/2025
FACT02465,C03,02/03/2025
FACT03785,C01,19/05/2025
FACT07810,C08,20/10/2025
FACT02439,C04,18/03/2025
FACT05401,C09,29/07/2025
FACT07602,C10,02/10/2025
FACT01422,C04,09/02/2025
FACT02504,C05,03/04/2025
FACT04044,C07,06/05/2025
FACT03693,C08,04/05/2025
FACT00123,C06,27/01/2025
FACT05166,C03,15/07/2025
FACT05592,C02,04/07/2025
FACT04303,C04,21/06/2025
FACT02726,C04,09/04/2025
FACT02867,C02,01/04/2025
FACT02592,C09,11/04/2025
FACT08993,C05,17/11/2025
FACT02538,C06,24/04/2025
FACT04387,C07,18/06/2025
FACT03462,C03,06/05/2025
FACT06836,C08,01/09/2025
FACT06434,C05,30/08/2025
FACT07583,C07,24/10/2025
FACT08504,C03,10/11/2025
FACT01687,C05,08/03/2025
FACT06077,C09,31/08/2025
FACT02829,C01,09/04/2025
FACT07610,C04,31/10/2025
FACT05954,C06,25/08/2025
FACT05845,C01,06/08/2025
FACT01233,C07,22/02/2025
FACT00592,C04,23/01/2025
FACT02234,C01,14/03/2025
FACT02347,C08,05/03/2025
FACT05202,C04,19/07/2025
FACT09675,C07,28/12/2025
FACT05983,C02,11/08/2025
FACT03598,C09,21/05/2025
FACT05106,C02,21/07/2025
FACT01882,C02,04/03/2025
FACT09183,C03,29/12/2025
FACT06066,C05,03/08/2025
FACT03799,C06,17/05/2025
FACT00422,C05,10/01/2025
FACT00909,C08,16/02/2025
FACT03094,C09,16/04/2025
FACT05680,C01,22/07/2025
FACT04944,C02,24/06/2025
FACT02665,C01,26/04/2025
FACT07718,C01,05/10/2025
FACT00436,C02,23/01/2025
FACT02454,C06,05/03/2025
FACT08454,C09,09/11/2025
FACT05054,C09,21/07/2025
FACT07060,C01,23/09/2025
FACT09588,C10,30/12/2025
FACT09993,C01,09/12/2025
FACT04432,C02,02/06/2025
FACT00644,C03,07/01/2025
FACT07608,C07,14/10/2025
FACT05765,C04,26/07/2025
FACT03099,C06,10/04/2025
FACT05865,C06,25/08/2025
FACT02360,C02,10/03/2025
FACT08228,C09,05/10/2025
FACT04669,C10,21/06/2025
FACT08309,C05,17/10/2025
FACT00071,C10,21/01/2025
FACT00315,C08,24/01/2025
FACT06138,C07,02/08/2025
FACT02990,C07,23/04/2025
FACT02492,C10,03/03/2025
FACT06337,C04,04/08/2025
FACT08111,C07,24/10/2025
FACT00602,C07,09/01/2025
FACT02406,C06,20/03/2025
FACT07559,C08,20/10/2025
FACT02638,C10,28/04/2025
FACT02800,C05,25/04/2025
FACT03302,C10,04/04/2025
FACT08742,C01,01/11/2025
FACT00338,C06,13/01/2025
FACT02200,C01,27/03/2025
FACT05198,C02,27/07/2025
FACT05546,C02,24/07/2025
FACT02473,C07,06/03/2025
FACT07492,C06,22/09/2025
FACT05589,C10,14/07/2025
FACT00145,C10,24/01/2025
FACT03188,C04,16/04/2025
FACT08132,C03,06/10/2025
FACT01884,C06,28/03/2025
FACT05776,C06,07/07/2025
FACT09750,C07,11/12/2025
FACT07282,C10,20/09/2025
FACT05760,C10,20/07/2025
FACT09257,C10,25/12/2025
FACT05170,C03,02/07/2025
FACT03674,C06,13/05/2025
FACT07899,C01,18/10/2025
FACT01838,C03,22/03/2025
FACT08773,C10,24/11/2025
FACT01977,C08,07/03/2025
FACT00306,C09,24/01/2025
FACT06902,C08,28/09/2025
FACT02034,C02,11/03/2025
FACT05490,C10,12/07/2025
FACT01526,C02,13/02/2025
FACT08280,C06,15/10/2025
FACT06039,C09,07/08/2025
FACT07293,C01,06/09/2025
FACT05408,C09,13/07/2025
FACT06214,C05,28/08/2025
FACT06947,C02,20/09/2025
FACT05448,C03,14/07/2025
FACT02390,C09,26/03/2025
FACT07804,C04,20/10/2025
FACT02529,C02,07/04/2025
FACT02176,C03,09/03/2025
FACT02396,C01,24/03/2025
FACT01563,C09,14/02/2025
FACT06205,C05,13/08/2025
FACT00631,C05,26/01/2025
FACT00413,C05,09/01/2025
FACT03401,C06,27/05/2025
FACT01380,C01,20/02/2025
FACT06176,C09,08/08/2025
FACT08581,C05,24/11/2025
FACT00893,C08,08/02/2025
FACT03342,C02,05/04/2025
FACT04833,C03,18/06/2025
FACT03764,C09,05/05/2025
FACT08336,C06,29/11/2025
FACT08616,C07,04/11/2025
FACT04237,C08,28/06/2025
FACT01151,C02,14/02/2025
FACT06611,C04,23/08/2025
FACT07022,C06,05/09/2025
FACT02891,C07,11/04/2025
FACT08444,C02,26/11/2025
FACT05225,C10,12/07/2025
FACT06938,C01,04/09/2025
FACT08466,C09,21/11/2025
FACT05906,C08,15/08/2025
FACT02132,C09,07/03/2025
FACT07175,C09,07/09/2025
FACT01185,C03,03/02/2025
FACT08176,C01,17/10/2025
FACT08377,C09,04/11/2025
FACT03573,C05,29/05/2025
FACT03072,C10,15/04/2025
FACT09991,C06,03/12/2025
FACT06384,C09,03/08/2025
FACT06975,C03,17/09/2025
FACT09080,C10,09/11/2025
FACT01866,C02,26/03/2025
FACT02890,C02,11/04/2025
FACT07353,C08,06/09/2025
FACT07381,C03,27/09/2025
FACT06339,C03,30/08/2025
FACT03235,C02,30/04/2025
FACT00808,C08,22/01/2025
FACT05323,C04,12/07/2025
FACT09432,C10,29/12/2025
FACT07241,C03,23/09/2025
FACT04519,C10,04/06/2025
FACT09338,C03,05/12/2025
FACT06760,C01,04/09/2025
FACT01966,C02,04/03/2025
FACT00028,C09,18/01/2025
FACT09735,C03,18/12/2025
FACT08628,C05,05/11/2025
FACT00492,C05,10/01/2025
FACT02330,C10,01/03/2025
FACT01484,C02,02/02/2025
FACT09689,C10,02/12/2025
FACT08114,C04,28/10/2025
FACT08304,C04,27/10/2025
FACT06873,C06,19/09/2025
FACT03095,C10,16/04/2025
FACT02242,C03,22/03/2025
FACT07915,C03,12/10/2025
FACT03355,C05,23/04/2025
FACT07053,C09,13/09/2025
FACT02407,C06,10/03/2025
FACT01626,C02,06/02/2025
FACT06310,C08,08/08/2025
FACT07404,C10,03/09/2025
FACT05587,C01,28/07/2025
FACT01026,C08,19/02/2025
FACT05016,C10,12/06/2025
FACT05964,C06,10/08/2025
FACT05646,C04,09/07/2025
FACT01642,C09,14/02/2025
FACT02203,C07,03/03/2025
FACT03073,C04,24/04/2025
FACT08337,C05,02/11/2025
FACT04978,C01,25/06/2025
FACT09188,C10,21/12/2025
FACT04900,C06,16/06/2025
FACT00903,C04,17/02/2025
FACT04175,C06,14/05/2025
FACT09107,C03,12/11/2025
FACT08433,C10,05/11/2025
FACT05996,C08,19/08/2025
FACT08408,C07,09/11/2025
FACT02929,C10,25/04/2025
FACT00929,C04,16/02/2025
FACT01478,C01,28/02/2025
FACT06253,C10,01/08/2025
FACT01023,C02,26/02/2025
FACT07587,C10,13/10/2025
FACT03995,C05,25/05/2025
FACT06183,C05,04/08/2025
FACT06154,C09,12/08/2025
FACT07714,C01,15/10/2025
FACT02269,C03,28/03/2025
FACT06669,C05,17/08/2025
FACT01548,C09,08/02/2025
FACT08413,C08,10/11/2025
FACT04759,C03,03/06/2025
FACT02501,C03,12/04/2025
FACT02768,C09,03/04/2025
FACT05854,C08,17/08/2025
FACT08173,C09,20/10/2025
FACT02012,C06,27/03/2025
FACT05730,C04,26/07/2025
FACT02463,C08,25/03/2025
FACT05799,C04,23/07/2025
FACT08281,C06,06/10/2025
FACT09632,C07,11/12/2025
FACT07334,C06,22/09/2025
FACT05057,C03,05/07/2025
FACT08153,C09,06/10/2025
FACT00692,C04,02/01/2025
FACT08552,C04,03/11/2025
FACT04611,C02,09/06/2025
FACT01599,C06,23/02/2025
FACT04168,C10,30/05/2025
FACT08585,C06,16/11/2025
FACT02167,C07,16/03/2025
FACT01603,C02,20/02/2025
FACT07084,C06,19/09/2025
FACT02818,C10,24/04/2025
FACT02655,C08,07/04/2025
FACT01373,C05,08/02/2025
FACT00484,C09,06/01/2025
FACT00915,C03,28/02/2025
FACT06074,C02,04/08/2025
FACT05341,C09,15/07/2025
FACT09193,C09,08/12/2025
FACT01537,C07,26/02/2025
FACT01097,C07,06/02/2025
FACT09170,C06,31/12/2025
FACT01286,C10,19/02/2025
FACT05422,C10,11/07/2025
FACT08645,C06,23/11/2025
FACT09765,C08,31/12/2025
FACT02493,C06,18/03/2025
FACT08035,C10,30/10/2025
FACT08451,C02,20/11/2025
FACT04295,C09,26/06/2025
FACT01487,C07,28/02/2025
FACT04859,C05,01/06/2025
FACT00204,C04,12/01/2025
FACT08370,C01,03/11/2025
FACT05302,C04,27/07/2025
FACT06634,C07,09/08/2025
FACT06306,C09,07/08/2025
FACT02651,C01,29/04/2025
FACT02106,C03,05/03/2025
FACT05212,C10,07/07/2025
FACT03277,C03,18/04/2025
FACT01246,C02,01/02/2025
FACT09507,C08,24/12/2025
FACT04940,C09,12/06/2025
FACT03717,C03,18/05/2025
FACT01064,C05,18/02/2025
FACT02760,C05,18/04/2025
FACT02561,C01,23/04/2025
FACT01355,C01,20/02/2025
FACT08582,C04,03/11/2025
FACT00633,C10,17/01/2025
FACT01095,C04,27/02/2025
FACT02226,C08,12/03/2025
FACT08676,C04,26/11/2025
FACT09529,C09,14/12/2025
FACT04862,C09,21/06/2025
FACT03173,C10,28/04/2025
FACT04854,C10,13/06/2025
FACT07549,C08,29/10/2025
FACT04707,C01,08/06/2025
FACT03272,C08,25/04/2025
FACT03012,C01,13/04/2025
FACT03038,C04,23/04/2025
FACT06711,C06,22/09/2025
FACT00767,C06,08/01/2025
FACT06270,C07,24/08/2025
FACT00276,C02,07/01/2025
FACT07787,C10,01/10/2025
FACT09138,C04,24/11/2025
FACT08065,C05,15/10/2025
FACT08716,C02,10/11/2025
FACT01497,C02,23/02/2025
FACT02810,C04,01/04/2025
FACT02113,C09,21/03/2025
FACT00274,C08,05/01/2025
FACT02999,C10,22/04/2025
FACT00803,C10,27/01/2025
FACT05004,C03,24/06/2025
FACT06541,C05,28/08/2025
FACT06653,C09,25/08/2025
FACT06203,C06,24/08/2025
FACT07439,C05,11/09/2025
FACT08658,C05,22/11/2025
FACT01378,C03,09/02/2025
FACT01213,C02,15/02/2025
FACT07338,C07,18/09/2025
FACT00469,C01,11/01/2025
FACT02500,C01,22/04/2025
FACT05346,C10,30/07/2025
FACT05282,C02,18/07/2025
FACT09245,C04,27/12/2025
FACT03640,C01,19/05/2025
FACT00333,C04,02/01/2025
FACT09385,C08,07/12/2025
FACT00503,C08,07/01/2025
FACT06992,C08,17/09/2025
FACT07844,C10,29/10/2025
FACT09462,C10,10/12/2025
FACT03276,C07,17/04/2025
FACT05156,C07,28/07/2025
FACT03106,C03,11/04/2025
FACT02485,C08,22/03/2025
FACT09185,C08,03/12/2025
FACT08570,C01,01/11/2025
FACT07047,C02,15/09/2025
FACT08832,C09,30/11/2025
FACT06482,C01,26/08/2025
FACT07005,C07,29/09/2025
FACT00579,C02,14/01/2025
FACT01099,C08,28/02/2025
FACT01267,C02,28/02/2025
FACT09710,C01,07/12/2025
FACT03308,C03,19/04/2025
FACT04457,C06,06/06/2025
FACT09291,C01,03/12/2025
FACT08157,C10,29/10/2025
FACT08123,C02,06/10/2025
FACT04207,C01,20/06/2025
FACT04882,C08,01/06/2025
FACT06522,C09,17/08/2025
FACT05786,C07,12/07/2025
FACT01767,C06,04/03/2025
FACT04921,C08,30/06/2025
FACT01629,C09,11/02/2025
FACT05694,C03,08/07/2025
FACT01253,C05,23/02/2025
FACT07161,C04,11/09/2025
FACT01311,C09,13/02/2025
FACT05500,C03,14/07/2025
FACT00844,C06,05/02/2025
FACT06819,C06,03/09/2025
FACT03555,C05,31/05/2025
FACT00730,C03,15/01/2025
FACT04612,C09,12/06/2025
FACT05870,C09,19/08/2025
FACT00113,C04,14/01/2025
FACT00891,C01,01/02/2025
FACT05995,C09,23/08/2025
FACT00322,C02,29/01/2025
FACT02573,C04,26/04/2025
FACT02593,C09,25/04/2025
FACT08318,C01,23/10/2025
FACT03603,C03,22/05/2025
FACT00847,C05,03/02/2025
FACT08696,C06,24/11/2025
FACT04939,C08,03/06/2025
FACT03756,C08,15/05/2025
FACT07131,C06,05/09/2025
FACT09950,C07,26/12/2025
FACT09162,C08,05/12/2025
FACT07458,C07,06/09/2025
FACT04388,C07,27/06/2025
FACT06951,C02,02/09/2025
FACT05834,C09,02/07/2025
FACT03742,C09,06/05/2025
FACT03545,C08,19/05/2025
FACT06923,C03,05/09/2025
FACT04180,C10,24/05/2025
FACT05507,C08,04/07/2025
FACT00011,C06,07/01/2025
FACT09845,C05,29/12/2025
FACT08366,C04,18/11/2025
FACT07848,C04,23/10/2025
FACT09949,C03,23/12/2025
FACT02223,C10,28/03/2025
FACT07484,C02,23/09/2025
FACT04104,C03,26/05/2025
FACT04610,C07,21/06/2025
FACT07199,C06,04/09/2025
FACT08186,C03,18/10/2025
FACT07960,C03,02/10/2025
FACT09232,C10,19/12/2025
FACT00947,C05,27/02/2025
FACT03493,C09,08/05/2025
FACT09508,C07,31/12/2025
FACT08476,C05,12/11/2025
FACT08949,C02,29/11/2025
FACT09265,C06,29/12/2025
FACT08703,C04,25/11/2025
FACT05609,C05,19/07/2025
FACT07298,C04,14/09/2025
FACT00199,C09,22/01/2025
FACT03454,C03,27/05/2025
FACT09596,C08,19/12/2025
FACT01998,C07,08/03/2025
FACT02075,C07,02/03/2025
FACT03997,C09,24/05/2025
FACT03611,C06,26/05/2025
FACT08113,C10,20/10/2025
FACT03680,C01,06/05/2025
FACT07091,C03,09/09/2025
FACT00496,C02,03/01/2025
FACT07617,C02,08/10/2025
FACT08732,C02,13/11/2025
FACT07309,C09,01/09/2025
FACT03445,C01,23/05/2025
FACT08560,C09,08/11/2025
FACT06346,C03,10/08/2025
FACT00831,C04,03/02/2025
FACT02138,C05,21/03/2025
FACT05662,C10,12/07/2025
FACT00258,C01,25/01/2025
FACT05146,C10,08/07/2025
FACT09905,C07,29/12/2025
FACT04821,C04,04/06/2025
FACT08834,C06,14/11/2025
FACT05059,C06,16/07/2025
FACT07879,C06,02/10/2025
FACT02756,C06,01/04/2025
FACT09895,C03,14/12/2025
FACT00583,C06,16/01/2025
FACT08416,C03,02/11/2025
FACT01181,C10,25/02/2025
FACT06212,C01,03/08/2025
FACT07949,C01,05/10/2025
FACT09855,C07,06/12/2025
FACT04890,C07,12/06/2025
FACT09674,C01,29/12/2025
FACT04718,C03,24/06/2025
FACT09669,C05,24/12/2025
FACT04008,C07,13/05/2025
FACT07213,C07,18/09/2025
FACT01490,C02,08/02/2025
FACT07206,C02,06/09/2025
FACT06853,C03,02/09/2025
FACT03743,C05,29/05/2025
FACT03334,C07,09/04/2025
FACT06576,C02,23/08/2025
FACT05267,C01,15/07/2025
FACT01296,C02,17/02/2025
FACT09461,C08,05/12/2025
FACT02602,C07,13/04/2025
FACT00468,C03,20/01/2025
FACT09841,C04,23/12/2025
FACT09933,C08,14/12/2025
FACT05670,C09,23/07/2025
FACT03304,C06,24/04/2025
FACT04426,C09,09/06/2025
FACT03086,C01,02/04/2025
FACT03772,C04,10/05/2025
FACT04395,C07,29/06/2025
FACT08494,C06,13/11/2025
FACT09090,C03,20/11/2025
FACT02894,C01,17/04/2025
FACT00075,C09,15/01/2025
FACT03252,C06,26/04/2025
FACT06545,C01,22/08/2025
FACT01281,C09,23/02/2025
FACT06224,C04,25/08/2025
FACT08597,C03,11/11/2025
FACT05297,C04,26/07/2025
FACT04214,C07,30/06/2025
FACT09382,C08,17/12/2025
FACT08375,C08,21/11/2025
FACT08684,C09,07/11/2025
FACT09999,C01,19/12/2025
FACT08979,C05,12/11/2025
FACT05206,C04,23/07/2025
FACT04416,C05,28/06/2025
FACT01566,C02,25/02/2025
FACT03727,C08,30/05/2025
FACT00022,C01,20/01/2025
FACT02324,C08,17/03/2025
FACT08061,C07,26/10/2025
FACT06525,C09,16/08/2025
FACT08519,C02,29/11/2025
FACT07578,C04,15/10/2025
FACT03975,C05,26/05/2025
FACT01539,C03,16/02/2025
FACT08864,C06,08/11/2025
FACT01984,C10,12/03/2025
FACT03968,C04,10/05/2025
FACT08418,C04,13/11/2025
FACT00403,C05,06/01/2025
FACT07068,C01,04/09/2025
FACT03229,C06,16/04/2025
FACT06088,C02,18/08/2025
FACT05567,C10,16/07/2025
FACT06894,C08,08/09/2025
FACT09469,C01,01/12/2025
FACT04238,C05,19/06/2025
FACT05137,C10,26/07/2025
FACT02087,C06,23/03/2025
FACT07489,C08,30/09/2025
FACT00483,C05,11/01/2025
FACT01592,C06,06/02/2025
FACT07665,C10,06/10/2025
FACT04108,C09,04/05/2025
FACT07190,C05,13/09/2025
FACT02868,C05,22/04/2025
FACT07073,C02,30/09/2025
FACT07505,C10,20/10/2025
FACT03004,C02,22/04/2025
FACT09478,C09,14/12/2025
FACT07237,C05,30/09/2025
FACT03655,C08,25/05/2025
FACT03440,C10,27/05/2025
FACT04618,C10,10/06/2025
FACT08723,C04,03/11/2025
FACT03826,C03,25/05/2025
FACT01379,C09,04/02/2025
FACT05584,C08,29/07/2025
FACT04647,C03,12/06/2025
FACT04417,C06,30/06/2025
FACT08108,C06,20/10/2025
FACT00513,C06,02/01/2025
FACT05439,C06,14/07/2025
FACT09979,C06,12/12/2025
FACT06636,C04,05/08/2025
FACT06173,C09,25/08/2025
FACT07419,C01,07/09/2025
FACT08897,C02,26/11/2025
FACT07283,C02,16/09/2025
FACT04619,C07,30/06/2025
FACT03670,C08,25/05/2025
FACT09758,C02,15/12/2025
FACT00534,C03,21/01/2025
FACT08536,C09,29/11/2025
FACT08501,C01,29/11/2025
FACT09400,C10,07/12/2025
FACT00691,C07,24/01/2025
FACT04202,C05,30/06/2025
FACT04281,C01,07/06/2025
FACT00048,C10,15/01/2025
FACT02936,C01,01/04/2025
FACT02157,C08,13/03/2025
FACT01873,C02,16/03/2025
FACT00809,C10,06/01/2025
FACT08971,C02,23/11/2025
FACT09377,C07,04/12/2025
FACT05153,C05,07/07/2025
FACT05793,C05,06/07/2025
FACT01321,C02,22/02/2025
FACT09305,C08,23/12/2025
FACT08184,C08,22/10/2025
FACT02522,C02,10/04/2025
FACT08328,C08,04/10/2025
FACT01287,C08,05/02/2025
FACT04753,C10,01/06/2025
FACT04428,C03,10/06/2025
FACT01042,C05,19/02/2025
FACT02190,C03,08/03/2025
FACT02817,C09,28/04/2025
FACT08633,C06,23/11/2025
FACT04720,C09,14/06/2025
FACT04847,C09,25/06/2025
FACT02873,C10,25/04/2025
FACT08849,C03,22/11/2025
FACT00665,C08,27/01/2025
FACT06387,C07,19/08/2025
FACT07487,C01,17/09/2025
FACT02405,C07,31/03/2025
FACT05643,C08,11/07/2025
FACT06072,C09,23/08/2025
FACT00280,C04,23/01/2025
FACT09486,C10,28/12/2025
FACT01879,C08,05/03/2025
FACT05403,C07,18/07/2025
FACT05600,C02,09/07/2025
FACT00438,C10,15/01/2025
FACT09219,C07,07/12/2025
FACT03379,C03,31/05/2025
FACT06524,C03,21/08/2025
FACT06747,C09,16/09/2025
FACT06117,C01,05/08/2025
FACT09584,C02,09/12/2025
FACT04072,C06,28/05/2025
FACT07185,C03,26/09/2025
FACT00570,C03,29/01/2025
FACT01892,C02,16/03/2025
FACT03088,C03,08/04/2025
FACT00186,C07,11/01/2025
FACT07750,C04,26/10/2025
FACT01850,C10,14/03/2025
FACT05293,C09,02/07/2025
FACT03490,C10,28/05/2025
FACT01914,C10,08/03/2025
FACT07948,C01,15/10/2025
FACT07181,C01,21/09/2025
FACT04884,C04,14/06/2025
FACT08483,C05,28/11/2025
FACT00549,C04,06/01/2025
FACT00785,C06,30/01/2025
FACT09943,C02,08/12/2025
FACT01028,C03,17/02/2025
FACT04046,C04,31/05/2025
FACT02385,C04,25/03/2025
FACT01760,C06,19/03/2025
FACT01203,C09,08/02/2025
FACT04540,C04,13/06/2025
FACT07874,C07,14/10/2025
FACT02775,C02,05/04/2025
FACT07002,C10,04/09/2025
FACT03571,C10,09/05/2025
FACT04515,C07,25/06/2025
FACT07732,C10,06/10/2025
FACT07337,C08,20/09/2025
FACT09223,C05,27/12/2025
FACT03497,C05,05/05/2025
FACT07380,C04,14/09/2025
FACT04143,C05,15/05/2025
FACT02541,C06,07/04/2025
FACT03158,C08,22/04/2025
FACT02238,C07,28/03/2025
FACT09836,C08,12/12/2025
FACT05180,C02,07/07/2025
FACT03606,C03,14/05/2025
FACT01170,C06,08/02/2025
FACT08965,C08,25/11/2025
FACT09083,C09,15/11/2025
FACT06250,C09,24/08/2025
FACT09025,C05,01/11/2025
FACT05666,C04,27/07/2025
FACT04029,C06,20/05/2025
FACT08117,C04,08/10/2025
FACT08994,C07,22/11/2025
FACT02741,C05,24/04/2025
FACT05406,C01,15/07/2025
FACT06123,C04,21/08/2025
FACT05497,C05,19/07/2025
FACT09701,C03,28/12/2025
FACT00070,C07,03/01/2025
FACT09894,C03,20/12/2025
FACT00698,C05,03/01/2025
FACT02264,C05,14/03/2025
FACT05359,C10,19/07/2025
FACT00083,C04,16/01/2025
FACT04769,C03,24/06/2025
FACT04928,C02,14/06/2025
FACT03310,C05,03/04/2025
FACT01926,C10,08/03/2025
FACT08463,C03,11/11/2025
FACT04569,C08,09/06/2025
FACT04691,C02,16/06/2025
FACT04979,C04,19/06/2025
FACT06102,C08,12/08/2025
FACT05979,C06,05/08/2025
FACT07263,C01,17/09/2025
FACT02939,C07,30/04/2025
FACT07245,C03,19/09/2025
FACT02197,C01,09/03/2025
FACT03297,C04,23/04/2025
FACT02668,C06,28/04/2025
FACT05516,C05,24/07/2025
FACT04256,C03,28/06/2025
FACT02391,C01,03/03/2025
FACT08431,C03,26/11/2025
FACT06903,C10,09/09/2025
FACT01005,C04,03/02/2025
FACT08265,C06,06/10/2025
FACT04232,C04,24/06/2025
FACT04895,C05,02/06/2025
FACT00684,C06,30/01/2025
FACT04468,C08,05/06/2025
FACT01647,C05,27/02/2025
FACT09604,C10,05/12/2025
FACT08692,C04,07/11/2025
FACT02134,C10,08/03/2025
FACT01335,C05,18/02/2025
FACT08401,C06,26/11/2025
FACT05889,C08,09/08/2025
FACT03415,C10,05/05/2025
FACT02369,C06,23/03/2025
FACT09402,C04,24/12/2025
FACT02536,C04,06/04/2025
FACT02643,C04,03/04/2025
FACT09496,C05,01/12/2025
FACT08317,C03,05/10/2025
FACT06731,C09,11/09/2025
FACT07067,C06,04/09/2025
FACT08641,C08,25/11/2025
FACT09030,C07,08/11/2025
FACT05172,C06,05/07/2025
FACT04335,C06,01/06/2025
FACT07162,C07,11/09/2025
FACT07869,C03,19/10/2025
FACT06538,C04,27/08/2025
FACT07150,C06,29/09/2025
FACT03947,C10,27/05/2025
FACT09117,C04,16/11/2025
FACT07341,C01,09/09/2025
FACT09428,C01,15/12/2025
FACT08512,C02,11/11/2025
FACT03268,C08,29/04/2025
FACT04375,C02,30/06/2025
FACT00432,C02,07/01/2025
FACT07312,C03,15/09/2025
FACT06793,C01,07/09/2025
FACT06279,C07,30/08/2025
FACT01609,C06,22/02/2025
FACT09441,C09,03/12/2025
FACT04960,C07,10/06/2025
FACT08288,C04,06/10/2025
FACT03063,C01,17/04/2025
FACT01742,C06,08/03/2025
FACT06796,C09,26/09/2025
FACT04788,C08,23/06/2025
FACT02825,C03,20/04/2025
FACT07917,C05,26/10/2025
FACT06215,C02,14/08/2025
FACT09166,C06,29/12/2025
FACT01978,C09,30/03/2025
FACT07476,C04,13/09/2025
FACT08027,C10,21/10/2025
FACT02659,C06,18/04/2025
FACT01999,C09,28/03/2025
FACT06303,C08,11/08/2025
FACT07961,C04,22/10/2025
FACT06764,C05,18/09/2025
FACT09180,C09,28/12/2025
FACT08963,C02,18/11/2025
FACT03551,C03,12/05/2025
FACT07354,C10,28/09/2025
FACT06110,C04,10/08/2025
FACT02351,C06,03/03/2025
FACT05110,C01,04/07/2025
FACT03744,C06,31/05/2025
FACT03292,C10,20/04/2025
FACT06780,C02,08/09/2025
FACT06655,C01,25/08/2025
FACT07040,C01,03/09/2025
FACT01728,C08,17/03/2025
FACT02168,C04,09/03/2025
FACT01989,C04,13/03/2025
FACT01080,C07,20/02/2025
FACT02038,C10,30/03/2025
FACT09196,C07,13/12/2025
FACT06605,C02,28/08/2025
FACT00240,C09,13/01/2025
FACT02164,C02,01/03/2025
FACT07866,C08,17/10/2025
FACT00006,C10,25/01/2025
FACT07858,C10,31/10/2025
FACT07336,C01,12/09/2025
FACT02328,C04,24/03/2025
FACT01708,C03,22/03/2025
FACT05017,C09,19/06/2025
FACT07659,C09,03/10/2025
FACT08087,C09,19/10/2025
FACT06211,C09,10/08/2025
FACT06838,C08,06/09/2025
FACT04408,C07,27/06/2025
FACT03870,C04,05/05/2025
FACT07759,C04,30/10/2025
FACT00756,C09,04/01/2025
FACT05673,C10,27/07/2025
FACT02900,C09,03/04/2025
FACT05042,C02,15/07/2025
FACT05161,C07,23/07/2025
FACT01334,C01,16/02/2025
FACT06708,C09,07/09/2025
FACT04871,C09,20/06/2025
FACT06859,C07,11/09/2025
FACT07317,C05,02/09/2025
FACT08865,C10,18/11/2025
FACT05152,C01,16/07/2025
FACT08414,C02,18/11/2025
FACT02472,C04,02/03/2025
FACT00713,C07,27/01/2025
FACT07503,C09,05/10/2025
FACT07009,C05,23/09/2025
FACT01179,C01,20/02/2025
FACT03275,C03,02/04/2025
FACT01915,C04,22/03/2025
FACT08249,C09,09/10/2025
FACT08819,C05,03/11/2025
FACT02975,C04,03/04/2025
FACT02915,C08,20/04/2025
FACT09627,C10,04/12/2025
FACT05437,C10,22/07/2025
FACT09407,C04,13/12/2025
FACT02502,C09,19/04/2025
FACT02112,C05,18/03/2025
FACT03830,C04,23/05/2025
FACT07885,C01,19/10/2025
FACT04279,C02,24/06/2025
FACT00051,C02,15/01/2025
FACT06190,C02,01/08/2025
FACT08447,C03,12/11/2025
FACT06405,C09,24/08/2025
FACT02824,C04,14/04/2025
FACT06629,C05,04/08/2025
FACT03231,C05,26/04/2025
FACT02446,C05,08/03/2025
FACT00609,C02,24/01/2025
FACT00482,C06,13/01/2025
FACT08024,C08,07/10/2025
FACT05752,C04,08/07/2025
FACT01117,C10,05/02/2025
FACT03430,C06,25/05/2025
FACT06607,C06,01/08/2025
FACT08672,C10,06/11/2025
FACT00205,C09,25/01/2025
FACT06005,C02,10/08/2025
FACT09695,C03,01/12/2025
FACT07395,C07,07/09/2025
FACT06403,C08,05/08/2025
FACT05697,C02,08/07/2025
FACT09916,C04,02/12/2025
FACT01141,C04,13/02/2025
FACT00817,C09,21/01/2025
FACT02682,C04,02/04/2025
FACT08102,C09,18/10/2025
FACT03728,C09,30/05/2025
FACT03365,C09,14/05/2025
FACT06750,C10,13/09/2025
FACT00222,C08,01/01/2025
FACT00862,C05,18/02/2025
FACT09518,C03,11/12/2025
FACT01123,C05,20/02/2025
FACT08941,C07,05/11/2025
FACT05269,C01,09/07/2025
FACT06256,C05,25/08/2025
FACT02184,C01,26/03/2025
FACT04850,C10,29/06/2025
FACT02568,C02,23/04/2025
FACT08938,C06,14/11/2025
FACT02187,C06,29/03/2025
FACT08636,C05,14/11/2025
