idFactura,idP,cantidad,precio_unitario_venta
FACT00502,P10,265,20
FACT00502,P11,498,55
FACT00502,P01,152,4500
FACT00502,P19,577,3800
FACT08078,P19,50,3800
FACT08078,P05,292,45
FACT08078,P07,13,28
FACT08078,P02,463,350
FACT08992,P11,41,55
FACT08992,P02,471,350
FACT08992,P03,520,8000
FACT08992,P10,570,20
FACT05419,P04,22,3500
FACT05419,P18,445,900
FACT05419,P03,260,8000
FACT05419,P10,34,20
FACT06017,P12,598,70
FACT06017,P11,73,55
FACT06017,P16,176,800
FACT06017,P13,136,350
FACT03501,P09,173,18
FACT03501,P16,24,800
FACT03501,P18,351,900
FACT03501,P04,457,3500
FACT02481,P08,122,65
FACT02481,P17,368,280
FACT02481,P16,452,800
FACT02481,P04,438,3500
FACT06633,P06,359,30
FACT06633,P16,525,800
FACT06633,P05,481,45
FACT06633,P03,217,8000
FACT06841,P01,207,4500
FACT06841,P08,166,65
FACT06841,P16,163,800
FACT06841,P03,303,8000
FACT08959,P08,429,65
FACT08959,P01,374,4500
FACT08959,P04,342,3500
FACT08959,P15,11,650
FACT02163,P13,226,350
FACT02163,P11,406,55
FACT02163,P20,333,2900
FACT02163,P06,59,30
FACT01948,P09,12,18
FACT01948,P19,256,3800
FACT01948,P13,439,350
FACT01948,P07,11,28
FACT05703,P08,198,65
FACT05703,P02,321,350
FACT05703,P04,411,3500
FACT05703,P12,421,70
FACT03259,P11,328,55
FACT03259,P04,549,3500
FACT03259,P02,323,350
FACT03259,P08,10,65
FACT03127,P18,295,900
FACT03127,P08,364,65
FACT03127,P07,435,28
FACT03127,P20,250,2900
FACT00525,P17,492,280
FACT00525,P14,363,450
FACT00525,P13,581,350
FACT00525,P07,7,28
FACT02520,P09,307,18
FACT02520,P01,406,4500
FACT02520,P03,295,8000
FACT02520,P17,546,280
FACT05614,P09,566,18
FACT05614,P08,149,65
FACT05614,P12,399,70
FACT05614,P03,202,8000
FACT05603,P16,428,800
FACT05603,P14,472,450
FACT05603,P13,279,350
FACT05603,P03,427,8000
FACT09974,P12,263,70
FACT09974,P13,203,350
FACT09974,P04,345,3500
FACT09974,P03,116,8000
FACT04836,P04,367,3500
FACT04836,P08,363,65
FACT04836,P02,331,350
FACT04836,P13,520,350
FACT05047,P11,514,55
FACT05047,P05,231,45
FACT05047,P03,551,8000
FACT05047,P18,88,900
FACT02911,P18,444,900
FACT02911,P08,493,65
FACT02911,P04,105,3500
FACT02911,P12,155,70
FACT05502,P08,542,65
FACT05502,P09,517,18
FACT05502,P18,106,900
FACT05502,P02,326,350
FACT01691,P07,273,28
FACT01691,P14,44,450
FACT01691,P04,308,3500
FACT01691,P05,331,45
FACT01964,P18,354,900
FACT01964,P16,308,800
FACT01964,P13,78,350
FACT01964,P01,525,4500
FACT01043,P04,339,3500
FACT01043,P03,511,8000
FACT01043,P18,347,900
FACT01043,P01,495,4500
FACT09587,P17,81,280
FACT09587,P16,64,800
FACT09587,P20,378,2900
FACT09587,P19,463,3800
FACT02989,P20,328,2900
FACT02989,P17,18,280
FACT02989,P19,514,3800
FACT02989,P02,339,350
FACT09109,P01,121,4500
FACT09109,P07,503,28
FACT09109,P16,371,800
FACT09109,P06,225,30
FACT08763,P04,598,3500
FACT08763,P11,377,55
FACT08763,P17,325,280
FACT08763,P01,402,4500
FACT08251,P01,189,4500
FACT08251,P07,572,28
FACT08251,P11,94,55
FACT08251,P03,530,8000
FACT07230,P19,533,3800
FACT07230,P15,137,650
FACT07230,P11,558,55
FACT07230,P14,198,450
FACT08353,P04,175,3500
FACT08353,P03,154,8000
FACT08353,P09,132,18
FACT08353,P13,160,350
FACT03926,P05,453,45
FACT03926,P06,525,30
FACT03926,P18,577,900
FACT03926,P13,53,350
FACT01510,P06,453,30
FACT01510,P07,156,28
FACT01510,P01,135,4500
FACT01510,P05,84,45
FACT01173,P15,210,650
FACT01173,P11,118,55
FACT01173,P12,302,70
FACT01173,P08,196,65
FACT09089,P10,15,20
FACT09089,P07,600,28
FACT09089,P16,519,800
FACT09089,P19,533,3800
FACT03273,P11,174,55
FACT03273,P05,56,45
FACT03273,P06,129,30
FACT03273,P10,600,20
FACT09403,P17,343,280
FACT09403,P04,99,3500
FACT09403,P09,45,18
FACT09403,P03,445,8000
FACT04699,P15,525,650
FACT04699,P09,389,18
FACT04699,P01,380,4500
FACT04699,P18,562,900
FACT07127,P01,533,4500
FACT07127,P11,426,55
FACT07127,P12,438,70
FACT07127,P14,542,450
FACT04564,P09,15,18
FACT04564,P18,153,900
FACT04564,P10,43,20
FACT04564,P05,130,45
FACT07639,P20,397,2900
FACT07639,P12,123,70
FACT07639,P03,247,8000
FACT07639,P15,439,650
FACT08182,P20,163,2900
FACT08182,P03,549,8000
FACT08182,P01,477,4500
FACT08182,P18,128,900
FACT03514,P17,146,280
FACT03514,P07,211,28
FACT03514,P02,459,350
FACT03514,P06,287,30
FACT08090,P02,323,350
FACT08090,P04,471,3500
FACT08090,P16,527,800
FACT08090,P05,453,45
FACT00346,P11,526,55
FACT00346,P15,235,650
FACT00346,P12,53,70
FACT00346,P02,290,350
FACT01532,P07,522,28
FACT01532,P11,126,55
FACT01532,P10,354,20
FACT01532,P01,349,4500
FACT05322,P08,84,65
FACT05322,P14,151,450
FACT05322,P16,71,800
FACT05322,P04,530,3500
FACT08503,P15,417,650
FACT08503,P17,314,280
FACT08503,P05,27,45
FACT08503,P11,502,55
FACT05405,P10,291,20
FACT05405,P16,522,800
FACT05405,P15,481,650
FACT05405,P12,569,70
FACT01865,P18,589,900
FACT01865,P04,420,3500
FACT01865,P14,547,450
FACT01865,P07,334,28
FACT03985,P15,347,650
FACT03985,P14,414,450
FACT03985,P04,578,3500
FACT03985,P06,45,30
FACT03905,P07,554,28
FACT03905,P09,491,18
FACT03905,P02,186,350
FACT03905,P18,221,900
FACT07482,P08,417,65
FACT07482,P12,273,70
FACT07482,P17,105,280
FACT07482,P09,117,18
FACT09205,P18,501,900
FACT09205,P17,209,280
FACT09205,P14,215,450
FACT09205,P09,451,18
FACT08319,P19,492,3800
FACT08319,P15,402,650
FACT08319,P12,496,70
FACT08319,P11,277,55
FACT04967,P09,176,18
FACT04967,P04,335,3500
FACT04967,P03,219,8000
FACT04967,P15,174,650
FACT09075,P12,368,70
FACT09075,P09,354,18
FACT09075,P13,123,350
FACT09075,P04,124,3500
FACT06136,P07,594,28
FACT06136,P20,7,2900
FACT06136,P19,104,3800
FACT06136,P10,536,20
FACT08221,P18,378,900
FACT08221,P16,21,800
FACT08221,P04,328,3500
FACT08221,P05,404,45
FACT02967,P07,580,28
FACT02967,P18,89,900
FACT02967,P11,242,55
FACT02967,P12,219,70
FACT08790,P14,568,450
FACT08790,P16,255,800
FACT08790,P19,89,3800
FACT08790,P12,295,70
FACT09119,P01,44,4500
FACT09119,P08,588,65
FACT09119,P13,299,350
FACT09119,P04,520,3500
FACT09937,P17,251,280
FACT09937,P08,559,65
FACT09937,P18,584,900
FACT09937,P05,496,45
FACT09875,P01,57,4500
FACT09875,P10,14,20
FACT09875,P05,132,45
FACT09875,P20,476,2900
FACT04683,P04,38,3500
FACT04683,P17,152,280
FACT04683,P06,422,30
FACT04683,P11,579,55
FACT05734,P07,527,28
FACT05734,P19,350,3800
FACT05734,P20,258,2900
FACT05734,P08,65,65
FACT03766,P19,321,3800
FACT03766,P16,316,800
FACT03766,P12,57,70
FACT03766,P14,326,450
FACT02372,P08,221,65
FACT02372,P03,271,8000
FACT02372,P17,397,280
FACT02372,P11,81,55
FACT05460,P18,260,900
FACT05460,P03,359,8000
FACT05460,P20,534,2900
FACT05460,P07,185,28
FACT01528,P11,418,55
FACT01528,P06,514,30
FACT01528,P16,234,800
FACT01528,P14,9,450
FACT06789,P09,406,18
FACT06789,P10,92,20
FACT06789,P18,337,900
FACT06789,P05,450,45
FACT02317,P06,525,30
FACT02317,P03,467,8000
FACT02317,P16,213,800
FACT02317,P18,16,900
FACT03183,P18,176,900
FACT03183,P17,494,280
FACT03183,P19,84,3800
FACT03183,P12,437,70
FACT04150,P20,524,2900
FACT04150,P11,110,55
FACT04150,P04,77,3500
FACT04150,P14,600,450
FACT05126,P01,527,4500
FACT05126,P03,577,8000
FACT05126,P05,440,45
FACT05126,P20,294,2900
FACT00851,P14,552,450
FACT00851,P08,61,65
FACT00851,P09,50,18
FACT00851,P05,250,45
FACT01421,P01,108,4500
FACT01421,P20,189,2900
FACT01421,P10,89,20
FACT01421,P09,365,18
FACT06933,P13,572,350
FACT06933,P11,155,55
FACT06933,P06,91,30
FACT06933,P20,373,2900
FACT04339,P07,532,28
FACT04339,P11,300,55
FACT04339,P09,354,18
FACT04339,P18,301,900
FACT00810,P04,377,3500
FACT00810,P05,310,45
FACT00810,P13,390,350
FACT00810,P07,403,28
FACT02356,P09,364,18
FACT02356,P07,288,28
FACT02356,P19,229,3800
FACT02356,P04,455,3500
FACT08385,P02,261,350
FACT08385,P13,101,350
FACT08385,P09,238,18
FACT08385,P01,587,4500
FACT05305,P19,166,3800
FACT05305,P05,256,45
FACT05305,P09,73,18
FACT05305,P18,226,900
FACT02180,P06,450,30
FACT02180,P09,399,18
FACT02180,P10,266,20
FACT02180,P16,312,800
FACT08605,P10,336,20
FACT08605,P11,304,55
FACT08605,P06,598,30
FACT08605,P07,403,28
FACT04702,P19,148,3800
FACT04702,P10,258,20
FACT04702,P13,572,350
FACT04702,P15,492,650
FACT01639,P08,74,65
FACT01639,P03,354,8000
FACT01639,P07,207,28
FACT01639,P19,53,3800
FACT04221,P09,175,18
FACT04221,P17,523,280
FACT04221,P05,378,45
FACT04221,P03,343,8000
FACT09731,P10,389,20
FACT09731,P03,589,8000
FACT09731,P01,532,4500
FACT09731,P13,168,350
FACT01048,P05,551,45
FACT01048,P11,136,55
FACT01048,P06,353,30
FACT01048,P12,97,70
FACT05073,P12,504,70
FACT05073,P07,213,28
FACT05073,P09,453,18
FACT05073,P06,276,30
FACT01941,P07,533,28
FACT01941,P10,486,20
FACT01941,P09,190,18
FACT01941,P03,383,8000
FACT02386,P06,94,30
FACT02386,P17,543,280
FACT02386,P16,527,800
FACT02386,P14,394,450
FACT03190,P09,64,18
FACT03190,P14,320,450
FACT03190,P15,159,650
FACT03190,P05,113,45
FACT04543,P04,336,3500
FACT04543,P02,288,350
FACT04543,P06,109,30
FACT04543,P14,220,450
FACT02959,P13,276,350
FACT02959,P01,307,4500
FACT02959,P19,186,3800
FACT02959,P06,383,30
FACT05966,P15,439,650
FACT05966,P04,319,3500
FACT05966,P01,176,4500
FACT05966,P06,97,30
FACT02628,P10,551,20
FACT02628,P20,434,2900
FACT02628,P01,436,4500
FACT02628,P03,447,8000
FACT01330,P11,429,55
FACT01330,P09,277,18
FACT01330,P07,569,28
FACT01330,P19,486,3800
FACT05397,P09,277,18
FACT05397,P07,279,28
FACT05397,P18,137,900
FACT05397,P19,372,3800
FACT08219,P20,531,2900
FACT08219,P01,505,4500
FACT08219,P06,283,30
FACT08219,P18,65,900
FACT03724,P09,393,18
FACT03724,P03,47,8000
FACT03724,P02,597,350
FACT03724,P10,445,20
FACT04448,P20,281,2900
FACT04448,P18,335,900
FACT04448,P07,160,28
FACT04448,P05,574,45
FACT03533,P12,294,70
FACT03533,P13,511,350
FACT03533,P20,381,2900
FACT03533,P08,208,65
FACT07828,P05,528,45
FACT07828,P17,311,280
FACT07828,P02,17,350
FACT07828,P13,289,350
FACT00362,P09,356,18
FACT00362,P06,63,30
FACT00362,P12,281,70
FACT00362,P01,445,4500
FACT08804,P08,543,65
FACT08804,P02,355,350
FACT08804,P01,344,4500
FACT08804,P06,168,30
FACT04827,P02,523,350
FACT04827,P18,492,900
FACT04827,P06,269,30
FACT04827,P19,45,3800
FACT03548,P03,549,8000
FACT03548,P10,16,20
FACT03548,P20,160,2900
FACT03548,P19,298,3800
FACT03946,P08,270,65
FACT03946,P16,245,800
FACT03946,P17,474,280
FACT03946,P14,517,450
FACT01243,P17,546,280
FACT01243,P13,560,350
FACT01243,P19,141,3800
FACT01243,P06,267,30
FACT02340,P03,138,8000
FACT02340,P14,492,450
FACT02340,P04,179,3500
FACT02340,P08,23,65
FACT01519,P10,579,20
FACT01519,P17,109,280
FACT01519,P03,357,8000
FACT01519,P15,137,650
FACT05155,P01,416,4500
FACT05155,P05,93,45
FACT05155,P17,302,280
FACT05155,P02,407,350
FACT01660,P01,109,4500
FACT01660,P12,66,70
FACT01660,P06,372,30
FACT01660,P03,265,8000
FACT04680,P20,175,2900
FACT04680,P02,426,350
FACT04680,P13,502,350
FACT04680,P01,39,4500
FACT03783,P17,502,280
FACT03783,P06,228,30
FACT03783,P16,479,800
FACT03783,P07,451,28
FACT05108,P08,544,65
FACT05108,P04,255,3500
FACT05108,P17,541,280
FACT05108,P19,256,3800
FACT00366,P04,159,3500
FACT00366,P01,109,4500
FACT00366,P09,30,18
FACT00366,P08,151,65
FACT06257,P18,123,900
FACT06257,P20,9,2900
FACT06257,P17,327,280
FACT06257,P16,366,800
FACT06763,P03,549,8000
FACT06763,P20,546,2900
FACT06763,P14,541,450
FACT06763,P15,138,650
FACT01620,P05,292,45
FACT01620,P09,400,18
FACT01620,P10,429,20
FACT01620,P11,98,55
FACT05477,P01,524,4500
FACT05477,P20,261,2900
FACT05477,P16,436,800
FACT05477,P17,187,280
FACT01739,P13,202,350
FACT01739,P04,495,3500
FACT01739,P11,135,55
FACT01739,P09,32,18
FACT02333,P12,388,70
FACT02333,P01,210,4500
FACT02333,P08,481,65
FACT02333,P05,46,45
FACT05396,P19,248,3800
FACT05396,P05,246,45
FACT05396,P15,220,650
FACT05396,P02,342,350
FACT06740,P08,376,65
FACT06740,P14,515,450
FACT06740,P10,540,20
FACT06740,P19,463,3800
FACT06675,P02,558,350
FACT06675,P19,588,3800
FACT06675,P05,395,45
FACT06675,P04,396,3500
FACT03413,P10,118,20
FACT03413,P12,553,70
FACT03413,P14,440,450
FACT03413,P01,339,4500
FACT04005,P11,524,55
FACT04005,P05,97,45
FACT04005,P14,335,450
FACT04005,P02,279,350
FACT00311,P13,310,350
FACT00311,P04,416,3500
FACT00311,P07,572,28
FACT00311,P14,44,450
FACT09576,P13,572,350
FACT09576,P11,444,55
FACT09576,P16,539,800
FACT09576,P18,184,900
FACT03894,P20,206,2900
FACT03894,P06,398,30
FACT03894,P17,182,280
FACT03894,P05,213,45
FACT02424,P08,191,65
FACT02424,P20,544,2900
FACT02424,P18,55,900
FACT02424,P05,429,45
FACT01388,P02,113,350
FACT01388,P05,376,45
FACT01388,P20,282,2900
FACT01388,P14,157,450
FACT04178,P04,432,3500
FACT04178,P08,133,65
FACT04178,P19,575,3800
FACT04178,P02,19,350
FACT06248,P14,264,450
FACT06248,P18,311,900
FACT06248,P06,472,30
FACT06248,P17,429,280
FACT03820,P07,529,28
FACT03820,P17,548,280
FACT03820,P15,111,650
FACT03820,P10,156,20
FACT04004,P15,274,650
FACT04004,P10,21,20
FACT04004,P01,489,4500
FACT04004,P17,214,280
FACT04534,P16,27,800
FACT04534,P15,270,650
FACT04534,P07,110,28
FACT04534,P09,351,18
FACT02122,P02,404,350
FACT02122,P15,432,650
FACT02122,P01,519,4500
FACT02122,P06,473,30
FACT00975,P07,308,28
FACT00975,P13,458,350
FACT00975,P19,537,3800
FACT00975,P12,439,70
FACT01072,P06,552,30
FACT01072,P18,432,900
FACT01072,P08,485,65
FACT01072,P14,224,450
FACT04701,P16,283,800
FACT04701,P09,370,18
FACT04701,P10,516,20
FACT04701,P20,386,2900
FACT07361,P07,118,28
FACT07361,P15,349,650
FACT07361,P20,586,2900
FACT07361,P11,327,55
FACT09233,P12,78,70
FACT09233,P09,593,18
FACT09233,P14,144,450
FACT09233,P19,267,3800
FACT03860,P06,421,30
FACT03860,P17,363,280
FACT03860,P04,303,3500
FACT03860,P15,196,650
FACT01530,P11,96,55
FACT01530,P07,42,28
FACT01530,P12,320,70
FACT01530,P05,84,45
FACT03625,P09,581,18
FACT03625,P13,505,350
FACT03625,P17,410,280
FACT03625,P11,405,55
FACT02096,P15,39,650
FACT02096,P10,470,20
FACT02096,P07,558,28
FACT02096,P03,464,8000
FACT03184,P19,553,3800
FACT03184,P12,39,70
FACT03184,P13,176,350
FACT03184,P06,364,30
FACT04486,P05,234,45
FACT04486,P07,311,28
FACT04486,P11,113,55
FACT04486,P16,79,800
FACT00598,P04,352,3500
FACT00598,P14,410,450
FACT00598,P07,502,28
FACT00598,P16,190,800
FACT01725,P09,596,18
FACT01725,P08,61,65
FACT01725,P14,485,450
FACT01725,P16,547,800
FACT09323,P03,260,8000
FACT09323,P02,572,350
FACT09323,P14,104,450
FACT09323,P08,506,65
FACT04301,P01,492,4500
FACT04301,P04,295,3500
FACT04301,P10,161,20
FACT04301,P02,433,350
FACT06186,P10,39,20
FACT06186,P11,501,55
FACT06186,P03,62,8000
FACT06186,P16,466,800
FACT02698,P04,163,3500
FACT02698,P15,492,650
FACT02698,P09,267,18
FACT02698,P07,233,28
FACT00014,P10,561,20
FACT00014,P20,475,2900
FACT00014,P19,180,3800
FACT00014,P08,575,65
FACT06091,P19,77,3800
FACT06091,P06,156,30
FACT06091,P02,80,350
FACT06091,P12,388,70
FACT04972,P16,232,800
FACT04972,P09,145,18
FACT04972,P11,196,55
FACT04972,P05,497,45
FACT04703,P09,234,18
FACT04703,P06,349,30
FACT04703,P11,494,55
FACT04703,P15,388,650
FACT02341,P20,338,2900
FACT02341,P05,404,45
FACT02341,P03,446,8000
FACT02341,P06,21,30
FACT00552,P05,286,45
FACT00552,P04,402,3500
FACT00552,P16,479,800
FACT00552,P15,206,650
FACT02178,P16,545,800
FACT02178,P01,90,4500
FACT02178,P03,485,8000
FACT02178,P04,438,3500
FACT01600,P03,354,8000
FACT01600,P19,533,3800
FACT01600,P04,53,3500
FACT01600,P02,217,350
FACT04815,P17,282,280
FACT04815,P04,500,3500
FACT04815,P11,113,55
FACT04815,P19,594,3800
FACT09743,P18,7,900
FACT09743,P11,270,55
FACT09743,P20,337,2900
FACT09743,P06,420,30
FACT03596,P01,142,4500
FACT03596,P19,399,3800
FACT03596,P20,227,2900
FACT03596,P16,594,800
FACT09102,P08,572,65
FACT09102,P06,254,30
FACT09102,P17,497,280
FACT09102,P07,599,28
FACT08405,P14,546,450
FACT08405,P15,468,650
FACT08405,P17,140,280
FACT08405,P11,393,55
FACT07984,P19,376,3800
FACT07984,P04,438,3500
FACT07984,P05,50,45
FACT07984,P09,345,18
FACT00734,P20,556,2900
FACT00734,P17,246,280
FACT00734,P14,260,450
FACT00734,P04,190,3500
FACT08883,P08,99,65
FACT08883,P19,182,3800
FACT08883,P13,29,350
FACT08883,P06,498,30
FACT08887,P12,27,70
FACT08887,P08,336,65
FACT08887,P13,26,350
FACT08887,P03,313,8000
FACT06006,P05,261,45
FACT06006,P03,525,8000
FACT06006,P10,463,20
FACT06006,P01,332,4500
FACT08551,P04,447,3500
FACT08551,P12,87,70
FACT08551,P08,20,65
FACT08551,P15,213,650
FACT05220,P12,114,70
FACT05220,P17,510,280
FACT05220,P08,383,65
FACT05220,P13,61,350
FACT06984,P11,538,55
FACT06984,P07,331,28
FACT06984,P03,375,8000
FACT06984,P14,150,450
FACT02563,P17,576,280
FACT02563,P10,117,20
FACT02563,P09,97,18
FACT02563,P18,190,900
FACT07462,P11,266,55
FACT07462,P03,305,8000
FACT07462,P18,78,900
FACT07462,P13,424,350
FACT07129,P19,414,3800
FACT07129,P04,49,3500
FACT07129,P12,112,70
FACT07129,P18,18,900
FACT04386,P11,545,55
FACT04386,P13,350,350
FACT04386,P04,284,3500
FACT04386,P05,63,45
FACT03013,P04,133,3500
FACT03013,P13,149,350
FACT03013,P14,310,450
FACT03013,P03,283,8000
FACT08534,P10,394,20
FACT08534,P17,600,280
FACT08534,P16,473,800
FACT08534,P06,329,30
FACT02381,P12,79,70
FACT02381,P08,574,65
FACT02381,P13,142,350
FACT02381,P02,87,350
FACT08713,P14,566,450
FACT08713,P18,537,900
FACT08713,P04,41,3500
FACT08713,P02,161,350
FACT04131,P16,334,800
FACT04131,P17,215,280
FACT04131,P03,419,8000
FACT04131,P19,153,3800
FACT00290,P10,448,20
FACT00290,P16,414,800
FACT00290,P15,222,650
FACT00290,P19,499,3800
FACT07742,P07,250,28
FACT07742,P15,365,650
FACT07742,P08,230,65
FACT07742,P20,98,2900
FACT05619,P10,232,20
FACT05619,P14,389,450
FACT05619,P02,26,350
FACT05619,P13,63,350
FACT07209,P07,283,28
FACT07209,P11,530,55
FACT07209,P08,575,65
FACT07209,P13,492,350
FACT03237,P07,412,28
FACT03237,P17,6,280
FACT03237,P05,505,45
FACT03237,P09,409,18
FACT06904,P07,598,28
FACT06904,P12,22,70
FACT06904,P11,463,55
FACT06904,P17,90,280
FACT04437,P03,258,8000
FACT04437,P10,370,20
FACT04437,P19,478,3800
FACT04437,P05,493,45
FACT06078,P14,64,450
FACT06078,P16,74,800
FACT06078,P01,531,4500
FACT06078,P13,393,350
FACT09304,P02,257,350
FACT09304,P06,497,30
FACT09304,P08,97,65
FACT09304,P18,130,900
FACT09378,P16,53,800
FACT09378,P19,185,3800
FACT09378,P07,478,28
FACT09378,P20,215,2900
FACT02298,P20,294,2900
FACT02298,P02,219,350
FACT02298,P01,557,4500
FACT02298,P19,113,3800
FACT04970,P05,45,45
FACT04970,P17,309,280
FACT04970,P06,55,30
FACT04970,P02,402,350
FACT09464,P02,508,350
FACT09464,P18,206,900
FACT09464,P06,456,30
FACT09464,P17,534,280
FACT00506,P09,70,18
FACT00506,P16,489,800
FACT00506,P03,197,8000
FACT00506,P20,570,2900
FACT00517,P01,217,4500
FACT00517,P02,233,350
FACT00517,P18,30,900
FACT00517,P03,579,8000
FACT02079,P10,534,20
FACT02079,P09,302,18
FACT02079,P15,196,650
FACT02079,P18,303,900
FACT03023,P12,508,70
FACT03023,P17,397,280
FACT03023,P04,11,3500
FACT03023,P20,494,2900
FACT06948,P17,262,280
FACT06948,P02,184,350
FACT06948,P19,128,3800
FACT06948,P04,333,3500
FACT03951,P07,427,28
FACT03951,P06,599,30
FACT03951,P14,377,450
FACT03951,P03,415,8000
FACT08258,P05,217,45
FACT08258,P12,556,70
FACT08258,P03,355,8000
FACT08258,P11,74,55
FACT08835,P10,565,20
FACT08835,P05,384,45
FACT08835,P19,542,3800
FACT08835,P12,548,70
FACT03496,P06,38,30
FACT03496,P16,118,800
FACT03496,P02,128,350
FACT03496,P09,57,18
FACT08285,P04,70,3500
FACT08285,P13,333,350
FACT08285,P10,331,20
FACT08285,P06,197,30
FACT01622,P04,109,3500
FACT01622,P09,163,18
FACT01622,P05,175,45
FACT01622,P10,229,20
FACT09266,P17,400,280
FACT09266,P11,470,55
FACT09266,P05,279,45
FACT09266,P04,274,3500
FACT09635,P14,112,450
FACT09635,P20,275,2900
FACT09635,P19,361,3800
FACT09635,P04,218,3500
FACT09422,P06,101,30
FACT09422,P05,52,45
FACT09422,P04,577,3500
FACT09422,P15,351,650
FACT09310,P01,32,4500
FACT09310,P16,154,800
FACT09310,P07,464,28
FACT09310,P14,345,450
FACT01546,P08,191,65
FACT01546,P12,469,70
FACT01546,P03,361,8000
FACT01546,P05,83,45
FACT05064,P15,139,650
FACT05064,P13,180,350
FACT05064,P04,337,3500
FACT05064,P14,32,450
FACT00497,P11,593,55
FACT00497,P01,529,4500
FACT00497,P13,249,350
FACT00497,P18,57,900
FACT08690,P16,11,800
FACT08690,P02,443,350
FACT08690,P13,481,350
FACT08690,P20,437,2900
FACT03263,P13,352,350
FACT03263,P20,413,2900
FACT03263,P07,127,28
FACT03263,P19,112,3800
FACT01805,P20,106,2900
FACT01805,P04,190,3500
FACT01805,P15,423,650
FACT01805,P14,583,450
FACT01434,P09,495,18
FACT01434,P20,575,2900
FACT01434,P08,557,65
FACT01434,P15,42,650
FACT00277,P01,410,4500
FACT00277,P08,591,65
FACT00277,P07,33,28
FACT00277,P06,471,30
FACT01459,P20,146,2900
FACT01459,P06,201,30
FACT01459,P18,211,900
FACT01459,P07,369,28
FACT09978,P16,148,800
FACT09978,P04,493,3500
FACT09978,P13,55,350
FACT09978,P10,581,20
FACT01499,P13,529,350
FACT01499,P03,525,8000
FACT01499,P06,241,30
FACT01499,P10,322,20
FACT02640,P09,168,18
FACT02640,P11,598,55
FACT02640,P08,79,65
FACT02640,P15,95,650
FACT00002,P18,477,900
FACT00002,P08,458,65
FACT00002,P13,512,350
FACT00002,P14,148,450
FACT03139,P17,505,280
FACT03139,P08,132,65
FACT03139,P10,521,20
FACT03139,P14,542,450
FACT02981,P10,41,20
FACT02981,P02,48,350
FACT02981,P12,94,70
FACT02981,P16,65,800
FACT01869,P11,363,55
FACT01869,P13,324,350
FACT01869,P17,43,280
FACT01869,P06,571,30
FACT04587,P09,226,18
FACT04587,P16,133,800
FACT04587,P07,572,28
FACT04587,P01,540,4500
FACT04596,P20,299,2900
FACT04596,P18,432,900
FACT04596,P08,394,65
FACT04596,P15,356,650
FACT02862,P14,23,450
FACT02862,P16,38,800
FACT02862,P06,461,30
FACT02862,P20,472,2900
FACT02231,P17,228,280
FACT02231,P10,460,20
FACT02231,P09,494,18
FACT02231,P03,103,8000
FACT00261,P11,554,55
FACT00261,P12,135,70
FACT00261,P14,411,450
FACT00261,P16,158,800
FACT02035,P02,333,350
FACT02035,P11,25,55
FACT02035,P15,335,650
FACT02035,P06,411,30
FACT08047,P06,594,30
FACT08047,P05,159,45
FACT08047,P13,59,350
FACT08047,P12,99,70
FACT05893,P04,253,3500
FACT05893,P13,242,350
FACT05893,P15,123,650
FACT05893,P19,154,3800
FACT00091,P18,522,900
FACT00091,P19,262,3800
FACT00091,P08,545,65
FACT00091,P10,402,20
FACT05981,P19,319,3800
FACT05981,P05,232,45
FACT05981,P12,95,70
FACT05981,P14,325,450
FACT06674,P20,85,2900
FACT06674,P01,241,4500
FACT06674,P11,315,55
FACT06674,P14,42,450
FACT01506,P15,48,650
FACT01506,P13,74,350
FACT01506,P19,116,3800
FACT01506,P18,357,900
FACT05378,P12,160,70
FACT05378,P09,24,18
FACT05378,P18,14,900
FACT05378,P17,436,280
FACT05849,P01,87,4500
FACT05849,P03,575,8000
FACT05849,P16,339,800
FACT05849,P20,266,2900
FACT07430,P15,458,650
FACT07430,P11,472,55
FACT07430,P12,460,70
FACT07430,P10,506,20
FACT03221,P02,179,350
FACT03221,P12,149,70
FACT03221,P08,500,65
FACT03221,P01,385,4500
FACT00900,P15,438,650
FACT00900,P01,24,4500
FACT00900,P17,327,280
FACT00900,P05,532,45
FACT04308,P05,526,45
FACT04308,P02,335,350
FACT04308,P09,519,18
FACT04308,P11,333,55
FACT07555,P18,198,900
FACT07555,P02,184,350
FACT07555,P20,453,2900
FACT07555,P15,270,650
FACT01134,P08,366,65
FACT01134,P20,333,2900
FACT01134,P02,183,350
FACT01134,P17,568,280
FACT08225,P20,106,2900
FACT08225,P14,230,450
FACT08225,P15,444,650
FACT08225,P18,598,900
FACT02152,P04,542,3500
FACT02152,P01,197,4500
FACT02152,P09,400,18
FACT02152,P10,426,20
FACT06677,P14,23,450
FACT06677,P11,41,55
FACT06677,P09,145,18
FACT06677,P17,130,280
FACT01251,P07,398,28
FACT01251,P17,119,280
FACT01251,P10,145,20
FACT01251,P16,170,800
FACT09002,P19,158,3800
FACT09002,P01,551,4500
FACT09002,P18,326,900
FACT09002,P05,408,45
FACT04320,P02,223,350
FACT04320,P14,356,450
FACT04320,P01,128,4500
FACT04320,P07,323,28
FACT00662,P05,543,45
FACT00662,P15,490,650
FACT00662,P11,208,55
FACT00662,P02,402,350
FACT06366,P06,19,30
FACT06366,P14,509,450
FACT06366,P19,295,3800
FACT06366,P09,148,18
FACT07962,P10,171,20
FACT07962,P05,138,45
FACT07962,P09,196,18
FACT07962,P04,306,3500
FACT08171,P08,345,65
FACT08171,P16,119,800
FACT08171,P20,523,2900
FACT08171,P11,120,55
FACT09678,P09,10,18
FACT09678,P12,598,70
FACT09678,P20,491,2900
FACT09678,P02,27,350
FACT03634,P12,555,70
FACT03634,P02,389,350
FACT03634,P04,57,3500
FACT03634,P15,316,650
FACT06556,P19,19,3800
FACT06556,P13,226,350
FACT06556,P04,117,3500
FACT06556,P10,466,20
FACT09038,P16,553,800
FACT09038,P08,488,65
FACT09038,P18,127,900
FACT09038,P09,569,18
FACT01610,P11,584,55
FACT01610,P07,54,28
FACT01610,P08,429,65
FACT01610,P17,324,280
FACT04312,P18,7,900
FACT04312,P13,289,350
FACT04312,P05,313,45
FACT04312,P01,584,4500
FACT06314,P17,310,280
FACT06314,P16,106,800
FACT06314,P18,477,900
FACT06314,P14,326,450
FACT05498,P07,561,28
FACT05498,P11,185,55
FACT05498,P16,260,800
FACT05498,P19,103,3800
FACT04389,P16,531,800
FACT04389,P04,417,3500
FACT04389,P09,483,18
FACT04389,P10,358,20
FACT07776,P11,547,55
FACT07776,P14,471,450
FACT07776,P08,380,65
FACT07776,P05,414,45
FACT06970,P08,375,65
FACT06970,P02,225,350
FACT06970,P13,595,350
FACT06970,P09,124,18
FACT06875,P13,173,350
FACT06875,P07,516,28
FACT06875,P05,85,45
FACT06875,P18,89,900
FACT09657,P04,14,3500
FACT09657,P08,273,65
FACT09657,P14,339,450
FACT09657,P09,195,18
FACT00101,P01,138,4500
FACT00101,P08,396,65
FACT00101,P12,327,70
FACT00101,P15,140,650
FACT08427,P15,572,650
FACT08427,P20,289,2900
FACT08427,P04,159,3500
FACT08427,P03,317,8000
FACT07169,P15,535,650
FACT07169,P05,534,45
FACT07169,P12,319,70
FACT07169,P20,272,2900
FACT02897,P05,123,45
FACT02897,P11,129,55
FACT02897,P12,284,70
FACT02897,P09,82,18
FACT07130,P05,175,45
FACT07130,P10,472,20
FACT07130,P19,393,3800
FACT07130,P06,46,30
FACT03900,P17,200,280
FACT03900,P14,344,450
FACT03900,P19,152,3800
FACT03900,P16,28,800
FACT09624,P12,400,70
FACT09624,P03,257,8000
FACT09624,P15,354,650
FACT09624,P01,29,4500
FACT07249,P08,365,65
FACT07249,P02,171,350
FACT07249,P12,109,70
FACT07249,P04,404,3500
FACT01144,P07,327,28
FACT01144,P17,80,280
FACT01144,P11,221,55
FACT01144,P19,73,3800
FACT03789,P18,284,900
FACT03789,P03,531,8000
FACT03789,P10,224,20
FACT03789,P15,397,650
FACT04500,P15,251,650
FACT04500,P17,509,280
FACT04500,P05,329,45
FACT04500,P13,323,350
FACT05181,P16,328,800
FACT05181,P20,211,2900
FACT05181,P01,364,4500
FACT05181,P19,508,3800
FACT02744,P07,114,28
FACT02744,P18,167,900
FACT02744,P05,453,45
FACT02744,P09,363,18
FACT05415,P20,560,2900
FACT05415,P12,165,70
FACT05415,P13,391,350
FACT05415,P11,243,55
FACT08448,P11,378,55
FACT08448,P01,332,4500
FACT08448,P16,299,800
FACT08448,P05,231,45
FACT03109,P17,183,280
FACT03109,P05,164,45
FACT03109,P13,170,350
FACT03109,P16,383,800
FACT09727,P06,317,30
FACT09727,P11,134,55
FACT09727,P08,503,65
FACT09727,P18,532,900
FACT02712,P07,266,28
FACT02712,P05,551,45
FACT02712,P14,262,450
FACT02712,P15,387,650
FACT01928,P02,36,350
FACT01928,P09,438,18
FACT01928,P11,573,55
FACT01928,P10,502,20
FACT09392,P01,388,4500
FACT09392,P13,205,350
FACT09392,P10,9,20
FACT09392,P12,462,70
FACT03495,P19,232,3800
FACT03495,P15,164,650
FACT03495,P10,497,20
FACT03495,P20,398,2900
FACT08169,P19,445,3800
FACT08169,P16,271,800
FACT08169,P05,15,45
FACT08169,P17,433,280
FACT02432,P04,249,3500
FACT02432,P16,471,800
FACT02432,P10,331,20
FACT02432,P19,459,3800
FACT07919,P05,350,45
FACT07919,P20,26,2900
FACT07919,P06,442,30
FACT07919,P14,438,450
FACT01089,P18,48,900
FACT01089,P19,338,3800
FACT01089,P09,403,18
FACT01089,P15,46,650
FACT00005,P02,534,350
FACT00005,P13,277,350
FACT00005,P09,587,18
FACT00005,P19,443,3800
FACT04327,P04,357,3500
FACT04327,P16,475,800
FACT04327,P19,350,3800
FACT04327,P10,599,20
FACT09719,P02,548,350
FACT09719,P12,589,70
FACT09719,P16,64,800
FACT09719,P20,460,2900
FACT09780,P06,410,30
FACT09780,P03,13,8000
FACT09780,P16,518,800
FACT09780,P20,166,2900
FACT01293,P09,415,18
FACT01293,P08,20,65
FACT01293,P15,554,650
FACT01293,P07,504,28
FACT02420,P12,178,70
FACT02420,P04,225,3500
FACT02420,P16,498,800
FACT02420,P10,571,20
FACT06795,P14,64,450
FACT06795,P04,520,3500
FACT06795,P02,387,350
FACT06795,P12,86,70
FACT07901,P01,11,4500
FACT07901,P17,45,280
FACT07901,P10,374,20
FACT07901,P06,417,30
FACT00647,P05,527,45
FACT00647,P09,485,18
FACT00647,P13,401,350
FACT00647,P14,406,450
FACT04130,P01,450,4500
FACT04130,P10,258,20
FACT04130,P16,323,800
FACT04130,P19,23,3800
FACT03120,P16,490,800
FACT03120,P14,135,450
FACT03120,P11,539,55
FACT03120,P19,78,3800
FACT03737,P19,8,3800
FACT03737,P02,157,350
FACT03737,P20,191,2900
FACT03737,P03,543,8000
FACT06445,P06,438,30
FACT06445,P16,511,800
FACT06445,P04,81,3500
FACT06445,P12,499,70
FACT03198,P05,269,45
FACT03198,P07,396,28
FACT03198,P08,575,65
FACT03198,P16,503,800
FACT05524,P04,34,3500
FACT05524,P02,13,350
FACT05524,P11,48,55
FACT05524,P13,293,350
FACT07964,P02,49,350
FACT07964,P09,537,18
FACT07964,P10,446,20
FACT07964,P13,294,350
FACT01230,P10,384,20
FACT01230,P06,600,30
FACT01230,P16,108,800
FACT01230,P07,223,28
FACT04192,P08,83,65
FACT04192,P19,50,3800
FACT04192,P02,490,350
FACT04192,P17,218,280
FACT03701,P10,282,20
FACT03701,P05,222,45
FACT03701,P19,375,3800
FACT03701,P08,552,65
FACT09159,P16,422,800
FACT09159,P10,478,20
FACT09159,P08,457,65
FACT09159,P01,476,4500
FACT00221,P17,19,280
FACT00221,P11,224,55
FACT00221,P10,169,20
FACT00221,P08,473,65
FACT01918,P16,68,800
FACT01918,P02,571,350
FACT01918,P08,377,65
FACT01918,P01,249,4500
FACT04876,P20,88,2900
FACT04876,P14,392,450
FACT04876,P03,86,8000
FACT04876,P06,555,30
FACT09513,P18,166,900
FACT09513,P17,153,280
FACT09513,P03,578,8000
FACT09513,P01,286,4500
FACT04478,P07,380,28
FACT04478,P06,105,30
FACT04478,P18,522,900
FACT04478,P20,117,2900
FACT04216,P20,284,2900
FACT04216,P02,177,350
FACT04216,P15,466,650
FACT04216,P04,332,3500
FACT04925,P18,29,900
FACT04925,P04,23,3500
FACT04925,P11,206,55
FACT04925,P03,548,8000
FACT00651,P07,160,28
FACT00651,P09,588,18
FACT00651,P10,167,20
FACT00651,P18,398,900
FACT01162,P18,9,900
FACT01162,P20,537,2900
FACT01162,P09,238,18
FACT01162,P07,28,28
FACT00723,P12,115,70
FACT00723,P14,575,450
FACT00723,P16,379,800
FACT00723,P07,578,28
FACT01734,P01,109,4500
FACT01734,P19,39,3800
FACT01734,P06,406,30
FACT01734,P11,373,55
FACT06573,P08,128,65
FACT06573,P19,186,3800
FACT06573,P14,156,450
FACT06573,P03,513,8000
FACT05268,P14,80,450
FACT05268,P18,134,900
FACT05268,P10,417,20
FACT05268,P05,9,45
FACT03427,P10,459,20
FACT03427,P09,135,18
FACT03427,P18,550,900
FACT03427,P17,175,280
FACT00977,P20,283,2900
FACT00977,P13,310,350
FACT00977,P19,591,3800
FACT00977,P18,298,900
FACT06011,P04,303,3500
FACT06011,P03,249,8000
FACT06011,P19,258,3800
FACT06011,P09,394,18
FACT02551,P05,544,45
FACT02551,P14,339,450
FACT02551,P16,161,800
FACT02551,P11,262,55
FACT02031,P12,188,70
FACT02031,P02,8,350
FACT02031,P05,336,45
FACT02031,P14,293,450
FACT09426,P04,11,3500
FACT09426,P14,549,450
FACT09426,P08,83,65
FACT09426,P19,177,3800
FACT07359,P03,228,8000
FACT07359,P15,305,650
FACT07359,P10,115,20
FACT07359,P12,300,70
FACT03977,P02,22,350
FACT03977,P05,198,45
FACT03977,P01,341,4500
FACT03977,P14,27,450
FACT07342,P10,109,20
FACT07342,P03,572,8000
FACT07342,P08,215,65
FACT07342,P02,59,350
FACT08218,P11,588,55
FACT08218,P18,552,900
FACT08218,P17,447,280
FACT08218,P07,557,28
FACT06670,P18,252,900
FACT06670,P09,368,18
FACT06670,P03,430,8000
FACT06670,P04,185,3500
FACT01598,P03,230,8000
FACT01598,P16,595,800
FACT01598,P09,408,18
FACT01598,P18,72,900
FACT03182,P09,498,18
FACT03182,P01,536,4500
FACT03182,P08,417,65
FACT03182,P14,377,450
FACT00836,P19,30,3800
FACT00836,P08,75,65
FACT00836,P10,143,20
FACT00836,P04,29,3500
FACT09628,P07,309,28
FACT09628,P11,381,55
FACT09628,P12,148,70
FACT09628,P16,350,800
FACT08105,P16,207,800
FACT08105,P19,502,3800
FACT08105,P09,344,18
FACT08105,P04,347,3500
FACT01206,P15,351,650
FACT01206,P04,15,3500
FACT01206,P12,187,70
FACT01206,P11,534,55
FACT08781,P12,423,70
FACT08781,P03,21,8000
FACT08781,P14,496,450
FACT08781,P10,71,20
FACT02618,P15,270,650
FACT02618,P08,586,65
FACT02618,P10,293,20
FACT02618,P18,162,900
FACT06685,P16,370,800
FACT06685,P07,120,28
FACT06685,P03,214,8000
FACT06685,P10,438,20
FACT01557,P05,481,45
FACT01557,P15,159,650
FACT01557,P10,465,20
FACT01557,P18,545,900
FACT04508,P03,366,8000
FACT04508,P15,194,650
FACT04508,P14,155,450
FACT04508,P02,87,350
FACT06601,P08,467,65
FACT06601,P15,345,650
FACT06601,P07,253,28
FACT06601,P13,279,350
FACT05899,P02,213,350
FACT05899,P18,311,900
FACT05899,P03,195,8000
FACT05899,P19,294,3800
FACT04938,P10,579,20
FACT04938,P17,476,280
FACT04938,P13,266,350
FACT04938,P20,421,2900
FACT02680,P01,566,4500
FACT02680,P20,248,2900
FACT02680,P08,521,65
FACT02680,P10,19,20
FACT02648,P13,507,350
FACT02648,P18,139,900
FACT02648,P11,199,55
FACT02648,P06,496,30
FACT02908,P10,498,20
FACT02908,P15,406,650
FACT02908,P06,76,30
FACT02908,P04,206,3500
FACT07564,P19,448,3800
FACT07564,P14,418,450
FACT07564,P18,583,900
FACT07564,P08,458,65
FACT04140,P14,308,450
FACT04140,P04,448,3500
FACT04140,P01,505,4500
FACT04140,P10,533,20
FACT09757,P05,178,45
FACT09757,P19,331,3800
FACT09757,P16,598,800
FACT09757,P13,434,350
FACT09594,P04,69,3500
FACT09594,P09,109,18
FACT09594,P05,451,45
FACT09594,P17,63,280
FACT06266,P03,332,8000
FACT06266,P15,567,650
FACT06266,P04,475,3500
FACT06266,P13,585,350
FACT00181,P04,256,3500
FACT00181,P16,552,800
FACT00181,P01,580,4500
FACT00181,P10,451,20
FACT01086,P15,600,650
FACT01086,P12,533,70
FACT01086,P14,303,450
FACT01086,P04,337,3500
FACT01858,P10,334,20
FACT01858,P15,92,650
FACT01858,P05,428,45
FACT01858,P18,278,900
FACT00291,P11,39,55
FACT00291,P09,548,18
FACT00291,P03,410,8000
FACT00291,P01,98,4500
FACT09908,P20,279,2900
FACT09908,P10,127,20
FACT09908,P05,396,45
FACT09908,P08,181,65
FACT01105,P10,361,20
FACT01105,P15,454,650
FACT01105,P13,63,350
FACT01105,P11,261,55
FACT06619,P07,224,28
FACT06619,P11,183,55
FACT06619,P12,91,70
FACT06619,P02,335,350
FACT06141,P11,267,55
FACT06141,P15,54,650
FACT06141,P06,324,30
FACT06141,P04,462,3500
FACT06380,P20,46,2900
FACT06380,P09,571,18
FACT06380,P08,423,65
FACT06380,P14,475,450
FACT09458,P06,516,30
FACT09458,P17,27,280
FACT09458,P19,58,3800
FACT09458,P07,12,28
FACT07365,P09,549,18
FACT07365,P07,248,28
FACT07365,P17,408,280
FACT07365,P10,389,20
FACT01727,P19,522,3800
FACT01727,P06,362,30
FACT01727,P02,43,350
FACT01727,P10,134,20
FACT08252,P17,125,280
FACT08252,P01,199,4500
FACT08252,P10,10,20
FACT08252,P05,459,45
FACT06014,P07,522,28
FACT06014,P10,419,20
FACT06014,P12,425,70
FACT06014,P09,436,18
FACT02077,P11,154,55
FACT02077,P20,141,2900
FACT02077,P15,598,650
FACT02077,P05,14,45
FACT00835,P02,550,350
FACT00835,P16,452,800
FACT00835,P13,489,350
FACT00835,P19,413,3800
FACT01496,P06,286,30
FACT01496,P05,15,45
FACT01496,P16,321,800
FACT01496,P20,473,2900
FACT09830,P20,583,2900
FACT09830,P02,598,350
FACT09830,P12,409,70
FACT09830,P14,122,450
FACT00680,P06,147,30
FACT00680,P16,476,800
FACT00680,P17,509,280
FACT00680,P12,78,70
FACT03378,P16,516,800
FACT03378,P20,508,2900
FACT03378,P19,71,3800
FACT03378,P14,310,450
FACT06026,P05,554,45
FACT06026,P01,236,4500
FACT06026,P15,478,650
FACT06026,P13,570,350
FACT09622,P13,116,350
FACT09622,P12,90,70
FACT09622,P02,445,350
FACT09622,P01,244,4500
FACT09460,P09,310,18
FACT09460,P07,453,28
FACT09460,P10,204,20
FACT09460,P06,330,30
FACT00373,P07,85,28
FACT00373,P02,43,350
FACT00373,P14,285,450
FACT00373,P16,522,800
FACT04199,P02,528,350
FACT04199,P19,38,3800
FACT04199,P01,277,4500
FACT04199,P11,352,55
FACT06785,P07,504,28
FACT06785,P01,410,4500
FACT06785,P03,335,8000
FACT06785,P16,243,800
FACT04567,P18,345,900
FACT04567,P14,432,450
FACT04567,P09,46,18
FACT04567,P19,462,3800
FACT07451,P03,529,8000
FACT07451,P09,16,18
FACT07451,P06,225,30
FACT07451,P11,504,55
FACT07573,P20,477,2900
FACT07573,P03,367,8000
FACT07573,P12,384,70
FACT07573,P13,12,350
FACT06996,P01,84,4500
FACT06996,P02,340,350
FACT06996,P14,446,450
FACT06996,P19,278,3800
FACT08555,P08,422,65
FACT08555,P03,59,8000
FACT08555,P09,288,18
FACT08555,P05,423,45
FACT08523,P19,94,3800
FACT08523,P08,207,65
FACT08523,P01,494,4500
FACT08523,P16,72,800
FACT08879,P02,32,350
FACT08879,P19,401,3800
FACT08879,P06,409,30
FACT08879,P15,210,650
FACT03644,P03,145,8000
FACT03644,P02,92,350
FACT03644,P09,598,18
FACT03644,P20,387,2900
FACT05702,P12,597,70
FACT05702,P16,456,800
FACT05702,P10,407,20
FACT05702,P02,325,350
FACT01200,P12,87,70
FACT01200,P04,540,3500
FACT01200,P19,422,3800
FACT01200,P09,348,18
FACT04346,P12,153,70
FACT04346,P03,247,8000
FACT04346,P19,385,3800
FACT04346,P14,488,450
FACT02637,P02,70,350
FACT02637,P15,182,650
FACT02637,P13,57,350
FACT02637,P19,420,3800
FACT08294,P17,271,280
FACT08294,P14,52,450
FACT08294,P10,105,20
FACT08294,P09,364,18
FACT06779,P05,166,45
FACT06779,P04,159,3500
FACT06779,P13,277,350
FACT06779,P16,588,800
FACT07678,P12,335,70
FACT07678,P09,228,18
FACT07678,P03,373,8000
FACT07678,P16,265,800
FACT01046,P09,582,18
FACT01046,P20,244,2900
FACT01046,P03,74,8000
FACT01046,P07,511,28
FACT08086,P03,315,8000
FACT08086,P10,66,20
FACT08086,P07,81,28
FACT08086,P08,366,65
FACT05398,P17,576,280
FACT05398,P07,533,28
FACT05398,P19,308,3800
FACT05398,P05,63,45
FACT05063,P04,56,3500
FACT05063,P18,493,900
FACT05063,P03,516,8000
FACT05063,P14,273,450
FACT06823,P09,118,18
FACT06823,P01,428,4500
FACT06823,P13,48,350
FACT06823,P15,324,650
FACT01690,P08,351,65
FACT01690,P11,457,55
FACT01690,P02,275,350
FACT01690,P19,440,3800
FACT06207,P06,160,30
FACT06207,P01,499,4500
FACT06207,P19,578,3800
FACT06207,P02,43,350
FACT07510,P06,278,30
FACT07510,P19,8,3800
FACT07510,P11,314,55
FACT07510,P05,168,45
FACT04735,P06,111,30
FACT04735,P05,358,45
FACT04735,P08,453,65
FACT04735,P12,333,70
FACT05878,P18,559,900
FACT05878,P19,443,3800
FACT05878,P15,167,650
FACT05878,P05,156,45
FACT04162,P01,417,4500
FACT04162,P18,296,900
FACT04162,P06,191,30
FACT04162,P13,413,350
FACT02549,P14,274,450
FACT02549,P17,104,280
FACT02549,P11,113,55
FACT02549,P13,125,350
FACT09152,P04,345,3500
FACT09152,P16,450,800
FACT09152,P02,242,350
FACT09152,P09,16,18
FACT01197,P13,33,350
FACT01197,P05,127,45
FACT01197,P01,22,4500
FACT01197,P12,385,70
FACT07892,P09,416,18
FACT07892,P16,473,800
FACT07892,P14,442,450
FACT07892,P15,171,650
FACT01275,P02,135,350
FACT01275,P05,355,45
FACT01275,P15,170,650
FACT01275,P11,189,55
FACT03675,P08,173,65
FACT03675,P19,295,3800
FACT03675,P16,581,800
FACT03675,P02,14,350
FACT05324,P18,440,900
FACT05324,P07,100,28
FACT05324,P01,465,4500
FACT05324,P04,572,3500
FACT06323,P02,506,350
FACT06323,P04,160,3500
FACT06323,P08,524,65
FACT06323,P12,481,70
FACT02705,P12,99,70
FACT02705,P03,234,8000
FACT02705,P10,112,20
FACT02705,P17,177,280
FACT08237,P19,21,3800
FACT08237,P01,405,4500
FACT08237,P10,211,20
FACT08237,P16,454,800
FACT01779,P09,546,18
FACT01779,P03,65,8000
FACT01779,P06,562,30
FACT01779,P07,447,28
FACT08852,P05,258,45
FACT08852,P20,495,2900
FACT08852,P04,342,3500
FACT08852,P15,481,650
FACT00301,P03,263,8000
FACT00301,P15,165,650
FACT00301,P11,297,55
FACT00301,P09,302,18
FACT02419,P11,46,55
FACT02419,P05,29,45
FACT02419,P04,99,3500
FACT02419,P12,276,70
FACT05299,P02,570,350
FACT05299,P11,227,55
FACT05299,P09,346,18
FACT05299,P04,585,3500
FACT03330,P05,425,45
FACT03330,P19,213,3800
FACT03330,P09,255,18
FACT03330,P14,254,450
FACT06562,P08,129,65
FACT06562,P20,493,2900
FACT06562,P17,507,280
FACT06562,P19,242,3800
FACT06375,P14,348,450
FACT06375,P10,562,20
FACT06375,P04,140,3500
FACT06375,P01,353,4500
FACT02604,P12,353,70
FACT02604,P04,207,3500
FACT02604,P17,356,280
FACT02604,P05,486,45
FACT08589,P07,515,28
FACT08589,P09,133,18
FACT08589,P19,197,3800
FACT08589,P08,599,65
FACT09590,P19,373,3800
FACT09590,P18,454,900
FACT09590,P10,422,20
FACT09590,P14,482,450
FACT08380,P13,513,350
FACT08380,P16,88,800
FACT08380,P05,26,45
FACT08380,P02,541,350
FACT03218,P02,509,350
FACT03218,P20,474,2900
FACT03218,P15,304,650
FACT03218,P01,101,4500
FACT06285,P19,589,3800
FACT06285,P13,189,350
FACT06285,P04,51,3500
FACT06285,P16,417,800
FACT00718,P12,64,70
FACT00718,P01,228,4500
FACT00718,P10,215,20
FACT00718,P08,509,65
FACT06406,P07,305,28
FACT06406,P18,84,900
FACT06406,P09,200,18
FACT06406,P16,458,800
FACT07402,P15,210,650
FACT07402,P14,43,450
FACT07402,P11,41,55
FACT07402,P06,67,30
FACT09775,P19,419,3800
FACT09775,P20,552,2900
FACT09775,P06,184,30
FACT09775,P04,447,3500
FACT08330,P14,337,450
FACT08330,P18,536,900
FACT08330,P07,7,28
FACT08330,P12,470,70
FACT03282,P05,91,45
FACT03282,P06,503,30
FACT03282,P20,104,2900
FACT03282,P15,15,650
FACT03694,P17,74,280
FACT03694,P18,357,900
FACT03694,P11,46,55
FACT03694,P06,105,30
FACT06663,P10,112,20
FACT06663,P15,392,650
FACT06663,P20,431,2900
FACT06663,P08,403,65
FACT01996,P17,298,280
FACT01996,P10,345,20
FACT01996,P19,567,3800
FACT01996,P20,508,2900
FACT06335,P14,558,450
FACT06335,P01,329,4500
FACT06335,P15,36,650
FACT06335,P05,479,45
FACT08126,P20,492,2900
FACT08126,P13,136,350
FACT08126,P07,195,28
FACT08126,P18,436,900
FACT03175,P05,77,45
FACT03175,P08,56,65
FACT03175,P17,504,280
FACT03175,P14,588,450
FACT08842,P13,586,350
FACT08842,P18,264,900
FACT08842,P15,191,650
FACT08842,P05,433,45
FACT04412,P02,429,350
FACT04412,P17,285,280
FACT04412,P16,440,800
FACT04412,P12,11,70
FACT01790,P16,328,800
FACT01790,P14,274,450
FACT01790,P20,532,2900
FACT01790,P10,360,20
FACT04904,P20,460,2900
FACT04904,P05,291,45
FACT04904,P18,11,900
FACT04904,P02,237,350
FACT00546,P07,482,28
FACT00546,P11,506,55
FACT00546,P20,286,2900
FACT00546,P02,548,350
FACT00596,P10,373,20
FACT00596,P18,59,900
FACT00596,P01,589,4500
FACT00596,P14,582,450
FACT07170,P09,261,18
FACT07170,P16,511,800
FACT07170,P01,461,4500
FACT07170,P15,397,650
FACT03329,P20,182,2900
FACT03329,P11,196,55
FACT03329,P18,371,900
FACT03329,P12,376,70
FACT02462,P13,237,350
FACT02462,P10,301,20
FACT02462,P17,343,280
FACT02462,P07,366,28
FACT07494,P06,379,30
FACT07494,P15,585,650
FACT07494,P05,224,45
FACT07494,P01,243,4500
FACT09355,P03,120,8000
FACT09355,P20,52,2900
FACT09355,P18,84,900
FACT09355,P10,366,20
FACT07560,P12,501,70
FACT07560,P10,259,20
FACT07560,P11,430,55
FACT07560,P16,591,800
FACT00082,P18,190,900
FACT00082,P19,368,3800
FACT00082,P15,179,650
FACT00082,P03,218,8000
FACT01328,P08,55,65
FACT01328,P02,209,350
FACT01328,P03,557,8000
FACT01328,P14,98,450
FACT03467,P02,275,350
FACT03467,P15,295,650
FACT03467,P16,382,800
FACT03467,P18,229,900
FACT06177,P01,169,4500
FACT06177,P02,334,350
FACT06177,P18,466,900
FACT06177,P10,279,20
FACT00049,P20,542,2900
FACT00049,P12,274,70
FACT00049,P04,242,3500
FACT00049,P03,425,8000
FACT02363,P12,485,70
FACT02363,P03,429,8000
FACT02363,P04,179,3500
FACT02363,P09,501,18
FACT07149,P02,327,350
FACT07149,P04,85,3500
FACT07149,P08,362,65
FACT07149,P20,460,2900
FACT04638,P16,45,800
FACT04638,P12,565,70
FACT04638,P20,384,2900
FACT04638,P11,581,55
FACT09659,P02,259,350
FACT09659,P03,420,8000
FACT09659,P04,583,3500
FACT09659,P10,323,20
FACT00242,P10,198,20
FACT00242,P05,363,45
FACT00242,P11,184,55
FACT00242,P04,257,3500
FACT07849,P11,358,55
FACT07849,P18,137,900
FACT07849,P12,458,70
FACT07849,P14,262,450
FACT04942,P06,6,30
FACT04942,P10,432,20
FACT04942,P04,425,3500
FACT04942,P01,46,4500
FACT00948,P15,487,650
FACT00948,P04,106,3500
FACT00948,P18,580,900
FACT00948,P12,449,70
FACT05807,P08,173,65
FACT05807,P07,271,28
FACT05807,P20,15,2900
FACT05807,P11,354,55
FACT03416,P05,570,45
FACT03416,P20,70,2900
FACT03416,P01,430,4500
FACT03416,P02,487,350
FACT05333,P09,98,18
FACT05333,P20,400,2900
FACT05333,P04,353,3500
FACT05333,P10,110,20
FACT03534,P14,101,450
FACT03534,P01,59,4500
FACT03534,P20,92,2900
FACT03534,P18,456,900
FACT01361,P15,226,650
FACT01361,P06,297,30
FACT01361,P03,377,8000
FACT01361,P05,18,45
FACT07721,P03,599,8000
FACT07721,P01,567,4500
FACT07721,P11,197,55
FACT07721,P06,429,30
FACT01536,P11,269,55
FACT01536,P04,282,3500
FACT01536,P12,464,70
FACT01536,P01,185,4500
FACT06165,P10,482,20
FACT06165,P15,514,650
FACT06165,P04,349,3500
FACT06165,P07,235,28
FACT06166,P09,295,18
FACT06166,P10,190,20
FACT06166,P04,278,3500
FACT06166,P07,62,28
FACT02691,P14,188,450
FACT02691,P09,15,18
FACT02691,P18,396,900
FACT02691,P20,595,2900
FACT01613,P08,384,65
FACT01613,P17,417,280
FACT01613,P13,66,350
FACT01613,P19,99,3800
FACT06184,P06,479,30
FACT06184,P02,279,350
FACT06184,P05,333,45
FACT06184,P14,356,450
FACT07640,P06,514,30
FACT07640,P14,241,450
FACT07640,P04,395,3500
FACT07640,P08,446,65
FACT06962,P13,151,350
FACT06962,P17,301,280
FACT06962,P19,564,3800
FACT06962,P08,575,65
FACT00264,P05,569,45
FACT00264,P04,94,3500
FACT00264,P10,186,20
FACT00264,P06,235,30
FACT03241,P16,304,800
FACT03241,P20,417,2900
FACT03241,P12,130,70
FACT03241,P01,46,4500
FACT09572,P17,146,280
FACT09572,P10,300,20
FACT09572,P07,392,28
FACT09572,P18,449,900
FACT05416,P19,27,3800
FACT05416,P11,411,55
FACT05416,P01,333,4500
FACT05416,P14,122,450
FACT09613,P02,329,350
FACT09613,P15,100,650
FACT09613,P10,302,20
FACT09613,P19,116,3800
FACT05275,P17,249,280
FACT05275,P19,20,3800
FACT05275,P20,563,2900
FACT05275,P15,457,650
FACT07876,P13,468,350
FACT07876,P04,520,3500
FACT07876,P16,403,800
FACT07876,P12,507,70
FACT01079,P15,313,650
FACT01079,P14,266,450
FACT01079,P03,345,8000
FACT01079,P20,526,2900
FACT00560,P07,190,28
FACT00560,P15,461,650
FACT00560,P04,373,3500
FACT00560,P09,198,18
FACT01615,P09,326,18
FACT01615,P10,462,20
FACT01615,P12,422,70
FACT01615,P11,277,55
FACT05857,P04,526,3500
FACT05857,P15,308,650
FACT05857,P11,402,55
FACT05857,P13,374,350
FACT00811,P17,599,280
FACT00811,P01,147,4500
FACT00811,P14,189,450
FACT00811,P02,167,350
FACT03604,P03,295,8000
FACT03604,P07,539,28
FACT03604,P18,336,900
FACT03604,P01,205,4500
FACT07378,P16,415,800
FACT07378,P12,479,70
FACT07378,P05,143,45
FACT07378,P13,246,350
FACT07607,P05,299,45
FACT07607,P14,425,450
FACT07607,P17,470,280
FACT07607,P07,303,28
FACT07921,P04,281,3500
FACT07921,P17,337,280
FACT07921,P06,587,30
FACT07921,P18,591,900
FACT06147,P04,300,3500
FACT06147,P03,475,8000
FACT06147,P17,487,280
FACT06147,P20,132,2900
FACT04929,P01,239,4500
FACT04929,P16,448,800
FACT04929,P11,585,55
FACT04929,P06,371,30
FACT09892,P17,571,280
FACT09892,P19,201,3800
FACT09892,P01,336,4500
FACT09892,P12,299,70
FACT07539,P16,273,800
FACT07539,P12,505,70
FACT07539,P20,162,2900
FACT07539,P05,123,45
FACT07533,P13,414,350
FACT07533,P16,151,800
FACT07533,P12,368,70
FACT07533,P19,167,3800
FACT00111,P11,364,55
FACT00111,P10,118,20
FACT00111,P13,205,350
FACT00111,P07,203,28
FACT08989,P18,405,900
FACT08989,P08,71,65
FACT08989,P16,532,800
FACT08989,P09,63,18
FACT08642,P18,406,900
FACT08642,P08,226,65
FACT08642,P05,293,45
FACT08642,P11,499,55
FACT07270,P03,590,8000
FACT07270,P05,299,45
FACT07270,P16,142,800
FACT07270,P12,489,70
FACT06965,P12,412,70
FACT06965,P20,404,2900
FACT06965,P16,326,800
FACT06965,P03,58,8000
FACT07565,P05,211,45
FACT07565,P13,283,350
FACT07565,P01,93,4500
FACT07565,P09,543,18
FACT01104,P10,32,20
FACT01104,P02,257,350
FACT01104,P03,440,8000
FACT01104,P12,372,70
FACT05713,P08,13,65
FACT05713,P10,87,20
FACT05713,P18,76,900
FACT05713,P09,365,18
FACT05026,P08,150,65
FACT05026,P16,555,800
FACT05026,P02,370,350
FACT05026,P06,487,30
FACT08940,P19,264,3800
FACT08940,P02,117,350
FACT08940,P04,387,3500
FACT08940,P01,571,4500
FACT05061,P01,277,4500
FACT05061,P15,504,650
FACT05061,P20,178,2900
FACT05061,P03,262,8000
FACT05339,P08,138,65
FACT05339,P15,378,650
FACT05339,P04,192,3500
FACT05339,P09,577,18
FACT08185,P07,127,28
FACT08185,P03,177,8000
FACT08185,P12,29,70
FACT08185,P11,553,55
FACT03761,P05,539,45
FACT03761,P16,502,800
FACT03761,P08,333,65
FACT03761,P20,178,2900
FACT04438,P01,61,4500
FACT04438,P13,509,350
FACT04438,P16,16,800
FACT04438,P11,121,55
FACT04242,P01,471,4500
FACT04242,P07,463,28
FACT04242,P05,286,45
FACT04242,P16,568,800
FACT09295,P13,115,350
FACT09295,P15,161,650
FACT09295,P18,223,900
FACT09295,P06,550,30
FACT03868,P10,208,20
FACT03868,P16,60,800
FACT03868,P06,351,30
FACT03868,P05,454,45
FACT00401,P17,223,280
FACT00401,P19,591,3800
FACT00401,P10,8,20
FACT00401,P05,192,45
FACT08918,P17,54,280
FACT08918,P03,512,8000
FACT08918,P13,592,350
FACT08918,P04,162,3500
FACT03511,P04,26,3500
FACT03511,P08,504,65
FACT03511,P15,75,650
FACT03511,P13,324,350
FACT06155,P06,192,30
FACT06155,P01,599,4500
FACT06155,P04,334,3500
FACT06155,P10,446,20
FACT00686,P04,20,3500
FACT00686,P19,66,3800
FACT00686,P10,305,20
FACT00686,P03,242,8000
FACT04399,P12,569,70
FACT04399,P07,498,28
FACT04399,P03,468,8000
FACT04399,P14,342,450
FACT05050,P01,509,4500
FACT05050,P05,595,45
FACT05050,P14,330,450
FACT05050,P10,590,20
FACT06572,P09,379,18
FACT06572,P03,61,8000
FACT06572,P05,211,45
FACT06572,P16,412,800
FACT05916,P19,497,3800
FACT05916,P10,150,20
FACT05916,P02,174,350
FACT05916,P17,107,280
FACT04222,P02,196,350
FACT04222,P09,340,18
FACT04222,P04,255,3500
FACT04222,P20,53,2900
FACT02057,P02,356,350
FACT02057,P18,11,900
FACT02057,P03,246,8000
FACT02057,P06,600,30
FACT04420,P03,598,8000
FACT04420,P16,85,800
FACT04420,P15,298,650
FACT04420,P19,540,3800
FACT04984,P04,127,3500
FACT04984,P18,109,900
FACT04984,P08,382,65
FACT04984,P05,128,45
FACT08711,P15,339,650
FACT08711,P06,495,30
FACT08711,P08,105,65
FACT08711,P12,182,70
FACT02377,P17,179,280
FACT02377,P18,554,900
FACT02377,P09,402,18
FACT02377,P10,70,20
FACT08910,P10,420,20
FACT08910,P08,168,65
FACT08910,P09,55,18
FACT08910,P12,61,70
FACT09184,P19,136,3800
FACT09184,P02,241,350
FACT09184,P08,550,65
FACT09184,P04,130,3500
FACT06680,P03,291,8000
FACT06680,P14,338,450
FACT06680,P02,313,350
FACT06680,P10,481,20
FACT01198,P18,19,900
FACT01198,P10,502,20
FACT01198,P04,452,3500
FACT01198,P02,304,350
FACT03955,P15,577,650
FACT03955,P12,246,70
FACT03955,P17,509,280
FACT03955,P02,139,350
FACT01878,P19,442,3800
FACT01878,P14,119,450
FACT01878,P18,405,900
FACT01878,P03,305,8000
FACT04345,P03,411,8000
FACT04345,P10,118,20
FACT04345,P11,567,55
FACT04345,P16,521,800
FACT04359,P07,432,28
FACT04359,P06,534,30
FACT04359,P16,445,800
FACT04359,P09,551,18
FACT03635,P14,496,450
FACT03635,P15,452,650
FACT03635,P07,266,28
FACT03635,P20,200,2900
FACT01038,P18,96,900
FACT01038,P04,249,3500
FACT01038,P10,163,20
FACT01038,P16,272,800
FACT04360,P11,41,55
FACT04360,P05,508,45
FACT04360,P02,191,350
FACT04360,P06,100,30
FACT01291,P12,338,70
FACT01291,P01,574,4500
FACT01291,P04,96,3500
FACT01291,P02,24,350
FACT08843,P16,194,800
FACT08843,P18,288,900
FACT08843,P04,260,3500
FACT08843,P12,303,70
FACT02792,P17,566,280
FACT02792,P08,275,65
FACT02792,P11,449,55
FACT02792,P09,348,18
FACT00355,P19,214,3800
FACT00355,P09,524,18
FACT00355,P10,506,20
FACT00355,P16,196,800
FACT04924,P03,413,8000
FACT04924,P11,474,55
FACT04924,P02,600,350
FACT04924,P19,277,3800
FACT04067,P03,279,8000
FACT04067,P02,362,350
FACT04067,P18,64,900
FACT04067,P09,339,18
FACT01635,P19,112,3800
FACT01635,P09,291,18
FACT01635,P15,360,650
FACT01635,P07,397,28
FACT06602,P20,86,2900
FACT06602,P12,70,70
FACT06602,P03,204,8000
FACT06602,P08,534,65
FACT09375,P10,103,20
FACT09375,P07,387,28
FACT09375,P12,286,70
FACT09375,P16,365,800
FACT05912,P07,565,28
FACT05912,P18,247,900
FACT05912,P03,425,8000
FACT05912,P06,185,30
FACT01544,P03,219,8000
FACT01544,P17,211,280
FACT01544,P05,552,45
FACT01544,P13,334,350
FACT02089,P02,99,350
FACT02089,P03,460,8000
FACT02089,P12,418,70
FACT02089,P10,110,20
FACT06172,P13,496,350
FACT06172,P05,242,45
FACT06172,P08,597,65
FACT06172,P04,259,3500
FACT07881,P12,493,70
FACT07881,P04,503,3500
FACT07881,P13,351,350
FACT07881,P19,72,3800
FACT01646,P13,466,350
FACT01646,P12,116,70
FACT01646,P07,181,28
FACT01646,P14,34,450
FACT08187,P10,167,20
FACT08187,P19,49,3800
FACT08187,P06,369,30
FACT08187,P11,208,55
FACT02613,P10,463,20
FACT02613,P06,141,30
FACT02613,P09,390,18
FACT02613,P18,336,900
FACT04105,P08,375,65
FACT04105,P15,367,650
FACT04105,P13,327,350
FACT04105,P14,198,450
FACT06490,P01,459,4500
FACT06490,P16,219,800
FACT06490,P15,166,650
FACT06490,P04,288,3500
FACT04504,P07,430,28
FACT04504,P11,42,55
FACT04504,P03,382,8000
FACT04504,P02,276,350
FACT05558,P14,146,450
FACT05558,P13,211,350
FACT05558,P06,32,30
FACT05558,P09,284,18
FACT07113,P12,111,70
FACT07113,P05,350,45
FACT07113,P18,463,900
FACT07113,P15,549,650
FACT03289,P11,292,55
FACT03289,P13,569,350
FACT03289,P02,199,350
FACT03289,P04,133,3500
FACT05138,P05,73,45
FACT05138,P08,282,65
FACT05138,P14,508,450
FACT05138,P10,121,20
FACT03320,P14,426,450
FACT03320,P19,221,3800
FACT03320,P13,234,350
FACT03320,P02,522,350
FACT04374,P06,36,30
FACT04374,P18,570,900
FACT04374,P05,381,45
FACT04374,P20,189,2900
FACT02479,P12,155,70
FACT02479,P07,203,28
FACT02479,P04,214,3500
FACT02479,P14,247,450
FACT05481,P03,508,8000
FACT05481,P04,174,3500
FACT05481,P05,195,45
FACT05481,P02,422,350
FACT09857,P10,412,20
FACT09857,P15,231,650
FACT09857,P04,499,3500
FACT09857,P13,153,350
FACT09202,P04,183,3500
FACT09202,P09,227,18
FACT09202,P07,215,28
FACT09202,P03,441,8000
FACT06175,P14,499,450
FACT06175,P04,336,3500
FACT06175,P17,291,280
FACT06175,P06,512,30
FACT07734,P20,205,2900
FACT07734,P15,136,650
FACT07734,P16,561,800
FACT07734,P09,348,18
FACT06486,P08,287,65
FACT06486,P09,112,18
FACT06486,P12,273,70
FACT06486,P02,342,350
FACT01581,P09,378,18
FACT01581,P02,237,350
FACT01581,P12,224,70
FACT01581,P05,182,45
FACT00594,P16,470,800
FACT00594,P11,9,55
FACT00594,P03,64,8000
FACT00594,P05,589,45
FACT04082,P03,517,8000
FACT04082,P15,115,650
FACT04082,P17,156,280
FACT04082,P18,124,900
FACT07433,P10,38,20
FACT07433,P15,234,650
FACT07433,P06,179,30
FACT07433,P14,134,450
FACT04330,P13,62,350
FACT04330,P06,346,30
FACT04330,P02,210,350
FACT04330,P09,157,18
FACT00923,P08,50,65
FACT00923,P18,300,900
FACT00923,P06,21,30
FACT00923,P20,99,2900
FACT00689,P14,158,450
FACT00689,P01,507,4500
FACT00689,P12,325,70
FACT00689,P07,295,28
FACT03165,P09,549,18
FACT03165,P18,155,900
FACT03165,P19,318,3800
FACT03165,P06,309,30
FACT05598,P14,107,450
FACT05598,P16,426,800
FACT05598,P12,13,70
FACT05598,P07,56,28
FACT02088,P08,364,65
FACT02088,P17,422,280
FACT02088,P12,241,70
FACT02088,P13,206,350
FACT09450,P12,68,70
FACT09450,P10,304,20
FACT09450,P20,98,2900
FACT09450,P16,161,800
FACT02343,P19,64,3800
FACT02343,P11,106,55
FACT02343,P01,495,4500
FACT02343,P04,595,3500
FACT02496,P02,409,350
FACT02496,P08,368,65
FACT02496,P16,87,800
FACT02496,P03,352,8000
FACT09179,P07,421,28
FACT09179,P03,39,8000
FACT09179,P11,264,55
FACT09179,P01,78,4500
FACT00009,P07,123,28
FACT00009,P17,374,280
FACT00009,P06,17,30
FACT00009,P11,524,55
FACT04415,P01,100,4500
FACT04415,P07,219,28
FACT04415,P19,208,3800
FACT04415,P20,573,2900
FACT01266,P17,579,280
FACT01266,P01,565,4500
FACT01266,P03,152,8000
FACT01266,P09,95,18
FACT03111,P04,101,3500
FACT03111,P08,229,65
FACT03111,P16,403,800
FACT03111,P02,97,350
FACT05389,P15,469,650
FACT05389,P11,226,55
FACT05389,P18,585,900
FACT05389,P12,228,70
FACT06442,P13,585,350
FACT06442,P09,67,18
FACT06442,P07,570,28
FACT06442,P02,186,350
FACT06723,P14,357,450
FACT06723,P04,377,3500
FACT06723,P12,434,70
FACT06723,P17,452,280
FACT05343,P01,423,4500
FACT05343,P18,591,900
FACT05343,P14,193,450
FACT05343,P13,82,350
FACT07153,P03,512,8000
FACT07153,P19,111,3800
FACT07153,P05,253,45
FACT07153,P17,181,280
FACT07995,P09,117,18
FACT07995,P13,503,350
FACT07995,P02,224,350
FACT07995,P17,102,280
FACT01426,P02,375,350
FACT01426,P09,389,18
FACT01426,P20,52,2900
FACT01426,P18,88,900
FACT07653,P09,323,18
FACT07653,P20,309,2900
FACT07653,P10,265,20
FACT07653,P08,164,65
FACT06809,P13,89,350
FACT06809,P01,346,4500
FACT06809,P06,342,30
FACT06809,P16,164,800
FACT05119,P15,6,650
FACT05119,P03,445,8000
FACT05119,P01,469,4500
FACT05119,P12,170,70
FACT02630,P18,47,900
FACT02630,P01,154,4500
FACT02630,P13,391,350
FACT02630,P19,104,3800
FACT06697,P10,289,20
FACT06697,P08,107,65
FACT06697,P16,172,800
FACT06697,P18,81,900
FACT02677,P06,10,30
FACT02677,P07,463,28
FACT02677,P11,252,55
FACT02677,P14,148,450
FACT04355,P20,95,2900
FACT04355,P07,581,28
FACT04355,P14,419,450
FACT04355,P06,320,30
FACT02966,P16,353,800
FACT02966,P11,387,55
FACT02966,P04,29,3500
FACT02966,P15,554,650
FACT09344,P15,237,650
FACT09344,P12,520,70
FACT09344,P01,574,4500
FACT09344,P09,7,18
FACT00386,P03,484,8000
FACT00386,P13,572,350
FACT00386,P17,500,280
FACT00386,P01,176,4500
FACT03560,P04,570,3500
FACT03560,P02,370,350
FACT03560,P16,187,800
FACT03560,P17,137,280
FACT06797,P01,378,4500
FACT06797,P13,241,350
FACT06797,P15,248,650
FACT06797,P06,302,30
FACT04376,P09,343,18
FACT04376,P14,145,450
FACT04376,P06,402,30
FACT04376,P07,410,28
FACT08707,P05,247,45
FACT08707,P15,33,650
FACT08707,P07,332,28
FACT08707,P19,31,3800
FACT05968,P08,377,65
FACT05968,P06,354,30
FACT05968,P10,253,20
FACT05968,P17,459,280
FACT06690,P13,121,350
FACT06690,P07,182,28
FACT06690,P18,228,900
FACT06690,P02,17,350
FACT04434,P04,79,3500
FACT04434,P02,305,350
FACT04434,P09,256,18
FACT04434,P05,215,45
FACT04552,P14,342,450
FACT04552,P06,20,30
FACT04552,P12,481,70
FACT04552,P02,88,350
FACT05318,P13,391,350
FACT05318,P12,575,70
FACT05318,P05,258,45
FACT05318,P09,372,18
FACT01227,P06,209,30
FACT01227,P16,46,800
FACT01227,P08,563,65
FACT01227,P01,52,4500
FACT03583,P15,394,650
FACT03583,P12,278,70
FACT03583,P17,287,280
FACT03583,P06,170,30
FACT03205,P09,172,18
FACT03205,P13,163,350
FACT03205,P14,402,450
FACT03205,P15,8,650
FACT00318,P20,594,2900
FACT00318,P11,268,55
FACT00318,P15,133,650
FACT00318,P14,113,450
FACT05629,P08,182,65
FACT05629,P01,220,4500
FACT05629,P11,120,55
FACT05629,P06,329,30
FACT01061,P08,327,65
FACT01061,P12,105,70
FACT01061,P09,277,18
FACT01061,P19,158,3800
FACT04096,P19,437,3800
FACT04096,P05,477,45
FACT04096,P02,320,350
FACT04096,P10,26,20
FACT04635,P18,302,900
FACT04635,P10,536,20
FACT04635,P07,339,28
FACT04635,P11,147,55
FACT05973,P09,253,18
FACT05973,P20,545,2900
FACT05973,P15,502,650
FACT05973,P04,523,3500
FACT07842,P14,91,450
FACT07842,P19,504,3800
FACT07842,P12,311,70
FACT07842,P16,209,800
FACT01492,P14,403,450
FACT01492,P08,126,65
FACT01492,P10,196,20
FACT01492,P12,491,70
FACT06338,P16,443,800
FACT06338,P05,134,45
FACT06338,P12,244,70
FACT06338,P11,247,55
FACT00968,P03,354,8000
FACT00968,P05,298,45
FACT00968,P18,66,900
FACT00968,P04,531,3500
FACT00877,P18,114,900
FACT00877,P08,182,65
FACT00877,P09,449,18
FACT00877,P03,316,8000
FACT05907,P05,523,45
FACT05907,P19,72,3800
FACT05907,P12,597,70
FACT05907,P09,283,18
FACT00343,P11,485,55
FACT00343,P19,12,3800
FACT00343,P16,322,800
FACT00343,P15,60,650
FACT02758,P13,78,350
FACT02758,P12,95,70
FACT02758,P01,594,4500
FACT02758,P18,576,900
FACT09876,P20,10,2900
FACT09876,P18,314,900
FACT09876,P12,171,70
FACT09876,P16,8,800
FACT01821,P09,214,18
FACT01821,P10,49,20
FACT01821,P05,460,45
FACT01821,P16,387,800
FACT05365,P09,213,18
FACT05365,P13,90,350
FACT05365,P03,94,8000
FACT05365,P05,143,45
FACT08462,P02,326,350
FACT08462,P17,85,280
FACT08462,P15,33,650
FACT08462,P01,525,4500
FACT07820,P13,6,350
FACT07820,P06,256,30
FACT07820,P15,115,650
FACT07820,P01,225,4500
FACT06821,P02,272,350
FACT06821,P03,67,8000
FACT06821,P07,304,28
FACT06821,P19,480,3800
FACT08779,P03,278,8000
FACT08779,P04,29,3500
FACT08779,P12,74,70
FACT08779,P02,331,350
FACT00456,P13,76,350
FACT00456,P11,230,55
FACT00456,P10,166,20
FACT00456,P17,120,280
FACT08574,P18,303,900
FACT08574,P14,42,450
FACT08574,P19,18,3800
FACT08574,P03,557,8000
FACT09476,P01,509,4500
FACT09476,P14,85,450
FACT09476,P06,135,30
FACT09476,P20,238,2900
FACT08209,P08,538,65
FACT08209,P04,125,3500
FACT08209,P13,151,350
FACT08209,P19,306,3800
FACT00072,P12,334,70
FACT00072,P17,513,280
FACT00072,P08,526,65
FACT00072,P05,372,45
FACT01184,P03,448,8000
FACT01184,P17,236,280
FACT01184,P08,305,65
FACT01184,P13,478,350
FACT03479,P08,126,65
FACT03479,P19,266,3800
FACT03479,P06,39,30
FACT03479,P11,381,55
FACT04642,P02,397,350
FACT04642,P06,343,30
FACT04642,P05,263,45
FACT04642,P19,211,3800
FACT00128,P12,466,70
FACT00128,P11,369,55
FACT00128,P09,556,18
FACT00128,P20,517,2900
FACT05755,P06,40,30
FACT05755,P11,454,55
FACT05755,P20,360,2900
FACT05755,P13,90,350
FACT05880,P20,359,2900
FACT05880,P09,408,18
FACT05880,P06,319,30
FACT05880,P12,142,70
FACT09747,P19,474,3800
FACT09747,P14,509,450
FACT09747,P03,352,8000
FACT09747,P17,555,280
FACT08482,P16,305,800
FACT08482,P13,144,350
FACT08482,P08,489,65
FACT08482,P17,380,280
FACT06535,P08,391,65
FACT06535,P17,419,280
FACT06535,P06,321,30
FACT06535,P19,370,3800
FACT04443,P02,203,350
FACT04443,P20,47,2900
FACT04443,P10,304,20
FACT04443,P05,31,45
FACT02765,P17,140,280
FACT02765,P16,447,800
FACT02765,P07,155,28
FACT02765,P01,292,4500
FACT04570,P01,313,4500
FACT04570,P20,82,2900
FACT04570,P09,432,18
FACT04570,P10,504,20
FACT04553,P02,259,350
FACT04553,P03,540,8000
FACT04553,P10,589,20
FACT04553,P15,528,650
FACT01853,P01,567,4500
FACT01853,P16,502,800
FACT01853,P11,11,55
FACT01853,P03,534,8000
FACT08767,P06,355,30
FACT08767,P01,221,4500
FACT08767,P14,352,450
FACT08767,P09,270,18
FACT00958,P08,168,65
FACT00958,P09,112,18
FACT00958,P16,535,800
FACT00958,P01,267,4500
FACT07933,P08,316,65
FACT07933,P09,111,18
FACT07933,P20,540,2900
FACT07933,P19,351,3800
FACT07296,P08,23,65
FACT07296,P14,456,450
FACT07296,P16,421,800
FACT07296,P15,551,650
FACT01226,P01,382,4500
FACT01226,P11,263,55
FACT01226,P09,180,18
FACT01226,P04,117,3500
FACT01269,P11,14,55
FACT01269,P05,438,45
FACT01269,P08,281,65
FACT01269,P10,248,20
FACT09312,P09,532,18
FACT09312,P12,370,70
FACT09312,P11,281,55
FACT09312,P07,323,28
FACT08348,P16,526,800
FACT08348,P17,242,280
FACT08348,P08,395,65
FACT08348,P03,32,8000
FACT03657,P03,404,8000
FACT03657,P07,65,28
FACT03657,P11,436,55
FACT03657,P19,137,3800
FACT01684,P08,510,65
FACT01684,P10,163,20
FACT01684,P04,468,3500
FACT01684,P07,241,28
FACT01336,P13,74,350
FACT01336,P14,424,450
FACT01336,P20,522,2900
FACT01336,P09,131,18
FACT00939,P02,61,350
FACT00939,P07,53,28
FACT00939,P03,499,8000
FACT00939,P05,509,45
FACT01471,P17,142,280
FACT01471,P19,24,3800
FACT01471,P14,528,450
FACT01471,P20,515,2900
FACT06210,P14,141,450
FACT06210,P04,579,3500
FACT06210,P08,400,65
FACT06210,P19,380,3800
FACT09436,P11,525,55
FACT09436,P15,422,650
FACT09436,P04,239,3500
FACT09436,P13,344,350
FACT09662,P02,474,350
FACT09662,P10,61,20
FACT09662,P09,245,18
FACT09662,P07,476,28
FACT07188,P15,374,650
FACT07188,P11,548,55
FACT07188,P04,502,3500
FACT07188,P01,56,4500
FACT08740,P17,488,280
FACT08740,P12,265,70
FACT08740,P06,544,30
FACT08740,P04,365,3500
FACT03288,P03,204,8000
FACT03288,P02,580,350
FACT03288,P08,592,65
FACT03288,P06,521,30
FACT08216,P08,421,65
FACT08216,P01,260,4500
FACT08216,P15,377,650
FACT08216,P05,518,45
FACT05371,P16,356,800
FACT05371,P04,17,3500
FACT05371,P18,578,900
FACT05371,P08,496,65
FACT04646,P09,90,18
FACT04646,P03,126,8000
FACT04646,P13,270,350
FACT04646,P19,120,3800
FACT08163,P13,342,350
FACT08163,P03,344,8000
FACT08163,P01,190,4500
FACT08163,P05,113,45
FACT06956,P16,600,800
FACT06956,P17,379,280
FACT06956,P05,314,45
FACT06956,P06,43,30
FACT08591,P13,58,350
FACT08591,P02,181,350
FACT08591,P20,224,2900
FACT08591,P10,486,20
FACT06559,P17,54,280
FACT06559,P10,400,20
FACT06559,P20,507,2900
FACT06559,P11,385,55
FACT03477,P02,320,350
FACT03477,P01,105,4500
FACT03477,P10,158,20
FACT03477,P08,414,65
FACT09610,P16,157,800
FACT09610,P06,261,30
FACT09610,P05,419,45
FACT09610,P01,91,4500
FACT09864,P06,268,30
FACT09864,P02,305,350
FACT09864,P18,185,900
FACT09864,P19,157,3800
FACT07900,P18,38,900
FACT07900,P10,250,20
FACT07900,P02,314,350
FACT07900,P14,352,450
FACT01192,P12,117,70
FACT01192,P02,483,350
FACT01192,P07,251,28
FACT01192,P09,249,18
FACT09236,P20,188,2900
FACT09236,P04,466,3500
FACT09236,P02,563,350
FACT09236,P18,481,900
FACT02499,P16,111,800
FACT02499,P01,9,4500
FACT02499,P10,381,20
FACT02499,P05,131,45
FACT04676,P07,348,28
FACT04676,P16,399,800
FACT04676,P04,508,3500
FACT04676,P13,30,350
FACT02984,P11,62,55
FACT02984,P16,250,800
FACT02984,P04,453,3500
FACT02984,P14,479,450
FACT03726,P07,579,28
FACT03726,P14,85,450
FACT03726,P16,306,800
FACT03726,P02,212,350
FACT05270,P10,280,20
FACT05270,P19,553,3800
FACT05270,P13,491,350
FACT05270,P17,549,280
FACT03903,P06,11,30
FACT03903,P16,207,800
FACT03903,P20,51,2900
FACT03903,P11,142,55
FACT07396,P13,540,350
FACT07396,P18,528,900
FACT07396,P11,212,55
FACT07396,P02,346,350
FACT01766,P13,253,350
FACT01766,P20,591,2900
FACT01766,P15,314,650
FACT01766,P17,449,280
FACT08861,P12,143,70
FACT08861,P04,58,3500
FACT08861,P03,524,8000
FACT08861,P01,302,4500
FACT03822,P04,147,3500
FACT03822,P17,503,280
FACT03822,P03,414,8000
FACT03822,P19,190,3800
FACT05935,P18,161,900
FACT05935,P15,173,650
FACT05935,P08,256,65
FACT05935,P06,271,30
FACT05961,P08,399,65
FACT05961,P11,447,55
FACT05961,P05,577,45
FACT05961,P01,507,4500
FACT03162,P01,176,4500
FACT03162,P09,230,18
FACT03162,P06,20,30
FACT03162,P17,292,280
FACT06566,P06,238,30
FACT06566,P15,312,650
FACT06566,P13,491,350
FACT06566,P07,523,28
FACT06348,P10,434,20
FACT06348,P03,483,8000
FACT06348,P07,164,28
FACT06348,P16,518,800
FACT04631,P03,157,8000
FACT04631,P16,61,800
FACT04631,P09,428,18
FACT04631,P11,448,55
FACT04838,P13,517,350
FACT04838,P10,599,20
FACT04838,P09,104,18
FACT04838,P07,273,28
FACT05830,P10,529,20
FACT05830,P17,302,280
FACT05830,P13,537,350
FACT05830,P06,30,30
FACT08996,P06,301,30
FACT08996,P16,536,800
FACT08996,P18,160,900
FACT08996,P04,201,3500
FACT07711,P16,113,800
FACT07711,P14,587,450
FACT07711,P05,517,45
FACT07711,P07,325,28
FACT06807,P10,573,20
FACT06807,P11,523,55
FACT06807,P01,594,4500
FACT06807,P02,462,350
FACT09609,P06,546,30
FACT09609,P12,539,70
FACT09609,P13,292,350
FACT09609,P09,97,18
FACT00464,P06,217,30
FACT00464,P17,484,280
FACT00464,P16,196,800
FACT00464,P18,594,900
FACT09319,P19,116,3800
FACT09319,P04,328,3500
FACT09319,P15,46,650
FACT09319,P05,223,45
FACT04133,P03,499,8000
FACT04133,P01,70,4500
FACT04133,P05,540,45
FACT04133,P07,168,28
FACT05519,P13,322,350
FACT05519,P09,297,18
FACT05519,P19,165,3800
FACT05519,P02,125,350
FACT00211,P17,373,280
FACT00211,P14,8,450
FACT00211,P11,241,55
FACT00211,P08,300,65
FACT08755,P04,542,3500
FACT08755,P12,40,70
FACT08755,P03,525,8000
FACT08755,P09,258,18
FACT09144,P07,198,28
FACT09144,P14,199,450
FACT09144,P13,31,350
FACT09144,P17,146,280
FACT02991,P18,396,900
FACT02991,P17,448,280
FACT02991,P13,415,350
FACT02991,P06,67,30
FACT03412,P16,484,800
FACT03412,P04,50,3500
FACT03412,P20,124,2900
FACT03412,P02,339,350
FACT02863,P14,120,450
FACT02863,P13,489,350
FACT02863,P04,253,3500
FACT02863,P15,474,650
FACT01819,P14,518,450
FACT01819,P15,138,650
FACT01819,P02,25,350
FACT01819,P09,540,18
FACT00567,P18,522,900
FACT00567,P06,569,30
FACT00567,P10,244,20
FACT00567,P05,156,45
FACT01952,P05,411,45
FACT01952,P15,105,650
FACT01952,P17,483,280
FACT01952,P04,244,3500
FACT09704,P12,66,70
FACT09704,P16,241,800
FACT09704,P17,345,280
FACT09704,P14,78,450
FACT03942,P04,567,3500
FACT03942,P13,537,350
FACT03942,P10,577,20
FACT03942,P12,6,70
FACT08018,P09,173,18
FACT08018,P03,86,8000
FACT08018,P06,222,30
FACT08018,P07,395,28
FACT04507,P07,412,28
FACT04507,P04,341,3500
FACT04507,P15,384,650
FACT04507,P09,81,18
FACT04673,P19,315,3800
FACT04673,P07,101,28
FACT04673,P16,441,800
FACT04673,P05,477,45
FACT02782,P09,95,18
FACT02782,P14,432,450
FACT02782,P02,27,350
FACT02782,P12,591,70
FACT07343,P08,540,65
FACT07343,P01,163,4500
FACT07343,P03,139,8000
FACT07343,P15,10,650
FACT01934,P12,504,70
FACT01934,P02,386,350
FACT01934,P07,100,28
FACT01934,P06,310,30
FACT09985,P01,232,4500
FACT09985,P06,486,30
FACT09985,P20,84,2900
FACT09985,P03,479,8000
FACT00623,P09,489,18
FACT00623,P06,409,30
FACT00623,P04,571,3500
FACT00623,P17,478,280
FACT05076,P03,592,8000
FACT05076,P07,182,28
FACT05076,P08,340,65
FACT05076,P16,342,800
FACT04985,P18,192,900
FACT04985,P02,369,350
FACT04985,P06,525,30
FACT04985,P20,364,2900
FACT06608,P10,140,20
FACT06608,P09,356,18
FACT06608,P05,198,45
FACT06608,P03,428,8000
FACT06024,P02,367,350
FACT06024,P06,546,30
FACT06024,P18,114,900
FACT06024,P12,439,70
FACT05618,P05,540,45
FACT05618,P15,546,650
FACT05618,P02,393,350
FACT05618,P13,190,350
FACT09947,P05,189,45
FACT09947,P09,106,18
FACT09947,P17,203,280
FACT09947,P06,313,30
FACT05570,P07,137,28
FACT05570,P11,161,55
FACT05570,P12,11,70
FACT05570,P20,182,2900
FACT08757,P14,438,450
FACT08757,P19,36,3800
FACT08757,P03,476,8000
FACT08757,P01,560,4500
FACT08308,P05,530,45
FACT08308,P10,365,20
FACT08308,P02,315,350
FACT08308,P14,161,450
FACT04349,P16,501,800
FACT04349,P02,314,350
FACT04349,P01,194,4500
FACT04349,P07,74,28
FACT03540,P04,473,3500
FACT03540,P08,346,65
FACT03540,P15,538,650
FACT03540,P11,366,55
FACT07370,P03,233,8000
FACT07370,P09,339,18
FACT07370,P20,82,2900
FACT07370,P08,39,65
FACT06846,P06,65,30
FACT06846,P15,477,650
FACT06846,P01,340,4500
FACT06846,P07,441,28
FACT03921,P09,82,18
FACT03921,P08,389,65
FACT03921,P15,302,650
FACT03921,P05,546,45
FACT00789,P20,442,2900
FACT00789,P03,207,8000
FACT00789,P07,441,28
FACT00789,P19,245,3800
FACT02191,P16,280,800
FACT02191,P02,213,350
FACT02191,P03,269,8000
FACT02191,P10,237,20
FACT00035,P11,85,55
FACT00035,P17,291,280
FACT00035,P01,322,4500
FACT00035,P12,339,70
FACT04538,P11,479,55
FACT04538,P07,478,28
FACT04538,P19,52,3800
FACT04538,P01,322,4500
FACT08402,P11,6,55
FACT08402,P03,216,8000
FACT08402,P15,201,650
FACT08402,P09,218,18
FACT05038,P16,14,800
FACT05038,P20,183,2900
FACT05038,P19,186,3800
FACT05038,P04,123,3500
FACT01211,P19,483,3800
FACT01211,P18,528,900
FACT01211,P04,345,3500
FACT01211,P17,157,280
FACT03434,P18,371,900
FACT03434,P03,162,8000
FACT03434,P11,579,55
FACT03434,P14,560,450
FACT06353,P20,370,2900
FACT06353,P13,149,350
FACT06353,P19,271,3800
FACT06353,P14,596,450
FACT07925,P18,220,900
FACT07925,P08,499,65
FACT07925,P01,364,4500
FACT07925,P07,315,28
FACT03512,P20,158,2900
FACT03512,P02,15,350
FACT03512,P18,393,900
FACT03512,P11,451,55
FACT06461,P02,307,350
FACT06461,P04,124,3500
FACT06461,P19,390,3800
FACT06461,P06,457,30
FACT00615,P18,423,900
FACT00615,P13,334,350
FACT00615,P06,86,30
FACT00615,P01,110,4500
FACT03045,P17,42,280
FACT03045,P13,250,350
FACT03045,P16,220,800
FACT03045,P05,6,45
FACT08853,P05,387,45
FACT08853,P07,259,28
FACT08853,P02,132,350
FACT08853,P17,443,280
FACT08037,P15,436,650
FACT08037,P05,548,45
FACT08037,P14,387,450
FACT08037,P13,100,350
FACT00352,P03,590,8000
FACT00352,P12,98,70
FACT00352,P17,24,280
FACT00352,P09,546,18
FACT06565,P17,264,280
FACT06565,P02,190,350
FACT06565,P18,120,900
FACT06565,P03,466,8000
FACT06908,P20,416,2900
FACT06908,P02,580,350
FACT06908,P14,346,450
FACT06908,P18,74,900
FACT05714,P03,136,8000
FACT05714,P10,500,20
FACT05714,P05,303,45
FACT05714,P20,502,2900
FACT01910,P06,139,30
FACT01910,P03,125,8000
FACT01910,P05,99,45
FACT01910,P15,358,650
FACT03708,P06,391,30
FACT03708,P18,511,900
FACT03708,P01,114,4500
FACT03708,P14,486,450
FACT04179,P18,341,900
FACT04179,P14,288,450
FACT04179,P16,93,800
FACT04179,P09,596,18
FACT01445,P14,465,450
FACT01445,P15,271,650
FACT01445,P16,316,800
FACT01445,P01,76,4500
FACT09035,P10,379,20
FACT09035,P14,8,450
FACT09035,P04,171,3500
FACT09035,P17,206,280
FACT08374,P06,379,30
FACT08374,P12,564,70
FACT08374,P01,55,4500
FACT08374,P08,112,65
FACT01150,P11,593,55
FACT01150,P20,533,2900
FACT01150,P10,248,20
FACT01150,P01,70,4500
FACT00934,P18,465,900
FACT00934,P13,570,350
FACT00934,P09,177,18
FACT00934,P14,509,450
FACT04524,P13,96,350
FACT04524,P12,204,70
FACT04524,P20,278,2900
FACT04524,P01,277,4500
FACT03567,P08,578,65
FACT03567,P14,424,450
FACT03567,P02,378,350
FACT03567,P03,149,8000
FACT00799,P11,595,55
FACT00799,P05,402,45
FACT00799,P12,545,70
FACT00799,P15,408,650
FACT07193,P01,594,4500
FACT07193,P10,415,20
FACT07193,P11,289,55
FACT07193,P16,599,800
FACT00611,P12,438,70
FACT00611,P08,71,65
FACT00611,P07,167,28
FACT00611,P15,597,650
FACT04188,P09,382,18
FACT04188,P08,68,65
FACT04188,P18,114,900
FACT04188,P12,525,70
FACT00945,P02,42,350
FACT00945,P18,491,900
FACT00945,P17,27,280
FACT00945,P05,28,45
FACT09354,P13,498,350
FACT09354,P03,210,8000
FACT09354,P08,174,65
FACT09354,P05,211,45
FACT00032,P16,44,800
FACT00032,P02,301,350
FACT00032,P05,444,45
FACT00032,P17,154,280
FACT07886,P06,354,30
FACT07886,P02,564,350
FACT07886,P15,589,650
FACT07886,P20,339,2900
FACT05308,P09,189,18
FACT05308,P17,251,280
FACT05308,P01,258,4500
FACT05308,P05,126,45
FACT08608,P06,196,30
FACT08608,P20,27,2900
FACT08608,P02,522,350
FACT08608,P09,410,18
FACT08588,P13,32,350
FACT08588,P07,463,28
FACT08588,P03,18,8000
FACT08588,P20,169,2900
FACT01837,P19,540,3800
FACT01837,P13,366,350
FACT01837,P04,442,3500
FACT01837,P16,40,800
FACT08826,P18,314,900
FACT08826,P16,138,800
FACT08826,P02,571,350
FACT08826,P06,525,30
FACT03579,P15,508,650
FACT03579,P02,317,350
FACT03579,P05,547,45
FACT03579,P09,347,18
FACT09190,P12,119,70
FACT09190,P10,428,20
FACT09190,P03,476,8000
FACT09190,P01,293,4500
FACT03553,P16,298,800
FACT03553,P15,383,650
FACT03553,P11,91,55
FACT03553,P12,524,70
FACT08238,P12,583,70
FACT08238,P15,422,650
FACT08238,P19,271,3800
FACT08238,P06,455,30
FACT06056,P02,89,350
FACT06056,P07,169,28
FACT06056,P16,253,800
FACT06056,P19,429,3800
FACT02484,P17,296,280
FACT02484,P08,361,65
FACT02484,P12,122,70
FACT02484,P11,522,55
FACT06888,P11,381,55
FACT06888,P01,110,4500
FACT06888,P19,170,3800
FACT06888,P17,96,280
FACT07614,P06,79,30
FACT07614,P17,8,280
FACT07614,P07,424,28
FACT07614,P20,549,2900
FACT01949,P16,25,800
FACT01949,P17,490,280
FACT01949,P01,376,4500
FACT01949,P13,22,350
FACT05385,P12,573,70
FACT05385,P07,578,28
FACT05385,P16,34,800
FACT05385,P09,423,18
FACT06510,P20,34,2900
FACT06510,P13,415,350
FACT06510,P10,233,20
FACT06510,P03,555,8000
FACT01363,P19,151,3800
FACT01363,P04,512,3500
FACT01363,P20,237,2900
FACT01363,P18,536,900
FACT04582,P08,146,65
FACT04582,P13,191,350
FACT04582,P09,487,18
FACT04582,P16,69,800
FACT01968,P14,420,450
FACT01968,P20,205,2900
FACT01968,P15,493,650
FACT01968,P08,396,65
FACT05150,P05,121,45
FACT05150,P01,539,4500
FACT05150,P08,380,65
FACT05150,P19,532,3800
FACT05317,P08,135,65
FACT05317,P13,318,350
FACT05317,P17,598,280
FACT05317,P11,262,55
FACT09869,P14,524,450
FACT09869,P06,131,30
FACT09869,P10,327,20
FACT09869,P04,147,3500
FACT08194,P13,257,350
FACT08194,P20,226,2900
FACT08194,P04,402,3500
FACT08194,P19,364,3800
FACT07403,P10,61,20
FACT07403,P02,521,350
FACT07403,P09,46,18
FACT07403,P18,145,900
FACT03939,P17,401,280
FACT03939,P03,63,8000
FACT03939,P06,18,30
FACT03939,P15,90,650
FACT05361,P04,147,3500
FACT05361,P11,364,55
FACT05361,P08,448,65
FACT05361,P09,145,18
FACT06549,P03,534,8000
FACT06549,P16,108,800
FACT06549,P01,19,4500
FACT06549,P09,575,18
FACT08596,P11,596,55
FACT08596,P08,551,65
FACT08596,P18,111,900
FACT08596,P09,34,18
FACT03213,P09,475,18
FACT03213,P20,505,2900
FACT03213,P15,119,650
FACT03213,P17,163,280
FACT02183,P02,286,350
FACT02183,P06,83,30
FACT02183,P05,576,45
FACT02183,P11,297,55
FACT02315,P05,302,45
FACT02315,P18,199,900
FACT02315,P01,264,4500
FACT02315,P04,81,3500
FACT06188,P10,184,20
FACT06188,P15,392,650
FACT06188,P16,548,800
FACT06188,P02,168,350
FACT03600,P06,113,30
FACT03600,P19,289,3800
FACT03600,P17,558,280
FACT03600,P03,457,8000
FACT09548,P01,260,4500
FACT09548,P06,85,30
FACT09548,P14,587,450
FACT09548,P09,24,18
FACT04379,P13,101,350
FACT04379,P07,222,28
FACT04379,P16,339,800
FACT04379,P03,388,8000
FACT01959,P09,534,18
FACT01959,P07,453,28
FACT01959,P04,422,3500
FACT01959,P02,519,350
FACT02155,P14,598,450
FACT02155,P08,139,65
FACT02155,P10,159,20
FACT02155,P05,391,45
FACT04741,P02,211,350
FACT04741,P10,428,20
FACT04741,P17,523,280
FACT04741,P06,229,30
FACT07183,P20,449,2900
FACT07183,P06,343,30
FACT07183,P02,187,350
FACT07183,P08,446,65
FACT04435,P02,429,350
FACT04435,P15,216,650
FACT04435,P01,441,4500
FACT04435,P11,379,55
FACT06315,P02,302,350
FACT06315,P12,442,70
FACT06315,P08,589,65
FACT06315,P03,400,8000
FACT07044,P05,431,45
FACT07044,P17,359,280
FACT07044,P20,471,2900
FACT07044,P06,433,30
FACT03969,P19,157,3800
FACT03969,P01,467,4500
FACT03969,P03,479,8000
FACT03969,P07,359,28
FACT00142,P11,308,55
FACT00142,P14,544,450
FACT00142,P03,345,8000
FACT00142,P20,329,2900
FACT00603,P10,184,20
FACT00603,P04,38,3500
FACT00603,P03,325,8000
FACT00603,P12,249,70
FACT08850,P17,202,280
FACT08850,P06,378,30
FACT08850,P16,423,800
FACT08850,P18,136,900
FACT05522,P11,241,55
FACT05522,P15,151,650
FACT05522,P03,489,8000
FACT05522,P05,8,45
FACT05412,P14,30,450
FACT05412,P20,375,2900
FACT05412,P07,308,28
FACT05412,P16,446,800
FACT00347,P20,113,2900
FACT00347,P13,547,350
FACT00347,P01,102,4500
FACT00347,P05,357,45
FACT09992,P12,454,70
FACT09992,P20,493,2900
FACT09992,P18,398,900
FACT09992,P13,210,350
FACT04818,P20,504,2900
FACT04818,P19,378,3800
FACT04818,P03,564,8000
FACT04818,P13,203,350
FACT09552,P10,166,20
FACT09552,P11,222,55
FACT09552,P14,502,450
FACT09552,P20,565,2900
FACT07055,P12,421,70
FACT07055,P02,79,350
FACT07055,P01,57,4500
FACT07055,P06,48,30
FACT06349,P05,292,45
FACT06349,P12,137,70
FACT06349,P09,9,18
FACT06349,P10,112,20
FACT09512,P09,544,18
FACT09512,P18,482,900
FACT09512,P11,378,55
FACT09512,P19,586,3800
FACT01836,P06,383,30
FACT01836,P14,368,450
FACT01836,P01,272,4500
FACT01836,P13,15,350
FACT01486,P08,323,65
FACT01486,P12,282,70
FACT01486,P06,600,30
FACT01486,P07,487,28
FACT08394,P05,20,45
FACT08394,P10,24,20
FACT08394,P12,503,70
FACT08394,P20,97,2900
FACT09920,P13,599,350
FACT09920,P14,598,450
FACT09920,P12,101,70
FACT09920,P04,49,3500
FACT02986,P17,243,280
FACT02986,P07,342,28
FACT02986,P08,231,65
FACT02986,P12,375,70
FACT07992,P12,172,70
FACT07992,P16,248,800
FACT07992,P10,551,20
FACT07992,P08,382,65
FACT09600,P13,360,350
FACT09600,P18,251,900
FACT09600,P17,570,280
FACT09600,P02,586,350
FACT07332,P01,417,4500
FACT07332,P02,504,350
FACT07332,P14,283,450
FACT07332,P03,160,8000
FACT03590,P06,112,30
FACT03590,P17,75,280
FACT03590,P15,222,650
FACT03590,P05,178,45
FACT02925,P13,129,350
FACT02925,P01,411,4500
FACT02925,P04,215,3500
FACT02925,P16,349,800
FACT07766,P15,149,650
FACT07766,P18,110,900
FACT07766,P20,164,2900
FACT07766,P11,274,55
FACT04121,P08,114,65
FACT04121,P12,145,70
FACT04121,P11,332,55
FACT04121,P02,63,350
FACT03016,P13,17,350
FACT03016,P11,488,55
FACT03016,P20,147,2900
FACT03016,P10,69,20
FACT06028,P08,479,65
FACT06028,P11,243,55
FACT06028,P14,195,450
FACT06028,P04,52,3500
FACT09399,P10,428,20
FACT09399,P13,584,350
FACT09399,P19,233,3800
FACT09399,P18,382,900
FACT08300,P18,430,900
FACT08300,P20,488,2900
FACT08300,P06,574,30
FACT08300,P02,342,350
FACT02616,P06,459,30
FACT02616,P03,463,8000
FACT02616,P17,466,280
FACT02616,P09,481,18
FACT07572,P03,372,8000
FACT07572,P07,446,28
FACT07572,P14,85,450
FACT07572,P18,196,900
FACT04310,P09,347,18
FACT04310,P13,159,350
FACT04310,P12,248,70
FACT04310,P15,88,650
FACT07321,P07,324,28
FACT07321,P12,494,70
FACT07321,P19,57,3800
FACT07321,P02,549,350
FACT04677,P19,389,3800
FACT04677,P09,444,18
FACT04677,P10,473,20
FACT04677,P01,386,4500
FACT06448,P08,318,65
FACT06448,P16,123,800
FACT06448,P07,400,28
FACT06448,P09,377,18
FACT01420,P18,107,900
FACT01420,P17,401,280
FACT01420,P20,505,2900
FACT01420,P14,42,450
FACT03362,P06,153,30
FACT03362,P10,539,20
FACT03362,P11,238,55
FACT03362,P08,407,65
FACT02635,P02,493,350
FACT02635,P15,340,650
FACT02635,P16,567,800
FACT02635,P20,174,2900
FACT04919,P05,271,45
FACT04919,P18,168,900
FACT04919,P06,167,30
FACT04919,P04,63,3500
FACT08101,P17,99,280
FACT08101,P05,209,45
FACT08101,P15,130,650
FACT08101,P10,27,20
FACT09060,P09,57,18
FACT09060,P03,327,8000
FACT09060,P18,521,900
FACT09060,P11,583,55
FACT09556,P14,210,450
FACT09556,P11,380,55
FACT09556,P10,527,20
FACT09556,P02,185,350
FACT06706,P10,31,20
FACT06706,P04,110,3500
FACT06706,P03,505,8000
FACT06706,P08,160,65
FACT08199,P06,145,30
FACT08199,P19,91,3800
FACT08199,P12,332,70
FACT08199,P09,331,18
FACT00554,P14,192,450
FACT00554,P18,562,900
FACT00554,P05,318,45
FACT00554,P17,78,280
FACT09246,P05,255,45
FACT09246,P16,385,800
FACT09246,P20,91,2900
FACT09246,P04,95,3500
FACT02859,P05,576,45
FACT02859,P07,438,28
FACT02859,P03,282,8000
FACT02859,P19,48,3800
FACT03114,P12,32,70
FACT03114,P04,94,3500
FACT03114,P03,375,8000
FACT03114,P17,227,280
FACT07384,P02,544,350
FACT07384,P18,308,900
FACT07384,P09,404,18
FACT07384,P14,231,450
FACT07297,P14,548,450
FACT07297,P12,269,70
FACT07297,P03,216,8000
FACT07297,P01,163,4500
FACT02606,P02,17,350
FACT02606,P18,292,900
FACT02606,P15,474,650
FACT02606,P06,157,30
FACT07441,P10,225,20
FACT07441,P09,85,18
FACT07441,P16,394,800
FACT07441,P05,351,45
FACT05955,P09,442,18
FACT05955,P07,89,28
FACT05955,P13,413,350
FACT05955,P20,13,2900
FACT09380,P16,586,800
FACT09380,P12,398,70
FACT09380,P09,191,18
FACT09380,P07,460,28
FACT02982,P13,68,350
FACT02982,P01,585,4500
FACT02982,P15,566,650
FACT02982,P10,448,20
FACT01784,P12,422,70
FACT01784,P19,467,3800
FACT01784,P09,575,18
FACT01784,P18,523,900
FACT03636,P18,19,900
FACT03636,P11,365,55
FACT03636,P01,250,4500
FACT03636,P04,99,3500
FACT04299,P17,215,280
FACT04299,P03,87,8000
FACT04299,P12,461,70
FACT04299,P01,551,4500
FACT03992,P06,119,30
FACT03992,P20,225,2900
FACT03992,P09,508,18
FACT03992,P16,122,800
FACT01774,P09,575,18
FACT01774,P08,94,65
FACT01774,P02,142,350
FACT01774,P16,117,800
FACT06939,P19,359,3800
FACT06939,P15,346,650
FACT06939,P07,108,28
FACT06939,P18,6,900
FACT09834,P06,365,30
FACT09834,P19,54,3800
FACT09834,P02,340,350
FACT09834,P08,318,65
FACT04686,P12,574,70
FACT04686,P05,54,45
FACT04686,P20,268,2900
FACT04686,P19,258,3800
FACT09463,P18,160,900
FACT09463,P12,212,70
FACT09463,P13,110,350
FACT09463,P14,550,450
FACT07400,P07,9,28
FACT07400,P06,350,30
FACT07400,P09,253,18
FACT07400,P17,174,280
FACT05157,P06,545,30
FACT05157,P02,382,350
FACT05157,P03,151,8000
FACT05157,P05,163,45
FACT04201,P20,356,2900
FACT04201,P07,451,28
FACT04201,P11,221,55
FACT04201,P10,38,20
FACT02000,P05,451,45
FACT02000,P16,500,800
FACT02000,P10,63,20
FACT02000,P03,496,8000
FACT07912,P07,495,28
FACT07912,P14,347,450
FACT07912,P13,84,350
FACT07912,P04,200,3500
FACT02052,P13,115,350
FACT02052,P09,260,18
FACT02052,P01,258,4500
FACT02052,P15,530,650
FACT06265,P04,419,3500
FACT06265,P09,527,18
FACT06265,P05,52,45
FACT06265,P16,8,800
FACT08368,P04,403,3500
FACT08368,P10,230,20
FACT08368,P03,445,8000
FACT08368,P13,136,350
FACT04697,P07,296,28
FACT04697,P01,508,4500
FACT04697,P15,327,650
FACT04697,P18,559,900
FACT09340,P09,114,18
FACT09340,P04,540,3500
FACT09340,P01,230,4500
FACT09340,P08,80,65
FACT05728,P08,212,65
FACT05728,P13,219,350
FACT05728,P10,262,20
FACT05728,P16,486,800
FACT06254,P10,331,20
FACT06254,P12,348,70
FACT06254,P14,444,450
FACT06254,P04,37,3500
FACT06361,P05,430,45
FACT06361,P16,266,800
FACT06361,P17,502,280
FACT06361,P01,553,4500
FACT07446,P10,531,20
FACT07446,P01,378,4500
FACT07446,P03,497,8000
FACT07446,P18,142,900
FACT01868,P08,267,65
FACT01868,P04,544,3500
FACT01868,P05,161,45
FACT01868,P17,392,280
FACT04316,P13,139,350
FACT04316,P08,499,65
FACT04316,P05,262,45
FACT04316,P11,437,55
FACT09235,P13,257,350
FACT09235,P05,237,45
FACT09235,P18,58,900
FACT09235,P12,181,70
FACT01654,P14,523,450
FACT01654,P19,481,3800
FACT01654,P11,273,55
FACT01654,P10,415,20
FACT07232,P16,537,800
FACT07232,P03,533,8000
FACT07232,P11,78,55
FACT07232,P10,156,20
FACT00994,P09,92,18
FACT00994,P12,59,70
FACT00994,P17,367,280
FACT00994,P13,165,350
FACT05832,P19,226,3800
FACT05832,P03,184,8000
FACT05832,P04,170,3500
FACT05832,P16,217,800
FACT05468,P06,583,30
FACT05468,P05,81,45
FACT05468,P11,282,55
FACT05468,P14,10,450
FACT01433,P06,324,30
FACT01433,P15,233,650
FACT01433,P07,385,28
FACT01433,P01,354,4500
FACT07463,P12,525,70
FACT07463,P08,489,65
FACT07463,P06,316,30
FACT07463,P01,130,4500
FACT06358,P08,151,65
FACT06358,P01,71,4500
FACT06358,P02,81,350
FACT06358,P12,196,70
FACT06800,P17,590,280
FACT06800,P01,314,4500
FACT06800,P09,356,18
FACT06800,P03,301,8000
FACT04190,P14,144,450
FACT04190,P10,143,20
FACT04190,P04,466,3500
FACT04190,P20,207,2900
FACT03973,P05,241,45
FACT03973,P07,459,28
FACT03973,P11,530,55
FACT03973,P14,512,450
FACT08159,P19,389,3800
FACT08159,P08,526,65
FACT08159,P04,89,3500
FACT08159,P15,133,650
FACT07078,P15,249,650
FACT07078,P09,426,18
FACT07078,P04,425,3500
FACT07078,P13,495,350
FACT05806,P14,322,450
FACT05806,P09,433,18
FACT05806,P02,506,350
FACT05806,P10,126,20
FACT03944,P05,499,45
FACT03944,P06,75,30
FACT03944,P20,540,2900
FACT03944,P09,70,18
FACT04338,P18,508,900
FACT04338,P05,573,45
FACT04338,P10,368,20
FACT04338,P11,296,55
FACT00628,P03,98,8000
FACT00628,P10,490,20
FACT00628,P12,183,70
FACT00628,P18,541,900
FACT05364,P04,403,3500
FACT05364,P20,216,2900
FACT05364,P03,385,8000
FACT05364,P19,97,3800
FACT03456,P19,31,3800
FACT03456,P04,314,3500
FACT03456,P03,250,8000
FACT03456,P13,433,350
FACT04254,P13,240,350
FACT04254,P01,43,4500
FACT04254,P10,487,20
FACT04254,P09,108,18
FACT08197,P15,32,650
FACT08197,P09,129,18
FACT08197,P01,143,4500
FACT08197,P12,453,70
FACT09650,P20,561,2900
FACT09650,P10,36,20
FACT09650,P13,272,350
FACT09650,P17,144,280
FACT06511,P13,80,350
FACT06511,P08,343,65
FACT06511,P02,470,350
FACT06511,P01,63,4500
FACT06757,P11,51,55
FACT06757,P09,496,18
FACT06757,P19,100,3800
FACT06757,P04,188,3500
FACT06954,P01,578,4500
FACT06954,P17,413,280
FACT06954,P16,189,800
FACT06954,P08,383,65
FACT01845,P16,511,800
FACT01845,P15,93,650
FACT01845,P08,204,65
FACT01845,P06,19,30
FACT02124,P02,15,350
FACT02124,P04,389,3500
FACT02124,P18,66,900
FACT02124,P20,196,2900
FACT09191,P09,248,18
FACT09191,P08,249,65
FACT09191,P16,175,800
FACT09191,P17,564,280
FACT03266,P08,502,65
FACT03266,P15,214,650
FACT03266,P05,403,45
FACT03266,P17,276,280
FACT02650,P17,444,280
FACT02650,P05,362,45
FACT02650,P07,179,28
FACT02650,P04,441,3500
FACT07405,P06,302,30
FACT07405,P12,166,70
FACT07405,P05,495,45
FACT07405,P15,387,650
FACT00749,P17,253,280
FACT00749,P13,109,350
FACT00749,P10,184,20
FACT00749,P12,207,70
FACT00537,P03,9,8000
FACT00537,P16,142,800
FACT00537,P17,260,280
FACT00537,P04,230,3500
FACT03853,P09,540,18
FACT03853,P01,179,4500
FACT03853,P15,210,650
FACT03853,P19,314,3800
FACT01768,P15,255,650
FACT01768,P03,547,8000
FACT01768,P06,286,30
FACT01768,P10,29,20
FACT02062,P16,140,800
FACT02062,P05,29,45
FACT02062,P14,427,450
FACT02062,P17,64,280
FACT04626,P06,549,30
FACT04626,P16,30,800
FACT04626,P07,11,28
FACT04626,P04,427,3500
FACT06928,P06,371,30
FACT06928,P08,592,65
FACT06928,P02,108,350
FACT06928,P09,15,18
FACT02949,P15,194,650
FACT02949,P06,47,30
FACT02949,P17,251,280
FACT02949,P11,114,55
FACT07191,P17,32,280
FACT07191,P09,409,18
FACT07191,P02,34,350
FACT07191,P10,303,20
FACT04444,P11,385,55
FACT04444,P17,283,280
FACT04444,P16,32,800
FACT04444,P13,324,350
FACT03893,P06,370,30
FACT03893,P15,596,650
FACT03893,P04,520,3500
FACT03893,P07,90,28
FACT06639,P13,372,350
FACT06639,P19,556,3800
FACT06639,P11,29,55
FACT06639,P07,532,28
FACT04789,P02,329,350
FACT04789,P09,540,18
FACT04789,P19,570,3800
FACT04789,P11,129,55
FACT06037,P07,361,28
FACT06037,P03,160,8000
FACT06037,P11,502,55
FACT06037,P13,150,350
FACT03485,P20,68,2900
FACT03485,P17,60,280
FACT03485,P18,579,900
FACT03485,P14,75,450
FACT08474,P07,477,28
FACT08474,P14,148,450
FACT08474,P10,259,20
FACT08474,P01,192,4500
FACT06950,P06,236,30
FACT06950,P17,218,280
FACT06950,P18,386,900
FACT06950,P09,245,18
FACT07740,P17,254,280
FACT07740,P02,239,350
FACT07740,P03,122,8000
FACT07740,P09,63,18
FACT01062,P11,363,55
FACT01062,P13,98,350
FACT01062,P20,102,2900
FACT01062,P12,296,70
FACT04668,P14,285,450
FACT04668,P02,523,350
FACT04668,P05,526,45
FACT04668,P15,406,650
FACT03656,P09,578,18
FACT03656,P20,343,2900
FACT03656,P01,103,4500
FACT03656,P07,365,28
FACT06034,P09,120,18
FACT06034,P01,90,4500
FACT06034,P16,226,800
FACT06034,P11,506,55
FACT04343,P09,379,18
FACT04343,P10,392,20
FACT04343,P11,346,55
FACT04343,P15,37,650
FACT08545,P16,43,800
FACT08545,P04,117,3500
FACT08545,P20,37,2900
FACT08545,P07,21,28
FACT02144,P10,497,20
FACT02144,P19,559,3800
FACT02144,P01,523,4500
FACT02144,P14,203,450
FACT07723,P13,116,350
FACT07723,P17,210,280
FACT07723,P09,179,18
FACT07723,P11,34,55
FACT06070,P09,209,18
FACT06070,P10,381,20
FACT06070,P04,180,3500
FACT06070,P07,567,28
FACT05409,P19,271,3800
FACT05409,P10,299,20
FACT05409,P15,202,650
FACT05409,P08,410,65
FACT08549,P15,12,650
FACT08549,P19,483,3800
FACT08549,P16,505,800
FACT08549,P07,340,28
FACT02899,P12,357,70
FACT02899,P15,239,650
FACT02899,P11,63,55
FACT02899,P04,420,3500
FACT06344,P17,566,280
FACT06344,P18,124,900
FACT06344,P11,521,55
FACT06344,P04,169,3500
FACT07705,P06,338,30
FACT07705,P02,574,350
FACT07705,P05,554,45
FACT07705,P03,594,8000
FACT05279,P18,595,900
FACT05279,P02,555,350
FACT05279,P03,394,8000
FACT05279,P10,32,20
FACT06341,P18,274,900
FACT06341,P12,289,70
FACT06341,P09,272,18
FACT06341,P16,212,800
FACT09241,P18,385,900
FACT09241,P04,518,3500
FACT09241,P13,426,350
FACT09241,P15,353,650
FACT02514,P02,453,350
FACT02514,P08,18,65
FACT02514,P01,216,4500
FACT02514,P15,15,650
FACT07301,P14,138,450
FACT07301,P15,25,650
FACT07301,P08,137,65
FACT07301,P04,383,3500
FACT01040,P18,235,900
FACT01040,P06,198,30
FACT01040,P15,369,650
FACT01040,P19,366,3800
FACT02249,P17,560,280
FACT02249,P14,291,450
FACT02249,P20,61,2900
FACT02249,P07,389,28
FACT08396,P19,599,3800
FACT08396,P14,475,450
FACT08396,P15,63,650
FACT08396,P05,152,45
FACT03991,P02,589,350
FACT03991,P11,129,55
FACT03991,P19,421,3800
FACT03991,P14,147,450
FACT02701,P14,291,450
FACT02701,P07,200,28
FACT02701,P20,92,2900
FACT02701,P09,388,18
FACT03254,P12,81,70
FACT03254,P04,242,3500
FACT03254,P17,560,280
FACT03254,P10,206,20
FACT04027,P11,281,55
FACT04027,P20,94,2900
FACT04027,P12,256,70
FACT04027,P01,89,4500
FACT05271,P01,117,4500
FACT05271,P18,286,900
FACT05271,P16,454,800
FACT05271,P17,179,280
FACT04781,P17,196,280
FACT04781,P16,570,800
FACT04781,P06,16,30
FACT04781,P13,356,350
FACT07308,P06,322,30
FACT07308,P03,87,8000
FACT07308,P18,202,900
FACT07308,P02,159,350
FACT02399,P09,548,18
FACT02399,P16,599,800
FACT02399,P04,39,3500
FACT02399,P14,14,450
FACT01177,P13,548,350
FACT01177,P05,483,45
FACT01177,P20,368,2900
FACT01177,P02,549,350
FACT04706,P02,315,350
FACT04706,P13,587,350
FACT04706,P14,347,450
FACT04706,P18,245,900
FACT08008,P20,53,2900
FACT08008,P08,341,65
FACT08008,P12,119,70
FACT08008,P18,76,900
FACT00649,P09,238,18
FACT00649,P02,461,350
FACT00649,P06,566,30
FACT00649,P08,354,65
FACT01462,P06,277,30
FACT01462,P04,593,3500
FACT01462,P14,187,450
FACT01462,P05,191,45
FACT06594,P04,398,3500
FACT06594,P07,180,28
FACT06594,P01,248,4500
FACT06594,P06,98,30
FACT05464,P14,12,450
FACT05464,P12,165,70
FACT05464,P15,96,650
FACT05464,P02,429,350
FACT03358,P12,264,70
FACT03358,P17,19,280
FACT03358,P14,202,450
FACT03358,P16,490,800
FACT02108,P13,526,350
FACT02108,P08,60,65
FACT02108,P09,232,18
FACT02108,P04,548,3500
FACT05615,P19,279,3800
FACT05615,P13,544,350
FACT05615,P17,293,280
FACT05615,P04,86,3500
FACT07375,P01,207,4500
FACT07375,P11,50,55
FACT07375,P06,346,30
FACT07375,P15,144,650
FACT00612,P01,365,4500
FACT00612,P19,123,3800
FACT00612,P02,176,350
FACT00612,P14,499,450
FACT03619,P04,381,3500
FACT03619,P18,505,900
FACT03619,P01,178,4500
FACT03619,P02,591,350
FACT05770,P12,366,70
FACT05770,P02,126,350
FACT05770,P16,107,800
FACT05770,P20,78,2900
FACT01874,P03,160,8000
FACT01874,P08,270,65
FACT01874,P15,473,650
FACT01874,P10,355,20
FACT07981,P06,430,30
FACT07981,P19,195,3800
FACT07981,P17,547,280
FACT07981,P07,262,28
FACT07965,P01,214,4500
FACT07965,P04,486,3500
FACT07965,P07,158,28
FACT07965,P05,349,45
FACT02971,P14,448,450
FACT02971,P12,113,70
FACT02971,P06,300,30
FACT02971,P13,126,350
FACT00949,P10,49,20
FACT00949,P07,144,28
FACT00949,P15,218,650
FACT00949,P19,488,3800
FACT06022,P03,321,8000
FACT06022,P14,210,450
FACT06022,P18,52,900
FACT06022,P05,248,45
FACT03952,P11,374,55
FACT03952,P05,277,45
FACT03952,P08,566,65
FACT03952,P03,315,8000
FACT05838,P14,133,450
FACT05838,P06,131,30
FACT05838,P18,101,900
FACT05838,P05,8,45
FACT05896,P03,257,8000
FACT05896,P11,279,55
FACT05896,P09,160,18
FACT05896,P19,524,3800
FACT07645,P06,12,30
FACT07645,P10,568,20
FACT07645,P05,193,45
FACT07645,P12,518,70
FACT08824,P01,587,4500
FACT08824,P02,463,350
FACT08824,P08,569,65
FACT08824,P06,91,30
FACT08916,P17,77,280
FACT08916,P01,252,4500
FACT08916,P16,307,800
FACT08916,P11,75,55
FACT07579,P08,368,65
FACT07579,P10,180,20
FACT07579,P20,419,2900
FACT07579,P11,11,55
FACT04092,P12,349,70
FACT04092,P16,81,800
FACT04092,P06,302,30
FACT04092,P01,19,4500
FACT09466,P12,250,70
FACT09466,P08,466,65
FACT09466,P20,309,2900
FACT09466,P19,391,3800
FACT08869,P15,404,650
FACT08869,P08,220,65
FACT08869,P03,50,8000
FACT08869,P14,78,450
FACT01366,P19,394,3800
FACT01366,P05,544,45
FACT01366,P10,172,20
FACT01366,P17,581,280
FACT03387,P07,62,28
FACT03387,P19,113,3800
FACT03387,P18,359,900
FACT03387,P03,263,8000
FACT07670,P06,530,30
FACT07670,P10,416,20
FACT07670,P20,375,2900
FACT07670,P13,90,350
FACT03132,P15,162,650
FACT03132,P11,475,55
FACT03132,P08,13,65
FACT03132,P10,347,20
FACT08215,P06,369,30
FACT08215,P20,253,2900
FACT08215,P11,169,55
FACT08215,P02,532,350
FACT02710,P13,82,350
FACT02710,P05,230,45
FACT02710,P16,277,800
FACT02710,P04,17,3500
FACT07752,P05,204,45
FACT07752,P08,347,65
FACT07752,P02,329,350
FACT07752,P03,401,8000
FACT04152,P16,151,800
FACT04152,P20,427,2900
FACT04152,P10,240,20
FACT04152,P07,396,28
FACT03828,P11,244,55
FACT03828,P17,125,280
FACT03828,P07,349,28
FACT03828,P08,11,65
FACT07261,P08,343,65
FACT07261,P04,219,3500
FACT07261,P15,73,650
FACT07261,P13,101,350
FACT05078,P09,462,18
FACT05078,P10,315,20
FACT05078,P04,159,3500
FACT05078,P08,266,65
FACT00703,P18,410,900
FACT00703,P09,107,18
FACT00703,P15,24,650
FACT00703,P12,489,70
FACT05717,P10,573,20
FACT05717,P12,398,70
FACT05717,P16,115,800
FACT05717,P06,342,30
FACT06770,P14,315,450
FACT06770,P20,289,2900
FACT06770,P10,297,20
FACT06770,P02,582,350
FACT07026,P02,561,350
FACT07026,P11,394,55
FACT07026,P15,253,650
FACT07026,P05,483,45
FACT05808,P04,36,3500
FACT05808,P13,252,350
FACT05808,P15,195,650
FACT05808,P17,199,280
FACT01937,P10,517,20
FACT01937,P12,398,70
FACT01937,P18,491,900
FACT01937,P05,176,45
FACT02224,P04,63,3500
FACT02224,P09,297,18
FACT02224,P20,406,2900
FACT02224,P16,563,800
FACT08966,P05,134,45
FACT08966,P06,154,30
FACT08966,P17,369,280
FACT08966,P12,324,70
FACT01431,P11,389,55
FACT01431,P05,370,45
FACT01431,P20,93,2900
FACT01431,P06,244,30
FACT08450,P04,243,3500
FACT08450,P02,183,350
FACT08450,P18,87,900
FACT08450,P07,593,28
FACT07248,P14,194,450
FACT07248,P12,368,70
FACT07248,P04,97,3500
FACT07248,P07,232,28
FACT06856,P16,195,800
FACT06856,P20,291,2900
FACT06856,P08,281,65
FACT06856,P14,21,450
FACT00201,P04,530,3500
FACT00201,P06,178,30
FACT00201,P19,123,3800
FACT00201,P13,80,350
FACT07710,P17,538,280
FACT07710,P12,526,70
FACT07710,P03,458,8000
FACT07710,P14,514,450
FACT06119,P19,340,3800
FACT06119,P01,387,4500
FACT06119,P11,446,55
FACT06119,P08,488,65
FACT06192,P08,348,65
FACT06192,P11,538,55
FACT06192,P05,400,45
FACT06192,P17,167,280
FACT05218,P06,447,30
FACT05218,P09,16,18
FACT05218,P14,281,450
FACT05218,P05,430,45
FACT06135,P16,393,800
FACT06135,P04,90,3500
FACT06135,P09,226,18
FACT06135,P19,537,3800
FACT06174,P03,401,8000
FACT06174,P12,433,70
FACT06174,P15,385,650
FACT06174,P04,312,3500
FACT00529,P17,71,280
FACT00529,P14,286,450
FACT00529,P13,458,350
FACT00529,P11,510,55
FACT06425,P01,593,4500
FACT06425,P15,202,650
FACT06425,P20,376,2900
FACT06425,P08,24,65
FACT06927,P13,93,350
FACT06927,P11,552,55
FACT06927,P03,197,8000
FACT06927,P18,259,900
FACT02160,P15,293,650
FACT02160,P01,598,4500
FACT02160,P14,468,450
FACT02160,P17,164,280
FACT04489,P05,298,45
FACT04489,P07,491,28
FACT04489,P09,101,18
FACT04489,P03,579,8000
FACT06720,P07,439,28
FACT06720,P10,69,20
FACT06720,P06,546,30
FACT06720,P03,333,8000
FACT05183,P12,405,70
FACT05183,P14,139,450
FACT05183,P13,209,350
FACT05183,P11,472,55
FACT02902,P04,545,3500
FACT02902,P18,334,900
FACT02902,P13,24,350
FACT02902,P05,76,45
FACT09048,P01,314,4500
FACT09048,P09,395,18
FACT09048,P04,50,3500
FACT09048,P08,233,65
FACT04851,P10,190,20
FACT04851,P19,29,3800
FACT04851,P07,412,28
FACT04851,P12,423,70
FACT08429,P01,37,4500
FACT08429,P17,450,280
FACT08429,P02,545,350
FACT08429,P04,265,3500
FACT02737,P11,175,55
FACT02737,P09,511,18
FACT02737,P02,487,350
FACT02737,P14,411,450
FACT08739,P03,333,8000
FACT08739,P05,309,45
FACT08739,P19,464,3800
FACT08739,P08,559,65
FACT07969,P15,381,650
FACT07969,P16,479,800
FACT07969,P05,177,45
FACT07969,P10,33,20
FACT08179,P07,571,28
FACT08179,P20,347,2900
FACT08179,P19,406,3800
FACT08179,P04,482,3500
FACT09411,P10,360,20
FACT09411,P07,419,28
FACT09411,P04,554,3500
FACT09411,P11,296,55
FACT02988,P10,420,20
FACT02988,P02,16,350
FACT02988,P03,435,8000
FACT02988,P17,297,280
FACT04878,P13,474,350
FACT04878,P05,512,45
FACT04878,P06,407,30
FACT04878,P04,531,3500
FACT02145,P18,61,900
FACT02145,P08,141,65
FACT02145,P01,29,4500
FACT02145,P04,222,3500
FACT03455,P11,168,55
FACT03455,P10,8,20
FACT03455,P15,182,650
FACT03455,P14,126,450
FACT02318,P11,63,55
FACT02318,P09,375,18
FACT02318,P20,297,2900
FACT02318,P13,584,350
FACT07030,P19,528,3800
FACT07030,P07,545,28
FACT07030,P04,348,3500
FACT07030,P02,184,350
FACT08724,P16,234,800
FACT08724,P12,374,70
FACT08724,P03,427,8000
FACT08724,P18,120,900
FACT06428,P09,119,18
FACT06428,P04,542,3500
FACT06428,P18,136,900
FACT06428,P17,233,280
FACT08338,P11,26,55
FACT08338,P07,557,28
FACT08338,P13,500,350
FACT08338,P16,447,800
FACT06114,P11,551,55
FACT06114,P05,472,45
FACT06114,P06,411,30
FACT06114,P09,15,18
FACT00523,P03,452,8000
FACT00523,P20,144,2900
FACT00523,P12,118,70
FACT00523,P01,11,4500
FACT08540,P13,291,350
FACT08540,P04,217,3500
FACT08540,P10,504,20
FACT08540,P14,109,450
FACT08627,P03,269,8000
FACT08627,P01,352,4500
FACT08627,P14,279,450
FACT08627,P09,106,18
FACT03337,P03,501,8000
FACT03337,P19,291,3800
FACT03337,P20,387,2900
FACT03337,P18,39,900
FACT05434,P13,505,350
FACT05434,P12,518,70
FACT05434,P14,33,450
FACT05434,P17,125,280
FACT07226,P15,417,650
FACT07226,P07,209,28
FACT07226,P17,476,280
FACT07226,P06,575,30
FACT07699,P04,27,3500
FACT07699,P19,590,3800
FACT07699,P10,502,20
FACT07699,P06,59,30
FACT03847,P19,143,3800
FACT03847,P01,218,4500
FACT03847,P13,152,350
FACT03847,P17,290,280
FACT09087,P07,320,28
FACT09087,P06,177,30
FACT09087,P08,477,65
FACT09087,P20,600,2900
FACT05950,P05,159,45
FACT05950,P10,386,20
FACT05950,P06,456,30
FACT05950,P13,472,350
FACT04352,P06,44,30
FACT04352,P20,555,2900
FACT04352,P11,345,55
FACT04352,P18,34,900
FACT03361,P02,350,350
FACT03361,P06,584,30
FACT03361,P13,434,350
FACT03361,P12,102,70
FACT03859,P20,598,2900
FACT03859,P06,11,30
FACT03859,P07,135,28
FACT03859,P13,137,350
FACT07547,P14,452,450
FACT07547,P03,170,8000
FACT07547,P07,221,28
FACT07547,P10,482,20
FACT04805,P18,590,900
FACT04805,P12,296,70
FACT04805,P01,548,4500
FACT04805,P09,405,18
FACT03812,P09,545,18
FACT03812,P18,303,900
FACT03812,P14,588,450
FACT03812,P20,9,2900
FACT03940,P02,221,350
FACT03940,P08,131,65
FACT03940,P09,163,18
FACT03940,P18,383,900
FACT03451,P06,241,30
FACT03451,P02,254,350
FACT03451,P08,112,65
FACT03451,P18,557,900
FACT01580,P17,179,280
FACT01580,P09,160,18
FACT01580,P10,310,20
FACT01580,P06,166,30
FACT08787,P14,43,450
FACT08787,P13,440,350
FACT08787,P20,326,2900
FACT08787,P16,200,800
FACT02303,P09,506,18
FACT02303,P11,111,55
FACT02303,P17,285,280
FACT02303,P04,503,3500
FACT09433,P04,249,3500
FACT09433,P03,121,8000
FACT09433,P10,454,20
FACT09433,P05,535,45
FACT07529,P17,477,280
FACT07529,P06,343,30
FACT07529,P11,120,55
FACT07529,P05,542,45
FACT08761,P20,126,2900
FACT08761,P18,117,900
FACT08761,P05,246,45
FACT08761,P07,194,28
FACT00999,P12,504,70
FACT00999,P05,484,45
FACT00999,P10,253,20
FACT00999,P20,19,2900
FACT00392,P20,103,2900
FACT00392,P12,123,70
FACT00392,P14,398,450
FACT00392,P01,584,4500
FACT09532,P18,514,900
FACT09532,P20,35,2900
FACT09532,P13,579,350
FACT09532,P10,550,20
FACT05980,P03,321,8000
FACT05980,P17,413,280
FACT05980,P19,120,3800
FACT05980,P09,145,18
FACT09420,P11,29,55
FACT09420,P02,256,350
FACT09420,P15,113,650
FACT09420,P13,217,350
FACT06907,P11,502,55
FACT06907,P03,406,8000
FACT06907,P17,579,280
FACT06907,P16,299,800
FACT02172,P05,529,45
FACT02172,P13,321,350
FACT02172,P18,459,900
FACT02172,P11,549,55
FACT03059,P19,379,3800
FACT03059,P09,594,18
FACT03059,P12,384,70
FACT03059,P10,563,20
FACT03225,P02,289,350
FACT03225,P07,420,28
FACT03225,P06,331,30
FACT03225,P16,39,800
FACT00155,P06,522,30
FACT00155,P19,271,3800
FACT00155,P15,334,650
FACT00155,P03,403,8000
FACT08232,P18,307,900
FACT08232,P11,25,55
FACT08232,P05,150,45
FACT08232,P13,276,350
FACT03885,P14,326,450
FACT03885,P09,568,18
FACT03885,P15,416,650
FACT03885,P03,43,8000
FACT05687,P02,244,350
FACT05687,P08,295,65
FACT05687,P11,44,55
FACT05687,P19,397,3800
FACT02362,P12,586,70
FACT02362,P10,379,20
FACT02362,P01,397,4500
FACT02362,P20,348,2900
FACT09488,P02,65,350
FACT09488,P11,30,55
FACT09488,P20,170,2900
FACT09488,P09,57,18
FACT04898,P01,138,4500
FACT04898,P15,537,650
FACT04898,P03,155,8000
FACT04898,P16,272,800
FACT09725,P03,208,8000
FACT09725,P10,23,20
FACT09725,P17,310,280
FACT09725,P20,332,2900
FACT00802,P08,592,65
FACT00802,P09,287,18
FACT00802,P18,365,900
FACT00802,P14,211,450
FACT04715,P02,578,350
FACT04715,P15,86,650
FACT04715,P13,203,350
FACT04715,P06,141,30
FACT07702,P09,477,18
FACT07702,P19,190,3800
FACT07702,P12,101,70
FACT07702,P01,398,4500
FACT04157,P12,272,70
FACT04157,P17,212,280
FACT04157,P10,246,20
FACT04157,P01,422,4500
FACT04257,P09,291,18
FACT04257,P05,322,45
FACT04257,P12,259,70
FACT04257,P11,454,55
FACT03919,P04,122,3500
FACT03919,P14,278,450
FACT03919,P17,327,280
FACT03919,P13,593,350
FACT00408,P05,354,45
FACT00408,P01,535,4500
FACT00408,P20,158,2900
FACT00408,P04,590,3500
FACT03217,P07,476,28
FACT03217,P19,389,3800
FACT03217,P11,226,55
FACT03217,P18,472,900
FACT05487,P10,123,20
FACT05487,P03,410,8000
FACT05487,P02,82,350
FACT05487,P09,457,18
FACT01796,P04,52,3500
FACT01796,P15,372,650
FACT01796,P11,477,55
FACT01796,P02,210,350
FACT09942,P11,150,55
FACT09942,P02,509,350
FACT09942,P03,151,8000
FACT09942,P06,428,30
FACT09887,P05,351,45
FACT09887,P03,414,8000
FACT09887,P14,407,450
FACT09887,P09,548,18
FACT09688,P20,494,2900
FACT09688,P01,60,4500
FACT09688,P09,527,18
FACT09688,P10,328,20
FACT01155,P12,508,70
FACT01155,P15,442,650
FACT01155,P20,598,2900
FACT01155,P01,467,4500
FACT05744,P17,475,280
FACT05744,P08,68,65
FACT05744,P18,507,900
FACT05744,P01,212,4500
FACT02210,P19,83,3800
FACT02210,P08,556,65
FACT02210,P01,230,4500
FACT02210,P07,223,28
FACT05930,P10,135,20
FACT05930,P19,386,3800
FACT05930,P11,213,55
FACT05930,P17,368,280
FACT01414,P13,417,350
FACT01414,P18,589,900
FACT01414,P20,250,2900
FACT01414,P04,450,3500
FACT04141,P13,57,350
FACT04141,P01,348,4500
FACT04141,P10,9,20
FACT04141,P17,322,280
FACT00733,P06,592,30
FACT00733,P03,586,8000
FACT00733,P19,475,3800
FACT00733,P04,478,3500
FACT07428,P19,84,3800
FACT07428,P01,164,4500
FACT07428,P08,394,65
FACT07428,P12,344,70
FACT06842,P12,403,70
FACT06842,P15,136,650
FACT06842,P07,82,28
FACT06842,P17,203,280
FACT02998,P13,493,350
FACT02998,P18,131,900
FACT02998,P02,222,350
FACT02998,P12,542,70
FACT02924,P01,471,4500
FACT02924,P20,414,2900
FACT02924,P13,590,350
FACT02924,P02,473,350
FACT04732,P01,445,4500
FACT04732,P17,314,280
FACT04732,P07,256,28
FACT04732,P20,430,2900
FACT02589,P05,233,45
FACT02589,P15,266,650
FACT02589,P07,37,28
FACT02589,P08,55,65
FACT02480,P13,224,350
FACT02480,P16,62,800
FACT02480,P06,246,30
FACT02480,P09,117,18
FACT07050,P17,484,280
FACT07050,P19,170,3800
FACT07050,P03,133,8000
FACT07050,P06,146,30
FACT06610,P14,441,450
FACT06610,P16,45,800
FACT06610,P13,539,350
FACT06610,P15,512,650
FACT09583,P13,264,350
FACT09583,P17,472,280
FACT09583,P06,113,30
FACT09583,P11,479,55
FACT03594,P20,185,2900
FACT03594,P06,51,30
FACT03594,P07,15,28
FACT03594,P16,468,800
FACT01841,P03,486,8000
FACT01841,P19,17,3800
FACT01841,P01,235,4500
FACT01841,P17,594,280
FACT01737,P11,128,55
FACT01737,P14,349,450
FACT01737,P10,486,20
FACT01737,P06,467,30
FACT08322,P02,508,350
FACT08322,P14,384,450
FACT08322,P13,482,350
FACT08322,P12,351,70
FACT08847,P13,74,350
FACT08847,P07,161,28
FACT08847,P12,23,70
FACT08847,P10,514,20
FACT07344,P13,167,350
FACT07344,P19,37,3800
FACT07344,P07,24,28
FACT07344,P09,220,18
FACT01065,P07,205,28
FACT01065,P18,57,900
FACT01065,P05,522,45
FACT01065,P04,18,3500
FACT06357,P03,593,8000
FACT06357,P05,377,45
FACT06357,P20,185,2900
FACT06357,P16,134,800
FACT03615,P17,9,280
FACT03615,P05,154,45
FACT03615,P06,438,30
FACT03615,P16,102,800
FACT09574,P06,549,30
FACT09574,P08,536,65
FACT09574,P11,334,55
FACT09574,P18,293,900
FACT06258,P13,590,350
FACT06258,P12,379,70
FACT06258,P09,355,18
FACT06258,P08,258,65
FACT03227,P01,463,4500
FACT03227,P08,60,65
FACT03227,P09,292,18
FACT03227,P16,503,800
FACT05891,P12,288,70
FACT05891,P08,207,65
FACT05891,P13,201,350
FACT05891,P19,320,3800
FACT06040,P10,81,20
FACT06040,P20,129,2900
FACT06040,P05,103,45
FACT06040,P17,85,280
FACT00158,P14,218,450
FACT00158,P02,102,350
FACT00158,P05,14,45
FACT00158,P11,379,55
FACT03881,P08,429,65
FACT03881,P20,183,2900
FACT03881,P01,465,4500
FACT03881,P10,348,20
FACT04032,P20,428,2900
FACT04032,P14,244,450
FACT04032,P12,51,70
FACT04032,P07,294,28
FACT02010,P08,363,65
FACT02010,P18,61,900
FACT02010,P15,473,650
FACT02010,P11,34,55
FACT08539,P06,553,30
FACT08539,P14,342,450
FACT08539,P18,183,900
FACT08539,P12,6,70
FACT07163,P04,132,3500
FACT07163,P20,228,2900
FACT07163,P19,389,3800
FACT07163,P12,186,70
FACT08576,P03,508,8000
FACT08576,P15,367,650
FACT08576,P05,393,45
FACT08576,P18,359,900
FACT04710,P16,57,800
FACT04710,P18,359,900
FACT04710,P20,27,2900
FACT04710,P13,527,350
FACT04107,P14,428,450
FACT04107,P09,376,18
FACT04107,P17,429,280
FACT04107,P10,239,20
FACT09569,P15,363,650
FACT09569,P11,48,55
FACT09569,P05,532,45
FACT09569,P12,77,70
FACT04689,P11,138,55
FACT04689,P08,485,65
FACT04689,P18,90,900
FACT04689,P12,293,70
FACT07436,P13,503,350
FACT07436,P08,345,65
FACT07436,P02,423,350
FACT07436,P19,9,3800
FACT02094,P03,166,8000
FACT02094,P16,55,800
FACT02094,P20,329,2900
FACT02094,P10,537,20
FACT02297,P18,420,900
FACT02297,P11,140,55
FACT02297,P20,553,2900
FACT02297,P13,179,350
FACT02957,P10,113,20
FACT02957,P07,180,28
FACT02957,P08,331,65
FACT02957,P15,58,650
FACT05766,P20,134,2900
FACT05766,P09,232,18
FACT05766,P11,300,55
FACT05766,P18,309,900
FACT09511,P12,330,70
FACT09511,P11,354,55
FACT09511,P16,148,800
FACT09511,P17,191,280
FACT01329,P09,393,18
FACT01329,P18,24,900
FACT01329,P06,390,30
FACT01329,P16,97,800
FACT00193,P05,167,45
FACT00193,P18,143,900
FACT00193,P20,10,2900
FACT00193,P03,373,8000
FACT09541,P06,104,30
FACT09541,P12,376,70
FACT09541,P03,537,8000
FACT09541,P15,229,650
FACT00109,P04,166,3500
FACT00109,P10,450,20
FACT00109,P02,477,350
FACT00109,P15,571,650
FACT05298,P19,348,3800
FACT05298,P09,198,18
FACT05298,P20,24,2900
FACT05298,P14,93,450
FACT05605,P03,343,8000
FACT05605,P14,14,450
FACT05605,P13,38,350
FACT05605,P10,599,20
FACT08154,P17,401,280
FACT08154,P08,196,65
FACT08154,P13,270,350
FACT08154,P20,253,2900
FACT02150,P08,517,65
FACT02150,P05,541,45
FACT02150,P18,184,900
FACT02150,P10,386,20
FACT09062,P19,107,3800
FACT09062,P06,482,30
FACT09062,P09,88,18
FACT09062,P07,280,28
FACT03652,P10,127,20
FACT03652,P19,190,3800
FACT03652,P15,111,650
FACT03652,P17,50,280
FACT02670,P06,297,30
FACT02670,P02,510,350
FACT02670,P08,30,65
FACT02670,P03,291,8000
FACT08694,P16,246,800
FACT08694,P18,534,900
FACT08694,P01,450,4500
FACT08694,P19,507,3800
FACT07908,P18,203,900
FACT07908,P01,392,4500
FACT07908,P05,147,45
FACT07908,P04,295,3500
FACT04866,P20,285,2900
FACT04866,P06,464,30
FACT04866,P13,190,350
FACT04866,P08,82,65
FACT04810,P19,496,3800
FACT04810,P02,113,350
FACT04810,P15,165,650
FACT04810,P18,81,900
FACT04881,P19,460,3800
FACT04881,P01,294,4500
FACT04881,P03,336,8000
FACT04881,P07,98,28
FACT04226,P14,119,450
FACT04226,P19,599,3800
FACT04226,P20,182,2900
FACT04226,P05,568,45
FACT08000,P15,334,650
FACT08000,P01,359,4500
FACT08000,P07,241,28
FACT08000,P02,429,350
FACT01628,P12,335,70
FACT01628,P04,360,3500
FACT01628,P03,223,8000
FACT01628,P02,529,350
FACT06686,P13,159,350
FACT06686,P11,114,55
FACT06686,P05,198,45
FACT06686,P09,283,18
FACT04125,P07,509,28
FACT04125,P08,406,65
FACT04125,P18,181,900
FACT04125,P04,547,3500
FACT06683,P11,436,55
FACT06683,P07,252,28
FACT06683,P20,275,2900
FACT06683,P18,231,900
FACT09648,P10,399,20
FACT09648,P08,176,65
FACT09648,P03,353,8000
FACT09648,P06,269,30
FACT05750,P07,561,28
FACT05750,P17,388,280
FACT05750,P02,301,350
FACT05750,P13,281,350
FACT04577,P20,442,2900
FACT04577,P13,114,350
FACT04577,P12,280,70
FACT04577,P11,394,55
FACT09286,P17,83,280
FACT09286,P06,38,30
FACT09286,P18,147,900
FACT09286,P02,162,350
FACT04779,P13,6,350
FACT04779,P07,46,28
FACT04779,P05,384,45
FACT04779,P14,491,450
FACT03323,P15,38,650
FACT03323,P05,561,45
FACT03323,P19,320,3800
FACT03323,P02,102,350
FACT06064,P11,305,55
FACT06064,P15,470,650
FACT06064,P07,360,28
FACT06064,P18,531,900
FACT07104,P13,120,350
FACT07104,P18,186,900
FACT07104,P05,372,45
FACT07104,P15,95,650
FACT07747,P18,186,900
FACT07747,P09,482,18
FACT07747,P11,354,55
FACT07747,P17,252,280
FACT01488,P07,251,28
FACT01488,P14,79,450
FACT01488,P15,561,650
FACT01488,P06,133,30
FACT06474,P05,494,45
FACT06474,P04,126,3500
FACT06474,P08,167,65
FACT06474,P20,61,2900
FACT09118,P20,429,2900
FACT09118,P16,359,800
FACT09118,P02,335,350
FACT09118,P17,254,280
FACT06443,P18,162,900
FACT06443,P05,560,45
FACT06443,P04,397,3500
FACT06443,P02,191,350
FACT05045,P07,36,28
FACT05045,P05,595,45
FACT05045,P02,365,350
FACT05045,P03,111,8000
FACT07473,P04,470,3500
FACT07473,P20,161,2900
FACT07473,P05,164,45
FACT07473,P12,230,70
FACT03394,P16,238,800
FACT03394,P18,168,900
FACT03394,P19,351,3800
FACT03394,P02,365,350
FACT06471,P05,150,45
FACT06471,P07,594,28
FACT06471,P15,89,650
FACT06471,P11,252,55
FACT01196,P01,154,4500
FACT01196,P06,62,30
FACT01196,P09,152,18
FACT01196,P15,76,650
FACT03015,P06,159,30
FACT03015,P07,41,28
FACT03015,P17,200,280
FACT03015,P19,132,3800
FACT03509,P17,308,280
FACT03509,P10,450,20
FACT03509,P19,100,3800
FACT03509,P14,31,450
FACT06076,P09,419,18
FACT06076,P20,536,2900
FACT06076,P18,250,900
FACT06076,P02,277,350
FACT09475,P14,77,450
FACT09475,P19,381,3800
FACT09475,P04,24,3500
FACT09475,P20,331,2900
FACT02302,P12,130,70
FACT02302,P13,412,350
FACT02302,P20,112,2900
FACT02302,P07,132,28
FACT01343,P02,111,350
FACT01343,P10,397,20
FACT01343,P09,549,18
FACT01343,P07,413,28
FACT07685,P02,437,350
FACT07685,P06,421,30
FACT07685,P19,583,3800
FACT07685,P03,240,8000
FACT05472,P12,370,70
FACT05472,P01,456,4500
FACT05472,P06,25,30
FACT05472,P19,182,3800
FACT09213,P08,269,65
FACT09213,P15,364,650
FACT09213,P03,188,8000
FACT09213,P02,525,350
FACT00313,P07,230,28
FACT00313,P12,430,70
FACT00313,P15,308,650
FACT00313,P18,180,900
FACT04606,P04,299,3500
FACT04606,P16,555,800
FACT04606,P03,563,8000
FACT04606,P10,516,20
FACT02293,P12,247,70
FACT02293,P13,337,350
FACT02293,P16,104,800
FACT02293,P08,578,65
FACT05222,P20,571,2900
FACT05222,P05,123,45
FACT05222,P17,11,280
FACT05222,P19,99,3800
FACT03564,P09,534,18
FACT03564,P20,189,2900
FACT03564,P16,597,800
FACT03564,P07,419,28
FACT05003,P02,102,350
FACT05003,P12,340,70
FACT05003,P17,83,280
FACT05003,P20,531,2900
FACT02498,P14,477,450
FACT02498,P20,584,2900
FACT02498,P18,373,900
FACT02498,P02,52,350
FACT03383,P17,503,280
FACT03383,P04,172,3500
FACT03383,P18,112,900
FACT03383,P15,326,650
FACT02100,P03,250,8000
FACT02100,P11,588,55
FACT02100,P06,194,30
FACT02100,P01,359,4500
FACT08013,P15,242,650
FACT08013,P06,428,30
FACT08013,P02,44,350
FACT08013,P08,25,65
FACT09044,P14,222,450
FACT09044,P02,157,350
FACT09044,P03,78,8000
FACT09044,P11,188,55
FACT00147,P03,288,8000
FACT00147,P15,129,650
FACT00147,P01,40,4500
FACT00147,P04,206,3500
FACT02299,P20,555,2900
FACT02299,P02,260,350
FACT02299,P16,168,800
FACT02299,P06,204,30
FACT07681,P14,177,450
FACT07681,P05,417,45
FACT07681,P01,20,4500
FACT07681,P09,502,18
FACT04772,P08,309,65
FACT04772,P01,37,4500
FACT04772,P02,495,350
FACT04772,P11,394,55
FACT03777,P11,213,55
FACT03777,P06,146,30
FACT03777,P17,208,280
FACT03777,P08,277,65
FACT06564,P16,551,800
FACT06564,P09,421,18
FACT06564,P10,146,20
FACT06564,P15,315,650
FACT06799,P10,567,20
FACT06799,P05,310,45
FACT06799,P07,236,28
FACT06799,P18,471,900
FACT09284,P14,126,450
FACT09284,P07,490,28
FACT09284,P12,367,70
FACT09284,P08,507,65
FACT01515,P15,450,650
FACT01515,P10,265,20
FACT01515,P16,289,800
FACT01515,P02,156,350
FACT09745,P11,78,55
FACT09745,P13,562,350
FACT09745,P03,115,8000
FACT09745,P01,244,4500
FACT09906,P08,437,65
FACT09906,P02,442,350
FACT09906,P01,455,4500
FACT09906,P12,24,70
FACT03642,P17,288,280
FACT03642,P08,412,65
FACT03642,P06,127,30
FACT03642,P20,291,2900
FACT07376,P03,247,8000
FACT07376,P11,155,55
FACT07376,P18,288,900
FACT07376,P20,391,2900
FACT07160,P03,237,8000
FACT07160,P17,572,280
FACT07160,P16,128,800
FACT07160,P15,226,650
FACT01824,P19,296,3800
FACT01824,P07,169,28
FACT01824,P20,259,2900
FACT01824,P03,559,8000
FACT00119,P20,196,2900
FACT00119,P15,447,650
FACT00119,P09,14,18
FACT00119,P02,501,350
FACT03122,P12,478,70
FACT03122,P20,545,2900
FACT03122,P04,544,3500
FACT03122,P19,179,3800
FACT09829,P20,427,2900
FACT09829,P10,225,20
FACT09829,P07,145,28
FACT09829,P06,140,30
FACT04525,P03,582,8000
FACT04525,P11,266,55
FACT04525,P14,565,450
FACT04525,P08,548,65
FACT07528,P05,83,45
FACT07528,P04,94,3500
FACT07528,P19,514,3800
FACT07528,P15,299,650
FACT08811,P13,244,350
FACT08811,P10,243,20
FACT08811,P18,285,900
FACT08811,P04,111,3500
FACT05084,P09,467,18
FACT05084,P18,410,900
FACT05084,P12,148,70
FACT05084,P11,412,55
FACT08499,P02,375,350
FACT08499,P13,108,350
FACT08499,P15,551,650
FACT08499,P06,476,30
FACT04622,P05,561,45
FACT04622,P11,155,55
FACT04622,P19,550,3800
FACT04622,P02,215,350
FACT04244,P13,250,350
FACT04244,P15,271,650
FACT04244,P18,560,900
FACT04244,P14,120,450
FACT04002,P10,252,20
FACT04002,P16,323,800
FACT04002,P06,29,30
FACT04002,P15,283,650
FACT03954,P04,528,3500
FACT03954,P14,103,450
FACT03954,P05,569,45
FACT03954,P15,203,650
FACT02435,P16,20,800
FACT02435,P13,126,350
FACT02435,P14,349,450
FACT02435,P11,282,55
FACT01137,P14,346,450
FACT01137,P08,113,65
FACT01137,P16,150,800
FACT01137,P09,165,18
FACT07100,P10,512,20
FACT07100,P02,514,350
FACT07100,P09,586,18
FACT07100,P12,128,70
FACT09415,P10,570,20
FACT09415,P01,122,4500
FACT09415,P11,109,55
FACT09415,P07,211,28
FACT08956,P19,285,3800
FACT08956,P01,438,4500
FACT08956,P10,478,20
FACT08956,P16,306,800
FACT06530,P11,172,55
FACT06530,P07,131,28
FACT06530,P16,75,800
FACT06530,P14,469,450
FACT07893,P09,101,18
FACT07893,P08,172,65
FACT07893,P13,270,350
FACT07893,P16,68,800
FACT00257,P05,349,45
FACT00257,P08,500,65
FACT00257,P16,583,800
FACT00257,P14,255,450
FACT05136,P01,146,4500
FACT05136,P17,308,280
FACT05136,P05,14,45
FACT05136,P06,549,30
FACT02871,P06,310,30
FACT02871,P10,180,20
FACT02871,P02,520,350
FACT02871,P12,32,70
FACT09014,P02,204,350
FACT09014,P16,388,800
FACT09014,P01,254,4500
FACT09014,P11,6,55
FACT01070,P20,93,2900
FACT01070,P13,92,350
FACT01070,P16,324,800
FACT01070,P09,62,18
FACT02733,P06,579,30
FACT02733,P11,53,55
FACT02733,P01,48,4500
FACT02733,P18,510,900
FACT08635,P02,252,350
FACT08635,P14,111,450
FACT08635,P15,184,650
FACT08635,P06,125,30
FACT03442,P10,404,20
FACT03442,P15,85,650
FACT03442,P20,390,2900
FACT03442,P11,436,55
FACT05920,P17,413,280
FACT05920,P07,302,28
FACT05920,P10,231,20
FACT05920,P02,525,350
FACT08731,P01,336,4500
FACT08731,P14,397,450
FACT08731,P08,94,65
FACT08731,P18,173,900
FACT09872,P14,372,450
FACT09872,P17,560,280
FACT09872,P13,250,350
FACT09872,P15,252,650
FACT03699,P03,322,8000
FACT03699,P14,330,450
FACT03699,P05,197,45
FACT03699,P18,337,900
FACT00829,P13,586,350
FACT00829,P18,33,900
FACT00829,P05,227,45
FACT00829,P20,323,2900
FACT05959,P11,318,55
FACT05959,P12,504,70
FACT05959,P17,219,280
FACT05959,P04,542,3500
FACT06033,P11,525,55
FACT06033,P06,216,30
FACT06033,P16,478,800
FACT06033,P10,477,20
FACT09070,P05,456,45
FACT09070,P11,302,55
FACT09070,P04,291,3500
FACT09070,P02,200,350
FACT00472,P14,486,450
FACT00472,P18,289,900
FACT00472,P08,163,65
FACT00472,P19,549,3800
FACT09220,P19,90,3800
FACT09220,P18,142,900
FACT09220,P05,413,45
FACT09220,P16,88,800
FACT01579,P14,479,450
FACT01579,P03,387,8000
FACT01579,P07,561,28
FACT01579,P18,179,900
FACT03386,P18,363,900
FACT03386,P15,192,650
FACT03386,P12,550,70
FACT03386,P20,185,2900
FACT06587,P19,208,3800
FACT06587,P14,291,450
FACT06587,P16,402,800
FACT06587,P01,400,4500
FACT01950,P07,137,28
FACT01950,P10,127,20
FACT01950,P11,289,55
FACT01950,P16,513,800
FACT07077,P02,11,350
FACT07077,P01,333,4500
FACT07077,P03,18,8000
FACT07077,P14,252,450
FACT07347,P08,411,65
FACT07347,P14,500,450
FACT07347,P19,364,3800
FACT07347,P05,597,45
FACT04933,P02,369,350
FACT04933,P05,495,45
FACT04933,P17,70,280
FACT04933,P09,569,18
FACT08107,P17,121,280
FACT08107,P20,524,2900
FACT08107,P06,148,30
FACT08107,P05,397,45
FACT09333,P04,486,3500
FACT09333,P14,451,450
FACT09333,P05,359,45
FACT09333,P01,354,4500
FACT07063,P08,74,65
FACT07063,P03,87,8000
FACT07063,P07,267,28
FACT07063,P17,517,280
FACT09360,P15,537,650
FACT09360,P20,386,2900
FACT09360,P12,103,70
FACT09360,P13,169,350
FACT05821,P19,363,3800
FACT05821,P20,119,2900
FACT05821,P11,327,55
FACT05821,P08,61,65
FACT09788,P09,128,18
FACT09788,P13,121,350
FACT09788,P11,228,55
FACT09788,P14,426,450
FACT01135,P03,148,8000
FACT01135,P18,329,900
FACT01135,P13,434,350
FACT01135,P10,451,20
FACT02148,P09,320,18
FACT02148,P15,375,650
FACT02148,P18,417,900
FACT02148,P11,21,55
FACT04604,P20,500,2900
FACT04604,P10,450,20
FACT04604,P02,356,350
FACT04604,P15,567,650
FACT04451,P06,390,30
FACT04451,P10,309,20
FACT04451,P03,377,8000
FACT04451,P08,466,65
FACT08445,P02,115,350
FACT08445,P20,66,2900
FACT08445,P07,302,28
FACT08445,P11,306,55
FACT04719,P06,53,30
FACT04719,P14,216,450
FACT04719,P07,436,28
FACT04719,P20,133,2900
FACT04292,P01,424,4500
FACT04292,P06,56,30
FACT04292,P03,39,8000
FACT04292,P04,44,3500
FACT01917,P10,359,20
FACT01917,P05,71,45
FACT01917,P04,454,3500
FACT01917,P20,447,2900
FACT03321,P10,45,20
FACT03321,P07,409,28
FACT03321,P06,543,30
FACT03321,P14,29,450
FACT06756,P01,432,4500
FACT06756,P09,267,18
FACT06756,P12,140,70
FACT06756,P08,346,65
FACT08136,P10,181,20
FACT08136,P18,314,900
FACT08136,P07,38,28
FACT08136,P06,289,30
FACT09838,P01,442,4500
FACT09838,P11,386,55
FACT09838,P20,584,2900
FACT09838,P18,212,900
FACT00102,P06,70,30
FACT00102,P10,288,20
FACT00102,P14,36,450
FACT00102,P01,503,4500
FACT02809,P19,152,3800
FACT02809,P14,276,450
FACT02809,P20,466,2900
FACT02809,P13,140,350
FACT09454,P04,512,3500
FACT09454,P20,257,2900
FACT09454,P16,580,800
FACT09454,P02,533,350
FACT08135,P14,389,450
FACT08135,P12,542,70
FACT08135,P15,218,650
FACT08135,P19,563,3800
FACT09456,P14,401,450
FACT09456,P03,255,8000
FACT09456,P20,321,2900
FACT09456,P08,371,65
FACT07941,P12,136,70
FACT07941,P17,343,280
FACT07941,P14,45,450
FACT07941,P20,56,2900
FACT09361,P20,331,2900
FACT09361,P10,248,20
FACT09361,P16,216,800
FACT09361,P01,273,4500
FACT08884,P17,21,280
FACT08884,P08,107,65
FACT08884,P18,499,900
FACT08884,P12,461,70
FACT05154,P10,152,20
FACT05154,P08,281,65
FACT05154,P06,474,30
FACT05154,P05,322,45
FACT08156,P18,375,900
FACT08156,P13,321,350
FACT08156,P07,47,28
FACT08156,P01,243,4500
FACT02254,P01,170,4500
FACT02254,P07,593,28
FACT02254,P05,458,45
FACT02254,P16,107,800
FACT00771,P14,231,450
FACT00771,P11,508,55
FACT00771,P15,420,650
FACT00771,P07,323,28
FACT02835,P10,123,20
FACT02835,P09,510,18
FACT02835,P17,473,280
FACT02835,P18,536,900
FACT05329,P05,502,45
FACT05329,P03,25,8000
FACT05329,P10,475,20
FACT05329,P09,263,18
FACT06614,P09,267,18
FACT06614,P18,362,900
FACT06614,P07,458,28
FACT06614,P17,469,280
FACT09879,P16,36,800
FACT09879,P07,534,28
FACT09879,P18,223,900
FACT09879,P03,168,8000
FACT06603,P11,161,55
FACT06603,P02,447,350
FACT06603,P09,63,18
FACT06603,P07,111,28
FACT05248,P06,594,30
FACT05248,P02,247,350
FACT05248,P12,167,70
FACT05248,P09,509,18
FACT00192,P06,13,30
FACT00192,P03,368,8000
FACT00192,P15,463,650
FACT00192,P11,356,55
FACT02811,P17,205,280
FACT02811,P04,295,3500
FACT02811,P19,516,3800
FACT02811,P13,246,350
FACT01724,P01,556,4500
FACT01724,P08,458,65
FACT01724,P10,221,20
FACT01724,P18,411,900
FACT08430,P15,7,650
FACT08430,P12,573,70
FACT08430,P13,14,350
FACT08430,P05,104,45
FACT02580,P12,527,70
FACT02580,P09,189,18
FACT02580,P01,375,4500
FACT02580,P10,439,20
FACT00846,P11,32,55
FACT00846,P02,339,350
FACT00846,P13,539,350
FACT00846,P15,436,650
FACT05542,P05,458,45
FACT05542,P18,195,900
FACT05542,P07,537,28
FACT05542,P12,57,70
FACT09527,P13,424,350
FACT09527,P03,298,8000
FACT09527,P18,81,900
FACT09527,P11,166,55
FACT00015,P13,430,350
FACT00015,P12,305,70
FACT00015,P15,111,650
FACT00015,P07,268,28
FACT03896,P20,400,2900
FACT03896,P17,122,280
FACT03896,P09,118,18
FACT03896,P19,161,3800
FACT03498,P08,491,65
FACT03498,P09,281,18
FACT03498,P12,179,70
FACT03498,P14,405,450
FACT06422,P03,300,8000
FACT06422,P19,243,3800
FACT06422,P20,273,2900
FACT06422,P16,433,800
FACT03769,P13,117,350
FACT03769,P09,123,18
FACT03769,P15,15,650
FACT03769,P17,318,280
FACT00704,P13,285,350
FACT00704,P05,84,45
FACT00704,P17,124,280
FACT00704,P03,155,8000
FACT05494,P18,313,900
FACT05494,P07,210,28
FACT05494,P02,199,350
FACT05494,P17,142,280
FACT03563,P16,506,800
FACT03563,P15,156,650
FACT03563,P13,125,350
FACT03563,P01,221,4500
FACT09545,P08,119,65
FACT09545,P14,208,450
FACT09545,P18,518,900
FACT09545,P10,71,20
FACT08517,P08,286,65
FACT08517,P20,35,2900
FACT08517,P17,255,280
FACT08517,P12,592,70
FACT00143,P07,267,28
FACT00143,P11,87,55
FACT00143,P06,94,30
FACT00143,P02,424,350
FACT08301,P13,510,350
FACT08301,P14,46,450
FACT08301,P06,570,30
FACT08301,P11,326,55
FACT04514,P15,125,650
FACT04514,P19,373,3800
FACT04514,P05,440,45
FACT04514,P02,547,350
FACT00864,P13,555,350
FACT00864,P11,113,55
FACT00864,P08,503,65
FACT00864,P12,68,70
FACT02928,P15,292,650
FACT02928,P14,23,450
FACT02928,P04,138,3500
FACT02928,P12,561,70
FACT05466,P02,238,350
FACT05466,P10,282,20
FACT05466,P03,85,8000
FACT05466,P17,121,280
FACT08239,P15,16,650
FACT08239,P09,323,18
FACT08239,P07,453,28
FACT08239,P18,39,900
FACT05669,P14,490,450
FACT05669,P16,494,800
FACT05669,P13,123,350
FACT05669,P03,401,8000
FACT09973,P07,163,28
FACT09973,P15,465,650
FACT09973,P10,380,20
FACT09973,P18,113,900
FACT04482,P02,72,350
FACT04482,P20,381,2900
FACT04482,P07,207,28
FACT04482,P13,551,350
FACT05861,P13,221,350
FACT05861,P20,236,2900
FACT05861,P06,246,30
FACT05861,P19,22,3800
FACT07052,P09,299,18
FACT07052,P03,142,8000
FACT07052,P06,89,30
FACT07052,P19,258,3800
FACT08600,P05,341,45
FACT08600,P17,357,280
FACT08600,P14,95,450
FACT08600,P06,456,30
FACT00476,P06,268,30
FACT00476,P14,102,450
FACT00476,P03,16,8000
FACT00476,P08,498,65
FACT06593,P11,138,55
FACT06593,P20,109,2900
FACT06593,P10,501,20
FACT06593,P09,227,18
FACT07600,P14,28,450
FACT07600,P12,371,70
FACT07600,P07,297,28
FACT07600,P10,515,20
FACT07459,P14,579,450
FACT07459,P19,521,3800
FACT07459,P17,219,280
FACT07459,P05,534,45
FACT06334,P19,510,3800
FACT06334,P02,366,350
FACT06334,P12,316,70
FACT06334,P08,227,65
FACT02006,P03,312,8000
FACT02006,P18,377,900
FACT02006,P12,193,70
FACT02006,P06,168,30
FACT08514,P15,7,650
FACT08514,P19,40,3800
FACT08514,P04,577,3500
FACT08514,P05,459,45
FACT08226,P03,512,8000
FACT08226,P02,250,350
FACT08226,P19,330,3800
FACT08226,P07,85,28
FACT07730,P12,465,70
FACT07730,P01,530,4500
FACT07730,P09,349,18
FACT07730,P15,261,650
FACT03307,P16,377,800
FACT03307,P09,416,18
FACT03307,P11,64,55
FACT03307,P04,438,3500
FACT01584,P07,201,28
FACT01584,P18,493,900
FACT01584,P20,23,2900
FACT01584,P19,222,3800
FACT04093,P02,387,350
FACT04093,P08,126,65
FACT04093,P06,69,30
FACT04093,P20,390,2900
FACT01671,P14,254,450
FACT01671,P16,306,800
FACT01671,P07,469,28
FACT01671,P11,140,55
FACT09137,P05,278,45
FACT09137,P02,464,350
FACT09137,P15,55,650
FACT09137,P13,585,350
FACT05913,P02,114,350
FACT05913,P03,104,8000
FACT05913,P10,212,20
FACT05913,P18,19,900
FACT08150,P09,101,18
FACT08150,P12,561,70
FACT08150,P16,404,800
FACT08150,P10,528,20
FACT03128,P11,117,55
FACT03128,P03,500,8000
FACT03128,P07,492,28
FACT03128,P16,503,800
FACT03140,P08,307,65
FACT03140,P15,190,650
FACT03140,P16,224,800
FACT03140,P12,304,70
FACT01940,P15,208,650
FACT01940,P05,12,45
FACT01940,P07,295,28
FACT01940,P06,350,30
FACT04729,P18,158,900
FACT04729,P13,70,350
FACT04729,P07,394,28
FACT04729,P02,405,350
FACT01250,P08,472,65
FACT01250,P20,171,2900
FACT01250,P19,200,3800
FACT01250,P05,323,45
FACT05069,P11,193,55
FACT05069,P10,542,20
FACT05069,P08,215,65
FACT05069,P04,555,3500
FACT08970,P17,451,280
FACT08970,P15,74,650
FACT08970,P10,416,20
FACT08970,P18,532,900
FACT00709,P20,431,2900
FACT00709,P04,342,3500
FACT00709,P08,591,65
FACT00709,P01,357,4500
FACT01555,P04,561,3500
FACT01555,P11,555,55
FACT01555,P01,225,4500
FACT01555,P08,97,65
FACT02569,P05,537,45
FACT02569,P14,510,450
FACT02569,P01,438,4500
FACT02569,P06,499,30
FACT09046,P14,405,450
FACT09046,P15,322,650
FACT09046,P20,184,2900
FACT09046,P12,41,70
FACT04471,P12,237,70
FACT04471,P02,316,350
FACT04471,P13,369,350
FACT04471,P16,320,800
FACT09455,P12,496,70
FACT09455,P02,239,350
FACT09455,P04,502,3500
FACT09455,P11,430,55
FACT09228,P10,454,20
FACT09228,P12,300,70
FACT09228,P20,549,2900
FACT09228,P05,590,45
FACT05826,P02,334,350
FACT05826,P19,596,3800
FACT05826,P17,541,280
FACT05826,P03,124,8000
FACT08722,P20,202,2900
FACT08722,P19,406,3800
FACT08722,P16,94,800
FACT08722,P03,330,8000
FACT08012,P05,453,45
FACT08012,P01,479,4500
FACT08012,P12,77,70
FACT08012,P02,496,350
FACT02466,P20,114,2900
FACT02466,P12,14,70
FACT02466,P16,322,800
FACT02466,P13,340,350
FACT06275,P02,241,350
FACT06275,P12,152,70
FACT06275,P08,505,65
FACT06275,P15,306,650
FACT03253,P14,256,450
FACT03253,P10,487,20
FACT03253,P03,154,8000
FACT03253,P01,454,4500
FACT02525,P18,36,900
FACT02525,P07,447,28
FACT02525,P10,316,20
FACT02525,P13,490,350
FACT09608,P09,546,18
FACT09608,P02,191,350
FACT09608,P06,529,30
FACT09608,P17,138,280
FACT08855,P06,488,30
FACT08855,P05,528,45
FACT08855,P16,177,800
FACT08855,P04,339,3500
FACT02528,P08,430,65
FACT02528,P11,537,55
FACT02528,P03,583,8000
FACT02528,P12,114,70
FACT03877,P17,206,280
FACT03877,P08,534,65
FACT03877,P13,428,350
FACT03877,P19,66,3800
FACT04497,P10,19,20
FACT04497,P04,329,3500
FACT04497,P03,294,8000
FACT04497,P18,218,900
FACT09169,P03,324,8000
FACT09169,P19,39,3800
FACT09169,P18,144,900
FACT09169,P08,397,65
FACT08837,P18,149,900
FACT08837,P01,26,4500
FACT08837,P08,501,65
FACT08837,P15,524,650
FACT09553,P14,455,450
FACT09553,P06,577,30
FACT09553,P17,75,280
FACT09553,P09,400,18
FACT00229,P04,510,3500
FACT00229,P14,152,450
FACT00229,P09,400,18
FACT00229,P07,450,28
FACT05937,P07,539,28
FACT05937,P12,210,70
FACT05937,P18,68,900
FACT05937,P05,61,45
FACT06815,P20,100,2900
FACT06815,P02,144,350
FACT06815,P14,388,450
FACT06815,P05,314,45
FACT08559,P10,400,20
FACT08559,P07,416,28
FACT08559,P12,487,70
FACT08559,P03,20,8000
FACT06622,P17,513,280
FACT06622,P02,385,350
FACT06622,P16,174,800
FACT06622,P08,65,65
FACT08818,P02,482,350
FACT08818,P13,268,350
FACT08818,P09,359,18
FACT08818,P08,524,65
FACT01886,P05,421,45
FACT01886,P08,505,65
FACT01886,P01,15,4500
FACT01886,P06,336,30
FACT07327,P02,372,350
FACT07327,P20,373,2900
FACT07327,P13,575,350
FACT07327,P09,507,18
FACT05788,P07,25,28
FACT05788,P10,82,20
FACT05788,P14,299,450
FACT05788,P18,432,900
FACT05535,P18,386,900
FACT05535,P12,380,70
FACT05535,P01,357,4500
FACT05535,P15,488,650
FACT01520,P07,437,28
FACT01520,P08,492,65
FACT01520,P03,117,8000
FACT01520,P15,88,650
FACT05858,P05,83,45
FACT05858,P11,557,55
FACT05858,P06,95,30
FACT05858,P18,387,900
FACT02048,P19,591,3800
FACT02048,P09,281,18
FACT02048,P04,197,3500
FACT02048,P13,251,350
FACT01653,P09,502,18
FACT01653,P13,177,350
FACT01653,P03,394,8000
FACT01653,P18,544,900
FACT03762,P11,190,55
FACT03762,P12,7,70
FACT03762,P14,596,450
FACT03762,P15,378,650
FACT03767,P08,208,65
FACT03767,P06,437,30
FACT03767,P17,456,280
FACT03767,P02,504,350
FACT07733,P04,33,3500
FACT07733,P10,357,20
FACT07733,P09,527,18
FACT07733,P06,281,30
FACT00622,P07,425,28
FACT00622,P12,316,70
FACT00622,P05,387,45
FACT00622,P02,11,350
FACT05791,P20,319,2900
FACT05791,P16,387,800
FACT05791,P07,526,28
FACT05791,P13,40,350
FACT02040,P18,42,900
FACT02040,P05,52,45
FACT02040,P17,174,280
FACT02040,P02,480,350
FACT02202,P11,396,55
FACT02202,P08,86,65
FACT02202,P14,432,450
FACT02202,P12,552,70
FACT00512,P12,21,70
FACT00512,P06,399,30
FACT00512,P08,168,65
FACT00512,P03,203,8000
FACT07728,P07,46,28
FACT07728,P18,333,900
FACT07728,P04,401,3500
FACT07728,P06,279,30
FACT02620,P02,163,350
FACT02620,P18,595,900
FACT02620,P19,89,3800
FACT02620,P03,146,8000
FACT03084,P05,250,45
FACT03084,P06,397,30
FACT03084,P01,207,4500
FACT03084,P17,152,280
FACT07195,P07,265,28
FACT07195,P11,549,55
FACT07195,P06,190,30
FACT07195,P04,250,3500
FACT00507,P04,328,3500
FACT00507,P02,314,350
FACT00507,P20,572,2900
FACT00507,P17,502,280
FACT07698,P04,177,3500
FACT07698,P10,340,20
FACT07698,P02,562,350
FACT07698,P06,224,30
FACT05925,P20,295,2900
FACT05925,P14,215,450
FACT05925,P02,461,350
FACT05925,P12,34,70
FACT09201,P08,227,65
FACT09201,P18,398,900
FACT09201,P02,407,350
FACT09201,P14,31,450
FACT00475,P07,319,28
FACT00475,P01,180,4500
FACT00475,P08,595,65
FACT00475,P11,211,55
FACT08813,P20,370,2900
FACT08813,P06,460,30
FACT08813,P04,348,3500
FACT08813,P01,535,4500
FACT02674,P14,528,450
FACT02674,P02,492,350
FACT02674,P16,288,800
FACT02674,P09,302,18
FACT08556,P01,264,4500
FACT08556,P15,326,650
FACT08556,P09,436,18
FACT08556,P03,315,8000
FACT08192,P19,283,3800
FACT08192,P18,233,900
FACT08192,P12,222,70
FACT08192,P07,125,28
FACT08671,P15,496,650
FACT08671,P06,131,30
FACT08671,P19,538,3800
FACT08671,P17,386,280
FACT01244,P16,466,800
FACT01244,P03,282,8000
FACT01244,P07,514,28
FACT01244,P15,382,650
FACT05559,P09,111,18
FACT05559,P10,112,20
FACT05559,P06,91,30
FACT05559,P02,284,350
FACT05677,P02,194,350
FACT05677,P06,577,30
FACT05677,P17,563,280
FACT05677,P13,49,350
FACT02009,P08,173,65
FACT02009,P09,159,18
FACT02009,P17,84,280
FACT02009,P02,9,350
FACT04498,P20,384,2900
FACT04498,P19,122,3800
FACT04498,P11,378,55
FACT04498,P10,455,20
FACT05654,P09,188,18
FACT05654,P01,386,4500
FACT05654,P20,199,2900
FACT05654,P07,443,28
FACT06695,P06,535,30
FACT06695,P15,158,650
FACT06695,P16,99,800
FACT06695,P05,19,45
FACT03558,P19,81,3800
FACT03558,P03,344,8000
FACT03558,P01,64,4500
FACT03558,P20,510,2900
FACT05970,P15,370,650
FACT05970,P20,553,2900
FACT05970,P10,257,20
FACT05970,P14,444,450
FACT08890,P07,125,28
FACT08890,P11,348,55
FACT08890,P03,507,8000
FACT08890,P02,365,350
FACT04323,P06,177,30
FACT04323,P17,243,280
FACT04323,P10,146,20
FACT04323,P11,139,55
FACT08475,P10,449,20
FACT08475,P20,252,2900
FACT08475,P11,350,55
FACT08475,P07,72,28
FACT09356,P07,542,28
FACT09356,P13,302,350
FACT09356,P04,80,3500
FACT09356,P16,311,800
FACT00788,P12,501,70
FACT00788,P15,540,650
FACT00788,P03,150,8000
FACT00788,P17,128,280
FACT05048,P05,293,45
FACT05048,P16,152,800
FACT05048,P07,404,28
FACT05048,P19,48,3800
FACT05934,P06,479,30
FACT05934,P02,241,350
FACT05934,P11,175,55
FACT05934,P20,194,2900
FACT05062,P16,362,800
FACT05062,P04,594,3500
FACT05062,P05,66,45
FACT05062,P03,304,8000
FACT07425,P14,263,450
FACT07425,P11,62,55
FACT07425,P20,51,2900
FACT07425,P05,165,45
FACT07764,P02,58,350
FACT07764,P17,318,280
FACT07764,P10,11,20
FACT07764,P05,113,45
FACT00587,P10,296,20
FACT00587,P02,517,350
FACT00587,P07,362,28
FACT00587,P16,297,800
FACT05532,P13,410,350
FACT05532,P11,324,55
FACT05532,P08,12,65
FACT05532,P03,51,8000
FACT02265,P10,162,20
FACT02265,P03,304,8000
FACT02265,P16,512,800
FACT02265,P17,154,280
FACT03194,P17,395,280
FACT03194,P10,382,20
FACT03194,P04,420,3500
FACT03194,P20,228,2900
FACT04793,P09,146,18
FACT04793,P20,18,2900
FACT04793,P11,29,55
FACT04793,P01,253,4500
FACT00246,P20,448,2900
FACT00246,P09,282,18
FACT00246,P13,381,350
FACT00246,P19,537,3800
FACT01663,P02,403,350
FACT01663,P09,133,18
FACT01663,P11,100,55
FACT01663,P12,85,70
FACT09915,P04,167,3500
FACT09915,P02,403,350
FACT09915,P11,214,55
FACT09915,P20,245,2900
FACT07571,P15,253,650
FACT07571,P08,412,65
FACT07571,P04,578,3500
FACT07571,P10,277,20
FACT01729,P11,151,55
FACT01729,P10,21,20
FACT01729,P05,94,45
FACT01729,P12,572,70
FACT06837,P07,106,28
FACT06837,P10,486,20
FACT06837,P08,550,65
FACT06837,P16,264,800
FACT00927,P12,351,70
FACT00927,P14,576,450
FACT00927,P17,519,280
FACT00927,P15,140,650
FACT09625,P08,163,65
FACT09625,P11,169,55
FACT09625,P17,523,280
FACT09625,P13,380,350
FACT00896,P02,68,350
FACT00896,P20,233,2900
FACT00896,P06,435,30
FACT00896,P04,131,3500
FACT07834,P19,282,3800
FACT07834,P13,295,350
FACT07834,P16,241,800
FACT07834,P08,126,65
FACT08797,P06,81,30
FACT08797,P14,256,450
FACT08797,P07,285,28
FACT08797,P09,276,18
FACT08029,P19,7,3800
FACT08029,P08,301,65
FACT08029,P15,112,650
FACT08029,P11,87,55
FACT01801,P04,80,3500
FACT01801,P18,465,900
FACT01801,P05,417,45
FACT01801,P03,483,8000
FACT00995,P03,512,8000
FACT00995,P17,283,280
FACT00995,P19,95,3800
FACT00995,P16,106,800
FACT04114,P20,56,2900
FACT04114,P01,505,4500
FACT04114,P19,305,3800
FACT04114,P11,149,55
FACT02161,P06,558,30
FACT02161,P13,198,350
FACT02161,P02,586,350
FACT02161,P18,361,900
FACT09116,P01,454,4500
FACT09116,P16,183,800
FACT09116,P09,280,18
FACT09116,P15,534,650
FACT07167,P07,412,28
FACT07167,P09,243,18
FACT07167,P01,406,4500
FACT07167,P12,75,70
FACT07509,P05,157,45
FACT07509,P19,340,3800
FACT07509,P03,414,8000
FACT07509,P11,274,55
FACT07769,P18,66,900
FACT07769,P20,525,2900
FACT07769,P07,190,28
FACT07769,P14,113,450
FACT00424,P05,514,45
FACT00424,P15,562,650
FACT00424,P01,374,4500
FACT00424,P03,88,8000
FACT07165,P16,279,800
FACT07165,P01,136,4500
FACT07165,P03,144,8000
FACT07165,P15,43,650
FACT03370,P03,445,8000
FACT03370,P01,54,4500
FACT03370,P15,513,650
FACT03370,P05,128,45
FACT04636,P17,35,280
FACT04636,P19,240,3800
FACT04636,P10,567,20
FACT04636,P12,214,70
FACT04888,P13,27,350
FACT04888,P20,447,2900
FACT04888,P10,209,20
FACT04888,P05,285,45
FACT06278,P20,15,2900
FACT06278,P07,123,28
FACT06278,P19,466,3800
FACT06278,P10,157,20
FACT04080,P19,530,3800
FACT04080,P05,109,45
FACT04080,P02,542,350
FACT04080,P14,332,450
FACT02672,P18,221,900
FACT02672,P11,19,55
FACT02672,P01,588,4500
FACT02672,P15,170,650
FACT07913,P14,587,450
FACT07913,P13,90,350
FACT07913,P11,22,55
FACT07913,P01,237,4500
FACT08326,P04,343,3500
FACT08326,P14,101,450
FACT08326,P03,492,8000
FACT08326,P17,100,280
FACT04943,P01,156,4500
FACT04943,P17,482,280
FACT04943,P03,541,8000
FACT04943,P19,228,3800
FACT05667,P02,420,350
FACT05667,P04,34,3500
FACT05667,P06,317,30
FACT05667,P10,552,20
FACT01677,P11,477,55
FACT01677,P02,367,350
FACT01677,P16,279,800
FACT01677,P18,172,900
FACT05967,P19,87,3800
FACT05967,P09,416,18
FACT05967,P05,460,45
FACT05967,P10,190,20
FACT08525,P04,311,3500
FACT08525,P15,383,650
FACT08525,P08,250,65
FACT08525,P06,220,30
FACT06560,P19,560,3800
FACT06560,P15,129,650
FACT06560,P16,294,800
FACT06560,P18,453,900
FACT04787,P07,88,28
FACT04787,P12,67,70
FACT04787,P11,24,55
FACT04787,P08,36,65
FACT02865,P19,337,3800
FACT02865,P18,553,900
FACT02865,P10,592,20
FACT02865,P11,359,55
FACT05649,P06,573,30
FACT05649,P17,476,280
FACT05649,P15,324,650
FACT05649,P12,43,70
FACT03684,P11,282,55
FACT03684,P08,245,65
FACT03684,P09,23,18
FACT03684,P14,241,450
FACT04138,P18,597,900
FACT04138,P08,402,65
FACT04138,P17,534,280
FACT04138,P01,304,4500
FACT00871,P03,44,8000
FACT00871,P15,474,650
FACT00871,P11,369,55
FACT00871,P14,458,450
FACT03972,P17,392,280
FACT03972,P01,390,4500
FACT03972,P12,396,70
FACT03972,P10,24,20
FACT05370,P20,550,2900
FACT05370,P13,381,350
FACT05370,P08,185,65
FACT05370,P07,357,28
FACT04314,P19,578,3800
FACT04314,P18,591,900
FACT04314,P17,589,280
FACT04314,P01,593,4500
FACT09593,P14,546,450
FACT09593,P06,293,30
FACT09593,P08,187,65
FACT09593,P11,33,55
FACT08045,P02,127,350
FACT08045,P05,85,45
FACT08045,P19,424,3800
FACT08045,P09,148,18
FACT05764,P17,341,280
FACT05764,P02,252,350
FACT05764,P15,403,650
FACT05764,P05,304,45
FACT02661,P14,594,450
FACT02661,P10,385,20
FACT02661,P07,134,28
FACT02661,P05,498,45
FACT05859,P01,26,4500
FACT05859,P08,424,65
FACT05859,P18,596,900
FACT05859,P05,271,45
FACT02429,P11,510,55
FACT02429,P05,243,45
FACT02429,P16,482,800
FACT02429,P02,322,350
FACT03054,P12,517,70
FACT03054,P13,541,350
FACT03054,P18,97,900
FACT03054,P06,68,30
FACT05585,P06,526,30
FACT05585,P12,227,70
FACT05585,P02,572,350
FACT05585,P20,165,2900
FACT05644,P09,232,18
FACT05644,P13,125,350
FACT05644,P14,69,450
FACT05644,P06,362,30
FACT00967,P14,559,450
FACT00967,P20,51,2900
FACT00967,P19,70,3800
FACT00967,P17,479,280
FACT09752,P14,79,450
FACT09752,P01,111,4500
FACT09752,P05,258,45
FACT09752,P16,255,800
FACT09969,P11,100,55
FACT09969,P09,361,18
FACT09969,P19,168,3800
FACT09969,P10,159,20
FACT01027,P03,433,8000
FACT01027,P19,199,3800
FACT01027,P05,503,45
FACT01027,P07,355,28
FACT03246,P03,37,8000
FACT03246,P14,469,450
FACT03246,P05,93,45
FACT03246,P09,500,18
FACT06845,P15,65,650
FACT06845,P14,340,450
FACT06845,P08,102,65
FACT06845,P17,70,280
FACT06701,P13,47,350
FACT06701,P20,489,2900
FACT06701,P09,551,18
FACT06701,P16,532,800
FACT07194,P11,192,55
FACT07194,P03,273,8000
FACT07194,P12,218,70
FACT07194,P09,551,18
FACT09055,P15,255,650
FACT09055,P02,542,350
FACT09055,P08,123,65
FACT09055,P20,417,2900
FACT03459,P12,239,70
FACT03459,P19,238,3800
FACT03459,P05,232,45
FACT03459,P04,429,3500
FACT00742,P15,542,650
FACT00742,P12,101,70
FACT00742,P19,569,3800
FACT00742,P17,35,280
FACT03536,P16,83,800
FACT03536,P09,379,18
FACT03536,P13,499,350
FACT03536,P03,566,8000
FACT05864,P06,328,30
FACT05864,P14,278,450
FACT05864,P09,149,18
FACT05864,P05,448,45
FACT03408,P09,302,18
FACT03408,P20,236,2900
FACT03408,P12,129,70
FACT03408,P17,538,280
FACT00681,P04,342,3500
FACT00681,P09,408,18
FACT00681,P13,446,350
FACT00681,P12,62,70
FACT03313,P12,396,70
FACT03313,P20,73,2900
FACT03313,P15,245,650
FACT03313,P11,491,55
FACT00794,P02,435,350
FACT00794,P09,450,18
FACT00794,P11,501,55
FACT00794,P08,598,65
FACT07832,P01,357,4500
FACT07832,P14,255,450
FACT07832,P17,109,280
FACT07832,P05,314,45
FACT08590,P15,347,650
FACT08590,P04,139,3500
FACT08590,P17,417,280
FACT08590,P14,478,450
FACT08507,P14,115,450
FACT08507,P07,434,28
FACT08507,P15,414,650
FACT08507,P01,23,4500
FACT03570,P20,562,2900
FACT03570,P14,556,450
FACT03570,P19,18,3800
FACT03570,P03,440,8000
FACT08511,P01,57,4500
FACT08511,P18,597,900
FACT08511,P05,538,45
FACT08511,P04,565,3500
FACT05330,P15,348,650
FACT05330,P09,137,18
FACT05330,P03,93,8000
FACT05330,P17,274,280
FACT05386,P02,249,350
FACT05386,P13,453,350
FACT05386,P08,404,65
FACT05386,P11,397,55
FACT03838,P07,358,28
FACT03838,P06,511,30
FACT03838,P20,224,2900
FACT03838,P01,573,4500
FACT02675,P11,516,55
FACT02675,P03,511,8000
FACT02675,P16,485,800
FACT02675,P05,386,45
FACT02072,P02,163,350
FACT02072,P14,556,450
FACT02072,P12,290,70
FACT02072,P11,294,55
FACT04906,P02,386,350
FACT04906,P16,315,800
FACT04906,P09,598,18
FACT04906,P14,392,450
FACT02799,P11,271,55
FACT02799,P07,139,28
FACT02799,P06,267,30
FACT02799,P13,305,350
FACT01017,P02,35,350
FACT01017,P06,161,30
FACT01017,P17,291,280
FACT01017,P04,359,3500
FACT03836,P12,45,70
FACT03836,P09,18,18
FACT03836,P14,505,450
FACT03836,P04,114,3500
FACT00348,P03,496,8000
FACT00348,P04,466,3500
FACT00348,P09,46,18
FACT00348,P13,310,350
FACT01207,P04,598,3500
FACT01207,P12,171,70
FACT01207,P09,467,18
FACT01207,P11,121,55
FACT01986,P17,15,280
FACT01986,P12,123,70
FACT01986,P04,380,3500
FACT01986,P14,585,450
FACT08097,P13,78,350
FACT08097,P19,356,3800
FACT08097,P18,333,900
FACT08097,P16,79,800
FACT02978,P04,279,3500
FACT02978,P19,132,3800
FACT02978,P13,305,350
FACT02978,P18,415,900
FACT07582,P13,183,350
FACT07582,P05,123,45
FACT07582,P03,270,8000
FACT07582,P12,347,70
FACT07036,P13,384,350
FACT07036,P10,80,20
FACT07036,P16,148,800
FACT07036,P11,571,55
FACT07475,P04,128,3500
FACT07475,P08,60,65
FACT07475,P03,272,8000
FACT07475,P10,125,20
FACT05965,P18,321,900
FACT05965,P20,372,2900
FACT05965,P19,20,3800
FACT05965,P13,389,350
FACT09134,P12,588,70
FACT09134,P15,296,650
FACT09134,P08,581,65
FACT09134,P19,364,3800
FACT00452,P11,77,55
FACT00452,P12,303,70
FACT00452,P03,169,8000
FACT00452,P19,55,3800
FACT02892,P02,186,350
FACT02892,P09,90,18
FACT02892,P12,415,70
FACT02892,P17,313,280
FACT08067,P16,551,800
FACT08067,P07,433,28
FACT08067,P02,534,350
FACT08067,P19,238,3800
FACT05418,P01,353,4500
FACT05418,P14,535,450
FACT05418,P05,186,45
FACT05418,P16,286,800
FACT05596,P20,111,2900
FACT05596,P09,25,18
FACT05596,P13,26,350
FACT05596,P19,265,3800
FACT09324,P04,205,3500
FACT09324,P09,472,18
FACT09324,P16,515,800
FACT09324,P17,282,280
FACT09509,P16,238,800
FACT09509,P15,176,650
FACT09509,P12,247,70
FACT09509,P06,369,30
FACT00407,P17,574,280
FACT00407,P06,411,30
FACT00407,P16,24,800
FACT00407,P15,394,650
FACT06648,P08,536,65
FACT06648,P03,230,8000
FACT06648,P09,380,18
FACT06648,P06,320,30
FACT09500,P01,6,4500
FACT09500,P03,538,8000
FACT09500,P11,503,55
FACT09500,P02,468,350
FACT06473,P20,523,2900
FACT06473,P18,450,900
FACT06473,P12,188,70
FACT06473,P17,13,280
FACT09984,P20,29,2900
FACT09984,P19,328,3800
FACT09984,P05,43,45
FACT09984,P01,127,4500
FACT09571,P09,546,18
FACT09571,P17,166,280
FACT09571,P08,175,65
FACT09571,P16,216,800
FACT06834,P14,582,450
FACT06834,P03,262,8000
FACT06834,P15,30,650
FACT06834,P17,279,280
FACT08436,P19,150,3800
FACT08436,P11,366,55
FACT08436,P20,46,2900
FACT08436,P13,461,350
FACT04982,P03,259,8000
FACT04982,P19,223,3800
FACT04982,P07,411,28
FACT04982,P05,521,45
FACT05639,P05,327,45
FACT05639,P19,399,3800
FACT05639,P17,359,280
FACT05639,P13,276,350
FACT07039,P18,223,900
FACT07039,P07,145,28
FACT07039,P14,141,450
FACT07039,P01,60,4500
FACT05844,P15,43,650
FACT05844,P09,93,18
FACT05844,P01,153,4500
FACT05844,P10,253,20
FACT07114,P16,469,800
FACT07114,P05,365,45
FACT07114,P01,72,4500
FACT07114,P12,29,70
FACT05960,P07,217,28
FACT05960,P10,348,20
FACT05960,P01,223,4500
FACT05960,P12,267,70
FACT03333,P09,561,18
FACT03333,P02,358,350
FACT03333,P06,447,30
FACT03333,P16,137,800
FACT01990,P01,82,4500
FACT01990,P10,261,20
FACT01990,P12,54,70
FACT01990,P17,558,280
FACT00369,P06,522,30
FACT00369,P16,164,800
FACT00369,P17,428,280
FACT00369,P18,574,900
FACT05827,P14,598,450
FACT05827,P08,182,65
FACT05827,P01,193,4500
FACT05827,P02,573,350
FACT03834,P14,443,450
FACT03834,P08,437,65
FACT03834,P17,330,280
FACT03834,P03,302,8000
FACT08506,P01,331,4500
FACT08506,P15,576,650
FACT08506,P07,110,28
FACT08506,P10,432,20
FACT04109,P17,263,280
FACT04109,P10,408,20
FACT04109,P11,207,55
FACT04109,P04,361,3500
FACT08715,P20,384,2900
FACT08715,P16,522,800
FACT08715,P05,392,45
FACT08715,P07,259,28
FACT09029,P03,166,8000
FACT09029,P10,584,20
FACT09029,P02,32,350
FACT09029,P20,514,2900
FACT00772,P14,572,450
FACT00772,P06,222,30
FACT00772,P11,349,55
FACT00772,P05,319,45
FACT09831,P09,55,18
FACT09831,P13,217,350
FACT09831,P20,188,2900
FACT09831,P18,421,900
FACT00332,P18,199,900
FACT00332,P20,96,2900
FACT00332,P09,116,18
FACT00332,P07,484,28
FACT02261,P09,94,18
FACT02261,P17,148,280
FACT02261,P05,483,45
FACT02261,P02,585,350
FACT06755,P17,352,280
FACT06755,P10,564,20
FACT06755,P09,109,18
FACT06755,P04,430,3500
FACT00881,P18,228,900
FACT00881,P14,545,450
FACT00881,P02,510,350
FACT00881,P01,242,4500
FACT04053,P20,30,2900
FACT04053,P03,60,8000
FACT04053,P12,175,70
FACT04053,P10,579,20
FACT09728,P08,221,65
FACT09728,P06,449,30
FACT09728,P20,16,2900
FACT09728,P07,599,28
FACT07159,P18,201,900
FACT07159,P02,222,350
FACT07159,P08,113,65
FACT07159,P13,204,350
FACT04390,P03,410,8000
FACT04390,P06,163,30
FACT04390,P05,97,45
FACT04390,P13,57,350
FACT03032,P17,545,280
FACT03032,P05,541,45
FACT03032,P10,48,20
FACT03032,P09,506,18
FACT03518,P10,329,20
FACT03518,P17,450,280
FACT03518,P08,366,65
FACT03518,P04,131,3500
FACT05358,P07,46,28
FACT05358,P04,502,3500
FACT05358,P15,430,650
FACT05358,P01,41,4500
FACT09865,P15,335,650
FACT09865,P16,68,800
FACT09865,P04,419,3500
FACT09865,P20,591,2900
FACT07416,P12,128,70
FACT07416,P04,563,3500
FACT07416,P18,573,900
FACT07416,P03,501,8000
FACT01416,P14,268,450
FACT01416,P13,213,350
FACT01416,P10,19,20
FACT01416,P12,14,70
FACT00924,P20,511,2900
FACT00924,P08,289,65
FACT00924,P06,500,30
FACT00924,P02,181,350
FACT05984,P11,188,55
FACT05984,P09,404,18
FACT05984,P10,417,20
FACT05984,P07,390,28
FACT08382,P07,61,28
FACT08382,P15,332,650
FACT08382,P08,87,65
FACT08382,P19,395,3800
FACT02821,P12,45,70
FACT02821,P11,246,55
FACT02821,P07,70,28
FACT02821,P14,203,450
FACT08286,P02,477,350
FACT08286,P09,91,18
FACT08286,P16,104,800
FACT08286,P10,312,20
FACT05289,P10,108,20
FACT05289,P15,260,650
FACT05289,P02,487,350
FACT05289,P08,213,65
FACT01698,P16,237,800
FACT01698,P06,597,30
FACT01698,P09,546,18
FACT01698,P13,124,350
FACT06404,P02,125,350
FACT06404,P16,530,800
FACT06404,P09,22,18
FACT06404,P12,394,70
FACT01751,P07,436,28
FACT01751,P09,596,18
FACT01751,P18,498,900
FACT01751,P01,279,4500
FACT05739,P08,207,65
FACT05739,P15,360,650
FACT05739,P03,410,8000
FACT05739,P01,525,4500
FACT05177,P17,438,280
FACT05177,P04,93,3500
FACT05177,P18,193,900
FACT05177,P15,506,650
FACT06389,P12,241,70
FACT06389,P06,154,30
FACT06389,P01,60,4500
FACT06389,P10,175,20
FACT08253,P10,597,20
FACT08253,P05,284,45
FACT08253,P17,145,280
FACT08253,P02,178,350
FACT03008,P06,96,30
FACT03008,P05,222,45
FACT03008,P14,68,450
FACT03008,P12,323,70
FACT05637,P03,93,8000
FACT05637,P17,567,280
FACT05637,P04,568,3500
FACT05637,P19,153,3800
FACT08554,P05,460,45
FACT08554,P19,465,3800
FACT08554,P18,200,900
FACT08554,P20,250,2900
FACT06383,P04,345,3500
FACT06383,P18,459,900
FACT06383,P03,144,8000
FACT06383,P20,274,2900
FACT08839,P01,501,4500
FACT08839,P12,42,70
FACT08839,P20,160,2900
FACT08839,P09,454,18
FACT09057,P18,172,900
FACT09057,P17,479,280
FACT09057,P05,115,45
FACT09057,P11,290,55
FACT09578,P08,494,65
FACT09578,P12,234,70
FACT09578,P11,312,55
FACT09578,P19,538,3800
FACT01924,P18,560,900
FACT01924,P07,526,28
FACT01924,P11,289,55
FACT01924,P06,431,30
FACT02239,P07,302,28
FACT02239,P10,249,20
FACT02239,P02,598,350
FACT02239,P19,277,3800
FACT02503,P13,365,350
FACT02503,P05,244,45
FACT02503,P18,131,900
FACT02503,P17,188,280
FACT01314,P01,398,4500
FACT01314,P06,522,30
FACT01314,P16,425,800
FACT01314,P08,587,65
FACT04995,P18,40,900
FACT04995,P14,292,450
FACT04995,P17,9,280
FACT04995,P07,459,28
FACT08378,P07,500,28
FACT08378,P08,547,65
FACT08378,P13,393,350
FACT08378,P04,505,3500
FACT06496,P01,558,4500
FACT06496,P06,276,30
FACT06496,P10,31,20
FACT06496,P07,101,28
FACT05018,P10,21,20
FACT05018,P16,277,800
FACT05018,P12,592,70
FACT05018,P05,149,45
FACT04429,P18,583,900
FACT04429,P10,549,20
FACT04429,P12,151,70
FACT04429,P14,304,450
FACT01976,P11,365,55
FACT01976,P14,47,450
FACT01976,P19,451,3800
FACT01976,P08,452,65
FACT07438,P17,111,280
FACT07438,P18,418,900
FACT07438,P08,152,65
FACT07438,P03,590,8000
FACT07368,P19,178,3800
FACT07368,P17,243,280
FACT07368,P10,230,20
FACT07368,P15,572,650
FACT02105,P08,376,65
FACT02105,P14,68,450
FACT02105,P20,311,2900
FACT02105,P01,185,4500
FACT04174,P07,584,28
FACT04174,P09,135,18
FACT04174,P05,479,45
FACT04174,P03,442,8000
FACT03774,P10,213,20
FACT03774,P09,347,18
FACT03774,P04,65,3500
FACT03774,P17,173,280
FACT01154,P03,298,8000
FACT01154,P05,374,45
FACT01154,P15,262,650
FACT01154,P06,75,30
FACT02554,P13,447,350
FACT02554,P04,534,3500
FACT02554,P15,277,650
FACT02554,P05,316,45
FACT06742,P06,223,30
FACT06742,P14,386,450
FACT06742,P11,89,55
FACT06742,P09,299,18
FACT05695,P03,165,8000
FACT05695,P09,444,18
FACT05695,P04,109,3500
FACT05695,P06,56,30
FACT08976,P13,172,350
FACT08976,P17,365,280
FACT08976,P07,116,28
FACT08976,P12,479,70
FACT02711,P09,471,18
FACT02711,P01,397,4500
FACT02711,P04,92,3500
FACT02711,P10,412,20
FACT01260,P14,67,450
FACT01260,P05,10,45
FACT01260,P09,545,18
FACT01260,P16,85,800
FACT04284,P09,425,18
FACT04284,P11,501,55
FACT04284,P16,542,800
FACT04284,P13,8,350
FACT09861,P08,146,65
FACT09861,P05,15,45
FACT09861,P11,408,55
FACT09861,P13,380,350
FACT06062,P10,107,20
FACT06062,P08,45,65
FACT06062,P02,112,350
FACT06062,P06,563,30
FACT09279,P13,573,350
FACT09279,P12,432,70
FACT09279,P02,381,350
FACT09279,P07,147,28
FACT07372,P17,346,280
FACT07372,P02,95,350
FACT07372,P16,71,800
FACT07372,P03,562,8000
FACT08898,P12,378,70
FACT08898,P08,440,65
FACT08898,P11,82,55
FACT08898,P04,561,3500
FACT01182,P12,504,70
FACT01182,P01,327,4500
FACT01182,P09,369,18
FACT01182,P02,294,350
FACT09037,P19,474,3800
FACT09037,P12,71,70
FACT09037,P13,487,350
FACT09037,P09,226,18
FACT05869,P12,169,70
FACT05869,P13,374,350
FACT05869,P15,547,650
FACT05869,P20,548,2900
FACT06803,P16,63,800
FACT06803,P09,519,18
FACT06803,P18,482,900
FACT06803,P06,205,30
FACT05237,P15,567,650
FACT05237,P12,535,70
FACT05237,P03,53,8000
FACT05237,P16,151,800
FACT07222,P02,555,350
FACT07222,P09,199,18
FACT07222,P06,125,30
FACT07222,P03,103,8000
FACT03517,P20,7,2900
FACT03517,P16,457,800
FACT03517,P07,83,28
FACT03517,P18,360,900
FACT02196,P09,108,18
FACT02196,P16,172,800
FACT02196,P17,401,280
FACT02196,P20,441,2900
FACT04837,P13,512,350
FACT04837,P17,14,280
FACT04837,P15,533,650
FACT04837,P12,77,70
FACT08167,P15,136,650
FACT08167,P20,325,2900
FACT08167,P13,48,350
FACT08167,P07,274,28
FACT02204,P13,476,350
FACT02204,P18,517,900
FACT02204,P12,268,70
FACT02204,P03,398,8000
FACT07638,P20,399,2900
FACT07638,P13,132,350
FACT07638,P15,45,650
FACT07638,P09,538,18
FACT05617,P13,516,350
FACT05617,P10,200,20
FACT05617,P09,577,18
FACT05617,P08,290,65
FACT01272,P06,576,30
FACT01272,P19,196,3800
FACT01272,P13,297,350
FACT01272,P17,569,280
FACT04397,P09,353,18
FACT04397,P03,505,8000
FACT04397,P11,122,55
FACT04397,P12,282,70
FACT04629,P10,128,20
FACT04629,P06,48,30
FACT04629,P11,529,55
FACT04629,P02,173,350
FACT03176,P10,491,20
FACT03176,P03,21,8000
FACT03176,P09,595,18
FACT03176,P07,518,28
FACT03487,P03,79,8000
FACT03487,P01,381,4500
FACT03487,P08,513,65
FACT03487,P13,425,350
FACT04055,P07,133,28
FACT04055,P04,314,3500
FACT04055,P03,357,8000
FACT04055,P20,162,2900
FACT09401,P14,375,450
FACT09401,P17,78,280
FACT09401,P12,303,70
FACT09401,P06,391,30
FACT02605,P17,140,280
FACT02605,P05,177,45
FACT02605,P08,555,65
FACT02605,P09,347,18
FACT00200,P03,336,8000
FACT00200,P15,414,650
FACT00200,P19,493,3800
FACT00200,P06,488,30
FACT03138,P02,543,350
FACT03138,P11,250,55
FACT03138,P14,82,450
FACT03138,P16,343,800
FACT05253,P01,363,4500
FACT05253,P05,203,45
FACT05253,P13,443,350
FACT05253,P15,326,650
FACT03918,P02,130,350
FACT03918,P07,208,28
FACT03918,P05,193,45
FACT03918,P06,294,30
FACT08868,P12,315,70
FACT08868,P19,73,3800
FACT08868,P14,126,450
FACT08868,P02,186,350
FACT08990,P16,216,800
FACT08990,P13,22,350
FACT08990,P05,391,45
FACT08990,P12,222,70
FACT03410,P16,509,800
FACT03410,P13,429,350
FACT03410,P10,252,20
FACT03410,P06,530,30
FACT09325,P20,560,2900
FACT09325,P06,143,30
FACT09325,P02,347,350
FACT09325,P19,301,3800
FACT02707,P12,26,70
FACT02707,P11,455,55
FACT02707,P07,596,28
FACT02707,P05,241,45
FACT06994,P18,304,900
FACT06994,P06,511,30
FACT06994,P03,123,8000
FACT06994,P14,254,450
FACT00978,P08,375,65
FACT00978,P15,448,650
FACT00978,P18,435,900
FACT00978,P19,277,3800
FACT06148,P10,508,20
FACT06148,P19,263,3800
FACT06148,P14,308,450
FACT06148,P07,321,28
FACT09859,P06,292,30
FACT09859,P05,67,45
FACT09859,P03,389,8000
FACT09859,P19,309,3800
FACT07111,P07,285,28
FACT07111,P18,583,900
FACT07111,P13,27,350
FACT07111,P09,14,18
FACT08520,P05,574,45
FACT08520,P09,142,18
FACT08520,P19,182,3800
FACT08520,P01,500,4500
FACT08594,P11,315,55
FACT08594,P09,10,18
FACT08594,P08,330,65
FACT08594,P18,106,900
FACT07716,P20,496,2900
FACT07716,P10,407,20
FACT07716,P11,303,55
FACT07716,P09,324,18
FACT03827,P06,164,30
FACT03827,P18,207,900
FACT03827,P16,585,800
FACT03827,P12,431,70
FACT00400,P11,45,55
FACT00400,P12,427,70
FACT00400,P08,130,65
FACT00400,P09,333,18
FACT08222,P04,62,3500
FACT08222,P13,277,350
FACT08222,P16,462,800
FACT08222,P08,507,65
FACT09092,P16,269,800
FACT09092,P06,520,30
FACT09092,P20,85,2900
FACT09092,P12,116,70
FACT09255,P07,289,28
FACT09255,P17,342,280
FACT09255,P16,455,800
FACT09255,P04,214,3500
FACT06420,P07,530,28
FACT06420,P03,311,8000
FACT06420,P13,314,350
FACT06420,P16,373,800
FACT04322,P20,524,2900
FACT04322,P14,406,450
FACT04322,P18,536,900
FACT04322,P13,142,350
FACT03271,P10,78,20
FACT03271,P08,479,65
FACT03271,P12,11,70
FACT03271,P06,384,30
FACT02076,P18,559,900
FACT02076,P13,369,350
FACT02076,P04,479,3500
FACT02076,P08,544,65
FACT07592,P06,429,30
FACT07592,P02,155,350
FACT07592,P01,371,4500
FACT07592,P03,511,8000
FACT03009,P20,60,2900
FACT03009,P12,595,70
FACT03009,P10,76,20
FACT03009,P18,163,900
FACT04578,P13,221,350
FACT04578,P10,193,20
FACT04578,P06,49,30
FACT04578,P08,441,65
FACT08871,P09,21,18
FACT08871,P02,352,350
FACT08871,P18,369,900
FACT08871,P05,166,45
FACT03663,P03,585,8000
FACT03663,P09,56,18
FACT03663,P19,297,3800
FACT03663,P12,267,70
FACT09021,P17,68,280
FACT09021,P10,511,20
FACT09021,P06,499,30
FACT09021,P11,63,55
FACT00917,P17,407,280
FACT00917,P01,56,4500
FACT00917,P08,129,65
FACT00917,P02,191,350
FACT00595,P18,499,900
FACT00595,P07,407,28
FACT00595,P09,50,18
FACT00595,P12,468,70
FACT01604,P01,220,4500
FACT01604,P02,388,350
FACT01604,P15,416,650
FACT01604,P09,382,18
FACT06489,P16,10,800
FACT06489,P14,215,450
FACT06489,P01,190,4500
FACT06489,P06,84,30
FACT09714,P12,323,70
FACT09714,P03,582,8000
FACT09714,P19,430,3800
FACT09714,P08,13,65
FACT07307,P13,559,350
FACT07307,P14,291,450
FACT07307,P08,482,65
FACT07307,P06,355,30
FACT08775,P18,428,900
FACT08775,P02,262,350
FACT08775,P15,391,650
FACT08775,P19,456,3800
FACT09796,P08,106,65
FACT09796,P05,520,45
FACT09796,P16,46,800
FACT09796,P17,497,280
FACT06827,P06,341,30
FACT06827,P07,56,28
FACT06827,P03,166,8000
FACT06827,P19,384,3800
FACT09645,P14,39,450
FACT09645,P20,261,2900
FACT09645,P13,127,350
FACT09645,P05,448,45
FACT00316,P16,130,800
FACT00316,P06,393,30
FACT00316,P04,17,3500
FACT00316,P13,574,350
FACT05071,P15,413,650
FACT05071,P06,352,30
FACT05071,P10,306,20
FACT05071,P18,194,900
FACT08491,P04,259,3500
FACT08491,P18,198,900
FACT08491,P07,568,28
FACT08491,P05,318,45
FACT07774,P08,207,65
FACT07774,P09,205,18
FACT07774,P18,17,900
FACT07774,P12,593,70
FACT06878,P04,187,3500
FACT06878,P12,380,70
FACT06878,P05,585,45
FACT06878,P16,571,800
FACT03587,P18,459,900
FACT03587,P01,580,4500
FACT03587,P15,351,650
FACT03587,P08,81,65
FACT03097,P07,563,28
FACT03097,P16,599,800
FACT03097,P20,29,2900
FACT03097,P13,406,350
FACT01202,P15,515,650
FACT01202,P10,179,20
FACT01202,P06,42,30
FACT01202,P19,307,3800
FACT03017,P06,523,30
FACT03017,P01,562,4500
FACT03017,P11,585,55
FACT03017,P04,463,3500
FACT04025,P15,430,650
FACT04025,P12,325,70
FACT04025,P19,274,3800
FACT04025,P18,196,900
FACT08858,P09,441,18
FACT08858,P13,426,350
FACT08858,P19,328,3800
FACT08858,P05,422,45
FACT00238,P03,502,8000
FACT00238,P13,598,350
FACT00238,P07,106,28
FACT00238,P20,352,2900
FACT07452,P04,148,3500
FACT07452,P08,501,65
FACT07452,P15,353,650
FACT07452,P16,119,800
FACT07989,P08,595,65
FACT07989,P01,206,4500
FACT07989,P10,380,20
FACT07989,P09,352,18
FACT06264,P12,20,70
FACT06264,P18,189,900
FACT06264,P17,562,280
FACT06264,P06,129,30
FACT00998,P02,121,350
FACT00998,P13,535,350
FACT00998,P14,101,450
FACT00998,P03,553,8000
FACT07216,P18,101,900
FACT07216,P05,71,45
FACT07216,P01,482,4500
FACT07216,P15,313,650
FACT04035,P17,502,280
FACT04035,P03,13,8000
FACT04035,P01,275,4500
FACT04035,P14,171,450
FACT05030,P01,101,4500
FACT05030,P07,224,28
FACT05030,P18,206,900
FACT05030,P19,168,3800
FACT00044,P10,302,20
FACT00044,P14,110,450
FACT00044,P19,166,3800
FACT00044,P18,440,900
FACT06588,P05,165,45
FACT06588,P10,155,20
FACT06588,P07,131,28
FACT06588,P03,392,8000
FACT04654,P20,325,2900
FACT04654,P04,226,3500
FACT04654,P09,580,18
FACT04654,P14,306,450
FACT05997,P13,179,350
FACT05997,P12,90,70
FACT05997,P18,186,900
FACT05997,P07,421,28
FACT07214,P05,225,45
FACT07214,P04,263,3500
FACT07214,P18,597,900
FACT07214,P15,140,650
FACT06937,P09,86,18
FACT06937,P16,125,800
FACT06937,P03,572,8000
FACT06937,P05,35,45
FACT05579,P06,301,30
FACT05579,P12,510,70
FACT05579,P18,102,900
FACT05579,P13,71,350
FACT02543,P08,476,65
FACT02543,P17,207,280
FACT02543,P16,583,800
FACT02543,P13,90,350
FACT03007,P08,555,65
FACT03007,P06,59,30
FACT03007,P07,76,28
FACT03007,P17,136,280
FACT03846,P19,413,3800
FACT03846,P14,493,450
FACT03846,P15,461,650
FACT03846,P09,477,18
FACT04807,P02,510,350
FACT04807,P14,19,450
FACT04807,P20,508,2900
FACT04807,P07,87,28
FACT00591,P17,591,280
FACT00591,P19,105,3800
FACT00591,P15,503,650
FACT00591,P07,577,28
FACT08270,P07,251,28
FACT08270,P09,79,18
FACT08270,P20,84,2900
FACT08270,P06,20,30
FACT01576,P02,505,350
FACT01576,P11,332,55
FACT01576,P20,65,2900
FACT01576,P03,357,8000
FACT03904,P10,160,20
FACT03904,P06,563,30
FACT03904,P04,326,3500
FACT03904,P14,261,450
FACT06084,P06,391,30
FACT06084,P13,419,350
FACT06084,P11,345,55
FACT06084,P09,283,18
FACT05301,P15,474,650
FACT05301,P01,205,4500
FACT05301,P06,112,30
FACT05301,P13,176,350
FACT03718,P08,510,65
FACT03718,P19,189,3800
FACT03718,P03,147,8000
FACT03718,P12,86,70
FACT07817,P03,360,8000
FACT07817,P11,304,55
FACT07817,P01,150,4500
FACT07817,P18,315,900
FACT08341,P09,211,18
FACT08341,P12,363,70
FACT08341,P05,475,45
FACT08341,P08,183,65
FACT06644,P14,359,450
FACT06644,P20,256,2900
FACT06644,P09,226,18
FACT06644,P11,367,55
FACT04651,P11,337,55
FACT04651,P20,162,2900
FACT04651,P18,10,900
FACT04651,P03,32,8000
FACT04579,P06,245,30
FACT04579,P01,406,4500
FACT04579,P15,209,650
FACT04579,P03,536,8000
FACT00471,P09,337,18
FACT00471,P08,55,65
FACT00471,P11,83,55
FACT00471,P10,562,20
FACT05520,P15,320,650
FACT05520,P10,144,20
FACT05520,P07,146,28
FACT05520,P05,589,45
FACT00325,P02,66,350
FACT00325,P16,196,800
FACT00325,P15,558,650
FACT00325,P04,379,3500
FACT05761,P13,388,350
FACT05761,P20,324,2900
FACT05761,P06,135,30
FACT05761,P12,100,70
FACT01732,P06,336,30
FACT01732,P11,333,55
FACT01732,P05,307,45
FACT01732,P10,360,20
FACT02194,P11,468,55
FACT02194,P15,393,650
FACT02194,P08,46,65
FACT02194,P18,21,900
FACT01118,P17,521,280
FACT01118,P02,190,350
FACT01118,P05,403,45
FACT01118,P10,232,20
FACT07819,P17,317,280
FACT07819,P02,342,350
FACT07819,P01,385,4500
FACT07819,P10,431,20
FACT08460,P17,179,280
FACT08460,P07,494,28
FACT08460,P11,274,55
FACT08460,P08,66,65
FACT08115,P07,134,28
FACT08115,P14,297,450
FACT08115,P16,360,800
FACT08115,P01,245,4500
FACT05075,P13,150,350
FACT05075,P01,42,4500
FACT05075,P03,184,8000
FACT05075,P04,356,3500
FACT04347,P02,348,350
FACT04347,P14,15,450
FACT04347,P13,447,350
FACT04347,P15,8,650
FACT00371,P19,332,3800
FACT00371,P15,70,650
FACT00371,P02,291,350
FACT00371,P18,448,900
FACT05623,P20,126,2900
FACT05623,P19,256,3800
FACT05623,P12,152,70
FACT05623,P14,490,450
FACT04212,P18,31,900
FACT04212,P02,91,350
FACT04212,P19,125,3800
FACT04212,P06,351,30
FACT06761,P05,585,45
FACT06761,P13,46,350
FACT06761,P07,14,28
FACT06761,P02,257,350
FACT04102,P16,123,800
FACT04102,P06,412,30
FACT04102,P08,312,65
FACT04102,P10,288,20
FACT04413,P20,210,2900
FACT04413,P17,282,280
FACT04413,P02,241,350
FACT04413,P09,438,18
FACT05281,P20,116,2900
FACT05281,P17,45,280
FACT05281,P03,372,8000
FACT05281,P01,292,4500
FACT08426,P18,371,900
FACT08426,P19,32,3800
FACT08426,P02,80,350
FACT08426,P05,566,45
FACT03224,P10,308,20
FACT03224,P02,277,350
FACT03224,P15,385,650
FACT03224,P18,184,900
FACT08630,P07,283,28
FACT08630,P12,184,70
FACT08630,P03,520,8000
FACT08630,P02,289,350
FACT08397,P07,239,28
FACT08397,P19,272,3800
FACT08397,P10,338,20
FACT08397,P04,283,3500
FACT07662,P12,201,70
FACT07662,P06,206,30
FACT07662,P19,186,3800
FACT07662,P18,115,900
FACT06397,P16,478,800
FACT06397,P13,164,350
FACT06397,P17,562,280
FACT06397,P19,39,3800
FACT01902,P10,368,20
FACT01902,P08,156,65
FACT01902,P20,492,2900
FACT01902,P05,564,45
FACT05031,P05,396,45
FACT05031,P08,314,65
FACT05031,P15,369,650
FACT05031,P18,581,900
FACT05347,P16,454,800
FACT05347,P07,512,28
FACT05347,P20,191,2900
FACT05347,P10,56,20
FACT08106,P09,263,18
FACT08106,P02,427,350
FACT08106,P03,366,8000
FACT08106,P16,409,800
FACT03739,P07,212,28
FACT03739,P02,147,350
FACT03739,P12,362,70
FACT03739,P01,81,4500
FACT09880,P19,315,3800
FACT09880,P09,210,18
FACT09880,P10,448,20
FACT09880,P07,235,28
FACT06365,P08,38,65
FACT06365,P04,457,3500
FACT06365,P10,502,20
FACT06365,P19,204,3800
FACT01397,P08,120,65
FACT01397,P06,201,30
FACT01397,P12,129,70
FACT01397,P09,599,18
FACT09053,P20,439,2900
FACT09053,P19,245,3800
FACT09053,P08,189,65
FACT09053,P11,272,55
FACT01297,P13,503,350
FACT01297,P17,220,280
FACT01297,P03,508,8000
FACT01297,P12,194,70
FACT08947,P16,466,800
FACT08947,P20,335,2900
FACT08947,P09,52,18
FACT08947,P15,101,650
FACT00224,P09,224,18
FACT00224,P15,248,650
FACT00224,P01,128,4500
FACT00224,P08,281,65
FACT08062,P04,198,3500
FACT08062,P08,169,65
FACT08062,P01,301,4500
FACT08062,P15,464,650
FACT01241,P10,253,20
FACT01241,P14,452,450
FACT01241,P16,248,800
FACT01241,P18,338,900
FACT02653,P16,549,800
FACT02653,P08,25,65
FACT02653,P20,291,2900
FACT02653,P11,250,55
FACT07526,P05,31,45
FACT07526,P09,80,18
FACT07526,P11,349,55
FACT07526,P16,532,800
FACT06627,P08,221,65
FACT06627,P03,487,8000
FACT06627,P15,301,650
FACT06627,P07,353,28
FACT07859,P10,87,20
FACT07859,P16,214,800
FACT07859,P18,151,900
FACT07859,P15,169,650
FACT02879,P16,52,800
FACT02879,P08,245,65
FACT02879,P09,446,18
FACT02879,P13,167,350
FACT08904,P01,263,4500
FACT08904,P07,495,28
FACT08904,P02,117,350
FACT08904,P06,108,30
FACT04616,P16,135,800
FACT04616,P20,485,2900
FACT04616,P11,562,55
FACT04616,P03,587,8000
FACT01263,P15,267,650
FACT01263,P09,398,18
FACT01263,P13,447,350
FACT01263,P04,93,3500
FACT05825,P05,283,45
FACT05825,P13,414,350
FACT05825,P01,491,4500
FACT05825,P14,110,450
FACT09396,P02,182,350
FACT09396,P01,337,4500
FACT09396,P05,371,45
FACT09396,P18,61,900
FACT08283,P01,116,4500
FACT08283,P14,200,450
FACT08283,P06,598,30
FACT08283,P11,415,55
FACT00239,P08,439,65
FACT00239,P01,105,4500
FACT00239,P14,271,450
FACT00239,P17,160,280
FACT05682,P20,417,2900
FACT05682,P03,399,8000
FACT05682,P05,222,45
FACT05682,P02,14,350
FACT09989,P04,409,3500
FACT09989,P11,296,55
FACT09989,P06,154,30
FACT09989,P12,347,70
FACT09012,P05,572,45
FACT09012,P20,296,2900
FACT09012,P12,190,70
FACT09012,P17,415,280
FACT00495,P11,40,55
FACT00495,P10,506,20
FACT00495,P12,435,70
FACT00495,P15,467,650
FACT00203,P08,163,65
FACT00203,P10,386,20
FACT00203,P19,498,3800
FACT00203,P16,367,800
FACT01825,P09,295,18
FACT01825,P17,549,280
FACT01825,P05,516,45
FACT01825,P13,508,350
FACT03933,P07,406,28
FACT03933,P11,543,55
FACT03933,P12,522,70
FACT03933,P16,380,800
FACT07234,P17,86,280
FACT07234,P19,277,3800
FACT07234,P04,30,3500
FACT07234,P10,304,20
FACT00910,P09,66,18
FACT00910,P20,563,2900
FACT00910,P11,190,55
FACT00910,P16,465,800
FACT03937,P02,440,350
FACT03937,P15,7,650
FACT03937,P17,175,280
FACT03937,P06,50,30
FACT04306,P04,103,3500
FACT04306,P07,436,28
FACT04306,P17,65,280
FACT04306,P10,284,20
FACT07432,P16,274,800
FACT07432,P20,158,2900
FACT07432,P02,237,350
FACT07432,P08,156,65
FACT01808,P12,290,70
FACT01808,P18,157,900
FACT01808,P16,594,800
FACT01808,P20,567,2900
FACT02749,P06,173,30
FACT02749,P08,284,65
FACT02749,P10,555,20
FACT02749,P17,156,280
FACT04000,P03,473,8000
FACT04000,P05,567,45
FACT04000,P10,569,20
FACT04000,P12,97,70
FACT00642,P14,441,450
FACT00642,P04,543,3500
FACT00642,P08,428,65
FACT00642,P11,420,55
FACT02700,P15,26,650
FACT02700,P12,325,70
FACT02700,P20,299,2900
FACT02700,P10,378,20
FACT03721,P02,26,350
FACT03721,P16,485,800
FACT03721,P20,365,2900
FACT03721,P14,482,450
FACT02884,P13,498,350
FACT02884,P07,165,28
FACT02884,P06,445,30
FACT02884,P20,80,2900
FACT02627,P08,77,65
FACT02627,P09,279,18
FACT02627,P02,474,350
FACT02627,P04,455,3500
FACT02170,P19,213,3800
FACT02170,P10,370,20
FACT02170,P20,294,2900
FACT02170,P04,376,3500
FACT06061,P04,314,3500
FACT06061,P05,202,45
FACT06061,P14,183,450
FACT06061,P06,424,30
FACT07269,P02,296,350
FACT07269,P04,452,3500
FACT07269,P19,172,3800
FACT07269,P05,596,45
FACT02950,P01,428,4500
FACT02950,P09,358,18
FACT02950,P03,197,8000
FACT02950,P15,23,650
FACT03686,P13,178,350
FACT03686,P15,312,650
FACT03686,P12,70,70
FACT03686,P01,77,4500
FACT03936,P15,473,650
FACT03936,P18,296,900
FACT03936,P06,30,30
FACT03936,P04,12,3500
FACT05852,P11,588,55
FACT05852,P09,250,18
FACT05852,P02,565,350
FACT05852,P04,71,3500
FACT02590,P19,398,3800
FACT02590,P07,512,28
FACT02590,P05,545,45
FACT02590,P13,283,350
FACT09767,P20,482,2900
FACT09767,P12,134,70
FACT09767,P03,337,8000
FACT09767,P13,283,350
FACT05209,P14,141,450
FACT05209,P02,439,350
FACT05209,P15,73,650
FACT05209,P07,59,28
FACT04782,P10,34,20
FACT04782,P15,532,650
FACT04782,P17,582,280
FACT04782,P05,113,45
FACT09682,P17,185,280
FACT09682,P09,503,18
FACT09682,P12,105,70
FACT09682,P03,488,8000
FACT09521,P12,175,70
FACT09521,P15,543,650
FACT09521,P08,515,65
FACT09521,P07,208,28
FACT07007,P07,29,28
FACT07007,P10,146,20
FACT07007,P02,279,350
FACT07007,P03,45,8000
FACT09928,P18,315,900
FACT09928,P13,323,350
FACT09928,P20,247,2900
FACT09928,P06,526,30
FACT01895,P07,528,28
FACT01895,P13,135,350
FACT01895,P03,521,8000
FACT01895,P05,599,45
FACT08121,P14,59,450
FACT08121,P19,591,3800
FACT08121,P12,96,70
FACT08121,P15,416,650
FACT02977,P08,585,65
FACT02977,P17,209,280
FACT02977,P02,73,350
FACT02977,P16,331,800
FACT00298,P18,132,900
FACT00298,P12,349,70
FACT00298,P08,408,65
FACT00298,P02,232,350
FACT08069,P20,265,2900
FACT08069,P04,166,3500
FACT08069,P07,271,28
FACT08069,P03,176,8000
FACT05608,P13,203,350
FACT05608,P17,513,280
FACT05608,P16,265,800
FACT05608,P08,488,65
FACT02023,P07,23,28
FACT02023,P12,426,70
FACT02023,P08,524,65
FACT02023,P15,239,650
FACT03296,P03,473,8000
FACT03296,P08,435,65
FACT03296,P02,361,350
FACT03296,P07,570,28
FACT04583,P10,394,20
FACT04583,P16,61,800
FACT04583,P18,311,900
FACT04583,P14,497,450
FACT09888,P04,39,3500
FACT09888,P18,512,900
FACT09888,P10,231,20
FACT09888,P03,145,8000
FACT02091,P19,201,3800
FACT02091,P01,78,4500
FACT02091,P10,32,20
FACT02091,P08,509,65
FACT06481,P01,490,4500
FACT06481,P17,162,280
FACT06481,P03,186,8000
FACT06481,P05,85,45
FACT08867,P10,156,20
FACT08867,P02,572,350
FACT08867,P13,41,350
FACT08867,P03,227,8000
FACT03070,P08,339,65
FACT03070,P11,519,55
FACT03070,P06,556,30
FACT03070,P03,565,8000
FACT00020,P15,156,650
FACT00020,P20,22,2900
FACT00020,P05,272,45
FACT00020,P11,422,55
FACT02470,P13,258,350
FACT02470,P10,30,20
FACT02470,P06,499,30
FACT02470,P19,86,3800
FACT08587,P02,281,350
FACT08587,P20,26,2900
FACT08587,P13,63,350
FACT08587,P19,52,3800
FACT02450,P11,249,55
FACT02450,P12,344,70
FACT02450,P17,51,280
FACT02450,P16,113,800
FACT02751,P05,203,45
FACT02751,P06,108,30
FACT02751,P07,375,28
FACT02751,P12,7,70
FACT01236,P03,39,8000
FACT01236,P01,271,4500
FACT01236,P05,243,45
FACT01236,P02,217,350
FACT02974,P03,453,8000
FACT02974,P19,355,3800
FACT02974,P09,363,18
FACT02974,P18,13,900
FACT07870,P19,72,3800
FACT07870,P05,50,45
FACT07870,P18,54,900
FACT07870,P14,415,450
FACT04230,P10,178,20
FACT04230,P19,44,3800
FACT04230,P01,115,4500
FACT04230,P16,417,800
FACT03950,P02,279,350
FACT03950,P06,331,30
FACT03950,P20,440,2900
FACT03950,P19,180,3800
FACT00247,P01,501,4500
FACT00247,P04,538,3500
FACT00247,P07,126,28
FACT00247,P06,577,30
FACT04605,P15,484,650
FACT04605,P20,534,2900
FACT04605,P14,357,450
FACT04605,P17,596,280
FACT08356,P19,366,3800
FACT08356,P14,538,450
FACT08356,P05,530,45
FACT08356,P09,329,18
FACT07888,P18,532,900
FACT07888,P09,571,18
FACT07888,P19,197,3800
FACT07888,P11,23,55
FACT02565,P04,198,3500
FACT02565,P16,565,800
FACT02565,P10,55,20
FACT02565,P05,270,45
FACT04158,P18,317,900
FACT04158,P09,569,18
FACT04158,P03,226,8000
FACT04158,P02,308,350
FACT02697,P13,590,350
FACT02697,P20,305,2900
FACT02697,P15,61,650
FACT02697,P11,165,55
FACT07970,P06,128,30
FACT07970,P05,176,45
FACT07970,P19,111,3800
FACT07970,P09,248,18
FACT00090,P02,397,350
FACT00090,P12,418,70
FACT00090,P13,386,350
FACT00090,P06,281,30
FACT08479,P03,548,8000
FACT08479,P19,230,3800
FACT08479,P07,362,28
FACT08479,P17,303,280
FACT00112,P07,445,28
FACT00112,P09,158,18
FACT00112,P10,565,20
FACT00112,P17,313,280
FACT07765,P09,294,18
FACT07765,P18,380,900
FACT07765,P02,435,350
FACT07765,P03,258,8000
FACT04472,P07,321,28
FACT04472,P09,380,18
FACT04472,P05,600,45
FACT04472,P15,260,650
FACT07118,P10,514,20
FACT07118,P06,131,30
FACT07118,P08,64,65
FACT07118,P18,128,900
FACT08595,P16,454,800
FACT08595,P19,414,3800
FACT08595,P15,198,650
FACT08595,P05,46,45
FACT01786,P20,55,2900
FACT01786,P13,154,350
FACT01786,P16,228,800
FACT01786,P12,316,70
FACT08981,P12,135,70
FACT08981,P11,333,55
FACT08981,P05,14,45
FACT08981,P17,305,280
FACT07157,P16,115,800
FACT07157,P04,281,3500
FACT07157,P09,244,18
FACT07157,P06,131,30
FACT06351,P04,99,3500
FACT06351,P17,291,280
FACT06351,P05,337,45
FACT06351,P14,415,450
FACT04744,P08,290,65
FACT04744,P20,253,2900
FACT04744,P18,289,900
FACT04744,P17,266,280
FACT06032,P14,112,450
FACT06032,P05,136,45
FACT06032,P02,11,350
FACT06032,P08,431,65
FACT05902,P06,574,30
FACT05902,P16,363,800
FACT05902,P01,279,4500
FACT05902,P20,540,2900
FACT05058,P16,399,800
FACT05058,P01,594,4500
FACT05058,P06,89,30
FACT05058,P10,381,20
FACT04198,P13,515,350
FACT04198,P07,146,28
FACT04198,P10,488,20
FACT04198,P01,314,4500
FACT02067,P10,299,20
FACT02067,P08,64,65
FACT02067,P14,433,450
FACT02067,P13,292,350
FACT00265,P10,144,20
FACT00265,P06,528,30
FACT00265,P05,335,45
FACT00265,P07,164,28
FACT01333,P01,262,4500
FACT01333,P12,389,70
FACT01333,P05,192,45
FACT01333,P20,435,2900
FACT07634,P06,287,30
FACT07634,P16,240,800
FACT07634,P02,582,350
FACT07634,P17,72,280
FACT07116,P13,432,350
FACT07116,P11,325,55
FACT07116,P08,161,65
FACT07116,P07,289,28
FACT04113,P06,41,30
FACT04113,P11,238,55
FACT04113,P14,549,450
FACT04113,P19,85,3800
FACT05790,P07,429,28
FACT05790,P15,205,650
FACT05790,P18,98,900
FACT05790,P20,351,2900
FACT07647,P20,215,2900
FACT07647,P19,257,3800
FACT07647,P18,418,900
FACT07647,P07,97,28
FACT06717,P12,285,70
FACT06717,P14,539,450
FACT06717,P03,129,8000
FACT06717,P19,447,3800
FACT02822,P13,347,350
FACT02822,P18,435,900
FACT02822,P01,315,4500
FACT02822,P17,293,280
FACT09445,P12,141,70
FACT09445,P14,176,450
FACT09445,P02,350,350
FACT09445,P20,196,2900
FACT04749,P17,339,280
FACT04749,P11,337,55
FACT04749,P18,100,900
FACT04749,P14,466,450
FACT06068,P03,407,8000
FACT06068,P04,16,3500
FACT06068,P02,151,350
FACT06068,P07,482,28
FACT09200,P05,186,45
FACT09200,P04,507,3500
FACT09200,P12,309,70
FACT09200,P20,557,2900
FACT07057,P09,295,18
FACT07057,P05,569,45
FACT07057,P08,388,65
FACT07057,P13,116,350
FACT03112,P17,374,280
FACT03112,P05,251,45
FACT03112,P20,376,2900
FACT03112,P02,27,350
FACT02519,P18,564,900
FACT02519,P10,76,20
FACT02519,P16,42,800
FACT02519,P03,365,8000
FACT01905,P16,207,800
FACT01905,P02,461,350
FACT01905,P05,226,45
FACT01905,P10,249,20
FACT00926,P15,57,650
FACT00926,P06,227,30
FACT00926,P04,543,3500
FACT00926,P07,179,28
FACT00654,P06,72,30
FACT00654,P05,371,45
FACT00654,P19,435,3800
FACT00654,P13,379,350
FACT01483,P10,280,20
FACT01483,P11,520,55
FACT01483,P13,489,350
FACT01483,P17,263,280
FACT09005,P04,153,3500
FACT09005,P14,183,450
FACT09005,P18,233,900
FACT09005,P06,571,30
FACT00884,P03,238,8000
FACT00884,P07,131,28
FACT00884,P02,512,350
FACT00884,P12,298,70
FACT00125,P06,352,30
FACT00125,P19,92,3800
FACT00125,P16,297,800
FACT00125,P20,383,2900
FACT07093,P12,241,70
FACT07093,P15,97,650
FACT07093,P02,76,350
FACT07093,P07,392,28
FACT06924,P11,317,55
FACT06924,P10,20,20
FACT06924,P08,294,65
FACT06924,P17,512,280
FACT07203,P17,415,280
FACT07203,P10,315,20
FACT07203,P12,393,70
FACT07203,P20,30,2900
FACT04663,P11,592,55
FACT04663,P18,371,900
FACT04663,P07,390,28
FACT04663,P08,48,65
FACT07112,P17,390,280
FACT07112,P19,378,3800
FACT07112,P12,354,70
FACT07112,P07,586,28
FACT09013,P17,390,280
FACT09013,P09,207,18
FACT09013,P15,558,650
FACT09013,P19,532,3800
FACT03014,P01,532,4500
FACT03014,P15,188,650
FACT03014,P02,595,350
FACT03014,P07,430,28
FACT05688,P07,485,28
FACT05688,P04,571,3500
FACT05688,P16,74,800
FACT05688,P17,534,280
FACT00378,P09,385,18
FACT00378,P05,412,45
FACT00378,P13,67,350
FACT00378,P04,499,3500
FACT07784,P02,505,350
FACT07784,P06,36,30
FACT07784,P03,312,8000
FACT07784,P07,522,28
FACT07972,P06,36,30
FACT07972,P03,174,8000
FACT07972,P05,520,45
FACT07972,P08,9,65
FACT09706,P02,102,350
FACT09706,P19,331,3800
FACT09706,P15,99,650
FACT09706,P17,209,280
FACT06616,P11,319,55
FACT06616,P13,369,350
FACT06616,P16,176,800
FACT06616,P18,356,900
FACT08752,P03,480,8000
FACT08752,P07,484,28
FACT08752,P01,425,4500
FACT08752,P14,205,450
FACT03525,P13,319,350
FACT03525,P18,249,900
FACT03525,P12,429,70
FACT03525,P16,377,800
FACT09101,P18,533,900
FACT09101,P17,486,280
FACT09101,P01,118,4500
FACT09101,P05,233,45
FACT01641,P10,477,20
FACT01641,P09,53,18
FACT01641,P01,229,4500
FACT01641,P18,418,900
FACT01764,P15,388,650
FACT01764,P06,407,30
FACT01764,P19,85,3800
FACT01764,P02,368,350
FACT06332,P01,88,4500
FACT06332,P15,407,650
FACT06332,P05,169,45
FACT06332,P19,571,3800
FACT03802,P11,216,55
FACT03802,P06,173,30
FACT03802,P09,369,18
FACT03802,P08,230,65
FACT04261,P09,15,18
FACT04261,P12,499,70
FACT04261,P10,538,20
FACT04261,P18,22,900
FACT05684,P16,445,800
FACT05684,P08,407,65
FACT05684,P13,176,350
FACT05684,P10,437,20
FACT07693,P12,335,70
FACT07693,P16,195,800
FACT07693,P11,217,55
FACT07693,P02,396,350
FACT06013,P15,21,650
FACT06013,P16,217,800
FACT06013,P10,313,20
FACT06013,P06,159,30
FACT06157,P03,255,8000
FACT06157,P19,83,3800
FACT06157,P14,423,450
FACT06157,P16,124,800
FACT02728,P08,351,65
FACT02728,P06,54,30
FACT02728,P11,402,55
FACT02728,P14,487,450
FACT04661,P06,210,30
FACT04661,P20,169,2900
FACT04661,P05,247,45
FACT04661,P01,195,4500
FACT08273,P08,277,65
FACT08273,P09,246,18
FACT08273,P19,276,3800
FACT08273,P15,141,650
FACT09490,P11,482,55
FACT09490,P16,570,800
FACT09490,P17,202,280
FACT09490,P02,286,350
FACT04070,P04,376,3500
FACT04070,P09,335,18
FACT04070,P15,306,650
FACT04070,P16,385,800
FACT07424,P15,504,650
FACT07424,P20,253,2900
FACT07424,P09,384,18
FACT07424,P08,226,65
FACT00761,P06,417,30
FACT00761,P01,145,4500
FACT00761,P12,190,70
FACT00761,P15,205,650
FACT09959,P19,186,3800
FACT09959,P01,528,4500
FACT09959,P11,342,55
FACT09959,P13,295,350
FACT01396,P05,120,45
FACT01396,P01,67,4500
FACT01396,P13,172,350
FACT01396,P15,275,650
FACT07767,P09,322,18
FACT07767,P05,535,45
FACT07767,P01,213,4500
FACT07767,P08,326,65
FACT05465,P17,528,280
FACT05465,P16,88,800
FACT05465,P10,484,20
FACT05465,P04,564,3500
FACT08224,P05,292,45
FACT08224,P07,43,28
FACT08224,P01,15,4500
FACT08224,P12,49,70
FACT07495,P19,80,3800
FACT07495,P08,462,65
FACT07495,P17,248,280
FACT07495,P04,246,3500
FACT06125,P16,253,800
FACT06125,P01,293,4500
FACT06125,P06,387,30
FACT06125,P07,301,28
FACT08272,P08,197,65
FACT08272,P19,14,3800
FACT08272,P20,145,2900
FACT08272,P12,484,70
FACT08137,P19,184,3800
FACT08137,P17,150,280
FACT08137,P10,26,20
FACT08137,P06,418,30
FACT05125,P19,495,3800
FACT05125,P01,322,4500
FACT05125,P13,50,350
FACT05125,P05,195,45
FACT00248,P05,381,45
FACT00248,P01,526,4500
FACT00248,P13,373,350
FACT00248,P04,379,3500
FACT03163,P06,344,30
FACT03163,P19,64,3800
FACT03163,P15,461,650
FACT03163,P01,360,4500
FACT01071,P12,173,70
FACT01071,P08,120,65
FACT01071,P03,42,8000
FACT01071,P05,219,45
FACT02262,P07,478,28
FACT02262,P19,557,3800
FACT02262,P14,244,450
FACT02262,P03,582,8000
FACT04319,P05,437,45
FACT04319,P07,52,28
FACT04319,P18,588,900
FACT04319,P19,294,3800
FACT07534,P09,209,18
FACT07534,P18,203,900
FACT07534,P17,269,280
FACT07534,P08,100,65
FACT04825,P08,243,65
FACT04825,P05,440,45
FACT04825,P04,582,3500
FACT04825,P16,476,800
FACT04488,P01,500,4500
FACT04488,P20,46,2900
FACT04488,P16,67,800
FACT04488,P03,113,8000
FACT09306,P06,394,30
FACT09306,P13,178,350
FACT09306,P12,176,70
FACT09306,P18,132,900
FACT07786,P09,277,18
FACT07786,P08,121,65
FACT07786,P04,494,3500
FACT07786,P17,313,280
FACT07688,P04,18,3500
FACT07688,P05,573,45
FACT07688,P16,416,800
FACT07688,P06,445,30
FACT00194,P12,531,70
FACT00194,P13,84,350
FACT00194,P07,91,28
FACT00194,P16,110,800
FACT06599,P11,130,55
FACT06599,P16,114,800
FACT06599,P18,579,900
FACT06599,P09,470,18
FACT02562,P10,538,20
FACT02562,P20,283,2900
FACT02562,P04,61,3500
FACT02562,P18,372,900
FACT00705,P12,379,70
FACT00705,P18,307,900
FACT00705,P04,72,3500
FACT00705,P19,137,3800
FACT01936,P10,542,20
FACT01936,P04,196,3500
FACT01936,P08,474,65
FACT01936,P01,173,4500
FACT00062,P10,349,20
FACT00062,P11,233,55
FACT00062,P17,474,280
FACT00062,P18,504,900
FACT05201,P14,242,450
FACT05201,P02,258,350
FACT05201,P08,45,65
FACT05201,P13,30,350
FACT06101,P13,303,350
FACT06101,P14,169,450
FACT06101,P18,397,900
FACT06101,P12,321,70
FACT00184,P11,32,55
FACT00184,P03,590,8000
FACT00184,P20,66,2900
FACT00184,P08,321,65
FACT08611,P16,204,800
FACT08611,P04,237,3500
FACT08611,P14,468,450
FACT08611,P19,578,3800
FACT07743,P11,190,55
FACT07743,P09,46,18
FACT07743,P20,214,2900
FACT07743,P01,43,4500
FACT04520,P09,263,18
FACT04520,P11,415,55
FACT04520,P01,70,4500
FACT04520,P15,26,650
FACT02636,P18,428,900
FACT02636,P16,169,800
FACT02636,P14,99,450
FACT02636,P15,147,650
FACT07427,P10,508,20
FACT07427,P15,532,650
FACT07427,P07,295,28
FACT07427,P08,387,65
FACT02115,P17,154,280
FACT02115,P20,504,2900
FACT02115,P15,77,650
FACT02115,P01,330,4500
FACT08806,P06,547,30
FACT08806,P01,350,4500
FACT08806,P05,439,45
FACT08806,P08,539,65
FACT09860,P08,164,65
FACT09860,P04,403,3500
FACT09860,P13,254,350
FACT09860,P11,15,55
FACT01795,P05,67,45
FACT01795,P10,318,20
FACT01795,P03,411,8000
FACT01795,P15,321,650
FACT01707,P04,491,3500
FACT01707,P10,329,20
FACT01707,P20,160,2900
FACT01707,P13,432,350
FACT07267,P03,26,8000
FACT07267,P02,147,350
FACT07267,P16,130,800
FACT07267,P07,152,28
FACT00235,P04,366,3500
FACT00235,P19,284,3800
FACT00235,P16,289,800
FACT00235,P08,222,65
FACT05610,P15,565,650
FACT05610,P04,122,3500
FACT05610,P05,267,45
FACT05610,P11,554,55
FACT03460,P01,253,4500
FACT03460,P02,265,350
FACT03460,P04,376,3500
FACT03460,P05,110,45
FACT09043,P01,57,4500
FACT09043,P03,596,8000
FACT09043,P14,519,450
FACT09043,P13,576,350
FACT01059,P03,286,8000
FACT01059,P08,21,65
FACT01059,P17,10,280
FACT01059,P07,238,28
FACT08200,P17,194,280
FACT08200,P06,262,30
FACT08200,P13,339,350
FACT08200,P16,107,800
FACT05949,P09,333,18
FACT05949,P08,479,65
FACT05949,P16,122,800
FACT05949,P19,393,3800
FACT01744,P16,101,800
FACT01744,P17,246,280
FACT01744,P14,393,450
FACT01744,P20,546,2900
FACT02732,P16,124,800
FACT02732,P10,221,20
FACT02732,P17,477,280
FACT02732,P18,65,900
FACT09211,P01,322,4500
FACT09211,P07,139,28
FACT09211,P17,539,280
FACT09211,P13,583,350
FACT08461,P15,449,650
FACT08461,P12,166,70
FACT08461,P09,348,18
FACT08461,P03,569,8000
FACT01326,P20,377,2900
FACT01326,P06,119,30
FACT01326,P17,245,280
FACT01326,P18,11,900
FACT01623,P07,597,28
FACT01623,P01,13,4500
FACT01623,P13,363,350
FACT01623,P03,185,8000
FACT01108,P06,584,30
FACT01108,P02,397,350
FACT01108,P14,297,450
FACT01108,P17,295,280
FACT02540,P08,409,65
FACT02540,P11,556,55
FACT02540,P07,200,28
FACT02540,P03,27,8000
FACT08785,P05,359,45
FACT08785,P16,302,800
FACT08785,P01,189,4500
FACT08785,P19,407,3800
FACT09847,P13,593,350
FACT09847,P15,538,650
FACT09847,P08,539,65
FACT09847,P05,108,45
FACT06444,P04,533,3500
FACT06444,P13,126,350
FACT06444,P06,18,30
FACT06444,P20,290,2900
FACT03245,P13,459,350
FACT03245,P05,531,45
FACT03245,P08,46,65
FACT03245,P14,118,450
FACT04234,P20,68,2900
FACT04234,P10,157,20
FACT04234,P07,497,28
FACT04234,P05,88,45
FACT07502,P09,130,18
FACT07502,P04,301,3500
FACT07502,P19,67,3800
FACT07502,P14,474,450
FACT04974,P09,227,18
FACT04974,P05,541,45
FACT04974,P15,591,650
FACT04974,P04,334,3500
FACT09421,P01,230,4500
FACT09421,P05,382,45
FACT09421,P19,377,3800
FACT09421,P15,99,650
FACT09873,P08,294,65
FACT09873,P20,507,2900
FACT09873,P02,539,350
FACT09873,P17,587,280
FACT04456,P18,308,900
FACT04456,P17,334,280
FACT04456,P13,216,350
FACT04456,P09,143,18
FACT03390,P17,563,280
FACT03390,P16,311,800
FACT03390,P09,212,18
FACT03390,P12,46,70
FACT06222,P11,535,55
FACT06222,P18,459,900
FACT06222,P04,584,3500
FACT06222,P08,304,65
FACT04983,P02,216,350
FACT04983,P08,597,65
FACT04983,P09,550,18
FACT04983,P07,35,28
FACT07894,P11,58,55
FACT07894,P17,398,280
FACT07894,P18,459,900
FACT07894,P12,485,70
FACT06288,P19,214,3800
FACT06288,P10,273,20
FACT06288,P16,482,800
FACT06288,P03,299,8000
FACT00100,P12,392,70
FACT00100,P09,590,18
FACT00100,P02,182,350
FACT00100,P11,95,55
FACT02552,P13,529,350
FACT02552,P08,254,65
FACT02552,P17,546,280
FACT02552,P06,292,30
FACT08873,P11,314,55
FACT08873,P12,220,70
FACT08873,P13,20,350
FACT08873,P15,257,650
FACT09042,P18,28,900
FACT09042,P10,230,20
FACT09042,P13,54,350
FACT09042,P19,274,3800
FACT05660,P04,174,3500
FACT05660,P02,464,350
FACT05660,P18,204,900
FACT05660,P08,523,65
FACT08245,P08,495,65
FACT08245,P04,470,3500
FACT08245,P02,444,350
FACT08245,P01,396,4500
FACT07857,P15,182,650
FACT07857,P14,112,450
FACT07857,P09,219,18
FACT07857,P12,515,70
FACT03620,P18,261,900
FACT03620,P20,351,2900
FACT03620,P01,221,4500
FACT03620,P07,580,28
FACT02970,P06,326,30
FACT02970,P09,570,18
FACT02970,P02,31,350
FACT02970,P16,535,800
FACT01111,P12,211,70
FACT01111,P15,110,650
FACT01111,P04,427,3500
FACT01111,P18,327,900
FACT08297,P17,566,280
FACT08297,P04,389,3500
FACT08297,P05,124,45
FACT08297,P10,175,20
FACT00033,P10,577,20
FACT00033,P19,426,3800
FACT00033,P12,433,70
FACT00033,P01,186,4500
FACT01743,P03,339,8000
FACT01743,P04,563,3500
FACT01743,P19,99,3800
FACT01743,P11,460,55
FACT02516,P02,25,350
FACT02516,P20,408,2900
FACT02516,P06,412,30
FACT02516,P14,19,450
FACT00368,P10,544,20
FACT00368,P04,88,3500
FACT00368,P11,469,55
FACT00368,P14,205,450
FACT08721,P19,540,3800
FACT08721,P18,48,900
FACT08721,P09,527,18
FACT08721,P04,491,3500
FACT02827,P20,339,2900
FACT02827,P08,57,65
FACT02827,P04,13,3500
FACT02827,P17,438,280
FACT04829,P01,551,4500
FACT04829,P19,548,3800
FACT04829,P14,379,450
FACT04829,P11,43,55
FACT06974,P01,391,4500
FACT06974,P09,333,18
FACT06974,P17,260,280
FACT06974,P06,594,30
FACT04621,P17,261,280
FACT04621,P09,58,18
FACT04621,P14,501,450
FACT04621,P13,457,350
FACT01818,P12,163,70
FACT01818,P02,192,350
FACT01818,P11,188,55
FACT01818,P20,600,2900
FACT05868,P06,100,30
FACT05868,P07,363,28
FACT05868,P10,600,20
FACT05868,P05,399,45
FACT06356,P10,376,20
FACT06356,P05,277,45
FACT06356,P12,456,70
FACT06356,P06,159,30
FACT02780,P12,598,70
FACT02780,P03,262,8000
FACT02780,P04,54,3500
FACT02780,P11,140,55
FACT03886,P14,138,450
FACT03886,P15,345,650
FACT03886,P11,236,55
FACT03886,P01,464,4500
FACT00882,P08,215,65
FACT00882,P14,257,450
FACT00882,P02,160,350
FACT00882,P04,84,3500
FACT09854,P02,408,350
FACT09854,P03,237,8000
FACT09854,P08,120,65
FACT09854,P13,535,350
FACT05917,P10,295,20
FACT05917,P14,390,450
FACT05917,P12,542,70
FACT05917,P07,460,28
FACT06109,P17,277,280
FACT06109,P10,51,20
FACT06109,P04,154,3500
FACT06109,P05,185,45
FACT04641,P18,468,900
FACT04641,P08,578,65
FACT04641,P10,475,20
FACT04641,P09,189,18
FACT06596,P19,513,3800
FACT06596,P17,208,280
FACT06596,P14,339,450
FACT06596,P09,85,18
FACT04218,P19,198,3800
FACT04218,P15,151,650
FACT04218,P03,585,8000
FACT04218,P17,398,280
FACT03816,P19,343,3800
FACT03816,P09,533,18
FACT03816,P06,28,30
FACT03816,P07,566,28
FACT00393,P07,141,28
FACT00393,P12,299,70
FACT00393,P05,371,45
FACT00393,P01,44,4500
FACT03058,P10,125,20
FACT03058,P06,75,30
FACT03058,P12,12,70
FACT03058,P14,20,450
FACT02036,P19,456,3800
FACT02036,P08,558,65
FACT02036,P06,356,30
FACT02036,P16,575,800
FACT03561,P04,120,3500
FACT03561,P11,336,55
FACT03561,P17,555,280
FACT03561,P01,415,4500
FACT09412,P16,357,800
FACT09412,P03,245,8000
FACT09412,P07,9,28
FACT09412,P14,567,450
FACT05772,P10,327,20
FACT05772,P12,217,70
FACT05772,P03,225,8000
FACT05772,P04,367,3500
FACT00501,P19,299,3800
FACT00501,P08,108,65
FACT00501,P18,265,900
FACT00501,P07,524,28
FACT06261,P05,512,45
FACT06261,P06,264,30
FACT06261,P17,516,280
FACT06261,P20,180,2900
FACT09405,P16,50,800
FACT09405,P12,424,70
FACT09405,P13,464,350
FACT09405,P11,390,55
FACT06964,P04,487,3500
FACT06964,P13,107,350
FACT06964,P15,197,650
FACT06964,P12,298,70
FACT03649,P09,229,18
FACT03649,P03,159,8000
FACT03649,P06,367,30
FACT03649,P01,318,4500
FACT09603,P09,440,18
FACT09603,P13,144,350
FACT09603,P17,556,280
FACT09603,P12,390,70
FACT07646,P03,113,8000
FACT07646,P02,231,350
FACT07646,P06,326,30
FACT07646,P04,587,3500
FACT07741,P19,320,3800
FACT07741,P06,287,30
FACT07741,P14,289,450
FACT07741,P01,318,4500
FACT03452,P06,140,30
FACT03452,P11,183,55
FACT03452,P13,509,350
FACT03452,P03,444,8000
FACT03798,P15,302,650
FACT03798,P19,568,3800
FACT03798,P16,497,800
FACT03798,P18,346,900
FACT07023,P14,444,450
FACT07023,P11,357,55
FACT07023,P09,134,18
FACT07023,P05,408,45
FACT02283,P03,485,8000
FACT02283,P06,486,30
FACT02283,P12,299,70
FACT02283,P01,328,4500
FACT07863,P18,281,900
FACT07863,P09,42,18
FACT07863,P20,580,2900
FACT07863,P07,359,28
FACT08688,P07,270,28
FACT08688,P20,549,2900
FACT08688,P17,295,280
FACT08688,P11,496,55
FACT06641,P02,309,350
FACT06641,P05,51,45
FACT06641,P20,400,2900
FACT06641,P03,600,8000
FACT00108,P17,365,280
FACT00108,P05,358,45
FACT00108,P01,291,4500
FACT00108,P04,417,3500
FACT06536,P09,19,18
FACT06536,P14,182,450
FACT06536,P17,392,280
FACT06536,P19,289,3800
FACT09313,P14,281,450
FACT09313,P17,397,280
FACT09313,P19,35,3800
FACT09313,P04,304,3500
FACT02521,P01,415,4500
FACT02521,P08,432,65
FACT02521,P06,28,30
FACT02521,P11,365,55
FACT04951,P06,298,30
FACT04951,P05,561,45
FACT04951,P16,96,800
FACT04951,P12,388,70
FACT06023,P08,191,65
FACT06023,P09,280,18
FACT06023,P05,475,45
FACT06023,P01,88,4500
FACT08860,P01,37,4500
FACT08860,P11,384,55
FACT08860,P18,11,900
FACT08860,P02,566,350
FACT07629,P06,392,30
FACT07629,P08,527,65
FACT07629,P18,98,900
FACT07629,P04,591,3500
FACT00857,P20,173,2900
FACT00857,P06,212,30
FACT00857,P04,380,3500
FACT00857,P10,531,20
FACT06455,P08,407,65
FACT06455,P06,277,30
FACT06455,P17,34,280
FACT06455,P02,499,350
FACT06922,P15,428,650
FACT06922,P09,386,18
FACT06922,P20,456,2900
FACT06922,P02,124,350
FACT06816,P17,68,280
FACT06816,P13,464,350
FACT06816,P04,266,3500
FACT06816,P16,446,800
FACT09965,P11,335,55
FACT09965,P03,434,8000
FACT09965,P12,444,70
FACT09965,P09,575,18
FACT09842,P10,310,20
FACT09842,P06,255,30
FACT09842,P14,160,450
FACT09842,P11,162,55
FACT01223,P13,356,350
FACT01223,P02,595,350
FACT01223,P05,7,45
FACT01223,P16,436,800
FACT02947,P01,585,4500
FACT02947,P18,418,900
FACT02947,P02,559,350
FACT02947,P05,454,45
FACT03768,P07,181,28
FACT03768,P10,67,20
FACT03768,P04,280,3500
FACT03768,P17,483,280
FACT02625,P04,532,3500
FACT02625,P14,437,450
FACT02625,P20,591,2900
FACT02625,P15,187,650
FACT08810,P19,80,3800
FACT08810,P05,277,45
FACT08810,P20,421,2900
FACT08810,P16,122,800
FACT00626,P10,508,20
FACT00626,P03,415,8000
FACT00626,P04,307,3500
FACT00626,P19,45,3800
FACT09252,P08,504,65
FACT09252,P01,580,4500
FACT09252,P12,467,70
FACT09252,P04,237,3500
FACT05784,P03,131,8000
FACT05784,P14,469,450
FACT05784,P19,393,3800
FACT05784,P06,155,30
FACT02015,P06,478,30
FACT02015,P13,135,350
FACT02015,P19,234,3800
FACT02015,P04,589,3500
FACT06191,P04,523,3500
FACT06191,P18,581,900
FACT06191,P09,225,18
FACT06191,P02,193,350
FACT03876,P18,125,900
FACT03876,P09,264,18
FACT03876,P07,200,28
FACT03876,P06,417,30
FACT08128,P10,206,20
FACT08128,P07,594,28
FACT08128,P16,157,800
FACT08128,P13,542,350
FACT08257,P15,196,650
FACT08257,P08,523,65
FACT08257,P19,144,3800
FACT08257,P16,351,800
FACT09935,P02,135,350
FACT09935,P17,357,280
FACT09935,P07,455,28
FACT09935,P16,182,800
FACT06293,P18,82,900
FACT06293,P06,6,30
FACT06293,P03,11,8000
FACT06293,P04,190,3500
FACT08851,P16,562,800
FACT08851,P12,558,70
FACT08851,P15,308,650
FACT08851,P01,564,4500
FACT07570,P17,449,280
FACT07570,P07,511,28
FACT07570,P06,415,30
FACT07570,P13,402,350
FACT07763,P19,509,3800
FACT07763,P11,527,55
FACT07763,P08,270,65
FACT07763,P09,411,18
FACT03069,P10,354,20
FACT03069,P06,497,30
FACT03069,P18,417,900
FACT03069,P15,524,650
FACT04228,P17,382,280
FACT04228,P06,529,30
FACT04228,P02,23,350
FACT04228,P10,122,20
FACT01007,P16,429,800
FACT01007,P12,259,70
FACT01007,P04,137,3500
FACT01007,P17,385,280
FACT04946,P19,427,3800
FACT04946,P03,579,8000
FACT04946,P12,466,70
FACT04946,P10,38,20
FACT04363,P10,75,20
FACT04363,P12,435,70
FACT04363,P04,122,3500
FACT04363,P05,171,45
FACT06517,P03,262,8000
FACT06517,P11,222,55
FACT06517,P20,309,2900
FACT06517,P08,375,65
FACT02615,P15,328,650
FACT02615,P05,25,45
FACT02615,P09,467,18
FACT02615,P08,229,65
FACT07660,P05,116,45
FACT07660,P06,345,30
FACT07660,P19,242,3800
FACT07660,P12,89,70
FACT08054,P10,584,20
FACT08054,P11,403,55
FACT08054,P03,424,8000
FACT08054,P15,594,650
FACT08924,P01,385,4500
FACT08924,P02,309,350
FACT08924,P06,493,30
FACT08924,P12,473,70
FACT06952,P02,487,350
FACT06952,P15,251,650
FACT06952,P05,27,45
FACT06952,P11,11,55
FACT03060,P07,541,28
FACT03060,P01,570,4500
FACT03060,P16,536,800
FACT03060,P04,547,3500
FACT06208,P02,149,350
FACT06208,P11,308,55
FACT06208,P06,247,30
FACT06208,P15,594,650
FACT02933,P13,438,350
FACT02933,P12,16,70
FACT02933,P01,188,4500
FACT02933,P03,467,8000
FACT06792,P15,62,650
FACT06792,P13,83,350
FACT06792,P04,30,3500
FACT06792,P03,399,8000
FACT06790,P07,111,28
FACT06790,P09,181,18
FACT06790,P10,476,20
FACT06790,P01,31,4500
FACT04176,P09,590,18
FACT04176,P07,528,28
FACT04176,P04,50,3500
FACT04176,P11,543,55
FACT03782,P16,389,800
FACT03782,P11,304,55
FACT03782,P14,578,450
FACT03782,P07,35,28
FACT05134,P05,409,45
FACT05134,P18,245,900
FACT05134,P11,78,55
FACT05134,P17,160,280
FACT09709,P12,593,70
FACT09709,P17,333,280
FACT09709,P11,79,55
FACT09709,P09,257,18
FACT03650,P16,256,800
FACT03650,P09,202,18
FACT03650,P20,567,2900
FACT03650,P03,280,8000
FACT05000,P03,455,8000
FACT05000,P17,473,280
FACT05000,P12,127,70
FACT05000,P09,599,18
FACT04378,P20,402,2900
FACT04378,P01,397,4500
FACT04378,P09,136,18
FACT04378,P02,146,350
FACT02773,P01,241,4500
FACT02773,P07,458,28
FACT02773,P05,590,45
FACT02773,P15,304,650
FACT02830,P05,295,45
FACT02830,P09,280,18
FACT02830,P11,425,55
FACT02830,P08,517,65
FACT09623,P11,351,55
FACT09623,P16,569,800
FACT09623,P08,552,65
FACT09623,P09,549,18
FACT03572,P13,21,350
FACT03572,P11,94,55
FACT03572,P16,24,800
FACT03572,P12,228,70
FACT02353,P03,46,8000
FACT02353,P04,105,3500
FACT02353,P13,160,350
FACT02353,P07,69,28
FACT02962,P14,569,450
FACT02962,P15,313,650
FACT02962,P07,131,28
FACT02962,P12,557,70
FACT03419,P01,226,4500
FACT03419,P20,51,2900
FACT03419,P16,71,800
FACT03419,P19,555,3800
FACT09023,P12,390,70
FACT09023,P05,59,45
FACT09023,P04,16,3500
FACT09023,P17,295,280
FACT01205,P03,140,8000
FACT01205,P15,78,650
FACT01205,P14,563,450
FACT01205,P12,172,70
FACT08355,P07,263,28
FACT08355,P11,338,55
FACT08355,P12,554,70
FACT08355,P08,567,65
FACT08072,P01,495,4500
FACT08072,P17,248,280
FACT08072,P13,446,350
FACT08072,P02,51,350
FACT04414,P06,572,30
FACT04414,P14,334,450
FACT04414,P03,84,8000
FACT04414,P20,424,2900
FACT09787,P03,381,8000
FACT09787,P15,214,650
FACT09787,P14,554,450
FACT09787,P07,475,28
FACT06423,P14,573,450
FACT06423,P13,307,350
FACT06423,P19,192,3800
FACT06423,P09,167,18
FACT04842,P20,340,2900
FACT04842,P15,237,650
FACT04842,P08,108,65
FACT04842,P10,475,20
FACT05311,P07,327,28
FACT05311,P05,164,45
FACT05311,P11,450,55
FACT05311,P04,15,3500
FACT06890,P17,258,280
FACT06890,P15,70,650
FACT06890,P19,408,3800
FACT06890,P01,528,4500
FACT00251,P19,72,3800
FACT00251,P12,386,70
FACT00251,P01,217,4500
FACT00251,P09,384,18
FACT08172,P05,253,45
FACT08172,P17,594,280
FACT08172,P09,342,18
FACT08172,P14,15,450
FACT04233,P04,402,3500
FACT04233,P16,387,800
FACT04233,P01,239,4500
FACT04233,P15,65,650
FACT04785,P10,112,20
FACT04785,P03,568,8000
FACT04785,P09,511,18
FACT04785,P15,589,650
FACT03125,P15,497,650
FACT03125,P06,239,30
FACT03125,P05,151,45
FACT03125,P10,582,20
FACT08202,P01,218,4500
FACT08202,P19,572,3800
FACT08202,P12,381,70
FACT08202,P13,52,350
FACT01057,P02,342,350
FACT01057,P06,359,30
FACT01057,P18,398,900
FACT01057,P13,520,350
FACT09738,P13,579,350
FACT09738,P12,190,70
FACT09738,P02,423,350
FACT09738,P18,222,900
FACT04731,P02,46,350
FACT04731,P10,458,20
FACT04731,P15,551,650
FACT04731,P14,105,450
FACT05681,P12,148,70
FACT05681,P15,353,650
FACT05681,P10,416,20
FACT05681,P11,182,55
FACT00918,P06,220,30
FACT00918,P07,6,28
FACT00918,P20,390,2900
FACT00918,P14,85,450
FACT03180,P15,356,650
FACT03180,P18,527,900
FACT03180,P09,193,18
FACT03180,P17,589,280
FACT09740,P10,44,20
FACT09740,P17,222,280
FACT09740,P20,338,2900
FACT09740,P02,261,350
FACT03366,P05,255,45
FACT03366,P18,489,900
FACT03366,P19,504,3800
FACT03366,P14,201,450
FACT00604,P20,456,2900
FACT00604,P08,229,65
FACT00604,P17,484,280
FACT00604,P01,336,4500
FACT02681,P17,516,280
FACT02681,P12,181,70
FACT02681,P11,371,55
FACT02681,P18,89,900
FACT09001,P11,301,55
FACT09001,P04,310,3500
FACT09001,P05,487,45
FACT09001,P20,398,2900
FACT04503,P19,423,3800
FACT04503,P10,258,20
FACT04503,P05,206,45
FACT04503,P09,86,18
FACT03901,P03,503,8000
FACT03901,P18,268,900
FACT03901,P09,408,18
FACT03901,P08,559,65
FACT00983,P10,148,20
FACT00983,P14,223,450
FACT00983,P02,521,350
FACT00983,P11,85,55
FACT04554,P03,184,8000
FACT04554,P01,35,4500
FACT04554,P12,94,70
FACT04554,P16,304,800
FACT06774,P18,70,900
FACT06774,P05,108,45
FACT06774,P03,131,8000
FACT06774,P10,444,20
FACT00099,P15,245,650
FACT00099,P07,37,28
FACT00099,P04,40,3500
FACT00099,P18,193,900
FACT08737,P08,294,65
FACT08737,P07,289,28
FACT08737,P16,332,800
FACT08737,P03,173,8000
FACT07643,P12,275,70
FACT07643,P18,158,900
FACT07643,P04,89,3500
FACT07643,P06,385,30
FACT09438,P03,480,8000
FACT09438,P06,137,30
FACT09438,P17,140,280
FACT09438,P08,356,65
FACT04253,P01,27,4500
FACT04253,P09,587,18
FACT04253,P15,548,650
FACT04253,P03,582,8000
FACT03409,P12,301,70
FACT03409,P08,552,65
FACT03409,P19,292,3800
FACT03409,P02,340,350
FACT07081,P03,180,8000
FACT07081,P09,499,18
FACT07081,P05,212,45
FACT07081,P17,105,280
FACT09451,P11,140,55
FACT09451,P01,322,4500
FACT09451,P17,143,280
FACT09451,P04,62,3500
FACT04206,P08,212,65
FACT04206,P15,594,650
FACT04206,P04,281,3500
FACT04206,P06,191,30
FACT08404,P04,143,3500
FACT08404,P05,462,45
FACT08404,P08,66,65
FACT08404,P12,363,70
FACT02946,P04,345,3500
FACT02946,P18,433,900
FACT02946,P03,359,8000
FACT02946,P05,77,45
FACT07083,P14,189,450
FACT07083,P04,228,3500
FACT07083,P17,81,280
FACT07083,P05,444,45
FACT09581,P03,514,8000
FACT09581,P02,48,350
FACT09581,P13,501,350
FACT09581,P09,477,18
FACT01068,P07,599,28
FACT01068,P13,182,350
FACT01068,P15,72,650
FACT01068,P18,31,900
FACT04786,P06,263,30
FACT04786,P14,258,450
FACT04786,P07,315,28
FACT04786,P10,53,20
FACT03005,P12,518,70
FACT03005,P09,393,18
FACT03005,P20,361,2900
FACT03005,P10,512,20
FACT06521,P16,119,800
FACT06521,P17,155,280
FACT06521,P09,321,18
FACT06521,P06,535,30
FACT02475,P10,372,20
FACT02475,P05,581,45
FACT02475,P06,33,30
FACT02475,P13,323,350
FACT06553,P09,167,18
FACT06553,P04,77,3500
FACT06553,P20,426,2900
FACT06553,P15,356,650
FACT03322,P20,186,2900
FACT03322,P12,119,70
FACT03322,P16,511,800
FACT03322,P18,244,900
FACT09784,P01,252,4500
FACT09784,P12,383,70
FACT09784,P09,456,18
FACT09784,P06,255,30
FACT00617,P08,6,65
FACT00617,P02,504,350
FACT00617,P09,124,18
FACT00617,P01,115,4500
FACT04923,P12,485,70
FACT04923,P11,583,55
FACT04923,P14,305,450
FACT04923,P16,185,800
FACT09896,P20,136,2900
FACT09896,P19,589,3800
FACT09896,P01,360,4500
FACT09896,P11,173,55
FACT04816,P12,226,70
FACT04816,P06,285,30
FACT04816,P08,249,65
FACT04816,P10,265,20
FACT01152,P20,8,2900
FACT01152,P08,495,65
FACT01152,P02,230,350
FACT01152,P05,325,45
FACT09791,P16,50,800
FACT09791,P05,47,45
FACT09791,P18,354,900
FACT09791,P11,320,55
FACT04992,P06,74,30
FACT04992,P03,393,8000
FACT04992,P20,199,2900
FACT04992,P14,110,450
FACT02410,P03,327,8000
FACT02410,P01,285,4500
FACT02410,P06,65,30
FACT02410,P08,536,65
FACT01953,P10,163,20
FACT01953,P20,173,2900
FACT01953,P17,501,280
FACT01953,P06,369,30
FACT07089,P11,296,55
FACT07089,P15,458,650
FACT07089,P19,569,3800
FACT07089,P18,417,900
FACT01372,P20,119,2900
FACT01372,P06,427,30
FACT01372,P02,107,350
FACT01372,P11,11,55
FACT05169,P01,180,4500
FACT05169,P09,599,18
FACT05169,P15,117,650
FACT05169,P06,545,30
FACT07227,P17,353,280
FACT07227,P14,537,450
FACT07227,P10,127,20
FACT07227,P11,423,55
FACT07821,P16,531,800
FACT07821,P18,253,900
FACT07821,P09,361,18
FACT07821,P02,510,350
FACT09642,P17,523,280
FACT09642,P05,304,45
FACT09642,P15,187,650
FACT09642,P03,563,8000
FACT07323,P08,84,65
FACT07323,P07,113,28
FACT07323,P14,543,450
FACT07323,P10,372,20
FACT09226,P19,91,3800
FACT09226,P11,254,55
FACT09226,P04,548,3500
FACT09226,P10,243,20
FACT08521,P05,27,45
FACT08521,P17,316,280
FACT08521,P04,419,3500
FACT08521,P09,194,18
FACT04679,P01,79,4500
FACT04679,P08,176,65
FACT04679,P05,23,45
FACT04679,P14,95,450
FACT05413,P11,267,55
FACT05413,P14,377,450
FACT05413,P17,572,280
FACT05413,P20,35,2900
FACT07568,P14,245,450
FACT07568,P20,291,2900
FACT07568,P03,146,8000
FACT07568,P13,474,350
FACT00329,P09,442,18
FACT00329,P02,187,350
FACT00329,P20,140,2900
FACT00329,P07,570,28
FACT03149,P08,542,65
FACT03149,P13,288,350
FACT03149,P06,66,30
FACT03149,P12,312,70
FACT00150,P07,320,28
FACT00150,P15,486,650
FACT00150,P18,266,900
FACT00150,P11,393,55
FACT01476,P15,365,650
FACT01476,P08,544,65
FACT01476,P14,574,450
FACT01476,P01,238,4500
FACT00618,P13,487,350
FACT00618,P06,566,30
FACT00618,P10,332,20
FACT00618,P11,147,55
FACT05005,P08,230,65
FACT05005,P01,322,4500
FACT05005,P16,512,800
FACT05005,P15,131,650
FACT07173,P01,214,4500
FACT07173,P07,208,28
FACT07173,P09,365,18
FACT07173,P06,43,30
FACT05147,P11,126,55
FACT05147,P20,349,2900
FACT05147,P13,476,350
FACT05147,P19,577,3800
FACT04479,P03,489,8000
FACT04479,P20,525,2900
FACT04479,P10,74,20
FACT04479,P16,462,800
FACT03347,P13,507,350
FACT03347,P07,533,28
FACT03347,P11,377,55
FACT03347,P14,141,450
FACT08647,P03,419,8000
FACT08647,P08,140,65
FACT08647,P13,28,350
FACT08647,P12,231,70
FACT09477,P04,471,3500
FACT09477,P08,192,65
FACT09477,P17,60,280
FACT09477,P10,504,20
FACT05312,P14,447,450
FACT05312,P15,450,650
FACT05312,P11,150,55
FACT05312,P02,444,350
FACT09772,P15,483,650
FACT09772,P20,336,2900
FACT09772,P05,132,45
FACT09772,P19,490,3800
FACT03025,P06,193,30
FACT03025,P08,316,65
FACT03025,P19,508,3800
FACT03025,P12,530,70
FACT04297,P09,208,18
FACT04297,P19,119,3800
FACT04297,P11,143,55
FACT04297,P02,487,350
FACT05012,P15,416,650
FACT05012,P02,244,350
FACT05012,P18,160,900
FACT05012,P12,243,70
FACT02558,P18,18,900
FACT02558,P16,534,800
FACT02558,P06,530,30
FACT02558,P17,279,280
FACT04094,P13,600,350
FACT04094,P09,249,18
FACT04094,P03,120,8000
FACT04094,P15,533,650
FACT04717,P19,189,3800
FACT04717,P08,572,65
FACT04717,P04,446,3500
FACT04717,P13,103,350
FACT04831,P14,297,450
FACT04831,P09,186,18
FACT04831,P10,538,20
FACT04831,P02,400,350
FACT05853,P05,521,45
FACT05853,P14,285,450
FACT05853,P20,454,2900
FACT05853,P13,278,350
FACT07594,P19,17,3800
FACT07594,P07,325,28
FACT07594,P03,35,8000
FACT07594,P20,260,2900
FACT04913,P20,500,2900
FACT04913,P05,278,45
FACT04913,P13,426,350
FACT04913,P15,189,650
FACT03731,P20,499,2900
FACT03731,P07,271,28
FACT03731,P11,373,55
FACT03731,P17,378,280
FACT03317,P04,409,3500
FACT03317,P16,149,800
FACT03317,P13,331,350
FACT03317,P10,386,20
FACT06734,P13,221,350
FACT06734,P08,258,65
FACT06734,P01,268,4500
FACT06734,P07,80,28
FACT05523,P10,10,20
FACT05523,P19,77,3800
FACT05523,P18,281,900
FACT05523,P11,535,55
FACT05486,P14,474,450
FACT05486,P19,403,3800
FACT05486,P15,26,650
FACT05486,P02,217,350
FACT03022,P04,574,3500
FACT03022,P19,173,3800
FACT03022,P05,306,45
FACT03022,P07,473,28
FACT01601,P04,389,3500
FACT01601,P03,304,8000
FACT01601,P05,538,45
FACT01601,P06,437,30
FACT04033,P18,451,900
FACT04033,P06,511,30
FACT04033,P02,344,350
FACT04033,P12,148,70
FACT09987,P06,135,30
FACT09987,P17,153,280
FACT09987,P08,117,65
FACT09987,P09,566,18
FACT09491,P19,432,3800
FACT09491,P09,349,18
FACT09491,P01,306,4500
FACT09491,P16,228,800
FACT07902,P01,170,4500
FACT07902,P11,495,55
FACT07902,P10,181,20
FACT07902,P04,259,3500
FACT07225,P01,542,4500
FACT07225,P07,473,28
FACT07225,P08,358,65
FACT07225,P04,496,3500
FACT04639,P12,331,70
FACT04639,P10,90,20
FACT04639,P13,448,350
FACT04639,P06,405,30
FACT02216,P15,19,650
FACT02216,P10,424,20
FACT02216,P06,146,30
FACT02216,P11,232,55
FACT05014,P14,154,450
FACT05014,P09,473,18
FACT05014,P11,311,55
FACT05014,P13,9,350
FACT08295,P09,440,18
FACT08295,P18,189,900
FACT08295,P08,419,65
FACT08295,P20,477,2900
FACT05443,P06,464,30
FACT05443,P17,360,280
FACT05443,P07,333,28
FACT05443,P03,516,8000
FACT07406,P19,138,3800
FACT07406,P06,35,30
FACT07406,P02,375,350
FACT07406,P01,222,4500
FACT01912,P04,507,3500
FACT01912,P02,52,350
FACT01912,P09,34,18
FACT01912,P01,488,4500
FACT01525,P18,269,900
FACT01525,P11,187,55
FACT01525,P04,128,3500
FACT01525,P09,370,18
FACT02570,P08,495,65
FACT02570,P03,566,8000
FACT02570,P12,175,70
FACT02570,P19,572,3800
FACT03403,P01,268,4500
FACT03403,P02,375,350
FACT03403,P09,112,18
FACT03403,P10,161,20
FACT06398,P07,383,28
FACT06398,P16,196,800
FACT06398,P15,312,650
FACT06398,P04,280,3500
FACT07619,P08,524,65
FACT07619,P14,129,450
FACT07619,P03,398,8000
FACT07619,P18,120,900
FACT06531,P17,10,280
FACT06531,P11,92,55
FACT06531,P20,307,2900
FACT06531,P19,407,3800
FACT07580,P05,425,45
FACT07580,P06,58,30
FACT07580,P11,226,55
FACT07580,P01,461,4500
FACT08379,P18,418,900
FACT08379,P13,516,350
FACT08379,P17,246,280
FACT08379,P03,198,8000
FACT02129,P03,336,8000
FACT02129,P06,122,30
FACT02129,P18,270,900
FACT02129,P05,18,45
FACT02748,P14,216,450
FACT02748,P06,39,30
FACT02748,P05,162,45
FACT02748,P02,242,350
FACT03374,P03,30,8000
FACT03374,P07,597,28
FACT03374,P16,63,800
FACT03374,P15,23,650
FACT09898,P14,238,450
FACT09898,P04,143,3500
FACT09898,P06,571,30
FACT09898,P18,553,900
FACT09639,P17,161,280
FACT09639,P16,31,800
FACT09639,P04,38,3500
FACT09639,P08,479,65
FACT05796,P12,375,70
FACT05796,P14,558,450
FACT05796,P06,141,30
FACT05796,P08,237,65
FACT07598,P18,203,900
FACT07598,P14,86,450
FACT07598,P11,193,55
FACT07598,P06,414,30
FACT04309,P20,272,2900
FACT04309,P16,17,800
FACT04309,P14,557,450
FACT04309,P03,61,8000
FACT04433,P20,587,2900
FACT04433,P13,61,350
FACT04433,P02,160,350
FACT04433,P03,578,8000
FACT02019,P04,344,3500
FACT02019,P14,494,450
FACT02019,P19,583,3800
FACT02019,P01,32,4500
FACT06150,P15,571,650
FACT06150,P02,335,350
FACT06150,P13,60,350
FACT06150,P12,329,70
FACT09778,P16,20,800
FACT09778,P09,594,18
FACT09778,P03,208,8000
FACT09778,P15,443,650
FACT09964,P18,18,900
FACT09964,P09,258,18
FACT09964,P06,577,30
FACT09964,P03,275,8000
FACT05234,P08,366,65
FACT05234,P07,298,28
FACT05234,P20,468,2900
FACT05234,P01,489,4500
FACT02222,P18,388,900
FACT02222,P14,120,450
FACT02222,P17,98,280
FACT02222,P05,369,45
FACT02880,P11,282,55
FACT02880,P16,468,800
FACT02880,P01,583,4500
FACT02880,P07,275,28
FACT07851,P01,519,4500
FACT07851,P07,395,28
FACT07851,P17,270,280
FACT07851,P18,470,900
FACT07000,P12,384,70
FACT07000,P19,275,3800
FACT07000,P14,380,450
FACT07000,P02,57,350
FACT09707,P15,76,650
FACT09707,P07,556,28
FACT09707,P04,13,3500
FACT09707,P01,238,4500
FACT06810,P08,206,65
FACT06810,P03,513,8000
FACT06810,P06,340,30
FACT06810,P09,40,18
FACT04799,P02,562,350
FACT04799,P06,214,30
FACT04799,P17,209,280
FACT04799,P09,103,18
FACT09300,P07,212,28
FACT09300,P03,9,8000
FACT09300,P10,222,20
FACT09300,P17,7,280
FACT01792,P17,386,280
FACT01792,P06,174,30
FACT01792,P10,86,20
FACT01792,P01,233,4500
FACT07704,P07,148,28
FACT07704,P11,94,55
FACT07704,P20,474,2900
FACT07704,P09,95,18
FACT08592,P10,168,20
FACT08592,P11,582,55
FACT08592,P12,340,70
FACT08592,P17,196,280
FACT05338,P03,81,8000
FACT05338,P10,9,20
FACT05338,P08,483,65
FACT05338,P19,326,3800
FACT03735,P06,72,30
FACT03735,P07,351,28
FACT03735,P10,164,20
FACT03735,P18,514,900
FACT06163,P11,89,55
FACT06163,P10,317,20
FACT06163,P01,122,4500
FACT06163,P06,295,30
FACT07805,P15,167,650
FACT07805,P19,587,3800
FACT07805,P04,361,3500
FACT07805,P20,449,2900
FACT02731,P11,399,55
FACT02731,P09,526,18
FACT02731,P03,393,8000
FACT02731,P02,420,350
FACT02102,P03,234,8000
FACT02102,P09,228,18
FACT02102,P07,354,28
FACT02102,P01,475,4500
FACT05994,P12,453,70
FACT05994,P01,235,4500
FACT05994,P17,222,280
FACT05994,P19,32,3800
FACT00263,P06,519,30
FACT00263,P11,483,55
FACT00263,P05,202,45
FACT00263,P14,234,450
FACT08458,P05,525,45
FACT08458,P19,17,3800
FACT08458,P11,34,55
FACT08458,P13,320,350
FACT08803,P06,469,30
FACT08803,P13,23,350
FACT08803,P19,451,3800
FACT08803,P17,377,280
FACT09912,P13,573,350
FACT09912,P08,163,65
FACT09912,P17,430,280
FACT09912,P09,377,18
FACT09447,P20,120,2900
FACT09447,P13,295,350
FACT09447,P02,157,350
FACT09447,P14,35,450
FACT08372,P10,311,20
FACT08372,P15,358,650
FACT08372,P14,520,450
FACT08372,P01,594,4500
FACT07980,P11,204,55
FACT07980,P19,351,3800
FACT07980,P05,578,45
FACT07980,P17,10,280
FACT09559,P14,456,450
FACT09559,P03,474,8000
FACT09559,P13,464,350
FACT09559,P15,404,650
FACT05020,P08,299,65
FACT05020,P10,174,20
FACT05020,P05,477,45
FACT05020,P12,59,70
FACT03755,P19,126,3800
FACT03755,P07,263,28
FACT03755,P13,318,350
FACT03755,P20,205,2900
FACT08003,P17,411,280
FACT08003,P05,155,45
FACT08003,P03,461,8000
FACT08003,P14,302,450
FACT01827,P17,201,280
FACT01827,P18,210,900
FACT01827,P10,479,20
FACT01827,P02,145,350
FACT00037,P19,69,3800
FACT00037,P05,77,45
FACT00037,P18,370,900
FACT00037,P11,140,55
FACT08415,P04,552,3500
FACT08415,P10,97,20
FACT08415,P16,211,800
FACT08415,P13,161,350
FACT04595,P20,280,2900
FACT04595,P06,492,30
FACT04595,P12,357,70
FACT04595,P15,268,650
FACT09899,P11,406,55
FACT09899,P18,367,900
FACT09899,P05,341,45
FACT09899,P09,46,18
FACT06689,P20,326,2900
FACT06689,P14,599,450
FACT06689,P16,42,800
FACT06689,P12,37,70
FACT02839,P19,527,3800
FACT02839,P13,314,350
FACT02839,P14,86,450
FACT02839,P16,253,800
FACT05224,P13,427,350
FACT05224,P11,95,55
FACT05224,P17,217,280
FACT05224,P01,436,4500
FACT07064,P11,576,55
FACT07064,P08,499,65
FACT07064,P05,531,45
FACT07064,P13,177,350
FACT03068,P19,408,3800
FACT03068,P16,397,800
FACT03068,P04,597,3500
FACT03068,P13,155,350
FACT01589,P20,323,2900
FACT01589,P12,569,70
FACT01589,P01,393,4500
FACT01589,P02,379,350
FACT07108,P09,406,18
FACT07108,P08,558,65
FACT07108,P12,536,70
FACT07108,P11,207,55
FACT07059,P03,209,8000
FACT07059,P09,196,18
FACT07059,P04,291,3500
FACT07059,P05,144,45
FACT08921,P09,31,18
FACT08921,P12,196,70
FACT08921,P14,304,450
FACT08921,P10,233,20
FACT08310,P19,142,3800
FACT08310,P06,526,30
FACT08310,P17,571,280
FACT08310,P02,384,350
FACT08139,P04,444,3500
FACT08139,P16,323,800
FACT08139,P15,202,650
FACT08139,P07,301,28
FACT07330,P11,552,55
FACT07330,P05,294,45
FACT07330,P14,242,450
FACT07330,P09,323,18
FACT06664,P12,129,70
FACT06664,P10,340,20
FACT06664,P11,307,55
FACT06664,P02,577,350
FACT03967,P13,71,350
FACT03967,P18,554,900
FACT03967,P10,487,20
FACT03967,P20,52,2900
FACT06989,P15,229,650
FACT06989,P08,194,65
FACT06989,P03,333,8000
FACT06989,P20,182,2900
FACT05884,P16,22,800
FACT05884,P14,329,450
FACT05884,P05,433,45
FACT05884,P03,234,8000
FACT04580,P14,189,450
FACT04580,P10,93,20
FACT04580,P06,125,30
FACT04580,P17,243,280
FACT08469,P04,413,3500
FACT08469,P17,485,280
FACT08469,P01,139,4500
FACT08469,P09,115,18
FACT00183,P10,147,20
FACT00183,P19,333,3800
FACT00183,P18,90,900
FACT00183,P20,496,2900
FACT08267,P19,494,3800
FACT08267,P02,12,350
FACT08267,P09,129,18
FACT08267,P20,369,2900
FACT09097,P17,509,280
FACT09097,P06,159,30
FACT09097,P16,281,800
FACT09097,P08,348,65
FACT07812,P19,509,3800
FACT07812,P14,430,450
FACT07812,P02,218,350
FACT07812,P10,258,20
FACT00873,P04,361,3500
FACT00873,P15,464,650
FACT00873,P07,92,28
FACT00873,P03,305,8000
FACT08489,P18,414,900
FACT08489,P09,101,18
FACT08489,P03,593,8000
FACT08489,P05,456,45
FACT02631,P11,424,55
FACT02631,P08,574,65
FACT02631,P18,101,900
FACT02631,P14,213,450
FACT01815,P17,508,280
FACT01815,P12,150,70
FACT01815,P09,169,18
FACT01815,P03,13,8000
FACT09339,P02,273,350
FACT09339,P14,77,450
FACT09339,P11,344,55
FACT09339,P17,148,280
FACT04845,P02,246,350
FACT04845,P13,51,350
FACT04845,P16,255,800
FACT04845,P20,278,2900
FACT07085,P01,128,4500
FACT07085,P20,228,2900
FACT07085,P08,257,65
FACT07085,P14,476,450
FACT09519,P02,260,350
FACT09519,P12,353,70
FACT09519,P05,564,45
FACT09519,P03,505,8000
FACT06991,P03,371,8000
FACT06991,P16,559,800
FACT06991,P05,93,45
FACT06991,P02,39,350
FACT08815,P05,9,45
FACT08815,P11,515,55
FACT08815,P12,426,70
FACT08815,P13,260,350
FACT04740,P10,450,20
FACT04740,P02,162,350
FACT04740,P11,42,55
FACT04740,P16,65,800
FACT02311,P06,127,30
FACT02311,P18,325,900
FACT02311,P10,528,20
FACT02311,P01,405,4500
FACT08905,P04,124,3500
FACT08905,P09,551,18
FACT08905,P10,425,20
FACT08905,P03,574,8000
FACT02026,P12,542,70
FACT02026,P09,462,18
FACT02026,P18,479,900
FACT02026,P03,20,8000
FACT03801,P12,25,70
FACT03801,P13,111,350
FACT03801,P19,394,3800
FACT03801,P18,501,900
FACT05638,P18,248,900
FACT05638,P12,296,70
FACT05638,P19,449,3800
FACT05638,P10,118,20
FACT02893,P04,479,3500
FACT02893,P18,454,900
FACT02893,P01,250,4500
FACT02893,P02,500,350
FACT00589,P09,257,18
FACT00589,P05,140,45
FACT00589,P08,323,65
FACT00589,P01,204,4500
FACT09612,P14,390,450
FACT09612,P06,543,30
FACT09612,P10,271,20
FACT09612,P16,32,800
FACT03795,P12,69,70
FACT03795,P08,399,65
FACT03795,P20,12,2900
FACT03795,P05,87,45
FACT00289,P06,152,30
FACT00289,P16,523,800
FACT00289,P07,540,28
FACT00289,P13,478,350
FACT09214,P07,469,28
FACT09214,P11,234,55
FACT09214,P17,24,280
FACT09214,P01,112,4500
FACT03206,P11,170,55
FACT03206,P03,156,8000
FACT03206,P19,567,3800
FACT03206,P01,310,4500
FACT07950,P12,186,70
FACT07950,P02,446,350
FACT07950,P06,338,30
FACT07950,P08,310,65
FACT01916,P04,288,3500
FACT01916,P16,149,800
FACT01916,P11,113,55
FACT01916,P13,437,350
FACT00556,P20,112,2900
FACT00556,P02,434,350
FACT00556,P13,84,350
FACT00556,P15,525,650
FACT07971,P16,23,800
FACT07971,P10,221,20
FACT07971,P07,320,28
FACT07971,P20,19,2900
FACT05184,P04,379,3500
FACT05184,P19,299,3800
FACT05184,P14,429,450
FACT05184,P15,112,650
FACT02107,P18,143,900
FACT02107,P19,336,3800
FACT02107,P20,222,2900
FACT02107,P08,433,65
FACT03778,P19,144,3800
FACT03778,P17,408,280
FACT03778,P06,462,30
FACT03778,P01,405,4500
FACT05839,P10,74,20
FACT05839,P17,239,280
FACT05839,P14,458,450
FACT05839,P06,500,30
FACT05082,P12,87,70
FACT05082,P09,270,18
FACT05082,P08,117,65
FACT05082,P11,356,55
FACT01927,P13,128,350
FACT01927,P03,257,8000
FACT01927,P10,203,20
FACT01927,P12,348,70
FACT01730,P15,281,650
FACT01730,P01,257,4500
FACT01730,P19,282,3800
FACT01730,P10,413,20
FACT00271,P14,403,450
FACT00271,P05,575,45
FACT00271,P03,171,8000
FACT00271,P13,248,350
FACT00309,P17,505,280
FACT00309,P14,418,450
FACT00309,P12,53,70
FACT00309,P13,39,350
FACT04328,P04,513,3500
FACT04328,P13,99,350
FACT04328,P06,558,30
FACT04328,P17,264,280
FACT06751,P18,569,900
FACT06751,P04,437,3500
FACT06751,P14,169,450
FACT06751,P20,160,2900
FACT00888,P20,111,2900
FACT00888,P10,148,20
FACT00888,P17,144,280
FACT00888,P06,450,30
FACT07418,P01,53,4500
FACT07418,P15,114,650
FACT07418,P07,581,28
FACT07418,P08,122,65
FACT00849,P19,187,3800
FACT00849,P09,211,18
FACT00849,P04,238,3500
FACT00849,P18,570,900
FACT01126,P07,193,28
FACT01126,P14,457,450
FACT01126,P15,589,650
FACT01126,P08,538,65
FACT09212,P18,98,900
FACT09212,P11,396,55
FACT09212,P17,433,280
FACT09212,P13,28,350
FACT07642,P11,475,55
FACT07642,P18,239,900
FACT07642,P02,180,350
FACT07642,P19,166,3800
FACT04644,P12,134,70
FACT04644,P10,486,20
FACT04644,P01,458,4500
FACT04644,P04,557,3500
FACT04274,P20,463,2900
FACT04274,P19,516,3800
FACT04274,P15,382,650
FACT04274,P10,303,20
FACT08586,P02,344,350
FACT08586,P03,547,8000
FACT08586,P10,123,20
FACT08586,P15,55,650
FACT02013,P04,557,3500
FACT02013,P18,580,900
FACT02013,P17,90,280
FACT02013,P09,209,18
FACT08077,P12,179,70
FACT08077,P10,135,20
FACT08077,P09,241,18
FACT08077,P05,347,45
FACT02225,P15,380,650
FACT02225,P16,384,800
FACT02225,P10,259,20
FACT02225,P20,477,2900
FACT06286,P19,355,3800
FACT06286,P20,535,2900
FACT06286,P07,275,28
FACT06286,P03,244,8000
FACT02126,P08,80,65
FACT02126,P09,216,18
FACT02126,P11,352,55
FACT02126,P03,461,8000
FACT02779,P02,319,350
FACT02779,P14,570,450
FACT02779,P18,277,900
FACT02779,P03,512,8000
FACT02828,P11,516,55
FACT02828,P10,32,20
FACT02828,P01,253,4500
FACT02828,P08,412,65
FACT09366,P05,492,45
FACT09366,P18,213,900
FACT09366,P08,31,65
FACT09366,P04,332,3500
FACT04841,P11,120,55
FACT04841,P17,591,280
FACT04841,P15,164,650
FACT04841,P16,357,800
FACT09427,P09,153,18
FACT09427,P11,226,55
FACT09427,P18,36,900
FACT09427,P01,76,4500
FACT08083,P09,547,18
FACT08083,P18,286,900
FACT08083,P02,495,350
FACT08083,P11,101,55
FACT04584,P03,140,8000
FACT04584,P10,587,20
FACT04584,P17,441,280
FACT04584,P07,254,28
FACT09061,P20,375,2900
FACT09061,P09,405,18
FACT09061,P18,66,900
FACT09061,P13,553,350
FACT07758,P02,191,350
FACT07758,P04,379,3500
FACT07758,P19,533,3800
FACT07758,P08,141,65
FACT00198,P19,131,3800
FACT00198,P02,564,350
FACT00198,P17,337,280
FACT00198,P10,409,20
FACT06226,P12,267,70
FACT06226,P14,136,450
FACT06226,P09,359,18
FACT06226,P05,483,45
FACT07651,P05,445,45
FACT07651,P17,60,280
FACT07651,P01,244,4500
FACT07651,P10,306,20
FACT06120,P13,83,350
FACT06120,P09,230,18
FACT06120,P18,57,900
FACT06120,P12,374,70
FACT01847,P10,10,20
FACT01847,P05,227,45
FACT01847,P14,128,450
FACT01847,P09,397,18
FACT04364,P15,270,650
FACT04364,P09,255,18
FACT04364,P07,530,28
FACT04364,P11,172,55
FACT03461,P08,415,65
FACT03461,P04,417,3500
FACT03461,P05,404,45
FACT03461,P13,373,350
FACT02037,P19,436,3800
FACT02037,P04,506,3500
FACT02037,P12,599,70
FACT02037,P06,129,30
FACT06520,P03,305,8000
FACT06520,P06,523,30
FACT06520,P02,34,350
FACT06520,P18,439,900
FACT05735,P14,188,450
FACT05735,P08,416,65
FACT05735,P16,184,800
FACT05735,P02,433,350
FACT03457,P16,314,800
FACT03457,P15,63,650
FACT03457,P12,8,70
FACT03457,P14,334,450
FACT03897,P02,51,350
FACT03897,P15,316,650
FACT03897,P08,406,65
FACT03897,P20,580,2900
FACT00726,P16,541,800
FACT00726,P12,406,70
FACT00726,P18,559,900
FACT00726,P04,432,3500
FACT00716,P04,267,3500
FACT00716,P15,596,650
FACT00716,P20,556,2900
FACT00716,P05,360,45
FACT01804,P14,67,450
FACT01804,P05,176,45
FACT01804,P20,577,2900
FACT01804,P06,66,30
FACT05712,P13,333,350
FACT05712,P02,73,350
FACT05712,P04,330,3500
FACT05712,P10,247,20
FACT00904,P01,576,4500
FACT00904,P05,288,45
FACT00904,P18,10,900
FACT00904,P07,526,28
FACT08082,P01,482,4500
FACT08082,P09,19,18
FACT08082,P08,544,65
FACT08082,P06,125,30
FACT05905,P04,24,3500
FACT05905,P19,8,3800
FACT05905,P02,338,350
FACT05905,P15,59,650
FACT04640,P15,121,650
FACT04640,P05,108,45
FACT04640,P12,457,70
FACT04640,P02,194,350
FACT06514,P16,589,800
FACT06514,P01,265,4500
FACT06514,P06,323,30
FACT06514,P19,417,3800
FACT02415,P12,592,70
FACT02415,P13,112,350
FACT02415,P03,143,8000
FACT02415,P18,115,900
FACT03917,P17,110,280
FACT03917,P04,489,3500
FACT03917,P09,274,18
FACT03917,P20,46,2900
FACT01186,P14,230,450
FACT01186,P18,524,900
FACT01186,P15,467,650
FACT01186,P16,472,800
FACT08134,P18,386,900
FACT08134,P09,460,18
FACT08134,P12,578,70
FACT08134,P02,155,350
FACT02250,P02,88,350
FACT02250,P13,397,350
FACT02250,P07,507,28
FACT02250,P18,555,900
FACT01652,P19,468,3800
FACT01652,P02,294,350
FACT01652,P17,216,280
FACT01652,P16,498,800
FACT02070,P15,150,650
FACT02070,P20,467,2900
FACT02070,P14,564,450
FACT02070,P05,298,45
FACT05591,P04,359,3500
FACT05591,P11,186,55
FACT05591,P17,529,280
FACT05591,P05,592,45
FACT03855,P03,589,8000
FACT03855,P10,412,20
FACT03855,P07,513,28
FACT03855,P06,517,30
FACT07258,P02,46,350
FACT07258,P05,100,45
FACT07258,P18,279,900
FACT07258,P03,160,8000
FACT00025,P09,323,18
FACT00025,P03,56,8000
FACT00025,P10,433,20
FACT00025,P01,455,4500
FACT09367,P15,158,650
FACT09367,P20,169,2900
FACT09367,P09,285,18
FACT09367,P08,223,65
FACT05678,P02,385,350
FACT05678,P18,595,900
FACT05678,P09,429,18
FACT05678,P13,406,350
FACT09734,P09,191,18
FACT09734,P16,218,800
FACT09734,P20,579,2900
FACT09734,P15,388,650
FACT07574,P05,426,45
FACT07574,P14,102,450
FACT07574,P07,316,28
FACT07574,P03,149,8000
FACT02294,P20,413,2900
FACT02294,P18,218,900
FACT02294,P07,350,28
FACT02294,P10,472,20
FACT04835,P02,89,350
FACT04835,P03,430,8000
FACT04835,P11,175,55
FACT04835,P05,468,45
FACT03142,P02,169,350
FACT03142,P11,80,55
FACT03142,P10,156,20
FACT03142,P16,309,800
FACT01041,P09,178,18
FACT01041,P08,54,65
FACT01041,P17,239,280
FACT01041,P20,542,2900
FACT05354,P07,479,28
FACT05354,P12,483,70
FACT05354,P04,272,3500
FACT05354,P01,332,4500
FACT06107,P20,266,2900
FACT06107,P19,226,3800
FACT06107,P10,35,20
FACT06107,P17,457,280
FACT03077,P12,538,70
FACT03077,P17,398,280
FACT03077,P08,49,65
FACT03077,P11,39,55
FACT01346,P15,273,650
FACT01346,P05,567,45
FACT01346,P07,456,28
FACT01346,P16,10,800
FACT06735,P09,438,18
FACT06735,P14,598,450
FACT06735,P18,197,900
FACT06735,P02,148,350
FACT00943,P03,397,8000
FACT00943,P05,449,45
FACT00943,P11,171,55
FACT00943,P09,347,18
FACT04852,P18,311,900
FACT04852,P07,392,28
FACT04852,P03,105,8000
FACT04852,P01,372,4500
FACT07860,P13,57,350
FACT07860,P11,116,55
FACT07860,P18,17,900
FACT07860,P08,600,65
FACT02332,P08,477,65
FACT02332,P10,210,20
FACT02332,P14,86,450
FACT02332,P13,483,350
FACT00906,P11,64,55
FACT00906,P14,200,450
FACT00906,P13,381,350
FACT00906,P02,573,350
FACT04674,P19,56,3800
FACT04674,P10,194,20
FACT04674,P05,466,45
FACT04674,P08,587,65
FACT01231,P14,139,450
FACT01231,P07,443,28
FACT01231,P04,191,3500
FACT01231,P05,274,45
FACT04918,P12,174,70
FACT04918,P13,58,350
FACT04918,P19,147,3800
FACT04918,P17,304,280
FACT06967,P19,101,3800
FACT06967,P03,208,8000
FACT06967,P14,147,450
FACT06967,P15,403,650
FACT09408,P08,182,65
FACT09408,P11,555,55
FACT09408,P13,257,350
FACT09408,P01,191,4500
FACT00956,P02,80,350
FACT00956,P10,350,20
FACT00956,P15,13,650
FACT00956,P11,515,55
FACT03396,P01,600,4500
FACT03396,P07,25,28
FACT03396,P04,256,3500
FACT03396,P12,114,70
FACT02695,P09,313,18
FACT02695,P14,405,450
FACT02695,P12,409,70
FACT02695,P01,75,4500
FACT08637,P18,358,900
FACT08637,P20,560,2900
FACT08637,P16,503,800
FACT08637,P11,134,55
FACT06905,P07,344,28
FACT06905,P12,506,70
FACT06905,P11,228,55
FACT06905,P09,142,18
FACT08836,P01,366,4500
FACT08836,P07,279,28
FACT08836,P20,441,2900
FACT08836,P18,134,900
FACT05420,P19,79,3800
FACT05420,P20,98,2900
FACT05420,P14,501,450
FACT05420,P17,319,280
FACT07076,P14,486,450
FACT07076,P12,444,70
FACT07076,P03,387,8000
FACT07076,P10,326,20
FACT02807,P02,232,350
FACT02807,P13,333,350
FACT02807,P11,465,55
FACT02807,P01,478,4500
FACT01187,P19,526,3800
FACT01187,P10,478,20
FACT01187,P01,574,4500
FACT01187,P17,523,280
FACT06140,P10,250,20
FACT06140,P11,316,55
FACT06140,P16,201,800
FACT06140,P20,487,2900
FACT06333,P13,156,350
FACT06333,P18,447,900
FACT06333,P20,537,2900
FACT06333,P12,586,70
FACT06942,P10,496,20
FACT06942,P11,118,55
FACT06942,P15,552,650
FACT06942,P06,593,30
FACT00933,P18,544,900
FACT00933,P08,310,65
FACT00933,P06,67,30
FACT00933,P01,224,4500
FACT01381,P07,24,28
FACT01381,P14,228,450
FACT01381,P13,219,350
FACT01381,P02,241,350
FACT03996,P19,391,3800
FACT03996,P20,549,2900
FACT03996,P15,234,650
FACT03996,P12,514,70
FACT06840,P19,147,3800
FACT06840,P08,158,65
FACT06840,P13,315,350
FACT06840,P20,238,2900
FACT00354,P11,75,55
FACT00354,P16,340,800
FACT00354,P10,339,20
FACT00354,P14,259,450
FACT03930,P20,151,2900
FACT03930,P07,211,28
FACT03930,P13,125,350
FACT03930,P01,432,4500
FACT02099,P05,93,45
FACT02099,P01,204,4500
FACT02099,P02,460,350
FACT02099,P19,119,3800
FACT06305,P15,171,650
FACT06305,P01,329,4500
FACT06305,P20,274,2900
FACT06305,P08,331,65
FACT04135,P18,107,900
FACT04135,P14,284,450
FACT04135,P07,591,28
FACT04135,P16,168,800
FACT00657,P16,587,800
FACT00657,P14,175,450
FACT00657,P10,359,20
FACT00657,P08,598,65
FACT01621,P07,590,28
FACT01621,P10,110,20
FACT01621,P20,501,2900
FACT01621,P16,154,800
FACT07778,P13,171,350
FACT07778,P19,275,3800
FACT07778,P07,256,28
FACT07778,P18,23,900
FACT04891,P19,306,3800
FACT04891,P08,19,65
FACT04891,P11,61,55
FACT04891,P02,569,350
FACT05903,P08,89,65
FACT05903,P01,313,4500
FACT05903,P18,13,900
FACT05903,P05,360,45
FACT01929,P12,516,70
FACT01929,P09,58,18
FACT01929,P10,60,20
FACT01929,P11,571,55
FACT09666,P07,455,28
FACT09666,P13,163,350
FACT09666,P08,8,65
FACT09666,P16,283,800
FACT04867,P02,206,350
FACT04867,P08,149,65
FACT04867,P14,143,450
FACT04867,P11,456,55
FACT06678,P06,66,30
FACT06678,P05,305,45
FACT06678,P18,582,900
FACT06678,P10,468,20
FACT01438,P16,465,800
FACT01438,P07,125,28
FACT01438,P10,110,20
FACT01438,P19,562,3800
FACT02559,P03,36,8000
FACT02559,P19,113,3800
FACT02559,P05,318,45
FACT02559,P02,589,350
FACT08268,P09,69,18
FACT08268,P01,355,4500
FACT08268,P18,477,900
FACT08268,P19,168,3800
FACT03784,P02,340,350
FACT03784,P07,114,28
FACT03784,P16,292,800
FACT03784,P14,289,450
FACT03889,P04,185,3500
FACT03889,P13,201,350
FACT03889,P05,520,45
FACT03889,P10,454,20
FACT03840,P07,594,28
FACT03840,P08,26,65
FACT03840,P13,406,350
FACT03840,P14,375,450
FACT07146,P03,266,8000
FACT07146,P01,217,4500
FACT07146,P14,527,450
FACT07146,P10,47,20
FACT08789,P07,508,28
FACT08789,P11,318,55
FACT08789,P04,311,3500
FACT08789,P05,472,45
FACT01142,P11,463,55
FACT01142,P10,119,20
FACT01142,P05,488,45
FACT01142,P09,45,18
FACT01102,P01,357,4500
FACT01102,P07,531,28
FACT01102,P17,229,280
FACT01102,P20,438,2900
FACT06688,P13,425,350
FACT06688,P12,268,70
FACT06688,P15,505,650
FACT06688,P14,307,450
FACT05872,P08,75,65
FACT05872,P04,309,3500
FACT05872,P02,148,350
FACT05872,P17,247,280
FACT07808,P05,324,45
FACT07808,P15,263,650
FACT07808,P07,11,28
FACT07808,P11,69,55
FACT01675,P04,525,3500
FACT01675,P12,204,70
FACT01675,P19,306,3800
FACT01675,P02,394,350
FACT09909,P06,332,30
FACT09909,P14,350,450
FACT09909,P19,500,3800
FACT09909,P05,338,45
FACT06578,P01,188,4500
FACT06578,P09,30,18
FACT06578,P17,592,280
FACT06578,P18,24,900
FACT09871,P07,138,28
FACT09871,P12,519,70
FACT09871,P03,85,8000
FACT09871,P04,587,3500
FACT02953,P07,451,28
FACT02953,P02,40,350
FACT02953,P19,525,3800
FACT02953,P11,37,55
FACT06824,P13,209,350
FACT06824,P18,214,900
FACT06824,P20,262,2900
FACT06824,P17,535,280
FACT01859,P12,481,70
FACT01859,P07,406,28
FACT01859,P14,486,450
FACT01859,P20,79,2900
FACT01542,P20,323,2900
FACT01542,P04,144,3500
FACT01542,P06,443,30
FACT01542,P16,24,800
FACT05285,P15,570,650
FACT05285,P17,527,280
FACT05285,P02,83,350
FACT05285,P01,553,4500
FACT00007,P19,599,3800
FACT00007,P01,178,4500
FACT00007,P05,138,45
FACT00007,P10,16,20
FACT09262,P10,361,20
FACT09262,P07,449,28
FACT09262,P14,94,450
FACT09262,P08,488,65
FACT04247,P07,455,28
FACT04247,P04,526,3500
FACT04247,P10,480,20
FACT04247,P14,199,450
FACT06280,P16,199,800
FACT06280,P18,326,900
FACT06280,P15,210,650
FACT06280,P13,111,350
FACT07094,P17,131,280
FACT07094,P03,336,8000
FACT07094,P15,522,650
FACT07094,P11,139,55
FACT04903,P08,288,65
FACT04903,P03,164,8000
FACT04903,P15,268,650
FACT04903,P11,166,55
FACT08233,P08,136,65
FACT08233,P12,476,70
FACT08233,P09,130,18
FACT08233,P11,222,55
FACT07254,P16,251,800
FACT07254,P15,555,650
FACT07254,P01,173,4500
FACT07254,P17,324,280
FACT01547,P17,130,280
FACT01547,P07,50,28
FACT01547,P08,33,65
FACT01547,P09,483,18
FACT00641,P03,562,8000
FACT00641,P04,419,3500
FACT00641,P02,248,350
FACT00641,P17,462,280
FACT03195,P04,63,3500
FACT03195,P20,455,2900
FACT03195,P09,460,18
FACT03195,P11,7,55
FACT00041,P08,86,65
FACT00041,P16,10,800
FACT00041,P12,309,70
FACT00041,P01,297,4500
FACT08129,P08,256,65
FACT08129,P11,293,55
FACT08129,P04,545,3500
FACT08129,P07,382,28
FACT00159,P02,115,350
FACT00159,P18,102,900
FACT00159,P14,440,450
FACT00159,P15,146,650
FACT00634,P13,481,350
FACT00634,P10,530,20
FACT00634,P12,28,70
FACT00634,P09,438,18
FACT05747,P07,114,28
FACT05747,P06,493,30
FACT05747,P15,160,650
FACT05747,P01,367,4500
FACT00320,P12,323,70
FACT00320,P14,417,450
FACT00320,P19,237,3800
FACT00320,P11,58,55
FACT05802,P06,136,30
FACT05802,P05,201,45
FACT05802,P17,487,280
FACT05802,P16,384,800
FACT05672,P20,148,2900
FACT05672,P19,298,3800
FACT05672,P14,257,450
FACT05672,P10,519,20
FACT07990,P08,406,65
FACT07990,P07,168,28
FACT07990,P20,396,2900
FACT07990,P17,591,280
FACT05160,P18,172,900
FACT05160,P14,193,450
FACT05160,P08,258,65
FACT05160,P16,150,800
FACT04711,P16,65,800
FACT04711,P15,121,650
FACT04711,P08,360,65
FACT04711,P02,460,350
FACT01776,P14,235,450
FACT01776,P01,454,4500
FACT01776,P05,544,45
FACT01776,P10,465,20
FACT09799,P12,499,70
FACT09799,P06,583,30
FACT09799,P14,112,450
FACT09799,P19,25,3800
FACT03978,P14,398,450
FACT03978,P16,418,800
FACT03978,P02,17,350
FACT03978,P17,302,280
FACT08565,P20,244,2900
FACT08565,P18,407,900
FACT08565,P04,542,3500
FACT08565,P16,487,800
FACT07700,P16,35,800
FACT07700,P05,69,45
FACT07700,P02,419,350
FACT07700,P04,450,3500
FACT06987,P02,253,350
FACT06987,P09,316,18
FACT06987,P12,387,70
FACT06987,P17,458,280
FACT02904,P17,213,280
FACT02904,P19,491,3800
FACT02904,P12,349,70
FACT02904,P03,282,8000
FACT07409,P06,40,30
FACT07409,P10,160,20
FACT07409,P17,223,280
FACT07409,P03,19,8000
FACT07315,P08,403,65
FACT07315,P16,200,800
FACT07315,P18,530,900
FACT07315,P04,75,3500
FACT07631,P15,292,650
FACT07631,P17,450,280
FACT07631,P02,177,350
FACT07631,P20,496,2900
FACT00682,P13,396,350
FACT00682,P11,303,55
FACT00682,P14,134,450
FACT00682,P07,427,28
FACT05887,P09,397,18
FACT05887,P11,533,55
FACT05887,P04,191,3500
FACT05887,P07,518,28
FACT03672,P05,580,45
FACT03672,P08,306,65
FACT03672,P09,19,18
FACT03672,P01,40,4500
FACT07661,P08,385,65
FACT07661,P14,367,450
FACT07661,P06,396,30
FACT07661,P18,114,900
FACT07852,P02,311,350
FACT07852,P12,308,70
FACT07852,P17,591,280
FACT07852,P09,422,18
FACT03105,P14,260,450
FACT03105,P12,70,70
FACT03105,P04,229,3500
FACT03105,P05,498,45
FACT06998,P19,89,3800
FACT06998,P01,303,4500
FACT06998,P20,352,2900
FACT06998,P14,405,450
FACT09510,P10,361,20
FACT09510,P20,555,2900
FACT09510,P14,375,450
FACT09510,P02,532,350
FACT06533,P14,128,450
FACT06533,P15,450,650
FACT06533,P01,437,4500
FACT06533,P04,495,3500
FACT05555,P05,182,45
FACT05555,P19,528,3800
FACT05555,P11,515,55
FACT05555,P02,360,350
FACT08675,P02,177,350
FACT08675,P13,600,350
FACT08675,P16,450,800
FACT08675,P12,333,70
FACT06271,P14,190,450
FACT06271,P17,522,280
FACT06271,P19,243,3800
FACT06271,P03,382,8000
FACT00273,P03,591,8000
FACT00273,P04,464,3500
FACT00273,P12,206,70
FACT00273,P06,580,30
FACT03483,P09,486,18
FACT03483,P07,252,28
FACT03483,P15,224,650
FACT03483,P17,452,280
FACT00954,P04,119,3500
FACT00954,P13,595,350
FACT00954,P11,496,55
FACT00954,P02,178,350
FACT00790,P14,409,450
FACT00790,P20,571,2900
FACT00790,P11,308,55
FACT00790,P01,265,4500
FACT02165,P13,320,350
FACT02165,P18,214,900
FACT02165,P20,281,2900
FACT02165,P06,435,30
FACT09924,P14,174,450
FACT09924,P12,315,70
FACT09924,P09,451,18
FACT09924,P03,257,8000
FACT07049,P17,309,280
FACT07049,P06,544,30
FACT07049,P20,170,2900
FACT07049,P01,197,4500
FACT05393,P19,213,3800
FACT05393,P12,301,70
FACT05393,P17,265,280
FACT05393,P08,477,65
FACT00146,P08,8,65
FACT00146,P19,346,3800
FACT00146,P02,169,350
FACT00146,P04,393,3500
FACT03101,P17,564,280
FACT03101,P03,114,8000
FACT03101,P15,66,650
FACT03101,P19,296,3800
FACT05256,P06,206,30
FACT05256,P17,389,280
FACT05256,P07,583,28
FACT05256,P16,540,800
FACT05871,P18,46,900
FACT05871,P20,152,2900
FACT05871,P07,76,28
FACT05871,P11,165,55
FACT08041,P02,344,350
FACT08041,P04,266,3500
FACT08041,P12,483,70
FACT08041,P11,310,55
FACT01424,P03,28,8000
FACT01424,P09,408,18
FACT01424,P06,493,30
FACT01424,P15,460,650
FACT09041,P05,497,45
FACT09041,P17,487,280
FACT09041,P13,172,350
FACT09041,P10,198,20
FACT03233,P18,402,900
FACT03233,P20,256,2900
FACT03233,P16,43,800
FACT03233,P13,40,350
FACT05382,P13,15,350
FACT05382,P04,210,3500
FACT05382,P15,27,650
FACT05382,P19,161,3800
FACT04857,P18,150,900
FACT04857,P19,581,3800
FACT04857,P03,147,8000
FACT04857,P14,247,450
FACT06326,P10,364,20
FACT06326,P19,60,3800
FACT06326,P05,338,45
FACT06326,P04,570,3500
FACT08961,P20,196,2900
FACT08961,P14,581,450
FACT08961,P04,32,3500
FACT08961,P13,269,350
FACT03491,P16,236,800
FACT03491,P10,118,20
FACT03491,P13,100,350
FACT03491,P06,417,30
FACT07545,P18,501,900
FACT07545,P17,73,280
FACT07545,P04,220,3500
FACT07545,P13,22,350
FACT04820,P13,460,350
FACT04820,P10,199,20
FACT04820,P02,34,350
FACT04820,P15,522,650
FACT00094,P17,50,280
FACT00094,P11,101,55
FACT00094,P01,429,4500
FACT00094,P14,364,450
FACT08119,P19,131,3800
FACT08119,P17,130,280
FACT08119,P01,60,4500
FACT08119,P15,153,650
FACT07569,P13,586,350
FACT07569,P20,268,2900
FACT07569,P04,356,3500
FACT07569,P17,156,280
FACT06571,P14,65,450
FACT06571,P02,433,350
FACT06571,P16,492,800
FACT06571,P20,59,2900
FACT01402,P10,343,20
FACT01402,P20,500,2900
FACT01402,P08,319,65
FACT01402,P13,149,350
FACT06981,P18,468,900
FACT06981,P05,394,45
FACT06981,P06,249,30
FACT06981,P19,245,3800
FACT01545,P20,442,2900
FACT01545,P12,99,70
FACT01545,P08,260,65
FACT01545,P04,500,3500
FACT02146,P02,384,350
FACT02146,P19,464,3800
FACT02146,P01,463,4500
FACT02146,P07,513,28
FACT08954,P07,240,28
FACT08954,P01,196,4500
FACT08954,P06,30,30
FACT08954,P20,573,2900
FACT01575,P04,141,3500
FACT01575,P06,401,30
FACT01575,P11,30,55
FACT01575,P01,52,4500
FACT00450,P20,480,2900
FACT00450,P17,491,280
FACT00450,P06,234,30
FACT00450,P12,413,70
FACT01846,P16,215,800
FACT01846,P07,114,28
FACT01846,P05,497,45
FACT01846,P18,424,900
FACT07855,P10,331,20
FACT07855,P13,108,350
FACT07855,P17,586,280
FACT07855,P05,572,45
FACT02535,P08,440,65
FACT02535,P02,91,350
FACT02535,P06,301,30
FACT02535,P15,41,650
FACT09337,P04,539,3500
FACT09337,P05,380,45
FACT09337,P02,162,350
FACT09337,P07,442,28
FACT08822,P04,187,3500
FACT08822,P08,229,65
FACT08822,P10,114,20
FACT08822,P11,69,55
FACT05459,P08,259,65
FACT05459,P07,82,28
FACT05459,P17,501,280
FACT05459,P12,182,70
FACT01673,P20,598,2900
FACT01673,P06,587,30
FACT01673,P09,181,18
FACT01673,P04,235,3500
FACT09708,P17,185,280
FACT09708,P18,418,900
FACT09708,P03,479,8000
FACT09708,P07,394,28
FACT02679,P04,120,3500
FACT02679,P20,460,2900
FACT02679,P07,31,28
FACT02679,P14,201,450
FACT07004,P13,377,350
FACT07004,P16,122,800
FACT07004,P11,356,55
FACT07004,P05,246,45
FACT09320,P03,76,8000
FACT09320,P02,276,350
FACT09320,P11,488,55
FACT09320,P06,153,30
FACT06502,P09,552,18
FACT06502,P08,33,65
FACT06502,P03,319,8000
FACT06502,P16,482,800
FACT06955,P10,193,20
FACT06955,P04,291,3500
FACT06955,P12,348,70
FACT06955,P15,296,650
FACT00042,P11,279,55
FACT00042,P03,436,8000
FACT00042,P02,505,350
FACT00042,P09,327,18
FACT09693,P20,350,2900
FACT09693,P16,474,800
FACT09693,P09,300,18
FACT09693,P10,118,20
FACT04615,P07,72,28
FACT04615,P17,13,280
FACT04615,P12,580,70
FACT04615,P05,501,45
FACT08569,P19,533,3800
FACT08569,P04,284,3500
FACT08569,P03,85,8000
FACT08569,P15,296,650
FACT07782,P11,506,55
FACT07782,P09,499,18
FACT07782,P08,294,65
FACT07782,P19,185,3800
FACT07604,P15,364,650
FACT07604,P14,432,450
FACT07604,P20,588,2900
FACT07604,P04,538,3500
FACT05977,P09,308,18
FACT05977,P03,222,8000
FACT05977,P20,176,2900
FACT05977,P02,498,350
FACT06128,P08,370,65
FACT06128,P03,534,8000
FACT06128,P12,168,70
FACT06128,P13,529,350
FACT07449,P13,112,350
FACT07449,P09,347,18
FACT07449,P03,452,8000
FACT07449,P18,98,900
FACT06621,P02,420,350
FACT06621,P16,289,800
FACT06621,P13,554,350
FACT06621,P03,412,8000
FACT07385,P14,16,450
FACT07385,P19,491,3800
FACT07385,P08,206,65
FACT07385,P16,338,800
FACT07148,P19,221,3800
FACT07148,P16,470,800
FACT07148,P01,228,4500
FACT07148,P18,77,900
FACT01078,P19,56,3800
FACT01078,P17,81,280
FACT01078,P01,72,4500
FACT01078,P06,86,30
FACT00777,P08,590,65
FACT00777,P20,25,2900
FACT00777,P06,435,30
FACT00777,P10,506,20
FACT07038,P18,289,900
FACT07038,P15,592,650
FACT07038,P12,353,70
FACT07038,P10,41,20
FACT06049,P19,494,3800
FACT06049,P12,239,70
FACT06049,P05,76,45
FACT06049,P09,200,18
FACT09365,P18,90,900
FACT09365,P02,512,350
FACT09365,P11,64,55
FACT09365,P12,50,70
FACT06642,P05,47,45
FACT06642,P16,14,800
FACT06642,P10,287,20
FACT06642,P12,55,70
FACT04166,P20,214,2900
FACT04166,P11,259,55
FACT04166,P03,67,8000
FACT04166,P08,294,65
FACT04127,P10,84,20
FACT04127,P03,348,8000
FACT04127,P11,79,55
FACT04127,P05,239,45
FACT03817,P05,416,45
FACT03817,P11,568,55
FACT03817,P07,441,28
FACT03817,P18,535,900
FACT01843,P17,28,280
FACT01843,P14,76,450
FACT01843,P02,47,350
FACT01843,P07,342,28
FACT06609,P20,559,2900
FACT06609,P05,467,45
FACT06609,P09,476,18
FACT06609,P04,190,3500
FACT06640,P14,581,450
FACT06640,P05,305,45
FACT06640,P07,296,28
FACT06640,P11,488,55
FACT07924,P12,279,70
FACT07924,P04,397,3500
FACT07924,P07,450,28
FACT07924,P02,24,350
FACT00353,P09,328,18
FACT00353,P16,528,800
FACT00353,P18,243,900
FACT00353,P19,284,3800
FACT03807,P19,530,3800
FACT03807,P05,310,45
FACT03807,P02,216,350
FACT03807,P09,299,18
FACT06746,P20,273,2900
FACT06746,P02,251,350
FACT06746,P11,417,55
FACT06746,P10,55,20
FACT06372,P13,271,350
FACT06372,P01,342,4500
FACT06372,P16,84,800
FACT06372,P09,49,18
FACT09127,P18,44,900
FACT09127,P16,196,800
FACT09127,P07,543,28
FACT09127,P19,253,3800
FACT09549,P01,341,4500
FACT09549,P19,326,3800
FACT09549,P15,17,650
FACT09549,P11,150,55
FACT00853,P04,59,3500
FACT00853,P07,338,28
FACT00853,P12,95,70
FACT00853,P05,77,45
FACT07593,P03,317,8000
FACT07593,P15,256,650
FACT07593,P13,154,350
FACT07593,P09,468,18
FACT08006,P02,529,350
FACT08006,P19,269,3800
FACT08006,P04,318,3500
FACT08006,P20,189,2900
FACT04315,P04,295,3500
FACT04315,P02,482,350
FACT04315,P05,454,45
FACT04315,P17,364,280
FACT06476,P07,556,28
FACT06476,P08,127,65
FACT06476,P19,323,3800
FACT06476,P09,350,18
FACT03417,P03,535,8000
FACT03417,P14,492,450
FACT03417,P01,544,4500
FACT03417,P16,266,800
FACT07496,P06,293,30
FACT07496,P15,215,650
FACT07496,P04,412,3500
FACT07496,P14,265,450
FACT03324,P20,284,2900
FACT03324,P01,120,4500
FACT03324,P16,552,800
FACT03324,P02,445,350
FACT01021,P11,39,55
FACT01021,P02,26,350
FACT01021,P19,170,3800
FACT01021,P10,147,20
FACT07720,P13,232,350
FACT07720,P16,272,800
FACT07720,P15,95,650
FACT07720,P04,538,3500
FACT00566,P20,210,2900
FACT00566,P04,115,3500
FACT00566,P05,413,45
FACT00566,P12,520,70
FACT02806,P20,268,2900
FACT02806,P03,187,8000
FACT02806,P08,354,65
FACT02806,P10,353,20
FACT08089,P08,446,65
FACT08089,P01,588,4500
FACT08089,P12,163,70
FACT08089,P15,285,650
FACT01826,P12,567,70
FACT01826,P04,57,3500
FACT01826,P02,299,350
FACT01826,P19,537,3800
FACT06202,P08,368,65
FACT06202,P13,40,350
FACT06202,P09,335,18
FACT06202,P20,567,2900
FACT07105,P10,506,20
FACT07105,P20,507,2900
FACT07105,P05,42,45
FACT07105,P06,268,30
FACT02007,P17,471,280
FACT02007,P08,459,65
FACT02007,P02,513,350
FACT02007,P19,552,3800
FACT00415,P19,320,3800
FACT00415,P10,353,20
FACT00415,P05,44,45
FACT00415,P01,50,4500
FACT07986,P08,461,65
FACT07986,P17,48,280
FACT07986,P09,368,18
FACT07986,P02,399,350
FACT08874,P01,488,4500
FACT08874,P04,199,3500
FACT08874,P20,514,2900
FACT08874,P09,395,18
FACT01904,P20,9,2900
FACT01904,P01,179,4500
FACT01904,P19,190,3800
FACT01904,P11,365,55
FACT02422,P19,580,3800
FACT02422,P18,561,900
FACT02422,P11,122,55
FACT02422,P12,520,70
FACT00486,P12,463,70
FACT00486,P02,104,350
FACT00486,P01,98,4500
FACT00486,P11,211,55
FACT00029,P05,174,45
FACT00029,P19,124,3800
FACT00029,P15,22,650
FACT00029,P04,222,3500
FACT02398,P03,66,8000
FACT02398,P20,146,2900
FACT02398,P02,549,350
FACT02398,P01,467,4500
FACT05121,P08,306,65
FACT05121,P02,574,350
FACT05121,P03,219,8000
FACT05121,P19,432,3800
FACT00569,P15,536,650
FACT00569,P06,300,30
FACT00569,P18,33,900
FACT00569,P03,171,8000
FACT02960,P12,572,70
FACT02960,P02,306,350
FACT02960,P07,594,28
FACT02960,P06,105,30
FACT02694,P08,463,65
FACT02694,P01,401,4500
FACT02694,P07,103,28
FACT02694,P09,538,18
FACT00323,P04,572,3500
FACT00323,P14,146,450
FACT00323,P06,509,30
FACT00323,P05,183,45
FACT05819,P17,241,280
FACT05819,P02,420,350
FACT05819,P16,566,800
FACT05819,P07,117,28
FACT03678,P02,154,350
FACT03678,P11,202,55
FACT03678,P16,532,800
FACT03678,P20,28,2900
FACT03754,P01,278,4500
FACT03754,P19,517,3800
FACT03754,P09,30,18
FACT03754,P20,68,2900
FACT09938,P05,482,45
FACT09938,P03,223,8000
FACT09938,P09,117,18
FACT09938,P10,121,20
FACT09585,P18,326,900
FACT09585,P20,209,2900
FACT09585,P04,600,3500
FACT09585,P16,588,800
FACT04409,P18,445,900
FACT04409,P11,571,55
FACT04409,P09,564,18
FACT04409,P14,427,450
FACT02243,P03,216,8000
FACT02243,P19,168,3800
FACT02243,P14,253,450
FACT02243,P07,575,28
FACT08666,P16,169,800
FACT08666,P08,203,65
FACT08666,P14,398,450
FACT08666,P15,317,650
FACT09489,P14,208,450
FACT09489,P08,600,65
FACT09489,P10,588,20
FACT09489,P13,173,350
FACT09334,P10,219,20
FACT09334,P14,366,450
FACT09334,P19,509,3800
FACT09334,P08,200,65
FACT07434,P08,535,65
FACT07434,P19,593,3800
FACT07434,P02,147,350
FACT07434,P09,519,18
FACT00079,P14,27,450
FACT00079,P18,245,900
FACT00079,P09,476,18
FACT00079,P12,101,70
FACT01759,P16,525,800
FACT01759,P03,546,8000
FACT01759,P19,539,3800
FACT01759,P10,165,20
FACT05530,P13,25,350
FACT05530,P18,596,900
FACT05530,P09,72,18
FACT05530,P11,225,55
FACT04915,P18,497,900
FACT04915,P10,128,20
FACT04915,P08,277,65
FACT04915,P15,49,650
FACT00981,P04,140,3500
FACT00981,P09,120,18
FACT00981,P06,466,30
FACT00981,P19,446,3800
FACT00164,P18,191,900
FACT00164,P17,214,280
FACT00164,P13,246,350
FACT00164,P04,484,3500
FACT05813,P10,352,20
FACT05813,P11,571,55
FACT05813,P18,57,900
FACT05813,P07,154,28
FACT06943,P06,169,30
FACT06943,P15,352,650
FACT06943,P01,465,4500
FACT06943,P05,300,45
FACT06773,P08,366,65
FACT06773,P18,195,900
FACT06773,P03,572,8000
FACT06773,P13,207,350
FACT03610,P04,318,3500
FACT03610,P02,517,350
FACT03610,P15,265,650
FACT03610,P20,530,2900
FACT07247,P01,422,4500
FACT07247,P03,442,8000
FACT07247,P05,224,45
FACT07247,P12,492,70
FACT09713,P18,481,900
FACT09713,P17,550,280
FACT09713,P11,62,55
FACT09713,P12,549,70
FACT02301,P13,599,350
FACT02301,P03,477,8000
FACT02301,P09,22,18
FACT02301,P06,141,30
FACT09431,P07,236,28
FACT09431,P19,91,3800
FACT09431,P12,238,70
FACT09431,P18,319,900
FACT07845,P17,381,280
FACT07845,P20,120,2900
FACT07845,P08,104,65
FACT07845,P13,415,350
FACT07873,P10,199,20
FACT07873,P20,600,2900
FACT07873,P05,221,45
FACT07873,P03,393,8000
FACT07479,P07,202,28
FACT07479,P03,6,8000
FACT07479,P09,595,18
FACT07479,P12,208,70
FACT07884,P08,516,65
FACT07884,P11,497,55
FACT07884,P02,414,350
FACT07884,P07,312,28
FACT08080,P14,486,450
FACT08080,P13,396,350
FACT08080,P17,219,280
FACT08080,P12,215,70
FACT09112,P06,127,30
FACT09112,P09,520,18
FACT09112,P05,489,45
FACT09112,P08,330,65
FACT00563,P03,341,8000
FACT00563,P05,386,45
FACT00563,P20,596,2900
FACT00563,P02,308,350
FACT09811,P11,311,55
FACT09811,P07,220,28
FACT09811,P13,105,350
FACT09811,P15,356,650
FACT05733,P08,572,65
FACT05733,P13,570,350
FACT05733,P15,310,650
FACT05733,P09,593,18
FACT02288,P14,329,450
FACT02288,P10,385,20
FACT02288,P03,450,8000
FACT02288,P06,346,30
FACT07367,P18,320,900
FACT07367,P12,157,70
FACT07367,P15,89,650
FACT07367,P19,518,3800
FACT00650,P15,464,650
FACT00650,P12,47,70
FACT00650,P11,272,55
FACT00650,P07,87,28
FACT01430,P04,578,3500
FACT01430,P09,332,18
FACT01430,P07,32,28
FACT01430,P10,276,20
FACT05442,P14,89,450
FACT05442,P15,275,650
FACT05442,P16,56,800
FACT05442,P06,37,30
FACT06914,P16,38,800
FACT06914,P02,263,350
FACT06914,P19,475,3800
FACT06914,P05,14,45
FACT04957,P17,298,280
FACT04957,P03,85,8000
FACT04957,P01,394,4500
FACT04957,P18,359,900
FACT04572,P06,136,30
FACT04572,P02,161,350
FACT04572,P09,505,18
FACT04572,P16,442,800
FACT01925,P07,503,28
FACT01925,P17,434,280
FACT01925,P14,318,450
FACT01925,P03,89,8000
FACT05602,P02,365,350
FACT05602,P18,576,900
FACT05602,P19,296,3800
FACT05602,P03,48,8000
FACT03502,P01,560,4500
FACT03502,P06,191,30
FACT03502,P20,541,2900
FACT03502,P05,70,45
FACT03806,P06,237,30
FACT03806,P15,253,650
FACT03806,P17,477,280
FACT03806,P03,489,8000
FACT04528,P08,27,65
FACT04528,P07,537,28
FACT04528,P02,477,350
FACT04528,P03,522,8000
FACT06480,P20,449,2900
FACT06480,P09,257,18
FACT06480,P10,13,20
FACT06480,P15,569,650
FACT08830,P10,208,20
FACT08830,P19,408,3800
FACT08830,P04,513,3500
FACT08830,P11,371,55
FACT00636,P11,10,55
FACT00636,P20,442,2900
FACT00636,P04,283,3500
FACT00636,P02,161,350
FACT03667,P04,311,3500
FACT03667,P02,359,350
FACT03667,P12,318,70
FACT03667,P14,406,450
FACT03169,P02,199,350
FACT03169,P07,373,28
FACT03169,P17,568,280
FACT03169,P18,109,900
FACT02137,P04,406,3500
FACT02137,P16,498,800
FACT02137,P12,274,70
FACT02137,P09,338,18
FACT05705,P17,99,280
FACT05705,P02,475,350
FACT05705,P10,21,20
FACT05705,P12,276,70
FACT07920,P07,439,28
FACT07920,P02,424,350
FACT07920,P03,64,8000
FACT07920,P20,573,2900
FACT01823,P15,544,650
FACT01823,P06,555,30
FACT01823,P08,345,65
FACT01823,P01,567,4500
FACT07212,P02,392,350
FACT07212,P13,597,350
FACT07212,P07,572,28
FACT07212,P09,245,18
FACT02789,P05,162,45
FACT02789,P01,515,4500
FACT02789,P15,84,650
FACT02789,P13,465,350
FACT08537,P07,222,28
FACT08537,P15,183,650
FACT08537,P09,153,18
FACT08537,P02,532,350
FACT04095,P17,477,280
FACT04095,P08,548,65
FACT04095,P13,183,350
FACT04095,P14,36,450
FACT05390,P07,80,28
FACT05390,P17,516,280
FACT05390,P11,82,55
FACT05390,P18,10,900
FACT02401,P15,141,650
FACT02401,P06,297,30
FACT02401,P11,252,55
FACT02401,P20,105,2900
FACT02814,P19,280,3800
FACT02814,P10,97,20
FACT02814,P03,71,8000
FACT02814,P11,314,55
FACT03748,P19,44,3800
FACT03748,P12,329,70
FACT03748,P15,474,650
FACT03748,P07,12,28
FACT01583,P05,375,45
FACT01583,P19,559,3800
FACT01583,P10,77,20
FACT01583,P07,270,28
FACT06725,P02,286,350
FACT06725,P19,257,3800
FACT06725,P15,52,650
FACT06725,P11,360,55
FACT02505,P01,422,4500
FACT02505,P11,414,55
FACT02505,P02,580,350
FACT02505,P20,433,2900
FACT08207,P17,231,280
FACT08207,P01,418,4500
FACT08207,P15,264,650
FACT08207,P04,357,3500
FACT01259,P15,461,650
FACT01259,P06,254,30
FACT01259,P10,405,20
FACT01259,P09,468,18
FACT09812,P15,380,650
FACT09812,P02,87,350
FACT09812,P10,437,20
FACT09812,P20,341,2900
FACT07003,P08,336,65
FACT07003,P05,230,45
FACT07003,P16,245,800
FACT07003,P10,354,20
FACT09919,P01,39,4500
FACT09919,P11,192,55
FACT09919,P02,32,350
FACT09919,P12,220,70
FACT09771,P05,158,45
FACT09771,P14,196,450
FACT09771,P20,509,2900
FACT09771,P13,555,350
FACT08617,P15,467,650
FACT08617,P07,131,28
FACT08617,P10,161,20
FACT08617,P09,540,18
FACT00252,P18,510,900
FACT00252,P20,8,2900
FACT00252,P12,530,70
FACT00252,P06,450,30
FACT02547,P02,597,350
FACT02547,P17,21,280
FACT02547,P18,294,900
FACT02547,P15,560,650
FACT05715,P10,544,20
FACT05715,P07,453,28
FACT05715,P04,439,3500
FACT05715,P15,460,650
FACT00955,P01,587,4500
FACT00955,P06,465,30
FACT00955,P17,227,280
FACT00955,P13,324,350
FACT09430,P15,194,650
FACT09430,P11,35,55
FACT09430,P17,580,280
FACT09430,P02,476,350
FACT08290,P01,47,4500
FACT08290,P09,483,18
FACT08290,P11,246,55
FACT08290,P14,74,450
FACT08931,P08,210,65
FACT08931,P11,297,55
FACT08931,P14,49,450
FACT08931,P06,508,30
FACT02074,P06,114,30
FACT02074,P01,188,4500
FACT02074,P13,104,350
FACT02074,P08,24,65
FACT07790,P02,40,350
FACT07790,P11,387,55
FACT07790,P10,246,20
FACT07790,P14,581,450
FACT07815,P12,192,70
FACT07815,P06,106,30
FACT07815,P02,386,350
FACT07815,P11,376,55
FACT07802,P17,326,280
FACT07802,P14,346,450
FACT07802,P02,210,350
FACT07802,P01,476,4500
FACT04806,P09,332,18
FACT04806,P03,304,8000
FACT04806,P17,486,280
FACT04806,P13,519,350
FACT02901,P10,230,20
FACT02901,P16,283,800
FACT02901,P19,257,3800
FACT02901,P17,172,280
FACT08903,P12,286,70
FACT08903,P06,600,30
FACT08903,P09,521,18
FACT08903,P15,507,650
FACT00658,P08,137,65
FACT00658,P16,309,800
FACT00658,P12,127,70
FACT00658,P02,58,350
FACT00350,P14,298,450
FACT00350,P12,357,70
FACT00350,P02,399,350
FACT00350,P01,492,4500
FACT02046,P12,72,70
FACT02046,P04,532,3500
FACT02046,P15,330,650
FACT02046,P02,238,350
FACT02414,P09,108,18
FACT02414,P02,590,350
FACT02414,P13,514,350
FACT02414,P15,73,650
FACT04739,P18,485,900
FACT04739,P01,148,4500
FACT04739,P07,94,28
FACT04739,P05,426,45
FACT05444,P03,313,8000
FACT05444,P10,141,20
FACT05444,P08,538,65
FACT05444,P05,154,45
FACT00984,P02,41,350
FACT00984,P16,349,800
FACT00984,P06,7,30
FACT00984,P05,54,45
FACT07523,P07,279,28
FACT07523,P18,267,900
FACT07523,P11,69,55
FACT07523,P20,421,2900
FACT01540,P01,433,4500
FACT01540,P11,505,55
FACT01540,P18,42,900
FACT01540,P02,548,350
FACT08393,P10,361,20
FACT08393,P16,31,800
FACT08393,P12,406,70
FACT08393,P01,524,4500
FACT00344,P04,565,3500
FACT00344,P15,338,650
FACT00344,P13,319,350
FACT00344,P03,398,8000
FACT01705,P08,108,65
FACT01705,P03,148,8000
FACT01705,P15,359,650
FACT01705,P06,367,30
FACT00575,P07,321,28
FACT00575,P09,391,18
FACT00575,P15,13,650
FACT00575,P13,475,350
FACT05065,P19,141,3800
FACT05065,P16,571,800
FACT05065,P01,545,4500
FACT05065,P02,388,350
FACT03100,P09,134,18
FACT03100,P03,453,8000
FACT03100,P05,563,45
FACT03100,P16,7,800
FACT01371,P16,55,800
FACT01371,P02,493,350
FACT01371,P17,528,280
FACT01371,P09,342,18
FACT09804,P17,156,280
FACT09804,P19,280,3800
FACT09804,P15,125,650
FACT09804,P08,552,65
FACT04078,P07,444,28
FACT04078,P04,341,3500
FACT04078,P20,145,2900
FACT04078,P09,132,18
FACT03381,P04,499,3500
FACT03381,P06,384,30
FACT03381,P07,9,28
FACT03381,P16,51,800
FACT04561,P20,480,2900
FACT04561,P02,49,350
FACT04561,P13,199,350
FACT04561,P19,580,3800
FACT09637,P19,259,3800
FACT09637,P12,528,70
FACT09637,P18,375,900
FACT09637,P14,427,450
FACT01596,P16,224,800
FACT01596,P19,480,3800
FACT01596,P20,205,2900
FACT01596,P04,478,3500
FACT07854,P15,437,650
FACT07854,P19,338,3800
FACT07854,P07,515,28
FACT07854,P14,185,450
FACT09786,P20,356,2900
FACT09786,P15,238,650
FACT09786,P06,349,30
FACT09786,P13,459,350
FACT08235,P11,23,55
FACT08235,P01,162,4500
FACT08235,P08,291,65
FACT08235,P12,277,70
FACT01493,P16,270,800
FACT01493,P08,394,65
FACT01493,P05,396,45
FACT01493,P01,247,4500
FACT01735,P16,102,800
FACT01735,P10,511,20
FACT01735,P18,192,900
FACT01735,P19,528,3800
FACT01222,P05,446,45
FACT01222,P14,22,450
FACT01222,P07,397,28
FACT01222,P13,326,350
FACT05804,P03,234,8000
FACT05804,P12,140,70
FACT05804,P07,442,28
FACT05804,P10,424,20
FACT07187,P19,354,3800
FACT07187,P04,242,3500
FACT07187,P16,62,800
FACT07187,P17,496,280
FACT01069,P04,355,3500
FACT01069,P01,30,4500
FACT01069,P05,150,45
FACT01069,P12,197,70
FACT02761,P10,54,20
FACT02761,P17,554,280
FACT02761,P18,421,900
FACT02761,P01,61,4500
FACT06772,P20,109,2900
FACT06772,P09,104,18
FACT06772,P16,184,800
FACT06772,P01,51,4500
FACT08046,P04,562,3500
FACT08046,P09,212,18
FACT08046,P19,182,3800
FACT08046,P17,440,280
FACT05219,P13,299,350
FACT05219,P19,527,3800
FACT05219,P09,69,18
FACT05219,P15,335,650
FACT01686,P13,450,350
FACT01686,P18,176,900
FACT01686,P01,541,4500
FACT01686,P05,281,45
FACT00398,P06,476,30
FACT00398,P14,501,450
FACT00398,P19,347,3800
FACT00398,P12,506,70
FACT03359,P18,509,900
FACT03359,P14,481,450
FACT03359,P10,188,20
FACT03359,P08,172,65
FACT09721,P19,314,3800
FACT09721,P15,62,650
FACT09721,P05,172,45
FACT09721,P14,340,450
FACT00576,P16,215,800
FACT00576,P08,522,65
FACT00576,P19,29,3800
FACT00576,P05,395,45
FACT09852,P06,125,30
FACT09852,P17,375,280
FACT09852,P05,195,45
FACT09852,P20,177,2900
FACT00531,P04,526,3500
FACT00531,P20,406,2900
FACT00531,P19,521,3800
FACT00531,P15,37,650
FACT03938,P12,402,70
FACT03938,P19,489,3800
FACT03938,P02,301,350
FACT03938,P13,255,350
FACT00038,P17,131,280
FACT00038,P16,261,800
FACT00038,P20,279,2900
FACT00038,P19,99,3800
FACT01657,P09,543,18
FACT01657,P06,375,30
FACT01657,P07,294,28
FACT01657,P08,554,65
FACT07041,P18,170,900
FACT07041,P06,130,30
FACT07041,P13,178,350
FACT07041,P08,335,65
FACT05383,P07,532,28
FACT05383,P20,519,2900
FACT05383,P15,463,650
FACT05383,P19,478,3800
FACT06079,P14,531,450
FACT06079,P05,537,45
FACT06079,P03,229,8000
FACT06079,P04,555,3500
FACT03290,P20,307,2900
FACT03290,P03,46,8000
FACT03290,P02,509,350
FACT03290,P19,94,3800
FACT05641,P08,363,65
FACT05641,P12,159,70
FACT05641,P03,384,8000
FACT05641,P16,100,800
FACT07166,P20,111,2900
FACT07166,P03,332,8000
FACT07166,P07,517,28
FACT07166,P10,333,20
FACT02445,P13,153,350
FACT02445,P16,548,800
FACT02445,P01,551,4500
FACT02445,P14,221,450
FACT01022,P09,321,18
FACT01022,P06,548,30
FACT01022,P12,516,70
FACT01022,P17,316,280
FACT08793,P06,46,30
FACT08793,P09,227,18
FACT08793,P01,301,4500
FACT08793,P07,493,28
FACT08031,P10,368,20
FACT08031,P15,8,650
FACT08031,P16,251,800
FACT08031,P18,561,900
FACT02449,P06,564,30
FACT02449,P14,16,450
FACT02449,P16,553,800
FACT02449,P10,580,20
FACT02582,P03,496,8000
FACT02582,P04,309,3500
FACT02582,P16,216,800
FACT02582,P13,48,350
FACT02336,P06,241,30
FACT02336,P07,209,28
FACT02336,P18,154,900
FACT02336,P03,134,8000
FACT02777,P14,329,450
FACT02777,P06,247,30
FACT02777,P02,304,350
FACT02777,P13,438,350
FACT09122,P02,129,350
FACT09122,P05,490,45
FACT09122,P16,127,800
FACT09122,P08,67,65
FACT02114,P08,274,65
FACT02114,P13,253,350
FACT02114,P07,251,28
FACT02114,P19,133,3800
FACT07493,P19,247,3800
FACT07493,P09,587,18
FACT07493,P02,279,350
FACT07493,P12,307,70
FACT05264,P20,154,2900
FACT05264,P17,213,280
FACT05264,P09,291,18
FACT05264,P07,35,28
FACT06419,P17,19,280
FACT06419,P19,547,3800
FACT06419,P09,515,18
FACT06419,P11,595,55
FACT03056,P08,262,65
FACT03056,P01,541,4500
FACT03056,P17,361,280
FACT03056,P11,87,55
FACT08960,P05,310,45
FACT08960,P03,509,8000
FACT08960,P01,160,4500
FACT08960,P18,274,900
FACT06302,P17,193,280
FACT06302,P19,379,3800
FACT06302,P01,243,4500
FACT06302,P11,219,55
FACT03371,P07,65,28
FACT03371,P20,364,2900
FACT03371,P11,330,55
FACT03371,P08,146,65
FACT07922,P06,170,30
FACT07922,P02,40,350
FACT07922,P09,584,18
FACT07922,P01,214,4500
FACT04462,P18,63,900
FACT04462,P09,84,18
FACT04462,P20,410,2900
FACT04462,P16,31,800
FACT03447,P15,347,650
FACT03447,P04,488,3500
FACT03447,P19,131,3800
FACT03447,P02,11,350
FACT02344,P03,494,8000
FACT02344,P20,567,2900
FACT02344,P14,577,450
FACT02344,P19,440,3800
FACT06407,P03,538,8000
FACT06407,P08,180,65
FACT06407,P13,358,350
FACT06407,P16,285,800
FACT07605,P12,258,70
FACT07605,P20,458,2900
FACT07605,P14,381,450
FACT07605,P05,158,45
FACT08053,P04,129,3500
FACT08053,P01,373,4500
FACT08053,P12,270,70
FACT08053,P02,321,350
FACT03710,P06,65,30
FACT03710,P08,598,65
FACT03710,P19,123,3800
FACT03710,P09,302,18
FACT03240,P08,174,65
FACT03240,P18,244,900
FACT03240,P16,215,800
FACT03240,P09,527,18
FACT06246,P04,367,3500
FACT06246,P16,479,800
FACT06246,P10,244,20
FACT06246,P13,33,350
FACT03081,P17,349,280
FACT03081,P06,481,30
FACT03081,P09,39,18
FACT03081,P14,46,450
FACT01561,P11,529,55
FACT01561,P13,246,350
FACT01561,P15,400,650
FACT01561,P01,491,4500
FACT05291,P11,460,55
FACT05291,P16,385,800
FACT05291,P19,493,3800
FACT05291,P20,439,2900
FACT04473,P16,364,800
FACT04473,P04,215,3500
FACT04473,P02,32,350
FACT04473,P03,273,8000
FACT05112,P09,99,18
FACT05112,P05,176,45
FACT05112,P11,258,55
FACT05112,P16,329,800
FACT09084,P03,335,8000
FACT09084,P04,41,3500
FACT09084,P17,234,280
FACT09084,P08,103,65
FACT08384,P07,548,28
FACT08384,P18,440,900
FACT08384,P10,438,20
FACT08384,P03,361,8000
FACT02721,P15,173,650
FACT02721,P12,254,70
FACT02721,P10,396,20
FACT02721,P07,174,28
FACT00887,P03,107,8000
FACT00887,P10,390,20
FACT00887,P17,149,280
FACT00887,P04,202,3500
FACT04912,P02,36,350
FACT04912,P14,344,450
FACT04912,P16,289,800
FACT04912,P15,276,650
FACT05719,P04,320,3500
FACT05719,P03,194,8000
FACT05719,P10,263,20
FACT05719,P07,140,28
FACT07456,P09,315,18
FACT07456,P20,280,2900
FACT07456,P08,243,65
FACT07456,P10,6,20
FACT00712,P03,368,8000
FACT00712,P01,421,4500
FACT00712,P11,419,55
FACT00712,P20,205,2900
FACT06464,P18,226,900
FACT06464,P16,67,800
FACT06464,P15,467,650
FACT06464,P10,203,20
FACT04326,P14,26,450
FACT04326,P19,99,3800
FACT04326,P02,280,350
FACT04326,P11,61,55
FACT00255,P04,207,3500
FACT00255,P03,368,8000
FACT00255,P02,466,350
FACT00255,P20,572,2900
FACT04690,P09,88,18
FACT04690,P03,522,8000
FACT04690,P14,206,450
FACT04690,P05,193,45
FACT00719,P05,598,45
FACT00719,P04,70,3500
FACT00719,P08,179,65
FACT00719,P14,53,450
FACT01132,P17,215,280
FACT01132,P13,119,350
FACT01132,P20,244,2900
FACT01132,P09,64,18
FACT06169,P13,61,350
FACT06169,P02,228,350
FACT06169,P12,459,70
FACT06169,P01,315,4500
FACT01857,P12,483,70
FACT01857,P14,543,450
FACT01857,P09,531,18
FACT01857,P17,86,280
FACT08189,P15,48,650
FACT08189,P09,160,18
FACT08189,P20,316,2900
FACT08189,P04,317,3500
FACT05801,P11,341,55
FACT05801,P02,485,350
FACT05801,P18,75,900
FACT05801,P20,218,2900
FACT05582,P10,509,20
FACT05582,P06,542,30
FACT05582,P08,428,65
FACT05582,P05,587,45
FACT09794,P18,227,900
FACT09794,P16,342,800
FACT09794,P19,378,3800
FACT09794,P15,51,650
FACT06235,P20,185,2900
FACT06235,P03,397,8000
FACT06235,P07,262,28
FACT06235,P16,544,800
FACT03046,P03,327,8000
FACT03046,P13,351,350
FACT03046,P20,426,2900
FACT03046,P19,39,3800
FACT02256,P05,163,45
FACT02256,P04,555,3500
FACT02256,P09,132,18
FACT02256,P16,359,800
FACT08088,P08,433,65
FACT08088,P16,126,800
FACT08088,P07,408,28
FACT08088,P04,182,3500
FACT05130,P08,451,65
FACT05130,P10,357,20
FACT05130,P18,511,900
FACT05130,P17,185,280
FACT03034,P16,468,800
FACT03034,P09,475,18
FACT03034,P02,28,350
FACT03034,P18,223,900
FACT09878,P17,367,280
FACT09878,P06,174,30
FACT09878,P10,168,20
FACT09878,P09,139,18
FACT04275,P02,399,350
FACT04275,P08,108,65
FACT04275,P11,69,55
FACT04275,P16,94,800
FACT02594,P05,119,45
FACT02594,P04,79,3500
FACT02594,P17,469,280
FACT02594,P06,559,30
FACT03835,P14,57,450
FACT03835,P12,542,70
FACT03835,P03,55,8000
FACT03835,P15,351,650
FACT04350,P19,164,3800
FACT04350,P03,35,8000
FACT04350,P08,116,65
FACT04350,P13,595,350
FACT03402,P14,399,450
FACT03402,P20,382,2900
FACT03402,P13,568,350
FACT03402,P02,374,350
FACT09673,P14,451,450
FACT09673,P13,141,350
FACT09673,P06,343,30
FACT09673,P12,163,70
FACT07846,P20,598,2900
FACT07846,P19,90,3800
FACT07846,P07,596,28
FACT07846,P18,107,900
FACT08984,P03,81,8000
FACT08984,P06,215,30
FACT08984,P17,499,280
FACT08984,P15,79,650
FACT06980,P02,339,350
FACT06980,P16,517,800
FACT06980,P13,138,350
FACT06980,P20,235,2900
FACT03044,P20,328,2900
FACT03044,P12,276,70
FACT03044,P18,151,900
FACT03044,P09,316,18
FACT06043,P10,593,20
FACT06043,P15,372,650
FACT06043,P18,542,900
FACT06043,P06,596,30
FACT04728,P07,589,28
FACT04728,P15,296,650
FACT04728,P11,112,55
FACT04728,P04,479,3500
FACT00921,P08,12,65
FACT00921,P18,199,900
FACT00921,P11,392,55
FACT00921,P20,508,2900
FACT05990,P12,489,70
FACT05990,P01,520,4500
FACT05990,P14,505,450
FACT05990,P07,444,28
FACT07250,P08,576,65
FACT07250,P12,108,70
FACT07250,P03,598,8000
FACT07250,P10,68,20
FACT03741,P05,173,45
FACT03741,P02,237,350
FACT03741,P19,355,3800
FACT03741,P07,510,28
FACT07412,P01,500,4500
FACT07412,P13,133,350
FACT07412,P03,371,8000
FACT07412,P04,413,3500
FACT05369,P06,569,30
FACT05369,P02,414,350
FACT05369,P13,524,350
FACT05369,P12,451,70
FACT03824,P13,43,350
FACT03824,P19,367,3800
FACT03824,P12,332,70
FACT03824,P11,505,55
FACT01209,P15,84,650
FACT01209,P18,95,900
FACT01209,P05,254,45
FACT01209,P07,466,28
FACT03280,P14,546,450
FACT03280,P01,516,4500
FACT03280,P20,376,2900
FACT03280,P05,306,45
FACT07133,P03,43,8000
FACT07133,P14,265,450
FACT07133,P05,62,45
FACT07133,P01,126,4500
FACT05092,P19,171,3800
FACT05092,P18,568,900
FACT05092,P01,14,4500
FACT05092,P14,338,450
FACT03201,P16,434,800
FACT03201,P07,242,28
FACT03201,P08,510,65
FACT03201,P20,52,2900
FACT06441,P07,426,28
FACT06441,P01,354,4500
FACT06441,P17,244,280
FACT06441,P02,89,350
FACT07788,P10,574,20
FACT07788,P01,331,4500
FACT07788,P19,295,3800
FACT07788,P07,449,28
FACT01923,P19,226,3800
FACT01923,P13,485,350
FACT01923,P01,489,4500
FACT01923,P07,287,28
FACT02205,P11,230,55
FACT02205,P13,86,350
FACT02205,P08,313,65
FACT02205,P03,119,8000
FACT03468,P14,150,450
FACT03468,P02,212,350
FACT03468,P08,550,65
FACT03468,P12,226,70
FACT03757,P14,122,450
FACT03757,P10,375,20
FACT03757,P11,513,55
FACT03757,P08,524,65
FACT04492,P15,466,650
FACT04492,P14,214,450
FACT04492,P06,86,30
FACT04492,P07,283,28
FACT07414,P12,428,70
FACT07414,P11,179,55
FACT07414,P03,108,8000
FACT07414,P04,134,3500
FACT06652,P14,263,450
FACT06652,P05,148,45
FACT06652,P17,385,280
FACT06652,P15,462,650
FACT08840,P08,219,65
FACT08840,P19,558,3800
FACT08840,P10,61,20
FACT08840,P11,375,55
FACT03065,P20,506,2900
FACT03065,P11,408,55
FACT03065,P06,92,30
FACT03065,P17,212,280
FACT08246,P13,456,350
FACT08246,P16,383,800
FACT08246,P12,580,70
FACT08246,P05,385,45
FACT04650,P14,11,450
FACT04650,P06,281,30
FACT04650,P04,450,3500
FACT04650,P03,557,8000
FACT06090,P18,332,900
FACT06090,P01,275,4500
FACT06090,P12,330,70
FACT06090,P20,187,2900
FACT00997,P02,80,350
FACT00997,P09,351,18
FACT00997,P03,63,8000
FACT00997,P18,310,900
FACT05561,P20,343,2900
FACT05561,P08,133,65
FACT05561,P04,453,3500
FACT05561,P06,269,30
FACT06377,P20,485,2900
FACT06377,P15,310,650
FACT06377,P12,266,70
FACT06377,P02,346,350
FACT08050,P12,451,70
FACT08050,P15,154,650
FACT08050,P16,581,800
FACT08050,P03,425,8000
FACT06069,P20,409,2900
FACT06069,P16,566,800
FACT06069,P17,476,280
FACT06069,P04,473,3500
FACT02228,P06,256,30
FACT02228,P04,574,3500
FACT02228,P10,600,20
FACT02228,P15,220,650
FACT09506,P02,525,350
FACT09506,P18,210,900
FACT09506,P06,478,30
FACT09506,P12,233,70
FACT06971,P06,165,30
FACT06971,P02,89,350
FACT06971,P13,178,350
FACT06971,P07,434,28
FACT06459,P03,110,8000
FACT06459,P11,136,55
FACT06459,P14,497,450
FACT06459,P16,75,800
FACT00124,P14,279,450
FACT00124,P16,297,800
FACT00124,P15,459,650
FACT00124,P10,248,20
FACT06580,P17,507,280
FACT06580,P08,522,65
FACT06580,P13,476,350
FACT06580,P06,583,30
FACT01194,P07,295,28
FACT01194,P12,331,70
FACT01194,P10,130,20
FACT01194,P01,447,4500
FACT00944,P20,158,2900
FACT00944,P01,273,4500
FACT00944,P18,229,900
FACT00944,P19,182,3800
FACT02443,P20,575,2900
FACT02443,P18,506,900
FACT02443,P09,403,18
FACT02443,P17,522,280
FACT00136,P16,320,800
FACT00136,P01,367,4500
FACT00136,P05,542,45
FACT00136,P13,524,350
FACT03052,P19,468,3800
FACT03052,P11,124,55
FACT03052,P09,400,18
FACT03052,P18,95,900
FACT05399,P14,175,450
FACT05399,P04,94,3500
FACT05399,P17,490,280
FACT05399,P15,52,650
FACT00783,P12,6,70
FACT00783,P09,137,18
FACT00783,P10,101,20
FACT00783,P15,185,650
FACT00597,P20,385,2900
FACT00597,P19,596,3800
FACT00597,P01,256,4500
FACT00597,P13,575,350
FACT07447,P03,168,8000
FACT07447,P05,35,45
FACT07447,P04,217,3500
FACT07447,P11,207,55
FACT03281,P16,191,800
FACT03281,P07,17,28
FACT03281,P17,378,280
FACT03281,P12,419,70
FACT01353,P14,283,450
FACT01353,P11,598,55
FACT01353,P10,228,20
FACT01353,P06,566,30
FACT02393,P04,481,3500
FACT02393,P02,97,350
FACT02393,P08,55,65
FACT02393,P01,17,4500
FACT00822,P09,359,18
FACT00822,P17,534,280
FACT00822,P01,235,4500
FACT00822,P08,466,65
FACT07138,P12,373,70
FACT07138,P02,384,350
FACT07138,P01,378,4500
FACT07138,P14,257,450
FACT03438,P04,402,3500
FACT03438,P10,599,20
FACT03438,P01,501,4500
FACT03438,P03,318,8000
FACT00986,P20,573,2900
FACT00986,P05,263,45
FACT00986,P16,594,800
FACT00986,P04,329,3500
FACT04947,P03,480,8000
FACT04947,P09,459,18
FACT04947,P13,364,350
FACT04947,P16,32,800
FACT00165,P20,216,2900
FACT00165,P15,447,650
FACT00165,P19,600,3800
FACT00165,P16,280,800
FACT08066,P18,172,900
FACT08066,P20,530,2900
FACT08066,P16,208,800
FACT08066,P09,533,18
FACT08383,P06,594,30
FACT08383,P04,331,3500
FACT08383,P03,467,8000
FACT08383,P02,518,350
FACT03569,P20,513,2900
FACT03569,P04,70,3500
FACT03569,P16,390,800
FACT03569,P09,567,18
FACT04304,P04,433,3500
FACT04304,P05,190,45
FACT04304,P12,298,70
FACT04304,P08,414,65
FACT06707,P08,411,65
FACT06707,P02,137,350
FACT06707,P01,257,4500
FACT06707,P05,89,45
FACT08505,P14,310,450
FACT08505,P20,472,2900
FACT08505,P13,471,350
FACT08505,P02,246,350
FACT06918,P12,532,70
FACT06918,P10,51,20
FACT06918,P20,586,2900
FACT06918,P16,23,800
FACT03566,P13,35,350
FACT03566,P10,517,20
FACT03566,P19,258,3800
FACT03566,P17,544,280
FACT01651,P10,448,20
FACT01651,P20,138,2900
FACT01651,P05,54,45
FACT01651,P11,571,55
FACT06813,P14,119,450
FACT06813,P17,215,280
FACT06813,P16,465,800
FACT06813,P20,573,2900
FACT08011,P10,75,20
FACT08011,P17,518,280
FACT08011,P14,536,450
FACT08011,P09,196,18
FACT05951,P13,414,350
FACT05951,P12,119,70
FACT05951,P06,500,30
FACT05951,P01,54,4500
FACT03174,P07,32,28
FACT03174,P13,448,350
FACT03174,P08,458,65
FACT03174,P18,549,900
FACT03665,P20,85,2900
FACT03665,P15,162,650
FACT03665,P04,453,3500
FACT03665,P02,496,350
FACT05690,P01,418,4500
FACT05690,P03,22,8000
FACT05690,P11,514,55
FACT05690,P12,428,70
FACT04258,P13,404,350
FACT04258,P17,566,280
FACT04258,P06,76,30
FACT04258,P12,593,70
FACT07648,P02,256,350
FACT07648,P18,393,900
FACT07648,P11,497,55
FACT07648,P19,516,3800
FACT02803,P08,550,65
FACT02803,P01,188,4500
FACT02803,P03,258,8000
FACT02803,P02,82,350
FACT00963,P03,177,8000
FACT00963,P05,483,45
FACT00963,P19,263,3800
FACT00963,P13,241,350
FACT00039,P03,301,8000
FACT00039,P12,143,70
FACT00039,P19,479,3800
FACT00039,P14,390,450
FACT01294,P15,243,650
FACT01294,P01,292,4500
FACT01294,P08,450,65
FACT01294,P16,386,800
FACT00839,P11,149,55
FACT00839,P16,307,800
FACT00839,P06,595,30
FACT00839,P07,29,28
FACT08350,P08,182,65
FACT08350,P20,540,2900
FACT08350,P16,357,800
FACT08350,P02,309,350
FACT07543,P10,253,20
FACT07543,P16,390,800
FACT07543,P12,122,70
FACT07543,P02,259,350
FACT02417,P05,295,45
FACT02417,P13,81,350
FACT02417,P02,78,350
FACT02417,P09,284,18
FACT09322,P19,39,3800
FACT09322,P18,225,900
FACT09322,P17,125,280
FACT09322,P04,545,3500
FACT06577,P09,355,18
FACT06577,P02,245,350
FACT06577,P07,578,28
FACT06577,P19,171,3800
FACT07939,P12,557,70
FACT07939,P19,543,3800
FACT07939,P03,334,8000
FACT07939,P04,330,3500
FACT07865,P15,140,650
FACT07865,P17,371,280
FACT07865,P12,456,70
FACT07865,P05,83,45
FACT04546,P17,43,280
FACT04546,P07,441,28
FACT04546,P12,194,70
FACT04546,P08,530,65
FACT06130,P05,568,45
FACT06130,P17,516,280
FACT06130,P16,572,800
FACT06130,P20,449,2900
FACT03865,P02,516,350
FACT03865,P09,103,18
FACT03865,P03,395,8000
FACT03865,P10,394,20
FACT08702,P10,500,20
FACT08702,P16,277,800
FACT08702,P19,162,3800
FACT08702,P13,9,350
FACT00840,P01,251,4500
FACT00840,P15,169,650
FACT00840,P05,481,45
FACT00840,P13,561,350
FACT07975,P07,125,28
FACT07975,P10,214,20
FACT07975,P18,459,900
FACT07975,P01,212,4500
FACT02437,P16,105,800
FACT02437,P03,188,8000
FACT02437,P06,591,30
FACT02437,P10,407,20
FACT08705,P09,111,18
FACT08705,P04,172,3500
FACT08705,P13,497,350
FACT08705,P10,416,20
FACT09582,P02,229,350
FACT09582,P06,478,30
FACT09582,P18,234,900
FACT09582,P16,418,800
FACT04116,P19,122,3800
FACT04116,P16,362,800
FACT04116,P03,135,8000
FACT04116,P06,90,30
FACT03661,P02,288,350
FACT03661,P09,398,18
FACT03661,P18,468,900
FACT03661,P08,185,65
FACT01169,P15,246,650
FACT01169,P17,595,280
FACT01169,P10,198,20
FACT01169,P01,231,4500
FACT09024,P06,361,30
FACT09024,P12,599,70
FACT09024,P01,227,4500
FACT09024,P05,213,45
FACT00172,P04,324,3500
FACT00172,P18,579,900
FACT00172,P10,89,20
FACT00172,P17,436,280
FACT00421,P01,499,4500
FACT00421,P03,448,8000
FACT00421,P11,330,55
FACT00421,P12,545,70
FACT08502,P04,107,3500
FACT08502,P20,570,2900
FACT08502,P15,464,650
FACT08502,P07,75,28
FACT09803,P07,199,28
FACT09803,P16,353,800
FACT09803,P10,448,20
FACT09803,P06,185,30
FACT07875,P16,441,800
FACT07875,P14,316,450
FACT07875,P02,85,350
FACT07875,P08,421,65
FACT06129,P10,45,20
FACT06129,P13,65,350
FACT06129,P14,416,450
FACT06129,P03,80,8000
FACT00104,P18,102,900
FACT00104,P16,285,800
FACT00104,P01,398,4500
FACT00104,P17,105,280
FACT07983,P10,509,20
FACT07983,P17,272,280
FACT07983,P07,52,28
FACT07983,P01,261,4500
FACT02109,P20,215,2900
FACT02109,P18,202,900
FACT02109,P08,197,65
FACT02109,P07,475,28
FACT05879,P06,550,30
FACT05879,P08,554,65
FACT05879,P20,234,2900
FACT05879,P07,105,28
FACT03637,P07,225,28
FACT03637,P09,110,18
FACT03637,P15,342,650
FACT03637,P16,206,800
FACT04057,P09,30,18
FACT04057,P11,255,55
FACT04057,P20,440,2900
FACT04057,P10,437,20
FACT01608,P05,329,45
FACT01608,P04,143,3500
FACT01608,P09,459,18
FACT01608,P11,279,55
FACT00638,P12,230,70
FACT00638,P15,255,650
FACT00638,P10,576,20
FACT00638,P03,435,8000
FACT07519,P04,393,3500
FACT07519,P01,176,4500
FACT07519,P06,347,30
FACT07519,P08,143,65
FACT06487,P10,452,20
FACT06487,P03,460,8000
FACT06487,P11,149,55
FACT06487,P17,88,280
FACT06355,P08,574,65
FACT06355,P18,92,900
FACT06355,P05,571,45
FACT06355,P19,467,3800
FACT02024,P18,155,900
FACT02024,P09,577,18
FACT02024,P04,274,3500
FACT02024,P08,566,65
FACT05107,P04,120,3500
FACT05107,P10,343,20
FACT05107,P09,48,18
FACT05107,P13,559,350
FACT02458,P07,13,28
FACT02458,P01,303,4500
FACT02458,P18,413,900
FACT02458,P04,246,3500
FACT07197,P04,340,3500
FACT07197,P17,572,280
FACT07197,P02,589,350
FACT07197,P07,203,28
FACT09646,P18,45,900
FACT09646,P10,76,20
FACT09646,P19,134,3800
FACT09646,P09,561,18
FACT01364,P16,46,800
FACT01364,P14,179,450
FACT01364,P05,112,45
FACT01364,P08,421,65
FACT04565,P12,276,70
FACT04565,P07,150,28
FACT04565,P02,356,350
FACT04565,P15,437,650
FACT03340,P13,180,350
FACT03340,P05,23,45
FACT03340,P10,518,20
FACT03340,P11,381,55
FACT07024,P05,192,45
FACT07024,P02,587,350
FACT07024,P18,143,900
FACT07024,P13,421,350
FACT05363,P09,182,18
FACT05363,P08,250,65
FACT05363,P05,337,45
FACT05363,P13,14,350
FACT03786,P15,393,650
FACT03786,P04,505,3500
FACT03786,P16,274,800
FACT03786,P09,183,18
FACT01573,P07,163,28
FACT01573,P01,149,4500
FACT01573,P14,72,450
FACT01573,P09,491,18
FACT07798,P13,90,350
FACT07798,P18,292,900
FACT07798,P16,151,800
FACT07798,P06,490,30
FACT03339,P17,591,280
FACT03339,P02,408,350
FACT03339,P10,229,20
FACT03339,P05,573,45
FACT04902,P12,519,70
FACT04902,P15,578,650
FACT04902,P17,435,280
FACT04902,P06,456,30
FACT07806,P06,232,30
FACT07806,P17,157,280
FACT07806,P08,560,65
FACT07806,P16,265,800
FACT02251,P17,94,280
FACT02251,P13,484,350
FACT02251,P06,373,30
FACT02251,P01,294,4500
FACT03189,P17,164,280
FACT03189,P08,331,65
FACT03189,P20,489,2900
FACT03189,P02,163,350
FACT03912,P11,71,55
FACT03912,P06,356,30
FACT03912,P03,140,8000
FACT03912,P12,523,70
FACT01693,P11,492,55
FACT01693,P12,356,70
FACT01693,P02,143,350
FACT01693,P07,550,28
FACT01494,P12,415,70
FACT01494,P13,25,350
FACT01494,P10,232,20
FACT01494,P04,61,3500
FACT09178,P18,258,900
FACT09178,P14,50,450
FACT09178,P12,20,70
FACT09178,P11,544,55
FACT08800,P04,428,3500
FACT08800,P05,199,45
FACT08800,P12,479,70
FACT08800,P18,599,900
FACT05885,P16,238,800
FACT05885,P10,476,20
FACT05885,P04,525,3500
FACT05885,P03,423,8000
FACT02431,P20,336,2900
FACT02431,P01,103,4500
FACT02431,P16,206,800
FACT02431,P02,305,350
FACT01877,P11,259,55
FACT01877,P09,76,18
FACT01877,P12,175,70
FACT01877,P15,265,650
FACT02456,P14,74,450
FACT02456,P18,410,900
FACT02456,P19,251,3800
FACT02456,P01,418,4500
FACT09900,P11,155,55
FACT09900,P10,574,20
FACT09900,P20,88,2900
FACT09900,P05,177,45
FACT06424,P10,71,20
FACT06424,P07,128,28
FACT06424,P03,476,8000
FACT06424,P18,332,900
FACT09244,P10,78,20
FACT09244,P13,178,350
FACT09244,P09,15,18
FACT09244,P06,226,30
FACT09946,P05,127,45
FACT09946,P12,55,70
FACT09946,P09,36,18
FACT09946,P07,478,28
FACT03546,P18,70,900
FACT03546,P01,92,4500
FACT03546,P12,366,70
FACT03546,P10,25,20
FACT03825,P19,382,3800
FACT03825,P07,305,28
FACT03825,P12,386,70
FACT03825,P20,314,2900
FACT06869,P07,452,28
FACT06869,P18,225,900
FACT06869,P05,335,45
FACT06869,P04,201,3500
FACT06961,P08,467,65
FACT06961,P13,225,350
FACT06961,P10,507,20
FACT06961,P19,294,3800
FACT05692,P17,443,280
FACT05692,P18,575,900
FACT05692,P08,481,65
FACT05692,P01,311,4500
FACT02409,P14,118,450
FACT02409,P10,63,20
FACT02409,P16,133,800
FACT02409,P13,85,350
FACT04402,P10,89,20
FACT04402,P14,490,450
FACT04402,P02,199,350
FACT04402,P17,312,280
FACT00073,P06,41,30
FACT00073,P20,360,2900
FACT00073,P03,476,8000
FACT00073,P10,236,20
FACT05911,P17,337,280
FACT05911,P11,529,55
FACT05911,P06,240,30
FACT05911,P19,425,3800
FACT01630,P05,462,45
FACT01630,P17,445,280
FACT01630,P04,357,3500
FACT01630,P14,416,450
FACT05927,P14,127,450
FACT05927,P18,146,900
FACT05927,P11,392,55
FACT05927,P13,441,350
FACT08016,P13,400,350
FACT08016,P03,193,8000
FACT08016,P01,284,4500
FACT08016,P17,258,280
FACT01507,P08,10,65
FACT01507,P03,74,8000
FACT01507,P16,81,800
FACT01507,P05,483,45
FACT02047,P16,328,800
FACT02047,P10,202,20
FACT02047,P20,271,2900
FACT02047,P19,476,3800
FACT05077,P04,193,3500
FACT05077,P16,224,800
FACT05077,P05,299,45
FACT05077,P07,145,28
FACT03842,P04,337,3500
FACT03842,P08,82,65
FACT03842,P15,471,650
FACT03842,P18,19,900
FACT02060,P10,484,20
FACT02060,P17,360,280
FACT02060,P18,234,900
FACT02060,P03,141,8000
FACT09807,P08,448,65
FACT09807,P01,373,4500
FACT09807,P16,505,800
FACT09807,P19,158,3800
FACT02980,P20,308,2900
FACT02980,P04,14,3500
FACT02980,P08,504,65
FACT02980,P13,592,350
FACT01036,P05,368,45
FACT01036,P11,282,55
FACT01036,P15,156,650
FACT01036,P12,213,70
FACT08262,P10,391,20
FACT08262,P09,580,18
FACT08262,P16,521,800
FACT08262,P15,10,650
FACT05326,P14,213,450
FACT05326,P07,249,28
FACT05326,P16,358,800
FACT05326,P01,57,4500
FACT09032,P16,188,800
FACT09032,P04,203,3500
FACT09032,P06,337,30
FACT09032,P19,486,3800
FACT07780,P06,419,30
FACT07780,P02,200,350
FACT07780,P13,313,350
FACT07780,P10,496,20
FACT01461,P09,308,18
FACT01461,P07,389,28
FACT01461,P08,589,65
FACT01461,P17,442,280
FACT09718,P04,366,3500
FACT09718,P11,148,55
FACT09718,P09,6,18
FACT09718,P10,338,20
FACT02742,P18,96,900
FACT02742,P06,100,30
FACT02742,P12,170,70
FACT02742,P10,128,20
FACT02603,P13,383,350
FACT02603,P07,236,28
FACT02603,P09,96,18
FACT02603,P06,516,30
FACT05051,P16,254,800
FACT05051,P09,139,18
FACT05051,P17,385,280
FACT05051,P10,349,20
FACT08825,P09,500,18
FACT08825,P17,535,280
FACT08825,P06,555,30
FACT08825,P14,411,450
FACT09890,P04,139,3500
FACT09890,P07,174,28
FACT09890,P18,293,900
FACT09890,P09,239,18
FACT03294,P04,271,3500
FACT03294,P20,528,2900
FACT03294,P15,577,650
FACT03294,P06,268,30
FACT00302,P07,76,28
FACT00302,P20,535,2900
FACT00302,P01,436,4500
FACT00302,P02,152,350
FACT03688,P05,599,45
FACT03688,P02,580,350
FACT03688,P20,23,2900
FACT03688,P03,158,8000
FACT01606,P01,163,4500
FACT01606,P18,329,900
FACT01606,P04,69,3500
FACT01606,P02,214,350
FACT04223,P17,24,280
FACT04223,P04,194,3500
FACT04223,P11,441,55
FACT04223,P15,490,650
FACT01903,P10,526,20
FACT01903,P17,380,280
FACT01903,P04,425,3500
FACT01903,P13,508,350
FACT03186,P14,339,450
FACT03186,P19,448,3800
FACT03186,P10,469,20
FACT03186,P18,262,900
FACT09047,P05,35,45
FACT09047,P13,336,350
FACT09047,P02,160,350
FACT09047,P06,518,30
FACT00358,P17,265,280
FACT00358,P07,71,28
FACT00358,P04,66,3500
FACT00358,P01,205,4500
FACT01993,P10,451,20
FACT01993,P13,475,350
FACT01993,P16,120,800
FACT01993,P01,371,4500
FACT07664,P01,364,4500
FACT07664,P15,116,650
FACT07664,P06,483,30
FACT07664,P16,325,800
FACT06759,P07,163,28
FACT06759,P06,41,30
FACT06759,P02,149,350
FACT06759,P04,201,3500
FACT09653,P10,473,20
FACT09653,P20,174,2900
FACT09653,P06,560,30
FACT09653,P14,252,450
FACT02976,P11,215,55
FACT02976,P09,233,18
FACT02976,P16,382,800
FACT02976,P08,270,65
FACT05661,P10,287,20
FACT05661,P16,378,800
FACT05661,P13,215,350
FACT05661,P19,558,3800
FACT09298,P12,393,70
FACT09298,P06,239,30
FACT09298,P01,50,4500
FACT09298,P03,146,8000
FACT05709,P03,300,8000
FACT05709,P20,546,2900
FACT05709,P09,420,18
FACT05709,P17,332,280
FACT05132,P17,338,280
FACT05132,P01,23,4500
FACT05132,P12,71,70
FACT05132,P06,252,30
FACT05515,P02,453,350
FACT05515,P20,465,2900
FACT05515,P16,60,800
FACT05515,P06,188,30
FACT05306,P15,360,650
FACT05306,P12,516,70
FACT05306,P04,173,3500
FACT05306,P05,229,45
FACT00178,P09,303,18
FACT00178,P02,31,350
FACT00178,P08,246,65
FACT00178,P07,494,28
FACT05554,P19,332,3800
FACT05554,P02,565,350
FACT05554,P09,199,18
FACT05554,P17,466,280
FACT02169,P12,483,70
FACT02169,P11,185,55
FACT02169,P14,400,450
FACT02169,P08,302,65
FACT02791,P14,123,450
FACT02791,P10,308,20
FACT02791,P17,207,280
FACT02791,P15,44,650
FACT04061,P11,442,55
FACT04061,P03,586,8000
FACT04061,P10,434,20
FACT04061,P01,397,4500
FACT09282,P13,187,350
FACT09282,P12,524,70
FACT09282,P11,215,55
FACT09282,P05,169,45
FACT01029,P14,188,450
FACT01029,P15,321,650
FACT01029,P03,279,8000
FACT01029,P20,178,2900
FACT07751,P04,487,3500
FACT07751,P08,149,65
FACT07751,P05,216,45
FACT07751,P06,486,30
FACT06099,P03,177,8000
FACT06099,P01,503,4500
FACT06099,P16,76,800
FACT06099,P09,346,18
FACT00854,P19,362,3800
FACT00854,P04,74,3500
FACT00854,P05,30,45
FACT00854,P13,187,350
FACT02206,P18,352,900
FACT02206,P17,306,280
FACT02206,P14,366,450
FACT02206,P11,251,55
FACT02666,P13,516,350
FACT02666,P18,224,900
FACT02666,P16,64,800
FACT02666,P14,537,450
FACT08801,P13,582,350
FACT08801,P16,389,800
FACT08801,P10,157,20
FACT08801,P19,169,3800
FACT01531,P16,116,800
FACT01531,P08,8,65
FACT01531,P18,579,900
FACT01531,P01,210,4500
FACT04219,P15,495,650
FACT04219,P05,276,45
FACT04219,P13,307,350
FACT04219,P01,470,4500
FACT00050,P18,392,900
FACT00050,P19,84,3800
FACT00050,P02,22,350
FACT00050,P16,210,800
FACT02267,P06,171,30
FACT02267,P08,241,65
FACT02267,P02,201,350
FACT02267,P18,516,900
FACT02882,P13,85,350
FACT02882,P06,22,30
FACT02882,P20,499,2900
FACT02882,P14,330,450
FACT01273,P19,562,3800
FACT01273,P10,534,20
FACT01273,P02,182,350
FACT01273,P20,462,2900
FACT09176,P02,515,350
FACT09176,P05,167,45
FACT09176,P06,490,30
FACT09176,P19,115,3800
FACT02560,P05,91,45
FACT02560,P16,400,800
FACT02560,P19,137,3800
FACT02560,P13,336,350
FACT02117,P07,187,28
FACT02117,P10,214,20
FACT02117,P14,199,450
FACT02117,P05,184,45
FACT04758,P02,487,350
FACT04758,P12,242,70
FACT04758,P07,207,28
FACT04758,P20,88,2900
FACT09897,P07,6,28
FACT09897,P09,144,18
FACT09897,P03,168,8000
FACT09897,P20,172,2900
FACT01268,P13,425,350
FACT01268,P18,384,900
FACT01268,P02,262,350
FACT01268,P19,581,3800
FACT00297,P07,220,28
FACT00297,P05,399,45
FACT00297,P20,387,2900
FACT00297,P01,257,4500
FACT00895,P01,159,4500
FACT00895,P11,491,55
FACT00895,P10,270,20
FACT00895,P02,269,350
FACT05213,P18,581,900
FACT05213,P02,548,350
FACT05213,P03,99,8000
FACT05213,P05,160,45
FACT06193,P04,439,3500
FACT06193,P07,451,28
FACT06193,P06,251,30
FACT06193,P01,328,4500
FACT07536,P01,558,4500
FACT07536,P12,431,70
FACT07536,P17,224,280
FACT07536,P09,217,18
FACT03591,P17,592,280
FACT03591,P10,479,20
FACT03591,P18,517,900
FACT03591,P07,230,28
FACT08640,P11,284,55
FACT08640,P17,480,280
FACT08640,P14,394,450
FACT08640,P01,390,4500
FACT01682,P20,339,2900
FACT01682,P07,525,28
FACT01682,P08,290,65
FACT01682,P05,26,45
FACT00363,P19,511,3800
FACT00363,P07,129,28
FACT00363,P06,405,30
FACT00363,P17,411,280
FACT01161,P12,388,70
FACT01161,P15,383,650
FACT01161,P05,215,45
FACT01161,P02,265,350
FACT00218,P16,167,800
FACT00218,P02,594,350
FACT00218,P05,120,45
FACT00218,P13,597,350
FACT07311,P02,432,350
FACT07311,P04,511,3500
FACT07311,P07,570,28
FACT07311,P15,147,650
FACT04246,P19,193,3800
FACT04246,P01,250,4500
FACT04246,P03,71,8000
FACT04246,P20,97,2900
FACT09820,P14,66,450
FACT09820,P20,518,2900
FACT09820,P01,307,4500
FACT09820,P07,468,28
FACT08846,P14,53,450
FACT08846,P03,185,8000
FACT08846,P02,285,350
FACT08846,P09,226,18
FACT03216,P07,593,28
FACT03216,P11,241,55
FACT03216,P15,342,650
FACT03216,P08,19,65
FACT05453,P17,548,280
FACT05453,P04,146,3500
FACT05453,P09,240,18
FACT05453,P06,196,30
FACT03550,P17,427,280
FACT03550,P09,102,18
FACT03550,P04,503,3500
FACT03550,P16,597,800
FACT04189,P04,280,3500
FACT04189,P10,31,20
FACT04189,P15,110,650
FACT04189,P07,377,28
FACT02201,P04,444,3500
FACT02201,P01,584,4500
FACT02201,P15,219,650
FACT02201,P09,16,18
FACT02709,P06,255,30
FACT02709,P02,492,350
FACT02709,P08,110,65
FACT02709,P16,503,800
FACT00786,P19,309,3800
FACT00786,P16,218,800
FACT00786,P10,526,20
FACT00786,P20,326,2900
FACT05263,P09,338,18
FACT05263,P14,171,450
FACT05263,P06,426,30
FACT05263,P10,262,20
FACT05727,P06,176,30
FACT05727,P12,213,70
FACT05727,P20,506,2900
FACT05727,P16,354,800
FACT05307,P12,425,70
FACT05307,P14,300,450
FACT05307,P08,145,65
FACT05307,P04,192,3500
FACT04384,P17,106,280
FACT04384,P16,332,800
FACT04384,P20,393,2900
FACT04384,P10,447,20
FACT08568,P01,408,4500
FACT08568,P02,506,350
FACT08568,P10,570,20
FACT08568,P20,88,2900
FACT08509,P19,95,3800
FACT08509,P06,246,30
FACT08509,P18,592,900
FACT08509,P14,542,450
FACT05664,P06,174,30
FACT05664,P03,421,8000
FACT05664,P10,341,20
FACT05664,P19,132,3800
FACT01172,P09,79,18
FACT01172,P19,229,3800
FACT01172,P18,525,900
FACT01172,P02,323,350
FACT02486,P16,476,800
FACT02486,P20,240,2900
FACT02486,P04,342,3500
FACT02486,P08,142,65
FACT05493,P13,409,350
FACT05493,P18,116,900
FACT05493,P01,34,4500
FACT05493,P19,380,3800
FACT02227,P03,221,8000
FACT02227,P12,542,70
FACT02227,P06,486,30
FACT02227,P09,573,18
FACT05833,P13,587,350
FACT05833,P11,232,55
FACT05833,P07,380,28
FACT05833,P17,563,280
FACT06681,P10,144,20
FACT06681,P09,41,18
FACT06681,P06,477,30
FACT06681,P01,533,4500
FACT01456,P17,407,280
FACT01456,P11,240,55
FACT01456,P07,155,28
FACT01456,P05,518,45
FACT05754,P16,150,800
FACT05754,P19,89,3800
FACT05754,P18,264,900
FACT05754,P07,282,28
FACT04112,P01,207,4500
FACT04112,P19,85,3800
FACT04112,P04,474,3500
FACT04112,P10,97,20
FACT09515,P13,132,350
FACT09515,P02,408,350
FACT09515,P09,494,18
FACT09515,P14,111,450
FACT01119,P03,387,8000
FACT01119,P11,247,55
FACT01119,P17,179,280
FACT01119,P04,90,3500
FACT02101,P02,503,350
FACT02101,P16,422,800
FACT02101,P20,534,2900
FACT02101,P17,350,280
FACT05286,P01,477,4500
FACT05286,P03,55,8000
FACT05286,P11,218,55
FACT05286,P16,336,800
FACT01911,P08,264,65
FACT01911,P03,113,8000
FACT01911,P11,237,55
FACT01911,P04,600,3500
FACT05822,P15,320,650
FACT05822,P03,573,8000
FACT05822,P02,165,350
FACT05822,P17,229,280
FACT01176,P18,355,900
FACT01176,P09,49,18
FACT01176,P05,347,45
FACT01176,P03,39,8000
FACT04747,P12,506,70
FACT04747,P17,270,280
FACT04747,P04,222,3500
FACT04747,P11,217,55
FACT01096,P20,449,2900
FACT01096,P11,500,55
FACT01096,P16,404,800
FACT01096,P18,97,900
FACT07754,P16,115,800
FACT07754,P06,388,30
FACT07754,P15,384,650
FACT07754,P03,162,8000
FACT06527,P09,268,18
FACT06527,P14,18,450
FACT06527,P16,157,800
FACT06527,P05,505,45
FACT05553,P01,306,4500
FACT05553,P05,228,45
FACT05553,P18,450,900
FACT05553,P16,297,800
FACT01755,P01,284,4500
FACT01755,P20,306,2900
FACT01755,P14,561,450
FACT01755,P18,149,900
FACT08805,P05,352,45
FACT08805,P04,7,3500
FACT08805,P13,8,350
FACT08805,P16,470,800
FACT07189,P01,537,4500
FACT07189,P16,80,800
FACT07189,P18,580,900
FACT07189,P09,189,18
FACT05011,P04,71,3500
FACT05011,P11,373,55
FACT05011,P06,491,30
FACT05011,P17,460,280
FACT07029,P04,274,3500
FACT07029,P11,357,55
FACT07029,P12,108,70
FACT07029,P13,467,350
FACT04734,P09,249,18
FACT04734,P20,106,2900
FACT04734,P01,346,4500
FACT04734,P05,200,45
FACT05060,P12,444,70
FACT05060,P02,244,350
FACT05060,P08,438,65
FACT05060,P18,312,900
FACT03261,P19,305,3800
FACT03261,P14,447,450
FACT03261,P05,404,45
FACT03261,P07,226,28
FACT01658,P17,22,280
FACT01658,P05,156,45
FACT01658,P07,341,28
FACT01658,P15,489,650
FACT02065,P02,127,350
FACT02065,P15,439,650
FACT02065,P03,216,8000
FACT02065,P01,276,4500
FACT02676,P11,211,55
FACT02676,P17,244,280
FACT02676,P06,291,30
FACT02676,P15,583,650
FACT01891,P17,160,280
FACT01891,P04,97,3500
FACT01891,P05,12,45
FACT01891,P06,390,30
FACT01455,P19,72,3800
FACT01455,P12,111,70
FACT01455,P07,508,28
FACT01455,P08,234,65
FACT05255,P13,508,350
FACT05255,P10,20,20
FACT05255,P20,524,2900
FACT05255,P19,259,3800
FACT03134,P19,584,3800
FACT03134,P18,195,900
FACT03134,P16,477,800
FACT03134,P14,519,450
FACT05831,P07,272,28
FACT05831,P12,67,70
FACT05831,P09,220,18
FACT05831,P17,297,280
FACT01109,P05,35,45
FACT01109,P18,420,900
FACT01109,P06,70,30
FACT01109,P19,391,3800
FACT08680,P09,160,18
FACT08680,P19,565,3800
FACT08680,P10,399,20
FACT08680,P02,547,350
FACT03818,P20,331,2900
FACT03818,P10,252,20
FACT03818,P13,98,350
FACT03818,P17,571,280
FACT06472,P12,496,70
FACT06472,P14,284,450
FACT06472,P07,27,28
FACT06472,P13,180,350
FACT06083,P02,405,350
FACT06083,P19,264,3800
FACT06083,P20,257,2900
FACT06083,P18,101,900
FACT09702,P19,526,3800
FACT09702,P01,222,4500
FACT09702,P18,524,900
FACT09702,P17,470,280
FACT08344,P05,140,45
FACT08344,P13,112,350
FACT08344,P07,457,28
FACT08344,P20,116,2900
FACT07292,P01,489,4500
FACT07292,P18,280,900
FACT07292,P10,94,20
FACT07292,P19,477,3800
FACT08546,P12,73,70
FACT08546,P16,487,800
FACT08546,P06,488,30
FACT08546,P04,421,3500
FACT01814,P06,591,30
FACT01814,P11,159,55
FACT01814,P04,386,3500
FACT01814,P01,57,4500
FACT03723,P17,379,280
FACT03723,P16,411,800
FACT03723,P06,443,30
FACT03723,P03,195,8000
FACT00444,P14,590,450
FACT00444,P05,389,45
FACT00444,P10,359,20
FACT00444,P20,270,2900
FACT08651,P17,494,280
FACT08651,P13,382,350
FACT08651,P09,396,18
FACT08651,P02,449,350
FACT06700,P02,225,350
FACT06700,P20,80,2900
FACT06700,P15,76,650
FACT06700,P09,21,18
FACT08759,P14,12,450
FACT08759,P01,437,4500
FACT08759,P16,52,800
FACT08759,P06,447,30
FACT05836,P16,222,800
FACT05836,P11,129,55
FACT05836,P09,56,18
FACT05836,P06,20,30
FACT05892,P05,49,45
FACT05892,P17,275,280
FACT05892,P15,179,650
FACT05892,P08,326,65
FACT06030,P05,477,45
FACT06030,P09,137,18
FACT06030,P13,536,350
FACT06030,P06,587,30
FACT02397,P03,541,8000
FACT02397,P10,597,20
FACT02397,P16,178,800
FACT02397,P14,567,450
FACT06454,P03,289,8000
FACT06454,P13,417,350
FACT06454,P06,117,30
FACT06454,P20,580,2900
FACT04159,P12,161,70
FACT04159,P04,374,3500
FACT04159,P17,410,280
FACT04159,P13,215,350
FACT06282,P19,159,3800
FACT06282,P11,315,55
FACT06282,P02,6,350
FACT06282,P09,542,18
FACT00361,P12,251,70
FACT00361,P11,72,55
FACT00361,P07,294,28
FACT00361,P01,291,4500
FACT07973,P05,155,45
FACT07973,P09,504,18
FACT07973,P03,85,8000
FACT07973,P18,377,900
FACT08901,P18,214,900
FACT08901,P04,292,3500
FACT08901,P01,334,4500
FACT08901,P11,372,55
FACT04098,P06,201,30
FACT04098,P08,399,65
FACT04098,P05,266,45
FACT04098,P20,540,2900
FACT08704,P03,327,8000
FACT08704,P19,319,3800
FACT08704,P01,197,4500
FACT08704,P07,305,28
FACT09798,P13,93,350
FACT09798,P11,10,55
FACT09798,P02,308,350
FACT09798,P08,529,65
FACT05974,P09,424,18
FACT05974,P01,193,4500
FACT05974,P06,312,30
FACT05974,P19,355,3800
FACT09901,P14,453,450
FACT09901,P10,59,20
FACT09901,P06,528,30
FACT09901,P11,104,55
FACT07144,P13,312,350
FACT07144,P16,154,800
FACT07144,P03,184,8000
FACT07144,P18,324,900
FACT04043,P11,297,55
FACT04043,P09,268,18
FACT04043,P07,355,28
FACT04043,P20,417,2900
FACT02382,P01,532,4500
FACT02382,P08,173,65
FACT02382,P15,396,650
FACT02382,P09,438,18
FACT04909,P09,396,18
FACT04909,P19,556,3800
FACT04909,P07,152,28
FACT04909,P16,496,800
FACT00619,P12,176,70
FACT00619,P09,564,18
FACT00619,P01,304,4500
FACT00619,P19,348,3800
FACT07356,P12,258,70
FACT07356,P09,597,18
FACT07356,P11,471,55
FACT07356,P17,299,280
FACT09981,P12,521,70
FACT09981,P02,584,350
FACT09981,P20,114,2900
FACT09981,P08,346,65
FACT04726,P06,19,30
FACT04726,P12,456,70
FACT04726,P11,399,55
FACT04726,P08,436,65
FACT04879,P16,468,800
FACT04879,P10,433,20
FACT04879,P01,278,4500
FACT04879,P17,504,280
FACT07715,P08,178,65
FACT07715,P06,206,30
FACT07715,P13,118,350
FACT07715,P01,306,4500
FACT04185,P14,153,450
FACT04185,P16,145,800
FACT04185,P18,139,900
FACT04185,P02,257,350
FACT07818,P11,288,55
FACT07818,P15,419,650
FACT07818,P17,562,280
FACT07818,P18,248,900
FACT04160,P14,182,450
FACT04160,P20,538,2900
FACT04160,P19,390,3800
FACT04160,P08,541,65
FACT01991,P09,287,18
FACT01991,P19,79,3800
FACT01991,P17,233,280
FACT01991,P07,358,28
FACT07046,P11,584,55
FACT07046,P10,19,20
FACT07046,P15,567,650
FACT07046,P14,378,450
FACT03287,P04,38,3500
FACT03287,P17,346,280
FACT03287,P16,285,800
FACT03287,P19,315,3800
FACT07850,P05,208,45
FACT07850,P11,161,55
FACT07850,P20,77,2900
FACT07850,P04,334,3500
FACT04733,P03,295,8000
FACT04733,P18,343,900
FACT04733,P02,350,350
FACT04733,P05,95,45
FACT01359,P14,175,450
FACT01359,P15,147,650
FACT01359,P06,422,30
FACT01359,P12,33,70
FACT00732,P20,546,2900
FACT00732,P18,46,900
FACT00732,P15,81,650
FACT00732,P05,203,45
FACT07789,P05,583,45
FACT07789,P13,186,350
FACT07789,P06,110,30
FACT07789,P11,108,55
FACT01156,P12,167,70
FACT01156,P16,520,800
FACT01156,P01,334,4500
FACT01156,P08,371,65
FACT02116,P06,556,30
FACT02116,P14,492,450
FACT02116,P10,415,20
FACT02116,P19,319,3800
FACT01362,P01,133,4500
FACT01362,P09,308,18
FACT01362,P02,477,350
FACT01362,P11,411,55
FACT01665,P16,42,800
FACT01665,P02,348,350
FACT01665,P19,392,3800
FACT01665,P01,320,4500
FACT07098,P20,428,2900
FACT07098,P19,517,3800
FACT07098,P17,580,280
FACT07098,P09,441,18
FACT09561,P04,451,3500
FACT09561,P20,305,2900
FACT09561,P11,172,55
FACT09561,P03,357,8000
FACT07880,P19,96,3800
FACT07880,P06,553,30
FACT07880,P11,595,55
FACT07880,P12,479,70
FACT07392,P20,84,2900
FACT07392,P18,148,900
FACT07392,P04,420,3500
FACT07392,P19,364,3800
FACT01256,P02,512,350
FACT01256,P13,221,350
FACT01256,P04,399,3500
FACT01256,P18,275,900
FACT00545,P20,541,2900
FACT00545,P07,265,28
FACT00545,P02,385,350
FACT00545,P19,200,3800
FACT03344,P08,575,65
FACT03344,P12,569,70
FACT03344,P20,413,2900
FACT03344,P05,321,45
FACT08481,P14,279,450
FACT08481,P16,274,800
FACT08481,P08,447,65
FACT08481,P01,223,4500
FACT05474,P19,436,3800
FACT05474,P09,216,18
FACT05474,P04,148,3500
FACT05474,P06,10,30
FACT00678,P01,563,4500
FACT00678,P15,377,650
FACT00678,P10,321,20
FACT00678,P07,586,28
FACT01351,P20,8,2900
FACT01351,P05,169,45
FACT01351,P07,479,28
FACT01351,P03,556,8000
FACT01337,P18,275,900
FACT01337,P06,536,30
FACT01337,P20,590,2900
FACT01337,P12,138,70
FACT04255,P20,360,2900
FACT04255,P06,492,30
FACT04255,P09,349,18
FACT04255,P16,74,800
FACT09198,P19,502,3800
FACT09198,P17,227,280
FACT09198,P01,529,4500
FACT09198,P11,363,55
FACT02080,P08,322,65
FACT02080,P02,95,350
FACT02080,P14,278,450
FACT02080,P01,267,4500
FACT02309,P14,171,450
FACT02309,P13,88,350
FACT02309,P19,357,3800
FACT02309,P18,388,900
FACT08674,P04,430,3500
FACT08674,P07,523,28
FACT08674,P05,302,45
FACT08674,P10,93,20
FACT06329,P16,347,800
FACT06329,P15,175,650
FACT06329,P10,365,20
FACT06329,P13,563,350
FACT02364,P10,330,20
FACT02364,P04,120,3500
FACT02364,P02,342,350
FACT02364,P08,304,65
FACT01114,P08,92,65
FACT01114,P10,369,20
FACT01114,P09,497,18
FACT01114,P20,33,2900
FACT05300,P16,195,800
FACT05300,P01,318,4500
FACT05300,P09,309,18
FACT05300,P08,280,65
FACT00040,P02,529,350
FACT00040,P17,440,280
FACT00040,P08,483,65
FACT00040,P18,594,900
FACT08991,P01,271,4500
FACT08991,P15,126,650
FACT08991,P12,10,70
FACT08991,P06,84,30
FACT04119,P18,553,900
FACT04119,P03,358,8000
FACT04119,P15,429,650
FACT04119,P14,331,450
FACT07955,P19,76,3800
FACT07955,P15,527,650
FACT07955,P01,580,4500
FACT07955,P07,81,28
FACT04282,P14,48,450
FACT04282,P15,22,650
FACT04282,P10,482,20
FACT04282,P08,397,65
FACT02093,P02,57,350
FACT02093,P12,93,70
FACT02093,P16,204,800
FACT02093,P17,389,280
FACT06300,P02,86,350
FACT06300,P20,582,2900
FACT06300,P04,374,3500
FACT06300,P06,357,30
FACT01257,P03,391,8000
FACT01257,P10,467,20
FACT01257,P12,222,70
FACT01257,P01,158,4500
FACT03682,P06,574,30
FACT03682,P10,153,20
FACT03682,P03,538,8000
FACT03682,P16,432,800
FACT02770,P11,170,55
FACT02770,P20,360,2900
FACT02770,P19,278,3800
FACT02770,P17,75,280
FACT08530,P20,436,2900
FACT08530,P17,376,280
FACT08530,P19,19,3800
FACT08530,P14,239,450
FACT06929,P01,309,4500
FACT06929,P06,131,30
FACT06929,P07,401,28
FACT06929,P17,137,280
FACT03373,P13,492,350
FACT03373,P20,106,2900
FACT03373,P17,52,280
FACT03373,P15,397,650
FACT06134,P18,511,900
FACT06134,P14,550,450
FACT06134,P15,442,650
FACT06134,P03,503,8000
FACT08784,P03,103,8000
FACT08784,P04,252,3500
FACT08784,P17,519,280
FACT08784,P05,408,45
FACT00752,P11,173,55
FACT00752,P08,55,65
FACT00752,P20,572,2900
FACT00752,P14,373,450
FACT08950,P16,75,800
FACT08950,P13,52,350
FACT08950,P04,126,3500
FACT08950,P19,100,3800
FACT04203,P06,244,30
FACT04203,P20,424,2900
FACT04203,P17,330,280
FACT04203,P13,451,350
FACT00017,P14,337,450
FACT00017,P06,147,30
FACT00017,P11,416,55
FACT00017,P03,523,8000
FACT02786,P16,588,800
FACT02786,P10,297,20
FACT02786,P09,556,18
FACT02786,P08,322,65
FACT00191,P03,322,8000
FACT00191,P18,412,900
FACT00191,P19,124,3800
FACT00191,P11,347,55
FACT02778,P02,176,350
FACT02778,P09,529,18
FACT02778,P15,97,650
FACT02778,P10,152,20
FACT09939,P19,211,3800
FACT09939,P04,458,3500
FACT09939,P03,136,8000
FACT09939,P14,92,450
FACT06698,P10,370,20
FACT06698,P04,356,3500
FACT06698,P09,11,18
FACT06698,P13,377,350
FACT07527,P12,218,70
FACT07527,P14,519,450
FACT07527,P09,599,18
FACT07527,P19,489,3800
FACT04425,P01,150,4500
FACT04425,P09,54,18
FACT04425,P20,530,2900
FACT04425,P12,377,70
FACT03815,P14,287,450
FACT03815,P09,266,18
FACT03815,P19,537,3800
FACT03815,P06,367,30
FACT06449,P06,563,30
FACT06449,P14,202,450
FACT06449,P04,103,3500
FACT06449,P07,271,28
FACT08562,P18,415,900
FACT08562,P17,577,280
FACT08562,P08,414,65
FACT08562,P02,431,350
FACT05914,P12,377,70
FACT05914,P10,372,20
FACT05914,P15,203,650
FACT05914,P07,172,28
FACT09520,P15,347,650
FACT09520,P04,352,3500
FACT09520,P19,26,3800
FACT09520,P11,395,55
FACT00898,P01,35,4500
FACT00898,P15,226,650
FACT00898,P20,546,2900
FACT00898,P11,455,55
FACT01475,P09,390,18
FACT01475,P07,25,28
FACT01475,P13,373,350
FACT01475,P20,557,2900
FACT01809,P03,148,8000
FACT01809,P05,255,45
FACT01809,P14,280,450
FACT01809,P17,295,280
FACT01178,P13,219,350
FACT01178,P20,452,2900
FACT01178,P15,17,650
FACT01178,P08,314,65
FACT09395,P13,62,350
FACT09395,P07,337,28
FACT09395,P17,446,280
FACT09395,P08,588,65
FACT00916,P16,411,800
FACT00916,P12,154,70
FACT00916,P19,314,3800
FACT00916,P14,111,450
FACT06151,P05,492,45
FACT06151,P03,167,8000
FACT06151,P14,94,450
FACT06151,P06,346,30
FACT01447,P10,524,20
FACT01447,P06,395,30
FACT01447,P09,541,18
FACT01447,P19,397,3800
FACT06976,P20,588,2900
FACT06976,P06,533,30
FACT06976,P07,477,28
FACT06976,P15,438,650
FACT01234,P14,287,450
FACT01234,P13,271,350
FACT01234,P06,131,30
FACT01234,P04,489,3500
FACT05195,P14,250,450
FACT05195,P17,431,280
FACT05195,P18,578,900
FACT05195,P12,252,70
FACT08558,P14,558,450
FACT08558,P07,154,28
FACT08558,P08,140,65
FACT08558,P06,116,30
FACT08908,P10,146,20
FACT08908,P08,91,65
FACT08908,P19,44,3800
FACT08908,P03,554,8000
FACT01446,P19,279,3800
FACT01446,P20,375,2900
FACT01446,P03,128,8000
FACT01446,P02,562,350
FACT07967,P11,583,55
FACT07967,P16,343,800
FACT07967,P04,476,3500
FACT07967,P07,312,28
FACT07065,P04,380,3500
FACT07065,P10,595,20
FACT07065,P17,500,280
FACT07065,P05,459,45
FACT09641,P05,283,45
FACT09641,P17,188,280
FACT09641,P18,324,900
FACT09641,P13,252,350
FACT09800,P11,229,55
FACT09800,P09,202,18
FACT09800,P14,343,450
FACT09800,P15,356,650
FACT00770,P04,206,3500
FACT00770,P12,127,70
FACT00770,P17,104,280
FACT00770,P10,10,20
FACT08243,P15,354,650
FACT08243,P20,112,2900
FACT08243,P08,596,65
FACT08243,P06,374,30
FACT05631,P18,360,900
FACT05631,P10,64,20
FACT05631,P15,326,650
FACT05631,P11,200,55
FACT07223,P02,409,350
FACT07223,P14,131,450
FACT07223,P01,479,4500
FACT07223,P12,47,70
FACT06781,P15,537,650
FACT06781,P09,400,18
FACT06781,P05,79,45
FACT06781,P10,526,20
FACT09249,P20,235,2900
FACT09249,P19,551,3800
FACT09249,P13,566,350
FACT09249,P04,564,3500
FACT05572,P02,389,350
FACT05572,P17,251,280
FACT05572,P05,329,45
FACT05572,P01,498,4500
FACT02286,P13,37,350
FACT02286,P09,67,18
FACT02286,P07,177,28
FACT02286,P18,436,900
FACT09359,P02,185,350
FACT09359,P09,266,18
FACT09359,P13,172,350
FACT09359,P10,477,20
FACT09248,P15,129,650
FACT09248,P19,432,3800
FACT09248,P10,490,20
FACT09248,P03,594,8000
FACT00661,P09,301,18
FACT00661,P14,197,450
FACT00661,P04,569,3500
FACT00661,P20,114,2900
FACT08146,P08,529,65
FACT08146,P03,188,8000
FACT08146,P12,497,70
FACT08146,P04,453,3500
FACT03153,P09,55,18
FACT03153,P13,503,350
FACT03153,P17,444,280
FACT03153,P03,241,8000
FACT05769,P17,121,280
FACT05769,P06,212,30
FACT05769,P15,470,650
FACT05769,P03,136,8000
FACT01638,P10,129,20
FACT01638,P07,287,28
FACT01638,P08,493,65
FACT01638,P14,588,450
FACT00663,P15,464,650
FACT00663,P10,243,20
FACT00663,P07,452,28
FACT00663,P06,140,30
FACT00384,P16,349,800
FACT00384,P19,529,3800
FACT00384,P01,183,4500
FACT00384,P07,41,28
FACT06768,P16,326,800
FACT06768,P17,168,280
FACT06768,P13,523,350
FACT06768,P18,474,900
FACT00816,P06,110,30
FACT00816,P16,471,800
FACT00816,P04,337,3500
FACT00816,P01,468,4500
FACT05231,P19,410,3800
FACT05231,P12,73,70
FACT05231,P07,336,28
FACT05231,P02,556,350
FACT05923,P19,163,3800
FACT05923,P02,376,350
FACT05923,P18,514,900
FACT05923,P13,8,350
FACT03505,P01,509,4500
FACT03505,P09,351,18
FACT03505,P17,231,280
FACT03505,P08,434,65
FACT05133,P07,267,28
FACT05133,P12,137,70
FACT05133,P09,140,18
FACT05133,P11,399,55
FACT06825,P09,355,18
FACT06825,P11,569,55
FACT06825,P15,407,650
FACT06825,P20,52,2900
FACT01284,P18,492,900
FACT01284,P05,48,45
FACT01284,P12,88,70
FACT01284,P20,324,2900
FACT00555,P16,580,800
FACT00555,P04,552,3500
FACT00555,P13,91,350
FACT00555,P08,576,65
FACT03976,P08,483,65
FACT03976,P06,400,30
FACT03976,P10,277,20
FACT03976,P15,408,650
FACT01432,P20,488,2900
FACT01432,P10,422,20
FACT01432,P03,181,8000
FACT01432,P09,454,18
FACT07825,P04,228,3500
FACT07825,P03,463,8000
FACT07825,P18,315,900
FACT07825,P08,584,65
FACT03104,P16,106,800
FACT03104,P15,91,650
FACT03104,P03,142,8000
FACT03104,P06,256,30
FACT07180,P06,284,30
FACT07180,P14,599,450
FACT07180,P07,275,28
FACT07180,P01,295,4500
FACT08284,P18,94,900
FACT08284,P07,29,28
FACT08284,P17,20,280
FACT08284,P01,162,4500
FACT07898,P15,572,650
FACT07898,P08,215,65
FACT07898,P12,470,70
FACT07898,P17,316,280
FACT03740,P17,384,280
FACT03740,P03,473,8000
FACT03740,P04,376,3500
FACT03740,P09,75,18
FACT01863,P18,145,900
FACT01863,P10,398,20
FACT01863,P14,454,450
FACT01863,P11,224,55
FACT05647,P06,345,30
FACT05647,P11,484,55
FACT05647,P01,212,4500
FACT05647,P05,417,45
FACT06972,P18,169,900
FACT06972,P13,140,350
FACT06972,P10,91,20
FACT06972,P20,361,2900
FACT09423,P15,253,650
FACT09423,P08,136,65
FACT09423,P12,292,70
FACT09423,P06,62,30
FACT08566,P06,412,30
FACT08566,P08,426,65
FACT08566,P01,277,4500
FACT08566,P16,76,800
FACT04101,P09,356,18
FACT04101,P14,288,450
FACT04101,P01,178,4500
FACT04101,P11,284,55
FACT04623,P19,438,3800
FACT04623,P16,437,800
FACT04623,P11,571,55
FACT04623,P05,220,45
FACT04737,P13,447,350
FACT04737,P01,429,4500
FACT04737,P08,595,65
FACT04737,P07,436,28
FACT03549,P09,305,18
FACT03549,P07,424,28
FACT03549,P03,280,8000
FACT03549,P19,506,3800
FACT07796,P03,52,8000
FACT07796,P02,25,350
FACT07796,P09,310,18
FACT07796,P12,41,70
FACT08028,P02,415,350
FACT08028,P16,593,800
FACT08028,P01,376,4500
FACT08028,P20,49,2900
FACT06378,P14,580,450
FACT06378,P17,260,280
FACT06378,P19,428,3800
FACT06378,P18,287,900
FACT05689,P20,271,2900
FACT05689,P19,441,3800
FACT05689,P03,103,8000
FACT05689,P08,218,65
FACT06381,P14,491,450
FACT06381,P06,305,30
FACT06381,P07,309,28
FACT06381,P19,509,3800
FACT03622,P05,80,45
FACT03622,P17,224,280
FACT03622,P07,460,28
FACT03622,P06,500,30
FACT05510,P15,229,650
FACT05510,P11,442,55
FACT05510,P19,537,3800
FACT05510,P01,376,4500
FACT09419,P06,435,30
FACT09419,P04,195,3500
FACT09419,P01,347,4500
FACT09419,P10,272,20
FACT07669,P12,289,70
FACT07669,P19,395,3800
FACT07669,P16,535,800
FACT07669,P15,310,650
FACT02370,P02,248,350
FACT02370,P17,290,280
FACT02370,P08,37,65
FACT02370,P18,209,900
FACT03228,P09,223,18
FACT03228,P05,125,45
FACT03228,P01,493,4500
FACT03228,P13,347,350
FACT03529,P13,207,350
FACT03529,P05,209,45
FACT03529,P19,204,3800
FACT03529,P12,303,70
FACT07654,P13,284,350
FACT07654,P14,475,450
FACT07654,P06,23,30
FACT07654,P18,225,900
FACT08094,P09,252,18
FACT08094,P15,423,650
FACT08094,P19,244,3800
FACT08094,P18,255,900
FACT08900,P01,361,4500
FACT08900,P05,509,45
FACT08900,P17,125,280
FACT08900,P09,541,18
FACT07515,P06,514,30
FACT07515,P15,190,650
FACT07515,P18,473,900
FACT07515,P10,8,20
FACT04696,P13,234,350
FACT04696,P06,307,30
FACT04696,P07,453,28
FACT04696,P03,433,8000
FACT07339,P20,251,2900
FACT07339,P17,111,280
FACT07339,P13,18,350
FACT07339,P08,276,65
FACT00370,P16,148,800
FACT00370,P05,261,45
FACT00370,P06,431,30
FACT00370,P07,190,28
FACT08625,P13,144,350
FACT08625,P01,113,4500
FACT08625,P03,13,8000
FACT08625,P19,234,3800
FACT04042,P10,395,20
FACT04042,P09,32,18
FACT04042,P12,119,70
FACT04042,P03,63,8000
FACT00557,P16,364,800
FACT00557,P13,323,350
FACT00557,P07,430,28
FACT00557,P17,100,280
FACT00381,P10,461,20
FACT00381,P09,237,18
FACT00381,P19,94,3800
FACT00381,P17,561,280
FACT00820,P03,567,8000
FACT00820,P16,107,800
FACT00820,P01,384,4500
FACT00820,P02,164,350
FACT03064,P17,429,280
FACT03064,P12,321,70
FACT03064,P09,383,18
FACT03064,P19,356,3800
FACT05706,P13,59,350
FACT05706,P04,41,3500
FACT05706,P17,429,280
FACT05706,P15,155,650
FACT01974,P16,140,800
FACT01974,P04,106,3500
FACT01974,P15,449,650
FACT01974,P03,431,8000
FACT00023,P02,575,350
FACT00023,P13,218,350
FACT00023,P14,475,450
FACT00023,P18,9,900
FACT03578,P17,29,280
FACT03578,P18,351,900
FACT03578,P16,232,800
FACT03578,P02,514,350
FACT07823,P02,339,350
FACT07823,P19,382,3800
FACT07823,P07,39,28
FACT07823,P04,494,3500
FACT07139,P04,294,3500
FACT07139,P02,548,350
FACT07139,P06,545,30
FACT07139,P05,441,45
FACT03993,P17,528,280
FACT03993,P03,41,8000
FACT03993,P11,350,55
FACT03993,P16,182,800
FACT09631,P06,597,30
FACT09631,P20,42,2900
FACT09631,P09,357,18
FACT09631,P10,576,20
FACT06649,P20,86,2900
FACT06649,P05,43,45
FACT06649,P11,336,55
FACT06649,P19,242,3800
FACT00542,P16,61,800
FACT00542,P09,415,18
FACT00542,P04,581,3500
FACT00542,P08,337,65
FACT07974,P04,116,3500
FACT07974,P02,86,350
FACT07974,P03,596,8000
FACT07974,P06,415,30
FACT00722,P17,340,280
FACT00722,P10,507,20
FACT00722,P19,61,3800
FACT00722,P11,443,55
FACT06281,P10,43,20
FACT06281,P05,421,45
FACT06281,P07,555,28
FACT06281,P09,360,18
FACT08880,P19,144,3800
FACT08880,P17,393,280
FACT08880,P20,558,2900
FACT08880,P05,183,45
FACT05446,P01,530,4500
FACT05446,P05,463,45
FACT05446,P08,192,65
FACT05446,P19,215,3800
FACT06849,P09,263,18
FACT06849,P02,513,350
FACT06849,P19,359,3800
FACT06849,P20,587,2900
FACT04484,P02,82,350
FACT04484,P03,364,8000
FACT04484,P16,118,800
FACT04484,P05,595,45
FACT09802,P20,467,2900
FACT09802,P09,311,18
FACT09802,P19,326,3800
FACT09802,P14,60,450
FACT05630,P08,117,65
FACT05630,P06,66,30
FACT05630,P16,214,800
FACT05630,P15,237,650
FACT04483,P12,70,70
FACT04483,P15,419,650
FACT04483,P05,131,45
FACT04483,P08,119,65
FACT02719,P15,253,650
FACT02719,P09,399,18
FACT02719,P03,520,8000
FACT02719,P06,497,30
FACT07221,P10,85,20
FACT07221,P11,576,55
FACT07221,P09,526,18
FACT07221,P20,393,2900
FACT01577,P06,531,30
FACT01577,P18,555,900
FACT01577,P05,20,45
FACT01577,P19,391,3800
FACT06839,P20,186,2900
FACT06839,P15,268,650
FACT06839,P14,260,450
FACT06839,P11,406,55
FACT03845,P16,415,800
FACT03845,P09,45,18
FACT03845,P20,271,2900
FACT03845,P11,566,55
FACT07025,P19,285,3800
FACT07025,P10,271,20
FACT07025,P17,43,280
FACT07025,P18,196,900
FACT08527,P12,38,70
FACT08527,P11,287,55
FACT08527,P05,444,45
FACT08527,P02,481,350
FACT00376,P17,183,280
FACT00376,P15,369,650
FACT00376,P03,350,8000
FACT00376,P04,525,3500
FACT07576,P01,168,4500
FACT07576,P05,494,45
FACT07576,P18,547,900
FACT07576,P20,209,2900
FACT06113,P03,397,8000
FACT06113,P18,188,900
FACT06113,P19,513,3800
FACT06113,P07,353,28
FACT02387,P02,258,350
FACT02387,P03,300,8000
FACT02387,P18,576,900
FACT02387,P11,387,55
FACT09732,P10,348,20
FACT09732,P07,207,28
FACT09732,P04,354,3500
FACT09732,P12,319,70
FACT01384,P04,360,3500
FACT01384,P12,257,70
FACT01384,P01,253,4500
FACT01384,P14,105,450
FACT07813,P09,508,18
FACT07813,P04,40,3500
FACT07813,P18,342,900
FACT07813,P06,448,30
FACT09524,P15,11,650
FACT09524,P03,190,8000
FACT09524,P17,313,280
FACT09524,P07,98,28
FACT01619,P19,499,3800
FACT01619,P08,95,65
FACT01619,P10,203,20
FACT01619,P04,388,3500
FACT05176,P08,104,65
FACT05176,P07,315,28
FACT05176,P16,413,800
FACT05176,P20,200,2900
FACT07202,P17,455,280
FACT07202,P04,18,3500
FACT07202,P16,174,800
FACT07202,P05,50,45
FACT01955,P18,520,900
FACT01955,P06,181,30
FACT01955,P08,568,65
FACT01955,P19,380,3800
FACT08695,P10,484,20
FACT08695,P01,273,4500
FACT08695,P07,9,28
FACT08695,P15,14,650
FACT01190,P09,203,18
FACT01190,P04,146,3500
FACT01190,P13,72,350
FACT01190,P14,541,450
FACT05249,P16,80,800
FACT05249,P08,187,65
FACT05249,P07,454,28
FACT05249,P19,320,3800
FACT01844,P07,238,28
FACT01844,P12,352,70
FACT01844,P11,146,55
FACT01844,P05,144,45
FACT04047,P06,188,30
FACT04047,P15,304,650
FACT04047,P04,279,3500
FACT04047,P01,47,4500
FACT06029,P15,106,650
FACT06029,P02,484,350
FACT06029,P19,346,3800
FACT06029,P03,387,8000
FACT03116,P01,72,4500
FACT03116,P15,535,650
FACT03116,P02,277,350
FACT03116,P07,160,28
FACT02875,P13,362,350
FACT02875,P14,156,450
FACT02875,P17,481,280
FACT02875,P11,87,55
FACT07508,P01,537,4500
FACT07508,P15,120,650
FACT07508,P03,175,8000
FACT07508,P14,242,450
FACT03945,P07,71,28
FACT03945,P05,92,45
FACT03945,P03,180,8000
FACT03945,P17,181,280
FACT08733,P06,141,30
FACT08733,P15,96,650
FACT08733,P17,432,280
FACT08733,P05,544,45
FACT01404,P13,184,350
FACT01404,P08,298,65
FACT01404,P02,240,350
FACT01404,P11,142,55
FACT06156,P16,571,800
FACT06156,P13,324,350
FACT06156,P19,62,3800
FACT06156,P08,469,65
FACT04971,P17,238,280
FACT04971,P13,353,350
FACT04971,P09,540,18
FACT04971,P08,161,65
FACT02600,P18,504,900
FACT02600,P19,379,3800
FACT02600,P02,143,350
FACT02600,P08,184,65
FACT00120,P09,156,18
FACT00120,P07,244,28
FACT00120,P13,381,350
FACT00120,P20,183,2900
FACT04566,P17,419,280
FACT04566,P19,63,3800
FACT04566,P15,239,650
FACT04566,P05,354,45
FACT06238,P15,62,650
FACT06238,P19,25,3800
FACT06238,P18,340,900
FACT06238,P11,199,55
FACT05771,P19,291,3800
FACT05771,P08,227,65
FACT05771,P05,543,45
FACT05771,P12,327,70
FACT06408,P19,471,3800
FACT06408,P10,523,20
FACT06408,P06,169,30
FACT06408,P18,215,900
FACT04869,P01,394,4500
FACT04869,P17,313,280
FACT04869,P10,589,20
FACT04869,P15,528,650
FACT09215,P04,578,3500
FACT09215,P19,352,3800
FACT09215,P03,272,8000
FACT09215,P02,118,350
FACT03262,P03,281,8000
FACT03262,P20,483,2900
FACT03262,P04,57,3500
FACT03262,P09,109,18
FACT05417,P08,492,65
FACT05417,P03,317,8000
FACT05417,P11,434,55
FACT05417,P15,114,650
FACT07251,P07,243,28
FACT07251,P14,95,450
FACT07251,P04,127,3500
FACT07251,P20,432,2900
FACT08644,P13,111,350
FACT08644,P04,557,3500
FACT08644,P17,59,280
FACT08644,P01,347,4500
FACT04403,P06,170,30
FACT04403,P19,560,3800
FACT04403,P11,207,55
FACT04403,P12,125,70
FACT00305,P02,176,350
FACT00305,P09,444,18
FACT00305,P07,54,28
FACT00305,P14,485,450
FACT06500,P12,398,70
FACT06500,P10,8,20
FACT06500,P19,112,3800
FACT06500,P14,517,450
FACT02647,P09,23,18
FACT02647,P16,384,800
FACT02647,P11,423,55
FACT02647,P14,573,450
FACT08812,P18,460,900
FACT08812,P05,197,45
FACT08812,P14,113,450
FACT08812,P06,408,30
FACT06291,P08,159,65
FACT06291,P20,483,2900
FACT06291,P06,176,30
FACT06291,P11,450,55
FACT01348,P02,386,350
FACT01348,P15,341,650
FACT01348,P10,83,20
FACT01348,P12,61,70
FACT02287,P09,170,18
FACT02287,P16,63,800
FACT02287,P06,244,30
FACT02287,P15,242,650
FACT01001,P13,210,350
FACT01001,P08,128,65
FACT01001,P20,520,2900
FACT01001,P17,464,280
FACT01345,P19,415,3800
FACT01345,P10,140,20
FACT01345,P02,241,350
FACT01345,P11,88,55
FACT03285,P16,474,800
FACT03285,P18,489,900
FACT03285,P11,425,55
FACT03285,P17,408,280
FACT04205,P16,231,800
FACT04205,P10,328,20
FACT04205,P01,600,4500
FACT04205,P08,250,65
FACT00765,P14,375,450
FACT00765,P19,367,3800
FACT00765,P06,178,30
FACT00765,P15,241,650
FACT07599,P20,168,2900
FACT07599,P07,7,28
FACT07599,P09,477,18
FACT07599,P02,53,350
FACT04170,P04,76,3500
FACT04170,P18,468,900
FACT04170,P16,252,800
FACT04170,P08,412,65
FACT01219,P11,317,55
FACT01219,P15,80,650
FACT01219,P02,41,350
FACT01219,P05,271,45
FACT09283,P04,597,3500
FACT09283,P07,356,28
FACT09283,P16,371,800
FACT09283,P08,63,65
FACT03931,P06,511,30
FACT03931,P09,598,18
FACT03931,P12,480,70
FACT03931,P07,252,28
FACT04724,P08,516,65
FACT04724,P02,153,350
FACT04724,P15,26,650
FACT04724,P07,219,28
FACT08403,P03,187,8000
FACT08403,P04,596,3500
FACT08403,P01,412,4500
FACT08403,P19,403,3800
FACT08064,P18,544,900
FACT08064,P14,287,450
FACT08064,P11,559,55
FACT08064,P20,278,2900
FACT09409,P19,164,3800
FACT09409,P08,267,65
FACT09409,P01,349,4500
FACT09409,P09,420,18
FACT01849,P08,426,65
FACT01849,P20,106,2900
FACT01849,P15,444,650
FACT01849,P02,21,350
FACT03999,P20,321,2900
FACT03999,P04,63,3500
FACT03999,P14,172,450
FACT03999,P05,185,45
FACT03584,P08,508,65
FACT03584,P05,411,45
FACT03584,P06,271,30
FACT03584,P14,68,450
FACT03953,P01,73,4500
FACT03953,P16,573,800
FACT03953,P17,518,280
FACT03953,P06,207,30
FACT07097,P05,405,45
FACT07097,P16,332,800
FACT07097,P01,102,4500
FACT07097,P09,79,18
FACT03580,P12,516,70
FACT03580,P16,228,800
FACT03580,P11,551,55
FACT03580,P09,215,18
FACT02252,P04,519,3500
FACT02252,P15,541,650
FACT02252,P19,290,3800
FACT02252,P08,561,65
FACT04494,P04,286,3500
FACT04494,P03,264,8000
FACT04494,P10,307,20
FACT04494,P02,523,350
FACT09028,P20,292,2900
FACT09028,P07,106,28
FACT09028,P13,121,350
FACT09028,P17,596,280
FACT02571,P05,539,45
FACT02571,P17,87,280
FACT02571,P09,301,18
FACT02571,P16,347,800
FACT09951,P16,598,800
FACT09951,P08,513,65
FACT09951,P04,440,3500
FACT09951,P19,217,3800
FACT02189,P09,499,18
FACT02189,P20,447,2900
FACT02189,P11,427,55
FACT02189,P17,88,280
FACT01816,P02,288,350
FACT01816,P14,365,450
FACT01816,P05,494,45
FACT01816,P01,466,4500
FACT09000,P12,476,70
FACT09000,P11,447,55
FACT09000,P02,128,350
FACT09000,P05,95,45
FACT05741,P09,462,18
FACT05741,P20,140,2900
FACT05741,P08,525,65
FACT05741,P17,478,280
FACT00447,P06,325,30
FACT00447,P09,573,18
FACT00447,P17,71,280
FACT00447,P11,242,55
FACT04028,P06,239,30
FACT04028,P11,176,55
FACT04028,P03,201,8000
FACT04028,P14,218,450
FACT03883,P04,511,3500
FACT03883,P02,262,350
FACT03883,P16,95,800
FACT03883,P06,381,30
FACT06373,P19,351,3800
FACT06373,P17,191,280
FACT06373,P20,398,2900
FACT06373,P02,62,350
FACT05189,P16,426,800
FACT05189,P19,429,3800
FACT05189,P12,260,70
FACT05189,P09,582,18
FACT06385,P15,16,650
FACT06385,P10,178,20
FACT06385,P16,577,800
FACT06385,P20,275,2900
FACT06093,P10,283,20
FACT06093,P04,445,3500
FACT06093,P16,129,800
FACT06093,P07,202,28
FACT05479,P03,350,8000
FACT05479,P10,378,20
FACT05479,P12,516,70
FACT05479,P20,189,2900
FACT02367,P07,134,28
FACT02367,P12,267,70
FACT02367,P03,354,8000
FACT02367,P05,331,45
FACT01004,P15,27,650
FACT01004,P19,452,3800
FACT01004,P09,359,18
FACT01004,P04,449,3500
FACT00760,P20,527,2900
FACT00760,P17,550,280
FACT00760,P07,363,28
FACT00760,P06,355,30
FACT09560,P12,556,70
FACT09560,P19,66,3800
FACT09560,P10,276,20
FACT09560,P03,397,8000
FACT03659,P16,502,800
FACT03659,P14,92,450
FACT03659,P09,180,18
FACT03659,P19,581,3800
FACT01049,P19,430,3800
FACT01049,P10,445,20
FACT01049,P13,571,350
FACT01049,P03,197,8000
FACT00458,P16,430,800
FACT00458,P17,222,280
FACT00458,P10,41,20
FACT00458,P19,44,3800
FACT03375,P20,531,2900
FACT03375,P12,277,70
FACT03375,P05,338,45
FACT03375,P08,50,65
FACT01888,P15,310,650
FACT01888,P19,151,3800
FACT01888,P14,173,450
FACT01888,P16,30,800
FACT07531,P11,311,55
FACT07531,P05,516,45
FACT07531,P19,171,3800
FACT07531,P14,412,450
FACT01050,P03,440,8000
FACT01050,P10,241,20
FACT01050,P12,20,70
FACT01050,P05,188,45
FACT08160,P03,242,8000
FACT08160,P13,399,350
FACT08160,P18,256,900
FACT08160,P02,18,350
FACT09837,P03,243,8000
FACT09837,P15,507,650
FACT09837,P14,594,450
FACT09837,P18,475,900
FACT09934,P10,526,20
FACT09934,P20,271,2900
FACT09934,P06,202,30
FACT09934,P17,584,280
FACT02673,P15,67,650
FACT02673,P06,164,30
FACT02673,P05,525,45
FACT02673,P20,311,2900
FACT07319,P17,39,280
FACT07319,P13,513,350
FACT07319,P08,189,65
FACT07319,P10,509,20
FACT02657,P20,83,2900
FACT02657,P05,425,45
FACT02657,P03,234,8000
FACT02657,P19,136,3800
FACT06945,P07,320,28
FACT06945,P01,389,4500
FACT06945,P13,94,350
FACT06945,P16,71,800
FACT00225,P05,436,45
FACT00225,P09,469,18
FACT00225,P17,483,280
FACT00225,P18,335,900
FACT09474,P01,376,4500
FACT09474,P14,240,450
FACT09474,P10,223,20
FACT09474,P08,483,65
FACT09877,P16,572,800
FACT09877,P05,260,45
FACT09877,P19,585,3800
FACT09877,P20,520,2900
FACT08726,P17,201,280
FACT08726,P12,371,70
FACT08726,P07,288,28
FACT08726,P19,322,3800
FACT02491,P08,532,65
FACT02491,P01,53,4500
FACT02491,P02,402,350
FACT02491,P14,503,450
FACT00093,P13,364,350
FACT00093,P06,55,30
FACT00093,P16,401,800
FACT00093,P19,394,3800
FACT06736,P05,236,45
FACT06736,P10,597,20
FACT06736,P17,469,280
FACT06736,P18,11,900
FACT00671,P02,479,350
FACT00671,P18,522,900
FACT00671,P08,349,65
FACT00671,P14,60,450
FACT00795,P18,465,900
FACT00795,P11,504,55
FACT00795,P08,196,65
FACT00795,P05,361,45
FACT07398,P17,375,280
FACT07398,P06,128,30
FACT07398,P04,319,3500
FACT07398,P13,339,350
FACT06194,P01,550,4500
FACT06194,P03,456,8000
FACT06194,P04,105,3500
FACT06194,P10,71,20
FACT09660,P20,496,2900
FACT09660,P07,271,28
FACT09660,P15,342,650
FACT09660,P13,563,350
FACT00409,P14,460,450
FACT00409,P13,450,350
FACT00409,P16,389,800
FACT00409,P04,299,3500
FACT03871,P18,345,900
FACT03871,P10,328,20
FACT03871,P12,522,70
FACT03871,P14,301,450
FACT07143,P14,52,450
FACT07143,P12,489,70
FACT07143,P04,48,3500
FACT07143,P09,298,18
FACT00754,P12,266,70
FACT00754,P18,521,900
FACT00754,P19,457,3800
FACT00754,P11,482,55
FACT09459,P08,50,65
FACT09459,P04,242,3500
FACT09459,P19,186,3800
FACT09459,P01,521,4500
FACT06936,P14,41,450
FACT06936,P16,287,800
FACT06936,P19,553,3800
FACT06936,P17,319,280
FACT08958,P15,33,650
FACT08958,P01,123,4500
FACT08958,P18,362,900
FACT08958,P14,574,450
FACT02617,P15,423,650
FACT02617,P09,400,18
FACT02617,P18,402,900
FACT02617,P14,14,450
FACT07056,P09,429,18
FACT07056,P16,465,800
FACT07056,P06,100,30
FACT07056,P12,253,70
FACT02151,P15,539,650
FACT02151,P06,453,30
FACT02151,P16,409,800
FACT02151,P08,70,65
FACT06727,P17,327,280
FACT06727,P13,520,350
FACT06727,P01,546,4500
FACT06727,P15,527,650
FACT02218,P07,89,28
FACT02218,P02,27,350
FACT02218,P03,384,8000
FACT02218,P05,506,45
FACT09328,P02,258,350
FACT09328,P08,416,65
FACT09328,P07,482,28
FACT09328,P06,431,30
FACT06547,P12,80,70
FACT06547,P04,505,3500
FACT06547,P01,415,4500
FACT06547,P09,325,18
FACT04986,P20,377,2900
FACT04986,P17,455,280
FACT04986,P14,321,450
FACT04986,P12,575,70
FACT02084,P07,259,28
FACT02084,P15,168,650
FACT02084,P20,483,2900
FACT02084,P13,569,350
FACT07883,P12,18,70
FACT07883,P03,107,8000
FACT07883,P19,359,3800
FACT07883,P09,231,18
FACT00069,P20,572,2900
FACT00069,P09,141,18
FACT00069,P11,33,55
FACT00069,P15,42,650
FACT07513,P11,491,55
FACT07513,P20,547,2900
FACT07513,P15,132,650
FACT07513,P04,348,3500
FACT01695,P11,344,55
FACT01695,P15,6,650
FACT01695,P12,71,70
FACT01695,P13,139,350
FACT05634,P20,336,2900
FACT05634,P09,311,18
FACT05634,P11,495,55
FACT05634,P13,433,350
FACT00485,P13,282,350
FACT00485,P07,565,28
FACT00485,P03,530,8000
FACT00485,P14,158,450
FACT05250,P17,489,280
FACT05250,P05,33,45
FACT05250,P16,364,800
FACT05250,P04,196,3500
FACT01214,P12,574,70
FACT01214,P09,525,18
FACT01214,P15,166,650
FACT01214,P13,143,350
FACT09749,P07,62,28
FACT09749,P06,229,30
FACT09749,P01,34,4500
FACT09749,P03,419,8000
FACT06999,P17,127,280
FACT06999,P20,592,2900
FACT06999,P01,447,4500
FACT06999,P15,183,650
FACT02802,P05,560,45
FACT02802,P09,296,18
FACT02802,P12,72,70
FACT02802,P15,32,650
FACT04126,P03,339,8000
FACT04126,P01,151,4500
FACT04126,P12,222,70
FACT04126,P05,129,45
FACT03249,P13,6,350
FACT03249,P01,255,4500
FACT03249,P08,100,65
FACT03249,P12,473,70
FACT08601,P18,339,900
FACT08601,P04,376,3500
FACT08601,P15,485,650
FACT08601,P17,212,280
FACT00635,P04,361,3500
FACT00635,P11,22,55
FACT00635,P19,375,3800
FACT00635,P18,195,900
FACT06396,P07,80,28
FACT06396,P11,63,55
FACT06396,P17,399,280
FACT06396,P09,359,18
FACT03531,P04,29,3500
FACT03531,P09,419,18
FACT03531,P03,346,8000
FACT03531,P12,143,70
FACT06292,P04,161,3500
FACT06292,P07,465,28
FACT06292,P14,89,450
FACT06292,P03,195,8000
FACT04828,P20,391,2900
FACT04828,P19,515,3800
FACT04828,P16,525,800
FACT04828,P17,539,280
FACT05816,P16,177,800
FACT05816,P07,211,28
FACT05816,P04,317,3500
FACT05816,P17,251,280
FACT07626,P09,564,18
FACT07626,P11,6,55
FACT07626,P18,46,900
FACT07626,P15,104,650
FACT00868,P11,295,55
FACT00868,P07,542,28
FACT00868,P13,569,350
FACT00868,P10,86,20
FACT00214,P13,474,350
FACT00214,P16,423,800
FACT00214,P03,360,8000
FACT00214,P10,386,20
FACT07867,P18,568,900
FACT07867,P05,158,45
FACT07867,P07,139,28
FACT07867,P20,316,2900
FACT02338,P13,313,350
FACT02338,P10,220,20
FACT02338,P02,247,350
FACT02338,P17,225,280
FACT07431,P10,300,20
FACT07431,P11,332,55
FACT07431,P03,102,8000
FACT07431,P05,186,45
FACT04103,P09,45,18
FACT04103,P11,489,55
FACT04103,P18,313,900
FACT04103,P03,8,8000
FACT04873,P14,315,450
FACT04873,P10,27,20
FACT04873,P19,313,3800
FACT04873,P13,115,350
FACT06926,P11,467,55
FACT06926,P16,92,800
FACT06926,P09,508,18
FACT06926,P20,344,2900
FACT04822,P03,357,8000
FACT04822,P17,414,280
FACT04822,P09,254,18
FACT04822,P18,306,900
FACT05792,P04,142,3500
FACT05792,P05,519,45
FACT05792,P20,414,2900
FACT05792,P03,404,8000
FACT08244,P09,264,18
FACT08244,P16,51,800
FACT08244,P10,217,20
FACT08244,P12,6,70
FACT02313,P11,220,55
FACT02313,P13,289,350
FACT02313,P03,288,8000
FACT02313,P20,379,2900
FACT05407,P15,171,650
FACT05407,P07,139,28
FACT05407,P16,382,800
FACT05407,P06,206,30
FACT05767,P02,387,350
FACT05767,P07,51,28
FACT05767,P11,10,55
FACT05767,P06,172,30
FACT00162,P19,87,3800
FACT00162,P17,325,280
FACT00162,P10,482,20
FACT00162,P06,18,30
FACT08004,P06,222,30
FACT08004,P02,46,350
FACT08004,P07,431,28
FACT08004,P01,566,4500
FACT00889,P05,418,45
FACT00889,P04,515,3500
FACT00889,P16,433,800
FACT00889,P07,27,28
FACT05501,P01,358,4500
FACT05501,P02,184,350
FACT05501,P08,79,65
FACT05501,P20,84,2900
FACT08685,P07,287,28
FACT08685,P06,479,30
FACT08685,P17,412,280
FACT08685,P19,480,3800
FACT09911,P01,591,4500
FACT09911,P18,130,900
FACT09911,P11,291,55
FACT09911,P04,362,3500
FACT03181,P08,489,65
FACT03181,P09,89,18
FACT03181,P07,448,28
FACT03181,P13,296,350
FACT01715,P19,260,3800
FACT01715,P11,599,55
FACT01715,P14,253,450
FACT01715,P16,381,800
FACT05320,P13,236,350
FACT05320,P12,374,70
FACT05320,P05,459,45
FACT05320,P04,400,3500
FACT00499,P13,411,350
FACT00499,P08,254,65
FACT00499,P07,283,28
FACT00499,P20,219,2900
FACT03085,P08,176,65
FACT03085,P02,294,350
FACT03085,P17,410,280
FACT03085,P11,575,55
FACT02608,P18,481,900
FACT02608,P20,74,2900
FACT02608,P12,547,70
FACT02608,P19,449,3800
FACT04016,P11,222,55
FACT04016,P03,374,8000
FACT04016,P14,170,450
FACT04016,P01,540,4500
FACT05115,P01,78,4500
FACT05115,P16,345,800
FACT05115,P10,406,20
FACT05115,P15,377,650
FACT04006,P12,54,70
FACT04006,P05,216,45
FACT04006,P06,378,30
FACT04006,P10,312,20
FACT07936,P17,432,280
FACT07936,P14,103,450
FACT07936,P11,506,55
FACT07936,P09,130,18
FACT01970,P17,183,280
FACT01970,P03,520,8000
FACT01970,P04,163,3500
FACT01970,P05,509,45
FACT03866,P16,440,800
FACT03866,P07,149,28
FACT03866,P14,419,450
FACT03866,P12,142,70
FACT07474,P20,394,2900
FACT07474,P18,65,900
FACT07474,P17,283,280
FACT07474,P01,357,4500
FACT06145,P17,350,280
FACT06145,P03,263,8000
FACT06145,P19,88,3800
FACT06145,P14,10,450
FACT06159,P04,339,3500
FACT06159,P17,310,280
FACT06159,P16,146,800
FACT06159,P18,411,900
FACT08428,P18,217,900
FACT08428,P09,464,18
FACT08428,P15,348,650
FACT08428,P10,220,20
FACT09281,P19,122,3800
FACT09281,P20,490,2900
FACT09281,P18,211,900
FACT09281,P16,398,800
FACT05009,P01,374,4500
FACT05009,P11,38,55
FACT05009,P19,436,3800
FACT05009,P08,333,65
FACT02477,P10,310,20
FACT02477,P01,582,4500
FACT02477,P11,505,55
FACT02477,P09,14,18
FACT02841,P09,445,18
FACT02841,P14,264,450
FACT02841,P07,513,28
FACT02841,P15,104,650
FACT07690,P13,186,350
FACT07690,P16,32,800
FACT07690,P03,283,8000
FACT07690,P01,110,4500
FACT09154,P12,223,70
FACT09154,P18,549,900
FACT09154,P03,507,8000
FACT09154,P09,403,18
FACT05922,P11,563,55
FACT05922,P20,322,2900
FACT05922,P01,487,4500
FACT05922,P08,293,65
FACT09374,P16,436,800
FACT09374,P17,184,280
FACT09374,P08,415,65
FACT09374,P14,70,450
FACT02956,P08,110,65
FACT02956,P12,284,70
FACT02956,P06,112,30
FACT02956,P10,515,20
FACT04288,P19,176,3800
FACT04288,P16,221,800
FACT04288,P17,230,280
FACT04288,P06,49,30
FACT04695,P12,383,70
FACT04695,P15,9,650
FACT04695,P06,404,30
FACT04695,P20,559,2900
FACT08425,P20,435,2900
FACT08425,P05,264,45
FACT08425,P03,239,8000
FACT08425,P11,322,55
FACT00498,P05,592,45
FACT00498,P08,84,65
FACT00498,P11,532,55
FACT00498,P06,586,30
FACT07021,P13,401,350
FACT07021,P18,583,900
FACT07021,P19,254,3800
FACT07021,P12,265,70
FACT01785,P12,301,70
FACT01785,P13,453,350
FACT01785,P09,281,18
FACT01785,P05,208,45
FACT00446,P09,402,18
FACT00446,P01,325,4500
FACT00446,P12,535,70
FACT00446,P16,35,800
FACT02671,P19,433,3800
FACT02671,P04,517,3500
FACT02671,P06,169,30
FACT02671,P08,386,65
FACT01875,P07,62,28
FACT01875,P12,500,70
FACT01875,P06,493,30
FACT01875,P13,550,350
FACT00098,P20,81,2900
FACT00098,P13,153,350
FACT00098,P17,156,280
FACT00098,P08,346,65
FACT00310,P19,493,3800
FACT00310,P08,432,65
FACT00310,P13,136,350
FACT00310,P04,85,3500
FACT09156,P13,272,350
FACT09156,P11,493,55
FACT09156,P19,362,3800
FACT09156,P06,92,30
FACT05531,P11,309,55
FACT05531,P05,420,45
FACT05531,P09,169,18
FACT05531,P13,425,350
FACT08899,P15,282,650
FACT08899,P07,236,28
FACT08899,P13,228,350
FACT08899,P18,406,900
FACT01034,P02,108,350
FACT01034,P15,350,650
FACT01034,P10,540,20
FACT01034,P16,517,800
FACT02736,P06,532,30
FACT02736,P05,466,45
FACT02736,P01,58,4500
FACT02736,P15,459,650
FACT09883,P07,525,28
FACT09883,P04,193,3500
FACT09883,P16,480,800
FACT09883,P13,373,350
FACT07597,P02,210,350
FACT07597,P03,173,8000
FACT07597,P15,544,650
FACT07597,P18,420,900
FACT04149,P13,7,350
FACT04149,P14,406,450
FACT04149,P02,341,350
FACT04149,P09,276,18
FACT07411,P13,522,350
FACT07411,P07,246,28
FACT07411,P12,307,70
FACT07411,P09,81,18
FACT04949,P18,578,900
FACT04949,P04,176,3500
FACT04949,P03,381,8000
FACT04949,P01,226,4500
FACT07793,P01,343,4500
FACT07793,P18,176,900
FACT07793,P13,367,350
FACT07793,P06,599,30
FACT08553,P13,363,350
FACT08553,P09,529,18
FACT08553,P15,229,650
FACT08553,P19,319,3800
FACT02584,P02,450,350
FACT02584,P20,272,2900
FACT02584,P05,559,45
FACT02584,P10,334,20
FACT07252,P13,509,350
FACT07252,P09,155,18
FACT07252,P14,105,450
FACT07252,P02,581,350
FACT06122,P17,362,280
FACT06122,P07,198,28
FACT06122,P13,453,350
FACT06122,P14,220,450
FACT08547,P12,282,70
FACT08547,P07,320,28
FACT08547,P13,536,350
FACT08547,P19,243,3800
FACT01777,P09,541,18
FACT01777,P10,51,20
FACT01777,P03,301,8000
FACT01777,P05,317,45
FACT07399,P13,524,350
FACT07399,P09,123,18
FACT07399,P16,269,800
FACT07399,P02,337,350
FACT07243,P13,258,350
FACT07243,P19,445,3800
FACT07243,P20,463,2900
FACT07243,P16,157,800
FACT07125,P12,545,70
FACT07125,P06,78,30
FACT07125,P05,539,45
FACT07125,P07,241,28
FACT06744,P02,520,350
FACT06744,P20,373,2900
FACT06744,P14,182,450
FACT06744,P05,125,45
FACT05946,P09,517,18
FACT05946,P02,539,350
FACT05946,P03,455,8000
FACT05946,P10,95,20
FACT07497,P20,365,2900
FACT07497,P11,359,55
FACT07497,P17,138,280
FACT07497,P03,368,8000
FACT05350,P12,310,70
FACT05350,P08,339,65
FACT05350,P20,156,2900
FACT05350,P17,327,280
FACT05190,P09,487,18
FACT05190,P04,564,3500
FACT05190,P13,147,350
FACT05190,P08,599,65
FACT08828,P12,190,70
FACT08828,P04,69,3500
FACT08828,P07,526,28
FACT08828,P11,101,55
FACT06484,P16,129,800
FACT06484,P19,551,3800
FACT06484,P07,391,28
FACT06484,P05,143,45
FACT08039,P17,493,280
FACT08039,P13,332,350
FACT08039,P20,183,2900
FACT08039,P08,551,65
FACT03197,P17,297,280
FACT03197,P08,464,65
FACT03197,P02,99,350
FACT03197,P04,367,3500
FACT08730,P15,276,650
FACT08730,P01,314,4500
FACT08730,P09,186,18
FACT08730,P07,363,28
FACT04964,P18,24,900
FACT04964,P01,263,4500
FACT04964,P20,563,2900
FACT04964,P10,533,20
FACT03539,P03,94,8000
FACT03539,P17,123,280
FACT03539,P02,57,350
FACT03539,P11,273,55
FACT07415,P04,501,3500
FACT07415,P15,465,650
FACT07415,P11,325,55
FACT07415,P13,540,350
FACT06679,P05,310,45
FACT06679,P08,81,65
FACT06679,P10,303,20
FACT06679,P20,73,2900
FACT01289,P12,357,70
FACT01289,P18,244,900
FACT01289,P16,18,800
FACT01289,P20,507,2900
FACT09977,P04,157,3500
FACT09977,P02,462,350
FACT09977,P09,511,18
FACT09977,P05,465,45
FACT09722,P05,311,45
FACT09722,P15,219,650
FACT09722,P12,75,70
FACT09722,P06,531,30
FACT02280,P15,429,650
FACT02280,P13,283,350
FACT02280,P11,196,55
FACT02280,P16,480,800
FACT06001,P14,500,450
FACT06001,P18,206,900
FACT06001,P12,318,70
FACT06001,P16,459,800
FACT07783,P18,536,900
FACT07783,P01,540,4500
FACT07783,P03,232,8000
FACT07783,P09,166,18
FACT03400,P11,106,55
FACT03400,P05,561,45
FACT03400,P14,246,450
FACT03400,P18,224,900
FACT07465,P10,233,20
FACT07465,P17,431,280
FACT07465,P01,122,4500
FACT07465,P04,307,3500
FACT05368,P05,180,45
FACT05368,P16,246,800
FACT05368,P02,70,350
FACT05368,P20,477,2900
FACT08472,P05,176,45
FACT08472,P12,10,70
FACT08472,P15,69,650
FACT08472,P07,493,28
FACT09149,P05,300,45
FACT09149,P10,42,20
FACT09149,P15,304,650
FACT09149,P02,202,350
FACT07687,P16,322,800
FACT07687,P02,141,350
FACT07687,P19,97,3800
FACT07687,P14,299,450
FACT03391,P14,566,450
FACT03391,P11,92,55
FACT03391,P19,509,3800
FACT03391,P01,512,4500
FACT03369,P02,175,350
FACT03369,P12,395,70
FACT03369,P11,523,55
FACT03369,P10,72,20
FACT04318,P07,111,28
FACT04318,P03,149,8000
FACT04318,P17,461,280
FACT04318,P05,132,45
FACT02173,P07,15,28
FACT02173,P12,412,70
FACT02173,P02,176,350
FACT02173,P20,560,2900
FACT00442,P09,179,18
FACT00442,P10,347,20
FACT00442,P13,297,350
FACT00442,P12,181,70
FACT08241,P15,116,650
FACT08241,P08,253,65
FACT08241,P05,48,45
FACT08241,P03,520,8000
FACT02539,P10,82,20
FACT02539,P16,249,800
FACT02539,P09,370,18
FACT02539,P04,581,3500
FACT00996,P08,36,65
FACT00996,P07,45,28
FACT00996,P10,488,20
FACT00996,P11,75,55
FACT06153,P17,367,280
FACT06153,P07,514,28
FACT06153,P09,418,18
FACT06153,P05,251,45
FACT09086,P18,44,900
FACT09086,P01,509,4500
FACT09086,P09,595,18
FACT09086,P20,47,2900
FACT04405,P15,72,650
FACT04405,P18,162,900
FACT04405,P09,309,18
FACT04405,P04,216,3500
FACT01988,P15,461,650
FACT01988,P03,124,8000
FACT01988,P10,340,20
FACT01988,P20,348,2900
FACT01627,P12,392,70
FACT01627,P02,86,350
FACT01627,P17,8,280
FACT01627,P19,239,3800
FACT01938,P08,562,65
FACT01938,P04,549,3500
FACT01938,P10,257,20
FACT01938,P13,236,350
FACT04193,P04,306,3500
FACT04193,P20,541,2900
FACT04193,P03,521,8000
FACT04193,P08,400,65
FACT09341,P16,113,800
FACT09341,P05,363,45
FACT09341,P18,532,900
FACT09341,P06,288,30
FACT01201,P15,165,650
FACT01201,P20,154,2900
FACT01201,P07,441,28
FACT01201,P05,390,45
FACT03311,P10,427,20
FACT03311,P14,377,450
FACT03311,P18,325,900
FACT03311,P11,600,55
FACT00966,P20,125,2900
FACT00966,P15,91,650
FACT00966,P07,167,28
FACT00966,P19,425,3800
FACT01101,P02,356,350
FACT01101,P06,518,30
FACT01101,P20,277,2900
FACT01101,P01,89,4500
FACT03850,P17,257,280
FACT03850,P09,137,18
FACT03850,P19,251,3800
FACT03850,P05,93,45
FACT02567,P15,252,650
FACT02567,P18,481,900
FACT02567,P07,501,28
FACT02567,P11,107,55
FACT00690,P05,184,45
FACT00690,P13,299,350
FACT00690,P06,64,30
FACT00690,P10,424,20
FACT08643,P03,340,8000
FACT08643,P04,195,3500
FACT08643,P14,388,450
FACT08643,P05,53,45
FACT01527,P07,438,28
FACT01527,P19,512,3800
FACT01527,P02,192,350
FACT01527,P05,27,45
FACT08435,P04,190,3500
FACT08435,P09,420,18
FACT08435,P06,463,30
FACT08435,P08,402,65
FACT00317,P13,205,350
FACT00317,P20,267,2900
FACT00317,P12,29,70
FACT00317,P14,457,450
FACT07472,P14,11,450
FACT07472,P11,238,55
FACT07472,P08,418,65
FACT07472,P03,302,8000
FACT06960,P20,298,2900
FACT06960,P05,39,45
FACT06960,P13,140,350
FACT06960,P15,331,650
FACT06204,P20,206,2900
FACT06204,P11,211,55
FACT06204,P05,488,45
FACT06204,P13,409,350
FACT08550,P02,373,350
FACT08550,P01,406,4500
FACT08550,P14,289,450
FACT08550,P10,162,20
FACT00027,P13,85,350
FACT00027,P10,108,20
FACT00027,P18,479,900
FACT00027,P01,50,4500
FACT02278,P18,538,900
FACT02278,P19,486,3800
FACT02278,P20,262,2900
FACT02278,P04,453,3500
FACT02734,P10,109,20
FACT02734,P07,193,28
FACT02734,P18,53,900
FACT02734,P02,72,350
FACT03147,P10,581,20
FACT03147,P16,311,800
FACT03147,P19,517,3800
FACT03147,P14,18,450
FACT04990,P09,49,18
FACT04990,P19,114,3800
FACT04990,P11,36,55
FACT04990,P01,443,4500
FACT07110,P17,405,280
FACT07110,P16,111,800
FACT07110,P19,518,3800
FACT07110,P13,550,350
FACT02185,P14,278,450
FACT02185,P01,208,4500
FACT02185,P09,508,18
FACT02185,P07,230,28
FACT04652,P19,554,3800
FACT04652,P11,362,55
FACT04652,P18,460,900
FACT04652,P07,166,28
FACT04262,P03,406,8000
FACT04262,P08,200,65
FACT04262,P05,104,45
FACT04262,P11,197,55
FACT05952,P02,394,350
FACT05952,P20,308,2900
FACT05952,P12,508,70
FACT05952,P18,494,900
FACT06632,P04,299,3500
FACT06632,P19,26,3800
FACT06632,P03,494,8000
FACT06632,P10,543,20
FACT06625,P02,580,350
FACT06625,P19,336,3800
FACT06625,P13,123,350
FACT06625,P09,323,18
FACT02350,P17,17,280
FACT02350,P14,378,450
FACT02350,P05,381,45
FACT02350,P08,499,65
FACT02847,P19,138,3800
FACT02847,P18,277,900
FACT02847,P08,130,65
FACT02847,P12,557,70
FACT01449,P07,456,28
FACT01449,P12,441,70
FACT01449,P13,256,350
FACT01449,P15,156,650
FACT02927,P20,439,2900
FACT02927,P05,458,45
FACT02927,P14,158,450
FACT02927,P13,408,350
FACT04883,P08,90,65
FACT04883,P20,54,2900
FACT04883,P05,346,45
FACT04883,P02,157,350
FACT08177,P11,56,55
FACT08177,P14,203,450
FACT08177,P05,376,45
FACT08177,P12,377,70
FACT03028,P16,403,800
FACT03028,P02,86,350
FACT03028,P17,30,280
FACT03028,P19,493,3800
FACT09685,P08,141,65
FACT09685,P06,267,30
FACT09685,P20,523,2900
FACT09685,P12,11,70
FACT03959,P16,72,800
FACT03959,P04,202,3500
FACT03959,P15,504,650
FACT03959,P11,236,55
FACT08488,P04,262,3500
FACT08488,P12,389,70
FACT08488,P18,368,900
FACT08488,P17,396,280
FACT02876,P14,461,450
FACT02876,P19,337,3800
FACT02876,P08,563,65
FACT02876,P16,197,800
FACT01387,P11,440,55
FACT01387,P07,79,28
FACT01387,P19,552,3800
FACT01387,P08,81,65
FACT09171,P03,496,8000
FACT09171,P11,218,55
FACT09171,P05,568,45
FACT09171,P07,516,28
FACT04603,P03,35,8000
FACT04603,P19,599,3800
FACT04603,P06,154,30
FACT04603,P16,150,800
FACT04812,P05,270,45
FACT04812,P10,294,20
FACT04812,P06,116,30
FACT04812,P09,120,18
FACT04843,P17,22,280
FACT04843,P03,111,8000
FACT04843,P05,208,45
FACT04843,P04,202,3500
FACT07520,P20,578,2900
FACT07520,P06,225,30
FACT07520,P07,214,28
FACT07520,P04,400,3500
FACT07135,P07,121,28
FACT07135,P13,592,350
FACT07135,P15,264,650
FACT07135,P11,15,55
FACT09554,P03,427,8000
FACT09554,P06,373,30
FACT09554,P15,540,650
FACT09554,P20,189,2900
FACT00562,P07,175,28
FACT00562,P13,211,350
FACT00562,P09,505,18
FACT00562,P18,408,900
FACT06582,P19,193,3800
FACT06582,P04,296,3500
FACT06582,P15,18,650
FACT06582,P08,520,65
FACT02042,P17,546,280
FACT02042,P06,594,30
FACT02042,P08,455,65
FACT02042,P04,279,3500
FACT04692,P10,167,20
FACT04692,P12,383,70
FACT04692,P16,584,800
FACT04692,P03,547,8000
FACT04568,P03,342,8000
FACT04568,P18,594,900
FACT04568,P05,31,45
FACT04568,P09,54,18
FACT07154,P13,100,350
FACT07154,P09,547,18
FACT07154,P14,144,450
FACT07154,P04,281,3500
FACT05671,P06,258,30
FACT05671,P07,541,28
FACT05671,P02,54,350
FACT05671,P04,476,3500
FACT02820,P14,36,450
FACT02820,P20,498,2900
FACT02820,P05,287,45
FACT02820,P03,455,8000
FACT00474,P14,368,450
FACT00474,P02,313,350
FACT00474,P16,43,800
FACT00474,P08,13,65
FACT09003,P03,548,8000
FACT09003,P19,150,3800
FACT09003,P01,70,4500
FACT09003,P04,490,3500
FACT03648,P03,381,8000
FACT03648,P01,252,4500
FACT03648,P08,576,65
FACT03648,P10,485,20
FACT05962,P08,236,65
FACT05962,P11,6,55
FACT05962,P06,115,30
FACT05962,P01,234,4500
FACT07595,P16,196,800
FACT07595,P11,213,55
FACT07595,P01,25,4500
FACT07595,P17,402,280
FACT08044,P05,70,45
FACT08044,P13,481,350
FACT08044,P15,304,650
FACT08044,P06,564,30
FACT05544,P07,113,28
FACT05544,P06,120,30
FACT05544,P12,269,70
FACT05544,P13,566,350
FACT01405,P16,548,800
FACT01405,P18,283,900
FACT01405,P04,206,3500
FACT01405,P08,99,65
FACT02139,P16,519,800
FACT02139,P01,28,4500
FACT02139,P10,143,20
FACT02139,P08,346,65
FACT05751,P03,185,8000
FACT05751,P19,548,3800
FACT05751,P05,467,45
FACT05751,P12,402,70
FACT08298,P17,289,280
FACT08298,P01,497,4500
FACT08298,P12,428,70
FACT08298,P10,76,20
FACT07377,P18,345,900
FACT07377,P19,454,3800
FACT07377,P02,491,350
FACT07377,P11,105,55
FACT09309,P20,48,2900
FACT09309,P13,305,350
FACT09309,P08,269,65
FACT09309,P19,34,3800
FACT02896,P03,423,8000
FACT02896,P13,60,350
FACT02896,P19,349,3800
FACT02896,P07,107,28
FACT07276,P10,356,20
FACT07276,P02,335,350
FACT07276,P09,55,18
FACT07276,P13,74,350
FACT09789,P06,287,30
FACT09789,P07,29,28
FACT09789,P12,180,70
FACT09789,P11,98,55
FACT09808,P20,561,2900
FACT09808,P02,71,350
FACT09808,P13,559,350
FACT09808,P04,522,3500
FACT08998,P04,426,3500
FACT08998,P05,81,45
FACT08998,P17,549,280
FACT08998,P16,36,800
FACT07369,P16,304,800
FACT07369,P07,580,28
FACT07369,P17,317,280
FACT07369,P12,249,70
FACT06817,P03,338,8000
FACT06817,P14,451,450
FACT06817,P20,405,2900
FACT06817,P10,463,20
FACT08944,P13,393,350
FACT08944,P02,101,350
FACT08944,P14,585,450
FACT08944,P09,248,18
FACT01409,P12,170,70
FACT01409,P16,30,800
FACT01409,P09,252,18
FACT01409,P01,65,4500
FACT03481,P06,469,30
FACT03481,P02,463,350
FACT03481,P18,358,900
FACT03481,P09,384,18
FACT04894,P14,438,450
FACT04894,P12,210,70
FACT04894,P01,303,4500
FACT04894,P10,98,20
FACT08727,P08,114,65
FACT08727,P11,440,55
FACT08727,P02,335,350
FACT08727,P07,573,28
FACT06583,P13,524,350
FACT06583,P12,353,70
FACT06583,P04,146,3500
FACT06583,P18,190,900
FACT08632,P07,587,28
FACT08632,P01,322,4500
FACT08632,P20,69,2900
FACT08632,P17,256,280
FACT04725,P10,390,20
FACT04725,P09,261,18
FACT04725,P01,581,4500
FACT04725,P17,189,280
FACT04088,P18,212,900
FACT04088,P17,434,280
FACT04088,P11,499,55
FACT04088,P01,505,4500
FACT02572,P12,266,70
FACT02572,P10,221,20
FACT02572,P03,395,8000
FACT02572,P17,229,280
FACT06519,P05,372,45
FACT06519,P17,480,280
FACT06519,P16,115,800
FACT06519,P12,502,70
FACT00801,P03,147,8000
FACT00801,P17,514,280
FACT00801,P06,308,30
FACT00801,P01,114,4500
FACT05462,P08,259,65
FACT05462,P02,460,350
FACT05462,P04,280,3500
FACT05462,P15,171,650
FACT03351,P04,89,3500
FACT03351,P10,486,20
FACT03351,P03,17,8000
FACT03351,P14,78,450
FACT04790,P16,203,800
FACT04790,P09,336,18
FACT04790,P07,436,28
FACT04790,P06,356,30
FACT00443,P10,97,20
FACT00443,P11,320,55
FACT00443,P13,318,350
FACT00443,P01,390,4500
FACT06702,P11,35,55
FACT06702,P14,255,450
FACT06702,P13,411,350
FACT06702,P09,94,18
FACT06973,P07,111,28
FACT06973,P20,184,2900
FACT06973,P19,245,3800
FACT06973,P18,579,900
FACT02143,P20,25,2900
FACT02143,P15,215,650
FACT02143,P14,269,450
FACT02143,P03,56,8000
FACT02061,P03,504,8000
FACT02061,P15,526,650
FACT02061,P17,332,280
FACT02061,P07,410,28
FACT05452,P17,562,280
FACT05452,P19,294,3800
FACT05452,P13,59,350
FACT05452,P11,56,55
FACT05738,P09,255,18
FACT05738,P17,189,280
FACT05738,P18,188,900
FACT05738,P07,208,28
FACT07096,P01,544,4500
FACT07096,P02,506,350
FACT07096,P10,6,20
FACT07096,P12,591,70
FACT01077,P18,311,900
FACT01077,P04,13,3500
FACT01077,P07,232,28
FACT01077,P13,571,350
FACT07735,P08,228,65
FACT07735,P19,81,3800
FACT07735,P14,526,450
FACT07735,P13,83,350
FACT07281,P03,24,8000
FACT07281,P09,281,18
FACT07281,P12,436,70
FACT07281,P05,439,45
FACT09114,P01,81,4500
FACT09114,P17,440,280
FACT09114,P13,588,350
FACT09114,P19,271,3800
FACT06071,P02,82,350
FACT06071,P11,568,55
FACT06071,P07,64,28
FACT06071,P20,62,2900
FACT06623,P02,403,350
FACT06623,P10,116,20
FACT06623,P14,187,450
FACT06623,P01,523,4500
FACT01906,P19,224,3800
FACT01906,P06,109,30
FACT01906,P17,9,280
FACT01906,P15,227,650
FACT06958,P20,28,2900
FACT06958,P13,414,350
FACT06958,P02,113,350
FACT06958,P01,170,4500
FACT02994,P08,66,65
FACT02994,P18,36,900
FACT02994,P14,137,450
FACT02994,P15,333,650
FACT02922,P12,462,70
FACT02922,P02,53,350
FACT02922,P08,398,65
FACT02922,P18,377,900
FACT07417,P20,166,2900
FACT07417,P06,564,30
FACT07417,P18,274,900
FACT07417,P04,447,3500
FACT07635,P11,157,55
FACT07635,P19,89,3800
FACT07635,P18,261,900
FACT07635,P12,548,70
FACT08744,P11,66,55
FACT08744,P09,385,18
FACT08744,P06,261,30
FACT08744,P12,152,70
FACT09440,P16,544,800
FACT09440,P11,426,55
FACT09440,P07,285,28
FACT09440,P19,578,3800
FACT08125,P02,346,350
FACT08125,P15,261,650
FACT08125,P13,392,350
FACT08125,P10,585,20
FACT02182,P07,333,28
FACT02182,P15,197,650
FACT02182,P13,164,350
FACT02182,P04,235,3500
FACT03418,P09,507,18
FACT03418,P17,482,280
FACT03418,P07,129,28
FACT03418,P01,105,4500
FACT09647,P13,421,350
FACT09647,P11,208,55
FACT09647,P04,566,3500
FACT09647,P14,271,450
FACT05428,P05,201,45
FACT05428,P07,27,28
FACT05428,P03,522,8000
FACT05428,P19,181,3800
FACT01247,P13,183,350
FACT01247,P01,216,4500
FACT01247,P04,92,3500
FACT01247,P09,599,18
FACT05028,P03,145,8000
FACT05028,P19,405,3800
FACT05028,P11,29,55
FACT05028,P15,122,650
FACT06218,P07,402,28
FACT06218,P18,113,900
FACT06218,P19,369,3800
FACT06218,P04,184,3500
FACT05067,P03,406,8000
FACT05067,P06,74,30
FACT05067,P12,148,70
FACT05067,P01,171,4500
FACT05194,P19,226,3800
FACT05194,P15,349,650
FACT05194,P13,60,350
FACT05194,P09,217,18
FACT00866,P14,216,450
FACT00866,P01,333,4500
FACT00866,P15,475,650
FACT00866,P20,245,2900
FACT01871,P15,354,650
FACT01871,P08,391,65
FACT01871,P14,108,450
FACT01871,P13,125,350
FACT01716,P11,530,55
FACT01716,P05,49,45
FACT01716,P13,370,350
FACT01716,P02,309,350
FACT00539,P01,427,4500
FACT00539,P10,347,20
FACT00539,P16,203,800
FACT00539,P08,400,65
FACT00010,P08,192,65
FACT00010,P06,423,30
FACT00010,P13,118,350
FACT00010,P10,230,20
FACT01962,P16,483,800
FACT01962,P15,508,650
FACT01962,P17,525,280
FACT01962,P13,569,350
FACT07265,P07,536,28
FACT07265,P09,239,18
FACT07265,P17,430,280
FACT07265,P04,312,3500
FACT06124,P18,511,900
FACT06124,P10,272,20
FACT06124,P07,374,28
FACT06124,P04,406,3500
FACT03033,P15,449,650
FACT03033,P07,61,28
FACT03033,P19,90,3800
FACT03033,P06,571,30
FACT01969,P10,60,20
FACT01969,P11,432,55
FACT01969,P04,182,3500
FACT01969,P16,593,800
FACT06739,P18,290,900
FACT06739,P07,158,28
FACT06739,P01,183,4500
FACT06739,P19,317,3800
FACT09054,P09,59,18
FACT09054,P13,317,350
FACT09054,P04,561,3500
FACT09054,P17,9,280
FACT09684,P11,48,55
FACT09684,P05,141,45
FACT09684,P17,470,280
FACT09684,P15,196,650
FACT08791,P04,481,3500
FACT08791,P11,37,55
FACT08791,P17,218,280
FACT08791,P07,509,28
FACT08204,P02,235,350
FACT08204,P16,283,800
FACT08204,P19,87,3800
FACT08204,P09,436,18
FACT00985,P09,557,18
FACT00985,P08,353,65
FACT00985,P14,105,450
FACT00985,P13,406,350
FACT03513,P08,276,65
FACT03513,P01,548,4500
FACT03513,P12,174,70
FACT03513,P14,243,450
FACT04342,P11,140,55
FACT04342,P06,392,30
FACT04342,P05,508,45
FACT04342,P12,157,70
FACT01757,P07,206,28
FACT01757,P09,523,18
FACT01757,P16,476,800
FACT01757,P19,317,3800
FACT01981,P01,455,4500
FACT01981,P13,440,350
FACT01981,P06,228,30
FACT01981,P08,40,65
FACT03890,P14,217,450
FACT03890,P17,591,280
FACT03890,P02,181,350
FACT03890,P13,29,350
FACT05091,P01,118,4500
FACT05091,P06,106,30
FACT05091,P07,441,28
FACT05091,P18,482,900
FACT04730,P06,152,30
FACT04730,P18,498,900
FACT04730,P10,186,20
FACT04730,P20,414,2900
FACT06713,P05,157,45
FACT06713,P02,111,350
FACT06713,P01,81,4500
FACT06713,P10,597,20
FACT01800,P12,156,70
FACT01800,P15,373,650
FACT01800,P01,431,4500
FACT01800,P18,408,900
FACT07087,P10,556,20
FACT07087,P19,168,3800
FACT07087,P11,228,55
FACT07087,P04,213,3500
FACT04197,P03,32,8000
FACT04197,P02,583,350
FACT04197,P15,342,650
FACT04197,P10,476,20
FACT06635,P18,391,900
FACT06635,P12,104,70
FACT06635,P15,221,650
FACT06635,P09,179,18
FACT03166,P19,379,3800
FACT03166,P15,481,650
FACT03166,P09,225,18
FACT03166,P06,10,30
FACT07117,P12,48,70
FACT07117,P03,44,8000
FACT07117,P01,462,4500
FACT07117,P16,290,800
FACT02860,P06,280,30
FACT02860,P14,445,450
FACT02860,P18,475,900
FACT02860,P16,189,800
FACT09129,P15,523,650
FACT09129,P13,98,350
FACT09129,P18,113,900
FACT09129,P08,51,65
FACT09614,P08,425,65
FACT09614,P19,408,3800
FACT09614,P07,398,28
FACT09614,P16,135,800
FACT08698,P02,441,350
FACT08698,P14,296,450
FACT08698,P18,425,900
FACT08698,P08,467,65
FACT04868,P16,452,800
FACT04868,P04,540,3500
FACT04868,P17,283,280
FACT04868,P11,410,55
FACT07824,P04,274,3500
FACT07824,P12,446,70
FACT07824,P14,349,450
FACT07824,P02,187,350
FACT06206,P20,95,2900
FACT06206,P07,64,28
FACT06206,P04,18,3500
FACT06206,P08,422,65
FACT07935,P11,31,55
FACT07935,P20,170,2900
FACT07935,P14,491,450
FACT07935,P12,151,70
FACT02177,P12,276,70
FACT02177,P18,129,900
FACT02177,P11,81,55
FACT02177,P07,189,28
FACT00708,P14,414,450
FACT00708,P08,265,65
FACT00708,P01,452,4500
FACT00708,P12,172,70
FACT04826,P01,491,4500
FACT04826,P12,131,70
FACT04826,P14,592,450
FACT04826,P16,273,800
FACT02757,P08,235,65
FACT02757,P19,184,3800
FACT02757,P07,588,28
FACT02757,P16,143,800
FACT08148,P20,376,2900
FACT08148,P04,227,3500
FACT08148,P02,261,350
FACT08148,P03,138,8000
FACT08728,P18,239,900
FACT08728,P10,472,20
FACT08728,P12,526,70
FACT08728,P08,395,65
FACT04289,P02,352,350
FACT04289,P12,527,70
FACT04289,P18,218,900
FACT04289,P07,154,28
FACT02199,P17,126,280
FACT02199,P20,498,2900
FACT02199,P11,74,55
FACT02199,P08,80,65
FACT03547,P16,448,800
FACT03547,P12,472,70
FACT03547,P20,94,2900
FACT03547,P14,67,450
FACT01410,P08,317,65
FACT01410,P10,545,20
FACT01410,P14,250,450
FACT01410,P13,177,350
FACT00097,P04,600,3500
FACT00097,P07,560,28
FACT00097,P05,206,45
FACT00097,P11,209,55
FACT09516,P03,551,8000
FACT09516,P06,253,30
FACT09516,P15,403,650
FACT09516,P14,289,450
FACT00281,P05,64,45
FACT00281,P13,310,350
FACT00281,P10,152,20
FACT00281,P11,282,55
FACT04071,P09,396,18
FACT04071,P19,360,3800
FACT04071,P18,238,900
FACT04071,P16,75,800
FACT07498,P12,54,70
FACT07498,P19,350,3800
FACT07498,P03,101,8000
FACT07498,P09,307,18
FACT03831,P01,167,4500
FACT03831,P07,310,28
FACT03831,P03,341,8000
FACT03831,P15,560,650
FACT02716,P01,208,4500
FACT02716,P04,522,3500
FACT02716,P11,480,55
FACT02716,P05,48,45
FACT05095,P16,573,800
FACT05095,P06,579,30
FACT05095,P18,345,900
FACT05095,P08,462,65
FACT03424,P10,599,20
FACT03424,P16,600,800
FACT03424,P19,570,3800
FACT03424,P12,298,70
FACT05737,P14,171,450
FACT05737,P20,128,2900
FACT05737,P05,539,45
FACT05737,P18,276,900
FACT05657,P20,37,2900
FACT05657,P08,374,65
FACT05657,P07,147,28
FACT05657,P05,564,45
FACT05588,P14,326,450
FACT05588,P15,23,650
FACT05588,P10,333,20
FACT05588,P04,554,3500
FACT06047,P19,439,3800
FACT06047,P13,212,350
FACT06047,P17,231,280
FACT06047,P20,120,2900
FACT01009,P03,261,8000
FACT01009,P18,449,900
FACT01009,P15,272,650
FACT01009,P01,496,4500
FACT07397,P02,462,350
FACT07397,P03,546,8000
FACT07397,P16,203,800
FACT07397,P15,428,650
FACT04264,P18,16,900
FACT04264,P09,160,18
FACT04264,P10,339,20
FACT04264,P01,195,4500
FACT02729,P20,135,2900
FACT02729,P07,449,28
FACT02729,P17,296,280
FACT02729,P10,49,20
FACT00490,P12,259,70
FACT00490,P06,527,30
FACT00490,P15,596,650
FACT00490,P03,129,8000
FACT04065,P01,472,4500
FACT04065,P09,499,18
FACT04065,P13,188,350
FACT04065,P15,165,650
FACT02610,P10,407,20
FACT02610,P17,197,280
FACT02610,P13,526,350
FACT02610,P18,452,900
FACT00481,P18,330,900
FACT00481,P19,285,3800
FACT00481,P12,428,70
FACT00481,P07,414,28
FACT01649,P03,519,8000
FACT01649,P09,41,18
FACT01649,P05,427,45
FACT01649,P18,311,900
FACT00210,P14,89,450
FACT00210,P03,321,8000
FACT00210,P20,79,2900
FACT00210,P04,133,3500
FACT05882,P09,180,18
FACT05882,P18,303,900
FACT05882,P06,56,30
FACT05882,P07,39,28
FACT03562,P04,546,3500
FACT03562,P16,378,800
FACT03562,P01,278,4500
FACT03562,P19,64,3800
FACT05274,P15,123,650
FACT05274,P04,451,3500
FACT05274,P07,199,28
FACT05274,P08,490,65
FACT08305,P18,28,900
FACT08305,P19,257,3800
FACT08305,P15,404,650
FACT08305,P04,70,3500
FACT09482,P04,485,3500
FACT09482,P08,420,65
FACT09482,P02,434,350
FACT09482,P06,481,30
FACT04200,P13,308,350
FACT04200,P02,75,350
FACT04200,P01,302,4500
FACT04200,P11,88,55
FACT04767,P09,246,18
FACT04767,P18,274,900
FACT04767,P05,116,45
FACT04767,P17,295,280
FACT05549,P14,305,450
FACT05549,P16,103,800
FACT05549,P06,532,30
FACT05549,P11,117,55
FACT03702,P10,488,20
FACT03702,P05,248,45
FACT03702,P03,217,8000
FACT03702,P14,247,450
FACT03617,P11,58,55
FACT03617,P01,304,4500
FACT03617,P16,516,800
FACT03617,P18,497,900
FACT03146,P02,433,350
FACT03146,P16,152,800
FACT03146,P07,486,28
FACT03146,P15,190,650
FACT06374,P02,97,350
FACT06374,P07,494,28
FACT06374,P05,390,45
FACT06374,P17,396,280
FACT03465,P12,280,70
FACT03465,P13,105,350
FACT03465,P05,323,45
FACT03465,P08,195,65
FACT04018,P01,410,4500
FACT04018,P05,46,45
FACT04018,P16,500,800
FACT04018,P02,430,350
FACT02784,P01,480,4500
FACT02784,P03,575,8000
FACT02784,P06,542,30
FACT02784,P09,496,18
FACT02334,P16,486,800
FACT02334,P04,475,3500
FACT02334,P03,104,8000
FACT02334,P13,94,350
FACT09776,P11,217,55
FACT09776,P17,554,280
FACT09776,P10,157,20
FACT09776,P18,180,900
FACT05929,P03,452,8000
FACT05929,P13,508,350
FACT05929,P15,345,650
FACT05929,P18,391,900
FACT01054,P18,441,900
FACT01054,P06,167,30
FACT01054,P08,425,65
FACT01054,P12,432,70
FACT09690,P04,341,3500
FACT09690,P15,217,650
FACT09690,P12,495,70
FACT09690,P08,377,65
FACT02663,P20,471,2900
FACT02663,P04,364,3500
FACT02663,P05,24,45
FACT02663,P08,508,65
FACT01676,P04,589,3500
FACT01676,P12,262,70
FACT01676,P05,518,45
FACT01676,P03,155,8000
FACT01025,P19,309,3800
FACT01025,P12,51,70
FACT01025,P10,390,20
FACT01025,P07,79,28
FACT05780,P17,301,280
FACT05780,P16,402,800
FACT05780,P04,303,3500
FACT05780,P18,447,900
FACT06600,P13,313,350
FACT06600,P16,398,800
FACT06600,P01,149,4500
FACT06600,P19,166,3800
FACT01543,P18,446,900
FACT01543,P09,175,18
FACT01543,P03,309,8000
FACT01543,P10,367,20
FACT07584,P12,455,70
FACT07584,P10,169,20
FACT07584,P01,531,4500
FACT07584,P18,174,900
FACT09921,P12,279,70
FACT09921,P17,388,280
FACT09921,P03,68,8000
FACT09921,P15,481,650
FACT06340,P11,578,55
FACT06340,P15,19,650
FACT06340,P03,377,8000
FACT06340,P01,544,4500
FACT04048,P01,114,4500
FACT04048,P05,413,45
FACT04048,P09,262,18
FACT04048,P06,323,30
FACT01740,P16,511,800
FACT01740,P15,27,650
FACT01740,P17,468,280
FACT01740,P04,302,3500
FACT07701,P07,106,28
FACT07701,P05,150,45
FACT07701,P11,273,55
FACT07701,P06,235,30
FACT09384,P05,200,45
FACT09384,P09,314,18
FACT09384,P20,372,2900
FACT09384,P12,158,70
FACT01453,P07,379,28
FACT01453,P19,376,3800
FACT01453,P14,488,450
FACT01453,P06,378,30
FACT00920,P18,350,900
FACT00920,P16,473,800
FACT00920,P04,38,3500
FACT00920,P07,410,28
FACT08891,P10,324,20
FACT08891,P17,118,280
FACT08891,P13,321,350
FACT08891,P09,267,18
FACT02464,P14,433,450
FACT02464,P10,127,20
FACT02464,P09,97,18
FACT02464,P05,229,45
FACT05910,P13,139,350
FACT05910,P20,66,2900
FACT05910,P17,575,280
FACT05910,P07,184,28
FACT00259,P19,543,3800
FACT00259,P10,101,20
FACT00259,P05,90,45
FACT00259,P03,119,8000
FACT04537,P07,526,28
FACT04537,P10,170,20
FACT04537,P15,57,650
FACT04537,P06,52,30
FACT07603,P08,452,65
FACT07603,P17,455,280
FACT07603,P12,181,70
FACT07603,P02,480,350
FACT06985,P12,160,70
FACT06985,P19,299,3800
FACT06985,P06,166,30
FACT06985,P20,185,2900
FACT04285,P07,590,28
FACT04285,P08,520,65
FACT04285,P17,396,280
FACT04285,P02,289,350
FACT01375,P16,513,800
FACT01375,P10,148,20
FACT01375,P04,292,3500
FACT01375,P13,39,350
FACT08038,P02,188,350
FACT08038,P12,57,70
FACT08038,P01,374,4500
FACT08038,P11,105,55
FACT06811,P18,344,900
FACT06811,P11,168,55
FACT06811,P20,108,2900
FACT06811,P12,360,70
FACT03765,P11,424,55
FACT03765,P13,385,350
FACT03765,P19,83,3800
FACT03765,P14,341,450
FACT08964,P02,92,350
FACT08964,P13,342,350
FACT08964,P05,144,45
FACT08964,P06,302,30
FACT03924,P01,395,4500
FACT03924,P14,250,450
FACT03924,P19,561,3800
FACT03924,P18,308,900
FACT09932,P09,430,18
FACT09932,P16,292,800
FACT09932,P02,89,350
FACT09932,P05,94,45
FACT08988,P01,397,4500
FACT08988,P10,201,20
FACT08988,P05,140,45
FACT08988,P16,171,800
FACT09468,P13,420,350
FACT09468,P01,136,4500
FACT09468,P20,580,2900
FACT09468,P16,554,800
FACT06714,P17,522,280
FACT06714,P10,396,20
FACT06714,P02,332,350
FACT06714,P19,207,3800
FACT00701,P20,125,2900
FACT00701,P10,57,20
FACT00701,P16,491,800
FACT00701,P15,475,650
FACT04665,P10,445,20
FACT04665,P06,319,30
FACT04665,P01,115,4500
FACT04665,P05,228,45
FACT09177,P08,272,65
FACT09177,P16,127,800
FACT09177,P09,437,18
FACT09177,P14,192,450
FACT08075,P17,212,280
FACT08075,P06,95,30
FACT08075,P18,198,900
FACT08075,P16,434,800
FACT00660,P12,230,70
FACT00660,P11,315,55
FACT00660,P18,437,900
FACT00660,P09,218,18
FACT09698,P18,205,900
FACT09698,P20,229,2900
FACT09698,P07,484,28
FACT09698,P17,441,280
FACT05835,P18,430,900
FACT05835,P01,146,4500
FACT05835,P15,262,650
FACT05835,P19,368,3800
FACT02920,P15,442,650
FACT02920,P05,284,45
FACT02920,P14,372,450
FACT02920,P20,278,2900
FACT08388,P17,10,280
FACT08388,P10,219,20
FACT08388,P16,116,800
FACT08388,P03,553,8000
FACT06696,P08,546,65
FACT06696,P10,557,20
FACT06696,P06,434,30
FACT06696,P14,330,450
FACT00577,P04,593,3500
FACT00577,P07,72,28
FACT00577,P06,97,30
FACT00577,P09,409,18
FACT07988,P12,561,70
FACT07988,P09,538,18
FACT07988,P01,573,4500
FACT07988,P15,285,650
FACT01352,P01,136,4500
FACT01352,P17,478,280
FACT01352,P07,451,28
FACT01352,P20,553,2900
FACT04329,P09,212,18
FACT04329,P10,29,20
FACT04329,P08,538,65
FACT04329,P07,213,28
FACT06617,P03,458,8000
FACT06617,P18,499,900
FACT06617,P05,324,45
FACT06617,P19,78,3800
FACT00245,P19,73,3800
FACT00245,P16,313,800
FACT00245,P06,128,30
FACT00245,P09,276,18
FACT07316,P07,180,28
FACT07316,P12,518,70
FACT07316,P17,530,280
FACT07316,P06,154,30
FACT02230,P05,95,45
FACT02230,P14,265,450
FACT02230,P12,560,70
FACT02230,P10,159,20
FACT03515,P15,271,650
FACT03515,P19,431,3800
FACT03515,P08,518,65
FACT03515,P20,455,2900
FACT06460,P19,187,3800
FACT06460,P12,94,70
FACT06460,P17,600,280
FACT06460,P08,411,65
FACT00520,P03,318,8000
FACT00520,P01,412,4500
FACT00520,P15,319,650
FACT00520,P05,551,45
FACT03453,P12,418,70
FACT03453,P11,153,55
FACT03453,P10,427,20
FACT03453,P19,374,3800
FACT08841,P04,460,3500
FACT08841,P11,349,55
FACT08841,P07,99,28
FACT08841,P06,262,30
FACT07363,P19,161,3800
FACT07363,P14,103,450
FACT07363,P05,385,45
FACT07363,P18,508,900
FACT04487,P08,53,65
FACT04487,P20,375,2900
FACT04487,P18,494,900
FACT04487,P19,31,3800
FACT07514,P01,505,4500
FACT07514,P15,553,650
FACT07514,P17,513,280
FACT07514,P02,540,350
FACT08371,P05,474,45
FACT08371,P16,52,800
FACT08371,P03,171,8000
FACT08371,P14,587,450
FACT00518,P19,173,3800
FACT00518,P05,426,45
FACT00518,P06,403,30
FACT00518,P07,171,28
FACT08735,P04,275,3500
FACT08735,P19,566,3800
FACT08735,P14,298,450
FACT08735,P07,377,28
FACT00021,P05,534,45
FACT00021,P20,562,2900
FACT00021,P12,284,70
FACT00021,P02,543,350
FACT09733,P02,459,350
FACT09733,P06,363,30
FACT09733,P10,530,20
FACT09733,P09,305,18
FACT01562,P11,314,55
FACT01562,P03,70,8000
FACT01562,P06,64,30
FACT01562,P14,271,450
FACT08217,P16,246,800
FACT08217,P14,389,450
FACT08217,P05,566,45
FACT08217,P12,140,70
FACT06201,P02,76,350
FACT06201,P10,565,20
FACT06201,P15,351,650
FACT06201,P06,128,30
FACT00697,P03,555,8000
FACT00697,P15,513,650
FACT00697,P06,387,30
FACT00697,P11,64,55
FACT01088,P17,567,280
FACT01088,P18,297,900
FACT01088,P11,239,55
FACT01088,P04,458,3500
FACT04204,P19,182,3800
FACT04204,P06,433,30
FACT04204,P20,507,2900
FACT04204,P17,89,280
FACT04354,P06,254,30
FACT04354,P15,299,650
FACT04354,P16,251,800
FACT04354,P09,62,18
FACT04509,P12,284,70
FACT04509,P01,45,4500
FACT04509,P02,484,350
FACT04509,P04,196,3500
FACT03395,P02,289,350
FACT03395,P20,308,2900
FACT03395,P05,104,45
FACT03395,P06,159,30
FACT09926,P18,66,900
FACT09926,P17,375,280
FACT09926,P11,449,55
FACT09926,P01,93,4500
FACT03037,P12,149,70
FACT03037,P20,378,2900
FACT03037,P04,470,3500
FACT03037,P18,370,900
FACT09125,P04,421,3500
FACT09125,P11,136,55
FACT09125,P19,24,3800
FACT09125,P09,8,18
FACT03089,P15,159,650
FACT03089,P16,163,800
FACT03089,P18,80,900
FACT03089,P13,350,350
FACT01283,P15,512,650
FACT01283,P03,402,8000
FACT01283,P06,126,30
FACT01283,P12,327,70
FACT08665,P20,430,2900
FACT08665,P01,26,4500
FACT08665,P18,488,900
FACT08665,P03,335,8000
FACT07442,P03,54,8000
FACT07442,P16,7,800
FACT07442,P10,502,20
FACT07442,P20,378,2900
FACT02039,P07,34,28
FACT02039,P03,554,8000
FACT02039,P14,537,450
FACT02039,P16,102,800
FACT01035,P17,53,280
FACT01035,P13,578,350
FACT01035,P08,223,65
FACT01035,P07,538,28
FACT04573,P12,208,70
FACT04573,P13,190,350
FACT04573,P06,159,30
FACT04573,P01,364,4500
FACT07490,P14,195,450
FACT07490,P15,143,650
FACT07490,P10,256,20
FACT07490,P03,71,8000
FACT05099,P07,48,28
FACT05099,P18,87,900
FACT05099,P13,294,350
FACT05099,P04,166,3500
FACT09221,P02,519,350
FACT09221,P10,371,20
FACT09221,P19,368,3800
FACT09221,P05,305,45
FACT07827,P14,251,450
FACT07827,P11,10,55
FACT07827,P20,337,2900
FACT07827,P19,221,3800
FACT03750,P04,507,3500
FACT03750,P14,358,450
FACT03750,P09,20,18
FACT03750,P18,170,900
FACT08410,P12,287,70
FACT08410,P17,331,280
FACT08410,P08,309,65
FACT08410,P18,498,900
FACT06749,P12,572,70
FACT06749,P19,266,3800
FACT06749,P03,530,8000
FACT06749,P14,398,450
FACT01356,P10,176,20
FACT01356,P01,159,4500
FACT01356,P16,576,800
FACT01356,P14,404,450
FACT01932,P10,196,20
FACT01932,P16,341,800
FACT01932,P18,473,900
FACT01932,P13,159,350
FACT06362,P03,210,8000
FACT06362,P19,405,3800
FACT06362,P02,243,350
FACT06362,P05,15,45
FACT05505,P12,274,70
FACT05505,P06,383,30
FACT05505,P09,131,18
FACT05505,P07,178,28
FACT03504,P09,527,18
FACT03504,P10,579,20
FACT03504,P13,507,350
FACT03504,P07,535,28
FACT08754,P07,230,28
FACT08754,P18,576,900
FACT08754,P13,572,350
FACT08754,P04,545,3500
FACT07729,P08,39,65
FACT07729,P19,219,3800
FACT07729,P01,98,4500
FACT07729,P16,376,800
FACT06828,P20,322,2900
FACT06828,P08,54,65
FACT06828,P10,100,20
FACT06828,P05,321,45
FACT09644,P18,278,900
FACT09644,P16,201,800
FACT09644,P10,222,20
FACT09644,P03,105,8000
FACT01614,P08,113,65
FACT01614,P01,241,4500
FACT01614,P04,158,3500
FACT01614,P09,410,18
FACT01327,P12,498,70
FACT01327,P11,148,55
FACT01327,P20,471,2900
FACT01327,P16,359,800
FACT03819,P10,176,20
FACT03819,P03,26,8000
FACT03819,P11,67,55
FACT03819,P01,179,4500
FACT09697,P19,190,3800
FACT09697,P14,30,450
FACT09697,P09,100,18
FACT09697,P17,534,280
FACT04066,P11,181,55
FACT04066,P05,544,45
FACT04066,P20,578,2900
FACT04066,P08,357,65
FACT09068,P16,488,800
FACT09068,P05,157,45
FACT09068,P19,260,3800
FACT09068,P15,443,650
FACT00372,P05,537,45
FACT00372,P03,115,8000
FACT00372,P16,591,800
FACT00372,P11,510,55
FACT00391,P03,200,8000
FACT00391,P11,361,55
FACT00391,P12,230,70
FACT00391,P10,288,20
FACT00685,P16,407,800
FACT00685,P04,255,3500
FACT00685,P09,519,18
FACT00685,P02,60,350
FACT03031,P10,301,20
FACT03031,P03,174,8000
FACT03031,P06,238,30
FACT03031,P04,9,3500
FACT01713,P16,423,800
FACT01713,P19,400,3800
FACT01713,P15,37,650
FACT01713,P07,268,28
FACT09823,P06,87,30
FACT09823,P13,169,350
FACT09823,P19,447,3800
FACT09823,P01,489,4500
FACT01240,P17,61,280
FACT01240,P09,88,18
FACT01240,P03,119,8000
FACT01240,P14,489,450
FACT09473,P08,553,65
FACT09473,P09,502,18
FACT09473,P01,369,4500
FACT09473,P10,174,20
FACT05624,P01,199,4500
FACT05624,P15,391,650
FACT05624,P02,218,350
FACT05624,P10,155,20
FACT08912,P01,206,4500
FACT08912,P03,189,8000
FACT08912,P08,152,65
FACT08912,P10,576,20
FACT08934,P15,600,650
FACT08934,P19,101,3800
FACT08934,P08,243,65
FACT08934,P12,88,70
FACT01574,P02,301,350
FACT01574,P07,392,28
FACT01574,P13,18,350
FACT01574,P16,564,800
FACT09816,P13,55,350
FACT09816,P19,63,3800
FACT09816,P17,482,280
FACT09816,P14,560,450
FACT06969,P02,32,350
FACT06969,P05,24,45
FACT06969,P03,456,8000
FACT06969,P07,108,28
FACT00805,P04,320,3500
FACT00805,P10,431,20
FACT00805,P17,308,280
FACT00805,P11,458,55
FACT06108,P05,235,45
FACT06108,P16,589,800
FACT06108,P12,322,70
FACT06108,P07,351,28
FACT09764,P05,219,45
FACT09764,P02,397,350
FACT09764,P15,396,650
FACT09764,P16,63,800
FACT05425,P05,356,45
FACT05425,P02,318,350
FACT05425,P14,482,450
FACT05425,P15,64,650
FACT07048,P14,510,450
FACT07048,P10,193,20
FACT07048,P02,154,350
FACT07048,P20,432,2900
FACT01450,P10,237,20
FACT01450,P06,385,30
FACT01450,P14,454,450
FACT01450,P07,280,28
FACT07176,P20,16,2900
FACT07176,P17,365,280
FACT07176,P07,384,28
FACT07176,P02,560,350
FACT04294,P20,218,2900
FACT04294,P18,236,900
FACT04294,P04,414,3500
FACT04294,P08,458,65
FACT08668,P20,416,2900
FACT08668,P16,384,800
FACT08668,P09,133,18
FACT08668,P05,138,45
FACT06866,P09,502,18
FACT06866,P06,80,30
FACT06866,P15,261,650
FACT06866,P18,108,900
FACT03345,P16,411,800
FACT03345,P06,435,30
FACT03345,P12,507,70
FACT03345,P19,143,3800
FACT08955,P20,148,2900
FACT08955,P19,514,3800
FACT08955,P07,385,28
FACT08955,P15,564,650
FACT09161,P14,204,450
FACT09161,P09,541,18
FACT09161,P20,260,2900
FACT09161,P11,191,55
FACT07421,P15,169,650
FACT07421,P05,160,45
FACT07421,P14,569,450
FACT07421,P07,495,28
FACT08349,P12,589,70
FACT08349,P20,93,2900
FACT08349,P19,61,3800
FACT08349,P08,319,65
FACT06968,P01,311,4500
FACT06968,P04,148,3500
FACT06968,P06,277,30
FACT06968,P19,72,3800
FACT09379,P07,514,28
FACT09379,P11,220,55
FACT09379,P09,234,18
FACT09379,P13,66,350
FACT05576,P09,346,18
FACT05576,P01,199,4500
FACT05576,P03,526,8000
FACT05576,P19,305,3800
FACT00449,P08,196,65
FACT00449,P03,85,8000
FACT00449,P02,571,350
FACT00449,P19,120,3800
FACT08772,P11,171,55
FACT08772,P04,545,3500
FACT08772,P09,100,18
FACT08772,P17,314,280
FACT09015,P19,96,3800
FACT09015,P02,74,350
FACT09015,P12,426,70
FACT09015,P13,485,350
FACT04518,P03,220,8000
FACT04518,P02,445,350
FACT04518,P07,192,28
FACT04518,P15,284,650
FACT05969,P08,297,65
FACT05969,P17,451,280
FACT05969,P19,458,3800
FACT05969,P02,172,350
FACT07075,P13,407,350
FACT07075,P18,15,900
FACT07075,P08,142,65
FACT07075,P20,392,2900
FACT02268,P16,134,800
FACT02268,P04,58,3500
FACT02268,P07,466,28
FACT02268,P08,195,65
FACT03243,P20,105,2900
FACT03243,P18,536,900
FACT03243,P04,398,3500
FACT03243,P02,263,350
FACT08032,P14,35,450
FACT08032,P02,247,350
FACT08032,P13,60,350
FACT08032,P08,254,65
FACT07006,P17,317,280
FACT07006,P11,180,55
FACT07006,P05,241,45
FACT07006,P09,179,18
FACT01957,P09,569,18
FACT01957,P11,568,55
FACT01957,P10,420,20
FACT01957,P14,317,450
FACT00493,P14,235,450
FACT00493,P20,176,2900
FACT00493,P09,495,18
FACT00493,P17,278,280
FACT05815,P09,204,18
FACT05815,P11,41,55
FACT05815,P15,125,650
FACT05815,P14,36,450
FACT04517,P13,555,350
FACT04517,P07,139,28
FACT04517,P17,187,280
FACT04517,P11,123,55
FACT06456,P10,577,20
FACT06456,P18,555,900
FACT06456,P08,25,65
FACT06456,P07,218,28
FACT01811,P16,192,800
FACT01811,P18,69,900
FACT01811,P05,73,45
FACT01811,P03,187,8000
FACT04010,P09,528,18
FACT04010,P10,236,20
FACT04010,P16,531,800
FACT04010,P08,93,65
FACT01782,P14,474,450
FACT01782,P11,585,55
FACT01782,P16,373,800
FACT01782,P05,239,45
FACT07612,P10,592,20
FACT07612,P06,91,30
FACT07612,P11,584,55
FACT07612,P04,457,3500
FACT00509,P16,476,800
FACT00509,P11,27,55
FACT00509,P17,404,280
FACT00509,P07,272,28
FACT08014,P07,38,28
FACT08014,P09,523,18
FACT08014,P13,522,350
FACT08014,P10,403,20
FACT02295,P06,168,30
FACT02295,P17,524,280
FACT02295,P14,410,450
FACT02295,P08,353,65
FACT08833,P05,199,45
FACT08833,P06,462,30
FACT08833,P11,379,55
FACT08833,P02,456,350
FACT02296,P20,498,2900
FACT02296,P10,270,20
FACT02296,P04,598,3500
FACT02296,P16,508,800
FACT00227,P01,458,4500
FACT00227,P19,575,3800
FACT00227,P15,252,650
FACT00227,P04,579,3500
FACT04401,P16,72,800
FACT04401,P13,479,350
FACT04401,P20,347,2900
FACT04401,P09,156,18
FACT08477,P03,310,8000
FACT08477,P11,496,55
FACT08477,P10,280,20
FACT08477,P17,281,280
FACT01130,P14,485,450
FACT01130,P15,172,650
FACT01130,P07,365,28
FACT01130,P08,539,65
FACT07314,P11,92,55
FACT07314,P05,12,45
FACT07314,P12,203,70
FACT07314,P08,35,65
FACT02983,P17,312,280
FACT02983,P02,542,350
FACT02983,P05,190,45
FACT02983,P08,211,65
FACT00236,P14,161,450
FACT00236,P06,596,30
FACT00236,P15,177,650
FACT00236,P08,480,65
FACT01864,P10,396,20
FACT01864,P05,295,45
FACT01864,P20,30,2900
FACT01864,P11,258,55
FACT00825,P06,188,30
FACT00825,P12,306,70
FACT00825,P09,78,18
FACT00825,P04,555,3500
FACT01699,P03,8,8000
FACT01699,P14,296,450
FACT01699,P12,490,70
FACT01699,P04,480,3500
FACT09983,P16,466,800
FACT09983,P07,78,28
FACT09983,P08,340,65
FACT09983,P19,91,3800
FACT05036,P05,249,45
FACT05036,P02,371,350
FACT05036,P15,329,650
FACT05036,P19,103,3800
FACT00156,P14,346,450
FACT00156,P05,384,45
FACT00156,P20,208,2900
FACT00156,P03,307,8000
FACT00828,P14,275,450
FACT00828,P16,98,800
FACT00828,P11,255,55
FACT00828,P12,236,70
FACT09439,P13,283,350
FACT09439,P07,59,28
FACT09439,P18,430,900
FACT09439,P04,45,3500
FACT02418,P09,517,18
FACT02418,P10,284,20
FACT02418,P04,48,3500
FACT02418,P11,118,55
FACT01778,P01,338,4500
FACT01778,P04,102,3500
FACT01778,P09,456,18
FACT01778,P14,337,450
FACT02119,P17,121,280
FACT02119,P16,393,800
FACT02119,P12,490,70
FACT02119,P13,585,350
FACT04870,P01,410,4500
FACT04870,P19,128,3800
FACT04870,P13,517,350
FACT04870,P10,401,20
FACT05633,P19,221,3800
FACT05633,P02,421,350
FACT05633,P17,278,280
FACT05633,P07,274,28
FACT03538,P10,251,20
FACT03538,P14,366,450
FACT03538,P11,403,55
FACT03538,P07,548,28
FACT09434,P06,104,30
FACT09434,P15,157,650
FACT09434,P16,495,800
FACT09434,P20,270,2900
FACT07622,P01,288,4500
FACT07622,P13,420,350
FACT07622,P19,41,3800
FACT07622,P20,22,2900
FACT08048,P09,79,18
FACT08048,P13,263,350
FACT08048,P11,507,55
FACT08048,P14,417,450
FACT08320,P20,446,2900
FACT08320,P01,490,4500
FACT08320,P17,547,280
FACT08320,P13,466,350
FACT00869,P13,59,350
FACT00869,P07,481,28
FACT00869,P16,408,800
FACT00869,P17,458,280
FACT09124,P06,500,30
FACT09124,P18,501,900
FACT09124,P15,132,650
FACT09124,P09,527,18
FACT08367,P09,226,18
FACT08367,P07,229,28
FACT08367,P01,324,4500
FACT08367,P02,36,350
FACT01331,P08,304,65
FACT01331,P20,405,2900
FACT01331,P13,540,350
FACT01331,P01,558,4500
FACT06776,P17,499,280
FACT06776,P08,324,65
FACT06776,P12,536,70
FACT06776,P02,466,350
FACT03242,P10,519,20
FACT03242,P09,408,18
FACT03242,P20,527,2900
FACT03242,P08,188,65
FACT00141,P05,56,45
FACT00141,P02,100,350
FACT00141,P18,565,900
FACT00141,P16,398,800
FACT00402,P06,99,30
FACT00402,P14,557,450
FACT00402,P09,101,18
FACT00402,P19,216,3800
FACT05079,P17,150,280
FACT05079,P16,406,800
FACT05079,P05,433,45
FACT05079,P09,493,18
FACT08896,P02,161,350
FACT08896,P05,69,45
FACT08896,P07,513,28
FACT08896,P08,405,65
FACT02954,P13,279,350
FACT02954,P12,114,70
FACT02954,P01,126,4500
FACT02954,P02,90,350
FACT04380,P14,410,450
FACT04380,P05,345,45
FACT04380,P13,287,350
FACT04380,P09,500,18
FACT03542,P13,442,350
FACT03542,P17,193,280
FACT03542,P10,380,20
FACT03542,P18,206,900
FACT04041,P02,307,350
FACT04041,P15,490,650
FACT04041,P19,38,3800
FACT04041,P09,277,18
FACT01920,P07,166,28
FACT01920,P09,216,18
FACT01920,P17,568,280
FACT01920,P08,134,65
FACT05366,P15,459,650
FACT05366,P03,397,8000
FACT05366,P20,191,2900
FACT05366,P09,383,18
FACT01870,P10,123,20
FACT01870,P03,402,8000
FACT01870,P09,282,18
FACT01870,P19,202,3800
FACT03343,P16,166,800
FACT03343,P03,189,8000
FACT03343,P17,523,280
FACT03343,P10,355,20
FACT03421,P04,285,3500
FACT03421,P13,318,350
FACT03421,P06,414,30
FACT03421,P18,484,900
FACT06741,P20,330,2900
FACT06741,P18,256,900
FACT06741,P03,163,8000
FACT06741,P08,564,65
FACT04523,P16,111,800
FACT04523,P06,382,30
FACT04523,P17,393,280
FACT04523,P20,124,2900
FACT09175,P03,561,8000
FACT09175,P13,351,350
FACT09175,P10,242,20
FACT09175,P19,576,3800
FACT08057,P05,212,45
FACT08057,P15,251,650
FACT08057,P07,285,28
FACT08057,P01,295,4500
FACT09151,P08,352,65
FACT09151,P18,286,900
FACT09151,P02,525,350
FACT09151,P06,434,30
FACT02027,P11,327,55
FACT02027,P17,378,280
FACT02027,P13,278,350
FACT02027,P04,489,3500
FACT06342,P20,170,2900
FACT06342,P15,196,650
FACT06342,P12,17,70
FACT06342,P06,39,30
FACT00823,P09,85,18
FACT00823,P08,167,65
FACT00823,P10,592,20
FACT00823,P04,156,3500
FACT04231,P03,119,8000
FACT04231,P05,122,45
FACT04231,P18,472,900
FACT04231,P06,408,30
FACT09224,P03,385,8000
FACT09224,P16,468,800
FACT09224,P14,256,450
FACT09224,P04,416,3500
FACT07620,P02,82,350
FACT07620,P16,413,800
FACT07620,P08,153,65
FACT07620,P18,555,900
FACT07611,P17,378,280
FACT07611,P20,133,2900
FACT07611,P05,218,45
FACT07611,P19,289,3800
FACT03910,P11,238,55
FACT03910,P02,60,350
FACT03910,P07,240,28
FACT03910,P01,163,4500
FACT06003,P18,92,900
FACT06003,P11,512,55
FACT06003,P16,218,800
FACT06003,P20,47,2900
FACT04467,P12,17,70
FACT04467,P02,170,350
FACT04467,P13,377,350
FACT04467,P20,309,2900
FACT01552,P04,478,3500
FACT01552,P18,102,900
FACT01552,P12,425,70
FACT01552,P08,134,65
FACT07101,P12,317,70
FACT07101,P05,528,45
FACT07101,P02,407,350
FACT07101,P13,391,350
FACT06180,P01,498,4500
FACT06180,P03,578,8000
FACT06180,P05,38,45
FACT06180,P07,592,28
FACT02654,P14,23,450
FACT02654,P03,585,8000
FACT02654,P11,237,55
FACT02654,P19,138,3800
FACT01472,P09,520,18
FACT01472,P06,326,30
FACT01472,P03,298,8000
FACT01472,P01,419,4500
FACT03760,P04,331,3500
FACT03760,P13,461,350
FACT03760,P18,402,900
FACT03760,P14,250,450
FACT08198,P08,430,65
FACT08198,P10,190,20
FACT08198,P02,424,350
FACT08198,P03,315,8000
FACT03226,P11,460,55
FACT03226,P20,519,2900
FACT03226,P15,283,650
FACT03226,P13,539,350
FACT02246,P09,120,18
FACT02246,P14,144,450
FACT02246,P10,305,20
FACT02246,P05,359,45
FACT04575,P20,55,2900
FACT04575,P18,240,900
FACT04575,P09,118,18
FACT04575,P17,61,280
FACT06036,P15,467,650
FACT06036,P18,213,900
FACT06036,P14,110,450
FACT06036,P09,272,18
FACT06479,P14,509,450
FACT06479,P08,597,65
FACT06479,P07,131,28
FACT06479,P18,160,900
FACT09763,P01,261,4500
FACT09763,P13,435,350
FACT09763,P08,587,65
FACT09763,P07,290,28
FACT00629,P07,13,28
FACT00629,P14,85,450
FACT00629,P12,58,70
FACT00629,P10,305,20
FACT07847,P01,198,4500
FACT07847,P10,415,20
FACT07847,P02,125,350
FACT07847,P16,555,800
FACT04592,P15,412,650
FACT04592,P10,249,20
FACT04592,P05,458,45
FACT04592,P03,305,8000
FACT00962,P06,251,30
FACT00962,P05,537,45
FACT00962,P15,356,650
FACT00962,P17,197,280
FACT09703,P08,215,65
FACT09703,P14,63,450
FACT09703,P06,42,30
FACT09703,P09,414,18
FACT02601,P07,254,28
FACT02601,P09,591,18
FACT02601,P02,421,350
FACT02601,P18,205,900
FACT06647,P03,292,8000
FACT06647,P04,569,3500
FACT06647,P12,137,70
FACT06647,P16,320,800
FACT05216,P04,103,3500
FACT05216,P11,391,55
FACT05216,P14,81,450
FACT05216,P07,175,28
FACT06317,P18,405,900
FACT06317,P16,241,800
FACT06317,P11,357,55
FACT06317,P07,226,28
FACT01553,P12,56,70
FACT01553,P16,154,800
FACT01553,P13,579,350
FACT01553,P15,533,650
FACT01292,P08,130,65
FACT01292,P17,165,280
FACT01292,P01,396,4500
FACT01292,P11,177,55
FACT05691,P16,444,800
FACT05691,P10,101,20
FACT05691,P09,404,18
FACT05691,P20,406,2900
FACT05024,P01,413,4500
FACT05024,P20,361,2900
FACT05024,P06,237,30
FACT05024,P09,530,18
FACT02427,P03,217,8000
FACT02427,P15,433,650
FACT02427,P17,280,280
FACT02427,P09,115,18
FACT02614,P01,281,4500
FACT02614,P13,477,350
FACT02614,P17,420,280
FACT02614,P12,388,70
FACT05123,P05,329,45
FACT05123,P06,559,30
FACT05123,P11,180,55
FACT05123,P18,583,900
FACT06959,P20,44,2900
FACT06959,P10,460,20
FACT06959,P13,599,350
FACT06959,P09,152,18
FACT09961,P10,556,20
FACT09961,P07,184,28
FACT09961,P09,517,18
FACT09961,P15,259,650
FACT06687,P16,159,800
FACT06687,P18,100,900
FACT06687,P17,8,280
FACT06687,P06,498,30
FACT09318,P10,78,20
FACT09318,P02,462,350
FACT09318,P01,167,4500
FACT09318,P14,414,450
FACT02788,P05,315,45
FACT02788,P03,395,8000
FACT02788,P20,235,2900
FACT02788,P06,317,30
FACT07930,P03,70,8000
FACT07930,P11,154,55
FACT07930,P15,561,650
FACT07930,P06,180,30
FACT06528,P17,413,280
FACT06528,P19,121,3800
FACT06528,P03,449,8000
FACT06528,P10,512,20
FACT00515,P17,472,280
FACT00515,P14,184,450
FACT00515,P09,335,18
FACT00515,P05,50,45
FACT00077,P10,494,20
FACT00077,P05,139,45
FACT00077,P18,583,900
FACT00077,P08,8,65
FACT03096,P05,280,45
FACT03096,P20,388,2900
FACT03096,P13,584,350
FACT03096,P02,434,350
FACT08299,P20,200,2900
FACT08299,P10,291,20
FACT08299,P03,441,8000
FACT08299,P18,457,900
FACT09655,P20,30,2900
FACT09655,P19,223,3800
FACT09655,P14,524,450
FACT09655,P17,71,280
FACT06297,P20,184,2900
FACT06297,P18,499,900
FACT06297,P02,365,350
FACT06297,P06,200,30
FACT05716,P02,282,350
FACT05716,P18,75,900
FACT05716,P04,141,3500
FACT05716,P19,208,3800
FACT08376,P03,201,8000
FACT08376,P09,145,18
FACT08376,P10,226,20
FACT08376,P04,481,3500
FACT01480,P04,492,3500
FACT01480,P20,531,2900
FACT01480,P08,268,65
FACT01480,P19,559,3800
FACT02457,P09,251,18
FACT02457,P08,326,65
FACT02457,P13,205,350
FACT02457,P15,261,650
FACT00215,P05,55,45
FACT00215,P03,78,8000
FACT00215,P19,273,3800
FACT00215,P14,546,450
FACT04958,P07,14,28
FACT04958,P02,545,350
FACT04958,P14,538,450
FACT04958,P05,272,45
FACT09737,P13,155,350
FACT09737,P15,436,650
FACT09737,P03,264,8000
FACT09737,P18,219,900
FACT06251,P19,244,3800
FACT06251,P08,104,65
FACT06251,P04,79,3500
FACT06251,P14,544,450
FACT05597,P14,170,450
FACT05597,P18,417,900
FACT05597,P09,583,18
FACT05597,P15,208,650
FACT04129,P14,288,450
FACT04129,P06,395,30
FACT04129,P03,105,8000
FACT04129,P05,517,45
FACT09321,P20,246,2900
FACT09321,P04,520,3500
FACT09321,P07,366,28
FACT09321,P11,190,55
FACT09785,P17,60,280
FACT09785,P14,254,450
FACT09785,P20,580,2900
FACT09785,P12,199,70
FACT07957,P10,171,20
FACT07957,P05,463,45
FACT07957,P14,541,450
FACT07957,P07,540,28
FACT09094,P13,506,350
FACT09094,P14,12,450
FACT09094,P01,202,4500
FACT09094,P08,515,65
FACT06516,P11,318,55
FACT06516,P17,175,280
FACT06516,P04,60,3500
FACT06516,P03,372,8000
FACT00074,P16,537,800
FACT00074,P05,121,45
FACT00074,P14,338,450
FACT00074,P09,132,18
FACT01014,P06,558,30
FACT01014,P17,514,280
FACT01014,P03,567,8000
FACT01014,P10,154,20
FACT01586,P16,435,800
FACT01586,P13,63,350
FACT01586,P15,126,650
FACT01586,P01,169,4500
FACT03641,P10,15,20
FACT03641,P09,493,18
FACT03641,P04,516,3500
FACT03641,P16,455,800
FACT08579,P06,50,30
FACT08579,P20,565,2900
FACT08579,P19,190,3800
FACT08579,P05,587,45
FACT07897,P12,449,70
FACT07897,P20,339,2900
FACT07897,P01,340,4500
FACT07897,P19,211,3800
FACT02136,P13,421,350
FACT02136,P07,354,28
FACT02136,P19,477,3800
FACT02136,P04,573,3500
FACT04630,P11,54,55
FACT04630,P03,459,8000
FACT04630,P02,222,350
FACT04630,P13,242,350
FACT09967,P18,404,900
FACT09967,P19,410,3800
FACT09967,P03,45,8000
FACT09967,P15,241,650
FACT01771,P07,70,28
FACT01771,P18,327,900
FACT01771,P03,156,8000
FACT01771,P20,567,2900
FACT06944,P05,390,45
FACT06944,P18,11,900
FACT06944,P20,19,2900
FACT06944,P08,320,65
FACT04954,P05,98,45
FACT04954,P08,216,65
FACT04954,P07,376,28
FACT04954,P17,411,280
FACT08059,P16,52,800
FACT08059,P20,344,2900
FACT08059,P13,41,350
FACT08059,P02,171,350
FACT00830,P09,454,18
FACT00830,P19,524,3800
FACT00830,P17,247,280
FACT00830,P08,576,65
FACT09052,P14,366,450
FACT09052,P02,462,350
FACT09052,P03,203,8000
FACT09052,P09,342,18
FACT03705,P02,450,350
FACT03705,P17,138,280
FACT03705,P19,333,3800
FACT03705,P18,166,900
FACT02785,P02,188,350
FACT02785,P10,562,20
FACT02785,P08,129,65
FACT02785,P06,325,30
FACT08261,P04,389,3500
FACT08261,P10,202,20
FACT08261,P02,517,350
FACT08261,P05,499,45
FACT06437,P16,492,800
FACT06437,P07,151,28
FACT06437,P02,221,350
FACT06437,P01,464,4500
FACT02508,P13,332,350
FACT02508,P08,54,65
FACT02508,P05,253,45
FACT02508,P17,233,280
FACT06721,P09,224,18
FACT06721,P19,333,3800
FACT06721,P06,198,30
FACT06721,P11,491,55
FACT04620,P18,480,900
FACT04620,P13,126,350
FACT04620,P12,472,70
FACT04620,P03,167,8000
FACT09163,P17,600,280
FACT09163,P02,443,350
FACT09163,P09,588,18
FACT09163,P07,262,28
FACT02455,P09,223,18
FACT02455,P14,118,450
FACT02455,P16,443,800
FACT02455,P13,246,350
FACT08302,P10,471,20
FACT08302,P02,136,350
FACT08302,P06,412,30
FACT08302,P03,331,8000
FACT08023,P17,464,280
FACT08023,P09,268,18
FACT08023,P12,458,70
FACT08023,P05,580,45
FACT09308,P08,560,65
FACT09308,P07,65,28
FACT09308,P10,301,20
FACT09308,P04,118,3500
FACT09076,P19,417,3800
FACT09076,P07,110,28
FACT09076,P08,152,65
FACT09076,P17,522,280
FACT03852,P17,293,280
FACT03852,P16,33,800
FACT03852,P15,195,650
FACT03852,P20,23,2900
FACT09539,P09,393,18
FACT09539,P18,199,900
FACT09539,P06,70,30
FACT09539,P05,179,45
FACT09619,P08,82,65
FACT09619,P03,280,8000
FACT09619,P09,453,18
FACT09619,P11,7,55
FACT04036,P16,506,800
FACT04036,P19,383,3800
FACT04036,P11,14,55
FACT04036,P06,126,30
FACT04356,P01,499,4500
FACT04356,P19,65,3800
FACT04356,P15,511,650
FACT04356,P05,395,45
FACT06682,P13,15,350
FACT06682,P03,167,8000
FACT06682,P15,83,650
FACT06682,P19,531,3800
FACT09526,P08,409,65
FACT09526,P18,172,900
FACT09526,P19,361,3800
FACT09526,P09,208,18
FACT00550,P04,160,3500
FACT00550,P02,30,350
FACT00550,P09,264,18
FACT00550,P12,132,70
FACT09065,P02,300,350
FACT09065,P17,124,280
FACT09065,P13,328,350
FACT09065,P03,20,8000
FACT09288,P08,93,65
FACT09288,P12,532,70
FACT09288,P14,344,450
FACT09288,P04,128,3500
FACT03003,P12,91,70
FACT03003,P17,523,280
FACT03003,P10,185,20
FACT03003,P04,227,3500
FACT07058,P01,287,4500
FACT07058,P19,493,3800
FACT07058,P14,171,450
FACT07058,P03,554,8000
FACT04455,P19,448,3800
FACT04455,P13,92,350
FACT04455,P08,213,65
FACT04455,P05,122,45
FACT03316,P19,570,3800
FACT03316,P07,422,28
FACT03316,P20,441,2900
FACT03316,P11,566,55
FACT06658,P18,319,900
FACT06658,P15,14,650
FACT06658,P02,273,350
FACT06658,P13,279,350
FACT04333,P14,376,450
FACT04333,P12,580,70
FACT04333,P04,537,3500
FACT04333,P05,502,45
FACT05529,P13,403,350
FACT05529,P19,515,3800
FACT05529,P09,489,18
FACT05529,P12,66,70
FACT01788,P04,80,3500
FACT01788,P07,74,28
FACT01788,P05,295,45
FACT01788,P16,52,800
FACT01436,P02,457,350
FACT01436,P17,304,280
FACT01436,P08,361,65
FACT01436,P01,280,4500
FACT08771,P07,540,28
FACT08771,P14,587,450
FACT08771,P20,550,2900
FACT08771,P10,435,20
FACT09858,P12,339,70
FACT09858,P10,56,20
FACT09858,P15,498,650
FACT09858,P04,454,3500
FACT07288,P16,325,800
FACT07288,P17,564,280
FACT07288,P11,111,55
FACT07288,P03,22,8000
FACT07284,P18,243,900
FACT07284,P11,152,55
FACT07284,P02,71,350
FACT07284,P16,408,800
FACT02935,P04,337,3500
FACT02935,P11,594,55
FACT02935,P16,326,800
FACT02935,P09,287,18
FACT03357,P05,54,45
FACT03357,P03,306,8000
FACT03357,P06,145,30
FACT03357,P07,528,28
FACT02425,P05,82,45
FACT02425,P09,578,18
FACT02425,P14,12,450
FACT02425,P10,551,20
FACT00116,P09,116,18
FACT00116,P03,554,8000
FACT00116,P02,507,350
FACT00116,P19,595,3800
FACT07278,P11,276,55
FACT07278,P06,316,30
FACT07278,P16,460,800
FACT07278,P10,237,20
FACT08266,P06,424,30
FACT08266,P14,541,450
FACT08266,P03,16,8000
FACT08266,P08,202,65
FACT00177,P03,545,8000
FACT00177,P04,148,3500
FACT00177,P19,159,3800
FACT00177,P01,459,4500
FACT07548,P01,516,4500
FACT07548,P18,368,900
FACT07548,P04,525,3500
FACT07548,P19,118,3800
FACT05867,P01,309,4500
FACT05867,P20,426,2900
FACT05867,P19,489,3800
FACT05867,P15,64,650
FACT07872,P18,111,900
FACT07872,P17,22,280
FACT07872,P11,163,55
FACT07872,P06,577,30
FACT00394,P10,195,20
FACT00394,P14,478,450
FACT00394,P09,597,18
FACT00394,P11,504,55
FACT07346,P04,218,3500
FACT07346,P07,369,28
FACT07346,P02,214,350
FACT07346,P14,314,450
FACT09067,P05,497,45
FACT09067,P02,503,350
FACT09067,P13,414,350
FACT09067,P09,266,18
FACT05840,P02,183,350
FACT05840,P17,536,280
FACT05840,P13,425,350
FACT05840,P10,39,20
FACT09846,P04,393,3500
FACT09846,P06,592,30
FACT09846,P15,80,650
FACT09846,P05,230,45
FACT06413,P18,107,900
FACT06413,P13,113,350
FACT06413,P19,524,3800
FACT06413,P02,207,350
FACT07891,P09,204,18
FACT07891,P01,86,4500
FACT07891,P15,197,650
FACT07891,P08,104,65
FACT04367,P15,279,650
FACT04367,P04,315,3500
FACT04367,P07,218,28
FACT04367,P12,239,70
FACT04344,P01,342,4500
FACT04344,P15,240,650
FACT04344,P05,556,45
FACT04344,P16,499,800
FACT08821,P12,451,70
FACT08821,P01,412,4500
FACT08821,P04,221,3500
FACT08821,P14,314,450
FACT08007,P08,205,65
FACT08007,P19,522,3800
FACT08007,P02,311,350
FACT08007,P05,59,45
FACT03367,P12,553,70
FACT03367,P04,278,3500
FACT03367,P09,460,18
FACT03367,P01,69,4500
FACT05284,P10,35,20
FACT05284,P08,38,65
FACT05284,P01,493,4500
FACT05284,P02,513,350
FACT02376,P05,63,45
FACT02376,P03,102,8000
FACT02376,P19,305,3800
FACT02376,P15,453,650
FACT08673,P04,456,3500
FACT08673,P20,211,2900
FACT08673,P12,482,70
FACT08673,P10,408,20
FACT03011,P03,327,8000
FACT03011,P09,477,18
FACT03011,P19,337,3800
FACT03011,P07,271,28
FACT01308,P05,420,45
FACT01308,P12,576,70
FACT01308,P01,434,4500
FACT01308,P08,187,65
FACT08782,P08,396,65
FACT08782,P06,93,30
FACT08782,P20,487,2900
FACT08782,P04,269,3500
FACT06691,P06,306,30
FACT06691,P18,42,900
FACT06691,P15,584,650
FACT06691,P03,595,8000
FACT03961,P16,432,800
FACT03961,P03,315,8000
FACT03961,P19,114,3800
FACT03961,P01,250,4500
FACT02642,P07,309,28
FACT02642,P06,251,30
FACT02642,P16,314,800
FACT02642,P10,234,20
FACT03647,P01,330,4500
FACT03647,P07,562,28
FACT03647,P20,35,2900
FACT03647,P03,466,8000
FACT00959,P04,88,3500
FACT00959,P20,48,2900
FACT00959,P17,276,280
FACT00959,P14,396,450
FACT07994,P08,274,65
FACT07994,P10,494,20
FACT07994,P13,329,350
FACT07994,P03,595,8000
FACT07623,P05,156,45
FACT07623,P04,431,3500
FACT07623,P10,406,20
FACT07623,P13,278,350
FACT02467,P07,319,28
FACT02467,P13,451,350
FACT02467,P15,123,650
FACT02467,P08,219,65
FACT00405,P10,377,20
FACT00405,P08,245,65
FACT00405,P16,39,800
FACT00405,P12,407,70
FACT01270,P15,268,650
FACT01270,P01,135,4500
FACT01270,P14,192,450
FACT01270,P05,333,45
FACT01979,P15,449,650
FACT01979,P14,407,450
FACT01979,P10,282,20
FACT01979,P06,501,30
FACT06788,P08,188,65
FACT06788,P18,427,900
FACT06788,P04,284,3500
FACT06788,P16,15,800
FACT08881,P01,437,4500
FACT08881,P13,410,350
FACT08881,P09,364,18
FACT08881,P16,400,800
FACT06569,P06,265,30
FACT06569,P03,380,8000
FACT06569,P10,354,20
FACT06569,P08,477,65
FACT00213,P09,470,18
FACT00213,P20,569,2900
FACT00213,P16,268,800
FACT00213,P06,253,30
FACT03318,P17,548,280
FACT03318,P14,581,450
FACT03318,P20,574,2900
FACT03318,P03,495,8000
FACT01276,P11,600,55
FACT01276,P17,448,280
FACT01276,P16,459,800
FACT01276,P01,545,4500
FACT02366,P19,82,3800
FACT02366,P17,518,280
FACT02366,P04,340,3500
FACT02366,P11,56,55
FACT03609,P12,192,70
FACT03609,P11,500,55
FACT03609,P17,580,280
FACT03609,P04,573,3500
FACT06152,P05,596,45
FACT06152,P13,518,350
FACT06152,P19,265,3800
FACT06152,P17,128,280
FACT00859,P20,74,2900
FACT00859,P06,50,30
FACT00859,P15,59,650
FACT00859,P05,286,45
FACT06881,P07,74,28
FACT06881,P05,471,45
FACT06881,P06,433,30
FACT06881,P14,94,450
FACT05768,P15,359,650
FACT05768,P12,225,70
FACT05768,P04,347,3500
FACT05768,P16,61,800
FACT07391,P16,301,800
FACT07391,P07,574,28
FACT07391,P13,455,350
FACT07391,P20,512,2900
FACT02270,P20,378,2900
FACT02270,P01,283,4500
FACT02270,P13,535,350
FACT02270,P17,333,280
FACT02428,P05,262,45
FACT02428,P17,56,280
FACT02428,P20,404,2900
FACT02428,P18,473,900
FACT04291,P19,256,3800
FACT04291,P02,464,350
FACT04291,P01,198,4500
FACT04291,P13,135,350
FACT06899,P04,101,3500
FACT06899,P10,158,20
FACT06899,P01,450,4500
FACT06899,P14,222,450
FACT04541,P18,7,900
FACT04541,P16,418,800
FACT04541,P10,190,20
FACT04541,P15,340,650
FACT01386,P12,162,70
FACT01386,P07,102,28
FACT01386,P15,374,650
FACT01386,P14,55,450
FACT03441,P01,106,4500
FACT03441,P20,541,2900
FACT03441,P19,310,3800
FACT03441,P11,356,55
FACT03469,P11,507,55
FACT03469,P16,140,800
FACT03469,P20,439,2900
FACT03469,P04,525,3500
FACT04252,P03,103,8000
FACT04252,P16,526,800
FACT04252,P09,392,18
FACT04252,P14,425,450
FACT05897,P09,323,18
FACT05897,P06,558,30
FACT05897,P04,26,3500
FACT05897,P18,545,900
FACT03414,P14,319,450
FACT03414,P12,300,70
FACT03414,P06,149,30
FACT03414,P07,482,28
FACT00336,P05,79,45
FACT00336,P02,341,350
FACT00336,P14,461,450
FACT00336,P18,279,900
FACT08788,P07,151,28
FACT08788,P02,223,350
FACT08788,P17,387,280
FACT08788,P01,507,4500
FACT04353,P03,429,8000
FACT04353,P07,511,28
FACT04353,P19,155,3800
FACT04353,P02,186,350
FACT03753,P15,530,650
FACT03753,P06,600,30
FACT03753,P11,337,55
FACT03753,P16,433,800
FACT00841,P01,233,4500
FACT00841,P06,206,30
FACT00841,P03,165,8000
FACT00841,P14,512,450
FACT05436,P18,592,900
FACT05436,P15,446,650
FACT05436,P01,311,4500
FACT05436,P17,533,280
FACT03524,P04,186,3500
FACT03524,P09,66,18
FACT03524,P13,34,350
FACT03524,P12,192,70
FACT06930,P20,128,2900
FACT06930,P08,519,65
FACT06930,P17,424,280
FACT06930,P16,408,800
FACT05039,P12,404,70
FACT05039,P13,155,350
FACT05039,P19,130,3800
FACT05039,P02,169,350
FACT07554,P09,181,18
FACT07554,P19,36,3800
FACT07554,P02,408,350
FACT07554,P07,405,28
FACT09349,P03,425,8000
FACT09349,P09,187,18
FACT09349,P19,124,3800
FACT09349,P04,103,3500
FACT09663,P12,570,70
FACT09663,P17,212,280
FACT09663,P01,473,4500
FACT09663,P18,384,900
FACT08092,P07,271,28
FACT08092,P04,23,3500
FACT08092,P05,336,45
FACT08092,P20,464,2900
FACT01570,P09,15,18
FACT01570,P10,372,20
FACT01570,P15,231,650
FACT01570,P16,61,800
FACT04302,P02,29,350
FACT04302,P12,517,70
FACT04302,P13,56,350
FACT04302,P10,484,20
FACT09759,P02,86,350
FACT09759,P06,199,30
FACT09759,P17,165,280
FACT09759,P10,65,20
FACT08760,P15,115,650
FACT08760,P20,23,2900
FACT08760,P14,104,450
FACT08760,P17,500,280
FACT03267,P13,49,350
FACT03267,P17,102,280
FACT03267,P05,48,45
FACT03267,P19,261,3800
FACT08902,P08,306,65
FACT08902,P05,590,45
FACT08902,P17,20,280
FACT08902,P12,227,70
FACT04897,P06,523,30
FACT04897,P19,259,3800
FACT04897,P09,62,18
FACT04897,P15,156,650
FACT01479,P12,33,70
FACT01479,P03,142,8000
FACT01479,P09,485,18
FACT01479,P01,386,4500
FACT09256,P06,572,30
FACT09256,P15,365,650
FACT09256,P02,289,350
FACT09256,P17,254,280
FACT04090,P18,6,900
FACT04090,P09,531,18
FACT04090,P01,578,4500
FACT04090,P08,512,65
FACT00559,P12,120,70
FACT00559,P18,528,900
FACT00559,P06,482,30
FACT00559,P14,490,450
FACT06767,P07,47,28
FACT06767,P01,80,4500
FACT06767,P03,354,8000
FACT06767,P11,249,55
FACT06613,P18,93,900
FACT06613,P04,188,3500
FACT06613,P14,243,450
FACT06613,P13,22,350
FACT01473,P05,322,45
FACT01473,P02,109,350
FACT01473,P04,339,3500
FACT01473,P18,281,900
FACT08271,P12,158,70
FACT08271,P01,488,4500
FACT08271,P11,387,55
FACT08271,P07,563,28
FACT02530,P07,110,28
FACT02530,P16,203,800
FACT02530,P03,520,8000
FACT02530,P04,387,3500
FACT09952,P01,538,4500
FACT09952,P11,287,55
FACT09952,P20,264,2900
FACT09952,P05,585,45
FACT05798,P08,374,65
FACT05798,P12,293,70
FACT05798,P05,431,45
FACT05798,P01,42,4500
FACT00226,P12,587,70
FACT00226,P06,228,30
FACT00226,P04,92,3500
FACT00226,P16,197,800
FACT09452,P15,376,650
FACT09452,P14,436,450
FACT09452,P13,493,350
FACT09452,P16,406,800
FACT02082,P06,77,30
FACT02082,P17,88,280
FACT02082,P03,480,8000
FACT02082,P19,190,3800
FACT03730,P07,281,28
FACT03730,P20,438,2900
FACT03730,P18,222,900
FACT03730,P16,92,800
FACT04445,P16,381,800
FACT04445,P09,234,18
FACT04445,P13,506,350
FACT04445,P20,55,2900
FACT07196,P06,159,30
FACT07196,P08,577,65
FACT07196,P04,299,3500
FACT07196,P15,505,650
FACT01720,P16,84,800
FACT01720,P13,497,350
FACT01720,P15,445,650
FACT01720,P08,102,65
FACT07470,P11,206,55
FACT07470,P18,35,900
FACT07470,P04,20,3500
FACT07470,P14,330,450
FACT03389,P05,162,45
FACT03389,P02,132,350
FACT03389,P04,137,3500
FACT03389,P16,316,800
FACT05207,P14,10,450
FACT05207,P16,124,800
FACT05207,P12,305,70
FACT05207,P19,149,3800
FACT05873,P03,58,8000
FACT05873,P10,282,20
FACT05873,P16,32,800
FACT05873,P11,184,55
FACT04932,P18,366,900
FACT04932,P07,447,28
FACT04932,P05,546,45
FACT04932,P16,494,800
FACT03856,P03,583,8000
FACT03856,P05,300,45
FACT03856,P16,15,800
FACT03856,P07,70,28
FACT02754,P04,551,3500
FACT02754,P05,348,45
FACT02754,P12,122,70
FACT02754,P02,240,350
FACT06552,P08,440,65
FACT06552,P03,18,8000
FACT06552,P16,332,800
FACT06552,P20,203,2900
FACT06260,P15,287,650
FACT06260,P07,498,28
FACT06260,P05,334,45
FACT06260,P01,380,4500
FACT06400,P01,391,4500
FACT06400,P10,570,20
FACT06400,P09,382,18
FACT06400,P20,476,2900
FACT07601,P17,59,280
FACT07601,P12,473,70
FACT07601,P06,11,30
FACT07601,P08,465,65
FACT03278,P06,91,30
FACT03278,P20,17,2900
FACT03278,P14,486,450
FACT03278,P04,110,3500
FACT06273,P03,268,8000
FACT06273,P17,200,280
FACT06273,P04,95,3500
FACT06273,P09,412,18
FACT09531,P13,311,350
FACT09531,P11,200,55
FACT09531,P02,364,350
FACT09531,P18,389,900
FACT06401,P19,185,3800
FACT06401,P12,35,70
FACT06401,P08,99,65
FACT06401,P04,135,3500
FACT00613,P17,413,280
FACT00613,P04,553,3500
FACT00613,P01,197,4500
FACT00613,P10,92,20
FACT03541,P16,74,800
FACT03541,P01,163,4500
FACT03541,P03,445,8000
FACT03541,P05,6,45
FACT08161,P16,230,800
FACT08161,P11,105,55
FACT08161,P20,541,2900
FACT08161,P15,225,650
FACT06178,P09,474,18
FACT06178,P16,114,800
FACT06178,P07,103,28
FACT06178,P08,107,65
FACT05043,P03,107,8000
FACT05043,P16,199,800
FACT05043,P06,463,30
FACT05043,P19,380,3800
FACT02804,P10,598,20
FACT02804,P08,130,65
FACT02804,P01,80,4500
FACT02804,P19,258,3800
FACT06543,P13,406,350
FACT06543,P17,342,280
FACT06543,P04,438,3500
FACT06543,P06,409,30
FACT01320,P10,403,20
FACT01320,P06,181,30
FACT01320,P01,572,4500
FACT01320,P16,376,800
FACT05103,P01,306,4500
FACT05103,P11,285,55
FACT05103,P02,90,350
FACT05103,P09,44,18
FACT02903,P08,31,65
FACT02903,P06,512,30
FACT02903,P18,114,900
FACT02903,P04,29,3500
FACT00307,P06,214,30
FACT00307,P15,50,650
FACT00307,P07,452,28
FACT00307,P12,37,70
FACT04239,P04,297,3500
FACT04239,P14,386,450
FACT04239,P01,343,4500
FACT04239,P09,591,18
FACT06540,P02,424,350
FACT06540,P05,431,45
FACT06540,P18,142,900
FACT06540,P10,463,20
FACT09742,P06,108,30
FACT09742,P14,16,450
FACT09742,P02,205,350
FACT09742,P17,540,280
FACT08888,P05,357,45
FACT08888,P03,506,8000
FACT08888,P07,95,28
FACT08888,P06,503,30
FACT02002,P14,247,450
FACT02002,P11,553,55
FACT02002,P08,30,65
FACT02002,P10,19,20
FACT03715,P11,328,55
FACT03715,P10,272,20
FACT03715,P05,12,45
FACT03715,P02,7,350
FACT01037,P14,445,450
FACT01037,P06,377,30
FACT01037,P05,584,45
FACT01037,P02,533,350
FACT02774,P13,160,350
FACT02774,P06,548,30
FACT02774,P02,57,350
FACT02774,P20,490,2900
FACT08493,P13,120,350
FACT08493,P05,578,45
FACT08493,P11,518,55
FACT08493,P16,448,800
FACT00169,P19,179,3800
FACT00169,P08,38,65
FACT00169,P17,487,280
FACT00169,P07,500,28
FACT05151,P12,310,70
FACT05151,P13,372,350
FACT05151,P03,282,8000
FACT05151,P05,18,45
FACT04266,P03,59,8000
FACT04266,P06,318,30
FACT04266,P02,409,350
FACT04266,P11,316,55
FACT02544,P11,175,55
FACT02544,P20,163,2900
FACT02544,P14,579,450
FACT02544,P19,541,3800
FACT03720,P13,91,350
FACT03720,P12,270,70
FACT03720,P09,20,18
FACT03720,P08,279,65
FACT05450,P14,514,450
FACT05450,P10,524,20
FACT05450,P04,157,3500
FACT05450,P03,316,8000
FACT02693,P02,438,350
FACT02693,P09,470,18
FACT02693,P19,69,3800
FACT02693,P18,327,900
FACT04952,P04,302,3500
FACT04952,P11,430,55
FACT04952,P03,554,8000
FACT04952,P05,578,45
FACT01419,P12,18,70
FACT01419,P19,400,3800
FACT01419,P08,85,65
FACT01419,P20,553,2900
FACT08264,P04,492,3500
FACT08264,P05,395,45
FACT08264,P12,143,70
FACT08264,P11,212,55
FACT09923,P06,262,30
FACT09923,P04,26,3500
FACT09923,P10,364,20
FACT09923,P09,337,18
FACT09904,P04,82,3500
FACT09904,P11,86,55
FACT09904,P09,88,18
FACT09904,P16,31,800
FACT02919,P10,86,20
FACT02919,P01,594,4500
FACT02919,P03,595,8000
FACT02919,P06,269,30
FACT00173,P03,575,8000
FACT00173,P15,528,650
FACT00173,P17,352,280
FACT00173,P08,72,65
FACT06360,P17,213,280
FACT06360,P16,51,800
FACT06360,P08,251,65
FACT06360,P11,449,55
FACT02316,P05,315,45
FACT02316,P04,574,3500
FACT02316,P12,196,70
FACT02316,P13,165,350
FACT01242,P12,290,70
FACT01242,P02,406,350
FACT01242,P13,133,350
FACT01242,P11,485,55
FACT09736,P07,176,28
FACT09736,P13,237,350
FACT09736,P08,592,65
FACT09736,P19,74,3800
FACT04085,P12,224,70
FACT04085,P13,322,350
FACT04085,P15,9,650
FACT04085,P02,162,350
FACT01374,P09,108,18
FACT01374,P11,468,55
FACT01374,P13,505,350
FACT01374,P16,342,800
FACT03528,P10,590,20
FACT03528,P09,567,18
FACT03528,P14,362,450
FACT03528,P19,178,3800
FACT09664,P08,140,65
FACT09664,P15,39,650
FACT09664,P16,340,800
FACT09664,P03,30,8000
FACT02518,P08,533,65
FACT02518,P02,536,350
FACT02518,P17,351,280
FACT02518,P13,246,350
FACT08667,P17,164,280
FACT08667,P16,44,800
FACT08667,P04,36,3500
FACT08667,P11,35,55
FACT04765,P09,283,18
FACT04765,P17,433,280
FACT04765,P16,184,800
FACT04765,P18,323,900
FACT09010,P09,42,18
FACT09010,P02,213,350
FACT09010,P18,339,900
FACT09010,P06,470,30
FACT08342,P07,410,28
FACT08342,P12,302,70
FACT08342,P04,424,3500
FACT08342,P03,41,8000
FACT00931,P18,246,900
FACT00931,P03,231,8000
FACT00931,P14,336,450
FACT00931,P02,100,350
FACT04236,P09,583,18
FACT04236,P13,345,350
FACT04236,P12,518,70
FACT04236,P18,501,900
FACT08210,P15,343,650
FACT08210,P07,400,28
FACT08210,P08,316,65
FACT08210,P16,467,800
FACT08465,P15,390,650
FACT08465,P19,191,3800
FACT08465,P05,302,45
FACT08465,P03,17,8000
FACT05470,P03,370,8000
FACT05470,P01,155,4500
FACT05470,P17,101,280
FACT05470,P16,417,800
FACT02667,P15,217,650
FACT02667,P13,104,350
FACT02667,P18,66,900
FACT02667,P02,349,350
FACT02688,P05,210,45
FACT02688,P15,148,650
FACT02688,P03,445,8000
FACT02688,P20,535,2900
FACT02358,P06,63,30
FACT02358,P08,213,65
FACT02358,P07,536,28
FACT02358,P09,351,18
FACT01000,P07,321,28
FACT01000,P20,141,2900
FACT01000,P14,18,450
FACT01000,P01,440,4500
FACT04058,P11,525,55
FACT04058,P07,161,28
FACT04058,P03,374,8000
FACT04058,P12,170,70
FACT06501,P11,53,55
FACT06501,P10,194,20
FACT06501,P17,55,280
FACT06501,P14,127,450
FACT05777,P19,43,3800
FACT05777,P15,357,650
FACT05777,P08,362,65
FACT05777,P20,537,2900
FACT08957,P03,528,8000
FACT08957,P01,228,4500
FACT08957,P07,201,28
FACT08957,P05,402,45
FACT06832,P09,100,18
FACT06832,P03,263,8000
FACT06832,P16,66,800
FACT06832,P02,313,350
FACT02963,P05,116,45
FACT02963,P20,29,2900
FACT02963,P11,196,55
FACT02963,P08,179,65
FACT05432,P07,42,28
FACT05432,P06,251,30
FACT05432,P02,471,350
FACT05432,P16,32,800
FACT01313,P13,514,350
FACT01313,P16,12,800
FACT01313,P04,47,3500
FACT01313,P08,482,65
FACT00058,P08,99,65
FACT00058,P20,314,2900
FACT00058,P19,101,3800
FACT00058,P03,124,8000
FACT06075,P17,71,280
FACT06075,P02,530,350
FACT06075,P14,156,450
FACT06075,P05,80,45
FACT01189,P13,11,350
FACT01189,P20,328,2900
FACT01189,P19,385,3800
FACT01189,P09,222,18
FACT05525,P03,242,8000
FACT05525,P17,412,280
FACT05525,P18,134,900
FACT05525,P12,446,70
FACT06830,P19,436,3800
FACT06830,P01,454,4500
FACT06830,P20,61,2900
FACT06830,P10,336,20
FACT01644,P09,240,18
FACT01644,P20,87,2900
FACT01644,P11,194,55
FACT01644,P08,598,65
FACT09267,P12,241,70
FACT09267,P13,461,350
FACT09267,P19,408,3800
FACT09267,P18,93,900
FACT05351,P16,465,800
FACT05351,P17,466,280
FACT05351,P11,324,55
FACT05351,P08,336,65
FACT09677,P07,435,28
FACT09677,P17,28,280
FACT09677,P11,472,55
FACT09677,P04,304,3500
FACT02277,P08,178,65
FACT02277,P17,473,280
FACT02277,P20,346,2900
FACT02277,P11,125,55
FACT08327,P01,421,4500
FACT08327,P08,546,65
FACT08327,P19,355,3800
FACT08327,P12,349,70
FACT09437,P02,73,350
FACT09437,P19,305,3800
FACT09437,P12,373,70
FACT09437,P18,480,900
FACT05313,P20,131,2900
FACT05313,P17,365,280
FACT05313,P14,322,450
FACT05313,P06,446,30
FACT08758,P11,130,55
FACT08758,P01,475,4500
FACT08758,P12,102,70
FACT08758,P17,161,280
FACT06446,P16,229,800
FACT06446,P11,185,55
FACT06446,P03,329,8000
FACT06446,P20,111,2900
FACT04714,P01,349,4500
FACT04714,P20,327,2900
FACT04714,P19,195,3800
FACT04714,P02,161,350
FACT04905,P07,427,28
FACT04905,P20,412,2900
FACT04905,P10,307,20
FACT04905,P04,313,3500
FACT03990,P18,231,900
FACT03990,P19,361,3800
FACT03990,P14,588,450
FACT03990,P01,316,4500
FACT09699,P11,232,55
FACT09699,P19,541,3800
FACT09699,P08,249,65
FACT09699,P07,453,28
FACT09649,P12,191,70
FACT09649,P01,463,4500
FACT09649,P08,96,65
FACT09649,P17,185,280
FACT02795,P08,544,65
FACT02795,P10,264,20
FACT02795,P11,67,55
FACT02795,P04,485,3500
FACT02408,P18,590,900
FACT02408,P02,225,350
FACT02408,P16,224,800
FACT02408,P19,24,3800
FACT07062,P05,138,45
FACT07062,P11,578,55
FACT07062,P03,193,8000
FACT07062,P10,80,20
FACT08487,P02,38,350
FACT08487,P12,530,70
FACT08487,P14,388,450
FACT08487,P16,126,800
FACT03208,P13,367,350
FACT03208,P15,26,650
FACT03208,P14,410,450
FACT03208,P03,477,8000
FACT05986,P19,256,3800
FACT05986,P09,50,18
FACT05986,P02,460,350
FACT05986,P08,216,65
FACT09206,P17,151,280
FACT09206,P06,188,30
FACT09206,P20,494,2900
FACT09206,P09,182,18
FACT07896,P05,449,45
FACT07896,P12,393,70
FACT07896,P13,548,350
FACT07896,P16,130,800
FACT01389,P19,492,3800
FACT01389,P16,209,800
FACT01389,P04,255,3500
FACT01389,P14,355,450
FACT02836,P09,565,18
FACT02836,P04,458,3500
FACT02836,P03,195,8000
FACT02836,P14,217,450
FACT07797,P14,444,450
FACT07797,P06,446,30
FACT07797,P18,66,900
FACT07797,P13,224,350
FACT07208,P10,520,20
FACT07208,P11,358,55
FACT07208,P14,313,450
FACT07208,P19,355,3800
FACT04959,P18,422,900
FACT04959,P05,39,45
FACT04959,P04,321,3500
FACT04959,P14,49,450
FACT06868,P20,33,2900
FACT06868,P10,6,20
FACT06868,P03,465,8000
FACT06868,P04,285,3500
FACT05070,P11,192,55
FACT05070,P05,576,45
FACT05070,P13,294,350
FACT05070,P12,368,70
FACT01898,P01,525,4500
FACT01898,P16,174,800
FACT01898,P18,312,900
FACT01898,P17,364,280
FACT05778,P13,514,350
FACT05778,P18,536,900
FACT05778,P15,151,650
FACT05778,P04,386,3500
FACT07544,P05,304,45
FACT07544,P10,391,20
FACT07544,P20,90,2900
FACT07544,P15,332,650
FACT03559,P13,334,350
FACT03559,P20,237,2900
FACT03559,P15,401,650
FACT03559,P02,507,350
FACT00465,P06,220,30
FACT00465,P10,71,20
FACT00465,P05,463,45
FACT00465,P03,490,8000
FACT06197,P01,330,4500
FACT06197,P08,589,65
FACT06197,P20,209,2900
FACT06197,P19,475,3800
FACT04840,P20,362,2900
FACT04840,P03,468,8000
FACT04840,P07,22,28
FACT04840,P16,351,800
FACT01607,P16,460,800
FACT01607,P01,129,4500
FACT01607,P07,266,28
FACT01607,P04,493,3500
FACT06048,P20,397,2900
FACT06048,P17,202,280
FACT06048,P19,261,3800
FACT06048,P04,262,3500
FACT04163,P15,302,650
FACT04163,P06,269,30
FACT04163,P12,49,70
FACT04163,P17,470,280
FACT02292,P15,61,650
FACT02292,P02,147,350
FACT02292,P05,60,45
FACT02292,P13,328,350
FACT09862,P18,335,900
FACT09862,P13,577,350
FACT09862,P01,560,4500
FACT09862,P06,6,30
FACT06526,P12,265,70
FACT06526,P17,525,280
FACT06526,P03,304,8000
FACT06526,P01,24,4500
FACT04100,P14,322,450
FACT04100,P13,495,350
FACT04100,P02,114,350
FACT04100,P03,463,8000
FACT01442,P12,362,70
FACT01442,P11,514,55
FACT01442,P06,300,30
FACT01442,P01,40,4500
FACT06900,P08,428,65
FACT06900,P20,420,2900
FACT06900,P15,499,650
FACT06900,P04,282,3500
FACT07358,P11,497,55
FACT07358,P07,184,28
FACT07358,P18,411,900
FACT07358,P14,408,450
FACT03669,P12,197,70
FACT03669,P05,275,45
FACT03669,P04,441,3500
FACT03669,P20,564,2900
FACT08946,P15,91,650
FACT08946,P18,151,900
FACT08946,P16,496,800
FACT08946,P09,510,18
FACT06798,P06,19,30
FACT06798,P20,600,2900
FACT06798,P02,272,350
FACT06798,P18,43,900
FACT09376,P01,185,4500
FACT09376,P15,544,650
FACT09376,P06,495,30
FACT09376,P16,250,800
FACT02103,P15,217,650
FACT02103,P09,20,18
FACT02103,P13,69,350
FACT02103,P05,228,45
FACT07829,P08,449,65
FACT07829,P06,385,30
FACT07829,P04,355,3500
FACT07829,P13,480,350
FACT01310,P03,511,8000
FACT01310,P01,164,4500
FACT01310,P15,181,650
FACT01310,P08,152,65
FACT01799,P01,93,4500
FACT01799,P13,127,350
FACT01799,P07,160,28
FACT01799,P18,103,900
FACT08945,P08,288,65
FACT08945,P04,179,3500
FACT08945,P02,93,350
FACT08945,P07,129,28
FACT06453,P03,34,8000
FACT06453,P10,226,20
FACT06453,P05,391,45
FACT06453,P14,121,450
FACT06718,P10,598,20
FACT06718,P16,128,800
FACT06718,P06,296,30
FACT06718,P18,132,900
FACT07386,P03,465,8000
FACT07386,P13,30,350
FACT07386,P11,40,55
FACT07386,P16,365,800
FACT04936,P12,49,70
FACT04936,P10,62,20
FACT04936,P01,78,4500
FACT04936,P04,107,3500
FACT02686,P20,219,2900
FACT02686,P01,169,4500
FACT02686,P14,243,450
FACT02686,P06,441,30
FACT08528,P19,484,3800
FACT08528,P17,128,280
FACT08528,P04,390,3500
FACT08528,P07,320,28
FACT04996,P06,233,30
FACT04996,P18,557,900
FACT04996,P13,248,350
FACT04996,P03,140,8000
FACT01624,P07,71,28
FACT01624,P18,435,900
FACT01624,P14,162,450
FACT01624,P11,519,55
FACT03984,P07,165,28
FACT03984,P03,36,8000
FACT03984,P13,562,350
FACT03984,P18,492,900
FACT05710,P11,98,55
FACT05710,P09,284,18
FACT05710,P13,375,350
FACT05710,P19,128,3800
FACT02326,P20,362,2900
FACT02326,P08,544,65
FACT02326,P06,356,30
FACT02326,P10,33,20
FACT06506,P19,30,3800
FACT06506,P11,382,55
FACT06506,P02,364,350
FACT06506,P03,46,8000
FACT02029,P05,191,45
FACT02029,P12,120,70
FACT02029,P01,314,4500
FACT02029,P06,244,30
FACT03327,P01,442,4500
FACT03327,P18,48,900
FACT03327,P19,414,3800
FACT03327,P12,468,70
FACT09132,P12,205,70
FACT09132,P19,583,3800
FACT09132,P13,427,350
FACT09132,P17,237,280
FACT07008,P19,140,3800
FACT07008,P17,562,280
FACT07008,P06,318,30
FACT07008,P18,193,900
FACT00190,P15,473,650
FACT00190,P20,47,2900
FACT00190,P11,60,55
FACT00190,P12,177,70
FACT07045,P07,505,28
FACT07045,P05,178,45
FACT07045,P13,52,350
FACT07045,P08,578,65
FACT06058,P06,203,30
FACT06058,P20,250,2900
FACT06058,P11,534,55
FACT06058,P07,89,28
FACT02842,P07,238,28
FACT02842,P17,485,280
FACT02842,P20,500,2900
FACT02842,P01,360,4500
FACT01481,P18,164,900
FACT01481,P20,199,2900
FACT01481,P02,394,350
FACT01481,P07,269,28
FACT06870,P01,380,4500
FACT06870,P14,418,450
FACT06870,P06,377,30
FACT06870,P05,446,45
FACT09683,P12,453,70
FACT09683,P11,296,55
FACT09683,P18,210,900
FACT09683,P04,298,3500
FACT07013,P08,153,65
FACT07013,P03,229,8000
FACT07013,P18,508,900
FACT07013,P13,176,350
FACT01120,P09,357,18
FACT01120,P12,168,70
FACT01120,P10,236,20
FACT01120,P16,294,800
FACT01533,P07,71,28
FACT01533,P04,495,3500
FACT01533,P17,150,280
FACT01533,P08,259,65
FACT02826,P05,185,45
FACT02826,P07,568,28
FACT02826,P19,111,3800
FACT02826,P13,496,350
FACT06364,P02,215,350
FACT06364,P10,539,20
FACT06364,P13,481,350
FACT06364,P08,586,65
FACT00725,P14,56,450
FACT00725,P04,57,3500
FACT00725,P16,388,800
FACT00725,P08,125,65
FACT02071,P12,248,70
FACT02071,P05,439,45
FACT02071,P20,539,2900
FACT02071,P11,269,55
FACT03137,P10,241,20
FACT03137,P08,231,65
FACT03137,P19,401,3800
FACT03137,P20,459,2900
FACT06503,P16,10,800
FACT06503,P15,410,650
FACT06503,P12,527,70
FACT06503,P20,415,2900
FACT05698,P08,309,65
FACT05698,P05,375,45
FACT05698,P03,158,8000
FACT05698,P16,176,800
FACT05742,P15,455,650
FACT05742,P10,216,20
FACT05742,P18,371,900
FACT05742,P09,350,18
FACT06919,P01,186,4500
FACT06919,P05,205,45
FACT06919,P14,489,450
FACT06919,P15,268,650
FACT08158,P02,130,350
FACT08158,P04,469,3500
FACT08158,P15,310,650
FACT08158,P12,14,70
FACT00304,P03,185,8000
FACT00304,P04,314,3500
FACT00304,P08,278,65
FACT00304,P19,172,3800
FACT06591,P19,55,3800
FACT06591,P02,74,350
FACT06591,P01,294,4500
FACT06591,P07,542,28
FACT05029,P18,518,900
FACT05029,P16,84,800
FACT05029,P15,393,650
FACT05029,P13,312,350
FACT00435,P19,25,3800
FACT00435,P05,124,45
FACT00435,P03,73,8000
FACT00435,P18,158,900
FACT08193,P02,305,350
FACT08193,P04,140,3500
FACT08193,P14,344,450
FACT08193,P19,257,3800
FACT09078,P14,406,450
FACT09078,P20,480,2900
FACT09078,P16,35,800
FACT09078,P17,248,280
FACT08026,P05,94,45
FACT08026,P16,244,800
FACT08026,P20,275,2900
FACT08026,P01,320,4500
FACT07835,P17,105,280
FACT07835,P10,116,20
FACT07835,P03,333,8000
FACT07835,P19,113,3800
FACT05565,P10,412,20
FACT05565,P04,547,3500
FACT05565,P02,253,350
FACT05565,P19,377,3800
FACT09833,P06,95,30
FACT09833,P14,424,450
FACT09833,P03,469,8000
FACT09833,P16,149,800
FACT06112,P19,285,3800
FACT06112,P09,115,18
FACT06112,P06,59,30
FACT06112,P07,244,28
FACT00420,P05,559,45
FACT00420,P18,351,900
FACT00420,P07,513,28
FACT00420,P14,191,450
FACT05013,P12,388,70
FACT05013,P20,555,2900
FACT05013,P07,40,28
FACT05013,P10,240,20
FACT05810,P08,403,65
FACT05810,P11,497,55
FACT05810,P16,576,800
FACT05810,P05,94,45
FACT06007,P04,269,3500
FACT06007,P20,99,2900
FACT06007,P10,517,20
FACT06007,P07,11,28
FACT03115,P09,30,18
FACT03115,P04,430,3500
FACT03115,P20,458,2900
FACT03115,P13,448,350
FACT03331,P13,9,350
FACT03331,P18,199,900
FACT03331,P02,323,350
FACT03331,P04,84,3500
FACT08543,P13,130,350
FACT08543,P19,320,3800
FACT08543,P03,154,8000
FACT08543,P06,388,30
FACT02848,P15,573,650
FACT02848,P02,517,350
FACT02848,P04,232,3500
FACT02848,P16,124,800
FACT05480,P11,492,55
FACT05480,P04,233,3500
FACT05480,P01,304,4500
FACT05480,P05,149,45
FACT02579,P10,386,20
FACT02579,P19,41,3800
FACT02579,P06,587,30
FACT02579,P14,415,450
FACT03315,P17,569,280
FACT03315,P13,217,350
FACT03315,P04,173,3500
FACT03315,P09,108,18
FACT04014,P06,74,30
FACT04014,P15,445,650
FACT04014,P04,98,3500
FACT04014,P20,499,2900
FACT03629,P04,228,3500
FACT03629,P06,110,30
FACT03629,P20,246,2900
FACT03629,P19,502,3800
FACT05280,P01,193,4500
FACT05280,P07,358,28
FACT05280,P03,349,8000
FACT05280,P09,263,18
FACT00568,P12,129,70
FACT00568,P14,428,450
FACT00568,P05,514,45
FACT00568,P04,17,3500
FACT05080,P10,397,20
FACT05080,P02,562,350
FACT05080,P13,381,350
FACT05080,P19,55,3800
FACT01761,P04,247,3500
FACT01761,P19,176,3800
FACT01761,P17,520,280
FACT01761,P06,484,30
FACT08689,P07,355,28
FACT08689,P20,196,2900
FACT08689,P15,149,650
FACT08689,P12,486,70
FACT01697,P18,329,900
FACT01697,P04,508,3500
FACT01697,P20,489,2900
FACT01697,P10,527,20
FACT08275,P03,302,8000
FACT08275,P02,547,350
FACT08275,P06,461,30
FACT08275,P11,30,55
FACT05992,P12,155,70
FACT05992,P04,46,3500
FACT05992,P15,333,650
FACT05992,P03,552,8000
FACT04775,P16,77,800
FACT04775,P11,15,55
FACT04775,P07,494,28
FACT04775,P15,251,650
FACT00504,P13,213,350
FACT00504,P10,58,20
FACT00504,P15,42,650
FACT00504,P06,446,30
FACT03299,P20,469,2900
FACT03299,P17,273,280
FACT03299,P16,329,800
FACT03299,P01,76,4500
FACT02263,P02,512,350
FACT02263,P08,328,65
FACT02263,P19,133,3800
FACT02263,P14,123,450
FACT02869,P07,463,28
FACT02869,P18,525,900
FACT02869,P13,76,350
FACT02869,P16,195,800
FACT00154,P19,141,3800
FACT00154,P12,335,70
FACT00154,P18,210,900
FACT00154,P20,174,2900
FACT06087,P08,300,65
FACT06087,P02,226,350
FACT06087,P11,157,55
FACT06087,P16,261,800
FACT00437,P02,567,350
FACT00437,P11,365,55
FACT00437,P07,73,28
FACT00437,P05,265,45
FACT04260,P16,255,800
FACT04260,P19,549,3800
FACT04260,P08,537,65
FACT04260,P02,181,350
FACT06320,P10,442,20
FACT06320,P07,471,28
FACT06320,P03,309,8000
FACT06320,P08,493,65
FACT01098,P03,158,8000
FACT01098,P01,523,4500
FACT01098,P02,102,350
FACT01098,P15,520,650
FACT07485,P20,200,2900
FACT07485,P12,406,70
FACT07485,P11,410,55
FACT07485,P15,480,650
FACT06584,P09,539,18
FACT06584,P11,420,55
FACT06584,P01,546,4500
FACT06584,P10,230,20
FACT01073,P02,375,350
FACT01073,P15,225,650
FACT01073,P19,284,3800
FACT01073,P04,89,3500
FACT01810,P06,103,30
FACT01810,P20,138,2900
FACT01810,P04,574,3500
FACT01810,P03,511,8000
FACT06589,P12,551,70
FACT06589,P10,62,20
FACT06589,P05,396,45
FACT06589,P17,543,280
FACT02017,P20,61,2900
FACT02017,P17,183,280
FACT02017,P04,14,3500
FACT02017,P08,13,65
FACT08391,P15,469,650
FACT08391,P08,569,65
FACT08391,P07,65,28
FACT08391,P17,187,280
FACT05461,P05,275,45
FACT05461,P13,13,350
FACT05461,P12,217,70
FACT05461,P01,460,4500
FACT06567,P07,279,28
FACT06567,P06,105,30
FACT06567,P15,100,650
FACT06567,P14,282,450
FACT04756,P19,415,3800
FACT04756,P06,193,30
FACT04756,P11,130,55
FACT04756,P16,474,800
FACT02752,P04,482,3500
FACT02752,P08,481,65
FACT02752,P14,158,450
FACT02752,P18,6,900
FACT02753,P06,478,30
FACT02753,P19,23,3800
FACT02753,P17,276,280
FACT02753,P20,364,2900
FACT06745,P19,565,3800
FACT06745,P14,198,450
FACT06745,P17,511,280
FACT06745,P09,460,18
FACT04969,P20,510,2900
FACT04969,P14,209,450
FACT04969,P13,46,350
FACT04969,P10,104,20
FACT06391,P04,50,3500
FACT06391,P14,513,450
FACT06391,P02,223,350
FACT06391,P07,436,28
FACT09716,P13,86,350
FACT09716,P04,186,3500
FACT09716,P12,366,70
FACT09716,P03,517,8000
FACT07429,P13,36,350
FACT07429,P10,90,20
FACT07429,P14,164,450
FACT07429,P17,260,280
FACT09573,P05,462,45
FACT09573,P03,423,8000
FACT09573,P15,588,650
FACT09573,P06,397,30
FACT03535,P11,545,55
FACT03535,P20,154,2900
FACT03535,P06,340,30
FACT03535,P15,123,650
FACT01301,P03,39,8000
FACT01301,P10,403,20
FACT01301,P17,474,280
FACT01301,P13,360,350
FACT03666,P12,598,70
FACT03666,P13,215,350
FACT03666,P06,381,30
FACT03666,P18,371,900
FACT09113,P14,549,450
FACT09113,P07,96,28
FACT09113,P02,6,350
FACT09113,P01,267,4500
FACT01834,P07,386,28
FACT01834,P10,587,20
FACT01834,P20,99,2900
FACT01834,P08,427,65
FACT04074,P12,11,70
FACT04074,P11,397,55
FACT04074,P07,71,28
FACT04074,P04,562,3500
FACT04148,P11,453,55
FACT04148,P05,89,45
FACT04148,P17,236,280
FACT04148,P18,477,900
FACT08914,P03,238,8000
FACT08914,P05,389,45
FACT08914,P20,224,2900
FACT08914,P07,147,28
FACT05573,P01,379,4500
FACT05573,P02,515,350
FACT05573,P14,410,450
FACT05573,P18,91,900
FACT01585,P02,522,350
FACT01585,P17,121,280
FACT01585,P13,384,350
FACT01585,P19,489,3800
FACT05625,P17,135,280
FACT05625,P08,444,65
FACT05625,P04,330,3500
FACT05625,P20,65,2900
FACT03626,P11,380,55
FACT03626,P07,102,28
FACT03626,P16,586,800
FACT03626,P05,231,45
FACT03683,P04,432,3500
FACT03683,P03,318,8000
FACT03683,P06,599,30
FACT03683,P11,231,55
FACT08234,P13,311,350
FACT08234,P16,265,800
FACT08234,P04,208,3500
FACT08234,P02,68,350
FACT09263,P07,316,28
FACT09263,P04,95,3500
FACT09263,P09,252,18
FACT09263,P06,531,30
FACT09968,P12,516,70
FACT09968,P15,162,650
FACT09968,P01,396,4500
FACT09968,P14,428,450
FACT04463,P16,22,800
FACT04463,P12,462,70
FACT04463,P02,395,350
FACT04463,P04,507,3500
FACT00912,P19,25,3800
FACT00912,P05,78,45
FACT00912,P09,112,18
FACT00912,P08,97,65
FACT02055,P06,453,30
FACT02055,P02,198,350
FACT02055,P11,498,55
FACT02055,P10,113,20
FACT05162,P19,257,3800
FACT05162,P10,476,20
FACT05162,P01,547,4500
FACT05162,P15,95,650
FACT05704,P16,394,800
FACT05704,P17,49,280
FACT05704,P13,468,350
FACT05704,P19,300,3800
FACT09110,P04,533,3500
FACT09110,P13,227,350
FACT09110,P11,145,55
FACT09110,P02,34,350
FACT00892,P04,471,3500
FACT00892,P15,441,650
FACT00892,P09,216,18
FACT00892,P11,265,55
FACT00462,P16,82,800
FACT00462,P19,155,3800
FACT00462,P13,400,350
FACT00462,P20,576,2900
FACT08638,P09,65,18
FACT08638,P07,102,28
FACT08638,P12,525,70
FACT08638,P15,346,650
FACT05037,P03,579,8000
FACT05037,P14,136,450
FACT05037,P18,185,900
FACT05037,P10,164,20
FACT01595,P13,254,350
FACT01595,P14,369,450
FACT01595,P01,16,4500
FACT01595,P11,200,55
FACT07304,P04,434,3500
FACT07304,P09,476,18
FACT07304,P06,528,30
FACT07304,P19,100,3800
FACT09157,P19,397,3800
FACT09157,P04,245,3500
FACT09157,P17,588,280
FACT09157,P10,277,20
FACT04511,P01,271,4500
FACT04511,P11,63,55
FACT04511,P15,403,650
FACT04511,P12,71,70
FACT09633,P03,282,8000
FACT09633,P20,254,2900
FACT09633,P10,11,20
FACT09633,P05,163,45
FACT03779,P11,231,55
FACT03779,P10,101,20
FACT03779,P14,494,450
FACT03779,P16,430,800
FACT00834,P02,285,350
FACT00834,P06,461,30
FACT00834,P03,295,8000
FACT00834,P04,435,3500
FACT02423,P16,580,800
FACT02423,P11,375,55
FACT02423,P13,590,350
FACT02423,P15,169,650
FACT04542,P17,299,280
FACT04542,P15,522,650
FACT04542,P14,193,450
FACT04542,P05,229,45
FACT01983,P13,109,350
FACT01983,P02,318,350
FACT01983,P03,317,8000
FACT01983,P14,218,450
FACT02021,P17,103,280
FACT02021,P16,118,800
FACT02021,P19,230,3800
FACT02021,P10,79,20
FACT00832,P19,63,3800
FACT00832,P18,532,900
FACT00832,P16,526,800
FACT00832,P06,281,30
FACT00648,P18,75,900
FACT00648,P02,60,350
FACT00648,P04,156,3500
FACT00648,P12,154,70
FACT06724,P20,462,2900
FACT06724,P16,388,800
FACT06724,P09,213,18
FACT06724,P13,97,350
FACT06863,P01,175,4500
FACT06863,P16,109,800
FACT06863,P14,436,450
FACT06863,P15,238,650
FACT03618,P11,431,55
FACT03618,P17,220,280
FACT03618,P16,196,800
FACT03618,P13,263,350
FACT04034,P12,463,70
FACT04034,P03,153,8000
FACT04034,P07,124,28
FACT04034,P09,19,18
FACT00815,P19,316,3800
FACT00815,P16,290,800
FACT00815,P05,112,45
FACT00815,P01,192,4500
FACT08040,P02,237,350
FACT08040,P04,506,3500
FACT08040,P05,205,45
FACT08040,P08,90,65
FACT05668,P14,305,450
FACT05668,P13,551,350
FACT05668,P04,572,3500
FACT05668,P02,527,350
FACT00533,P16,125,800
FACT00533,P06,459,30
FACT00533,P04,126,3500
FACT00533,P20,319,2900
FACT08718,P18,288,900
FACT08718,P04,99,3500
FACT08718,P17,572,280
FACT08718,P12,184,70
FACT06395,P01,188,4500
FACT06395,P18,516,900
FACT06395,P13,130,350
FACT06395,P07,78,28
FACT02819,P02,276,350
FACT02819,P16,526,800
FACT02819,P08,224,65
FACT02819,P01,409,4500
FACT05334,P14,539,450
FACT05334,P20,453,2900
FACT05334,P07,495,28
FACT05334,P15,372,650
FACT01502,P19,384,3800
FACT01502,P09,519,18
FACT01502,P12,90,70
FACT01502,P20,347,2900
FACT03691,P06,161,30
FACT03691,P19,486,3800
FACT03691,P12,229,70
FACT03691,P15,394,650
FACT03482,P01,202,4500
FACT03482,P06,465,30
FACT03482,P18,315,900
FACT03482,P14,148,450
FACT07303,P06,95,30
FACT07303,P18,482,900
FACT07303,P05,239,45
FACT07303,P03,394,8000
FACT02032,P13,112,350
FACT02032,P19,403,3800
FACT02032,P15,191,650
FACT02032,P17,535,280
FACT06743,P03,411,8000
FACT06743,P07,524,28
FACT06743,P20,243,2900
FACT06743,P11,17,55
FACT08911,P01,508,4500
FACT08911,P10,191,20
FACT08911,P06,194,30
FACT08911,P16,491,800
FACT08513,P08,440,65
FACT08513,P09,205,18
FACT08513,P03,153,8000
FACT08513,P15,355,650
FACT07273,P11,135,55
FACT07273,P01,525,4500
FACT07273,P02,513,350
FACT07273,P19,527,3800
FACT06748,P03,345,8000
FACT06748,P13,355,350
FACT06748,P10,278,20
FACT06748,P08,404,65
FACT02683,P07,475,28
FACT02683,P11,267,55
FACT02683,P16,410,800
FACT02683,P05,311,45
FACT00643,P14,315,450
FACT00643,P20,581,2900
FACT00643,P18,389,900
FACT00643,P03,292,8000
FACT07244,P08,144,65
FACT07244,P04,127,3500
FACT07244,P13,464,350
FACT07244,P16,409,800
FACT06612,P13,258,350
FACT06612,P04,471,3500
FACT06612,P20,219,2900
FACT06612,P07,401,28
FACT04548,P05,533,45
FACT04548,P18,437,900
FACT04548,P08,228,65
FACT04548,P10,71,20
FACT01171,P03,295,8000
FACT01171,P05,209,45
FACT01171,P13,264,350
FACT01171,P02,203,350
FACT01282,P08,272,65
FACT01282,P09,347,18
FACT01282,P18,584,900
FACT01282,P04,64,3500
FACT01605,P08,345,65
FACT01605,P05,203,45
FACT01605,P02,439,350
FACT01605,P17,276,280
FACT01521,P07,485,28
FACT01521,P12,238,70
FACT01521,P14,472,450
FACT01521,P09,252,18
FACT01880,P01,481,4500
FACT01880,P19,140,3800
FACT01880,P11,144,55
FACT01880,P13,74,350
FACT06167,P10,237,20
FACT06167,P03,331,8000
FACT06167,P18,97,900
FACT06167,P06,29,30
FACT07615,P11,40,55
FACT07615,P15,194,650
FACT07615,P18,434,900
FACT07615,P14,276,450
FACT09753,P18,50,900
FACT09753,P13,445,350
FACT09753,P01,312,4500
FACT09753,P08,276,65
FACT05164,P18,149,900
FACT05164,P04,445,3500
FACT05164,P08,188,65
FACT05164,P13,443,350
FACT03608,P18,489,900
FACT03608,P09,443,18
FACT03608,P13,117,350
FACT03608,P19,56,3800
FACT03220,P10,290,20
FACT03220,P02,144,350
FACT03220,P07,256,28
FACT03220,P15,584,650
FACT07668,P05,363,45
FACT07668,P17,504,280
FACT07668,P19,555,3800
FACT07668,P12,346,70
FACT09692,P18,373,900
FACT09692,P06,498,30
FACT09692,P13,565,350
FACT09692,P14,449,450
FACT00288,P04,161,3500
FACT00288,P20,364,2900
FACT00288,P08,18,65
FACT00288,P16,79,800
FACT08162,P06,590,30
FACT08162,P09,210,18
FACT08162,P04,123,3500
FACT08162,P18,395,900
FACT05866,P08,46,65
FACT05866,P11,476,55
FACT05866,P18,305,900
FACT05866,P05,111,45
FACT06604,P09,360,18
FACT06604,P02,121,350
FACT06604,P15,364,650
FACT06604,P04,75,3500
FACT09059,P17,387,280
FACT09059,P13,534,350
FACT09059,P12,575,70
FACT09059,P04,533,3500
FACT04682,P04,405,3500
FACT04682,P07,59,28
FACT04682,P12,593,70
FACT04682,P20,518,2900
FACT02913,P13,365,350
FACT02913,P03,344,8000
FACT02913,P02,200,350
FACT02913,P07,376,28
FACT05846,P20,542,2900
FACT05846,P13,306,350
FACT05846,P01,79,4500
FACT05846,P10,523,20
FACT05310,P15,528,650
FACT05310,P04,509,3500
FACT05310,P08,350,65
FACT05310,P11,203,55
FACT07722,P11,297,55
FACT07722,P13,94,350
FACT07722,P12,23,70
FACT07722,P06,81,30
FACT00819,P01,32,4500
FACT00819,P19,187,3800
FACT00819,P15,152,650
FACT00819,P10,587,20
FACT09681,P12,475,70
FACT09681,P15,6,650
FACT09681,P07,591,28
FACT09681,P17,472,280
FACT08149,P03,385,8000
FACT08149,P17,226,280
FACT08149,P01,423,4500
FACT08149,P19,353,3800
FACT00180,P07,108,28
FACT00180,P10,25,20
FACT00180,P14,354,450
FACT00180,P18,345,900
FACT03787,P20,367,2900
FACT03787,P01,550,4500
FACT03787,P07,513,28
FACT03787,P09,86,18
FACT05943,P10,161,20
FACT05943,P02,249,350
FACT05943,P03,209,8000
FACT05943,P18,14,900
FACT00390,P20,546,2900
FACT00390,P05,311,45
FACT00390,P15,86,650
FACT00390,P08,50,65
FACT02245,P10,42,20
FACT02245,P04,292,3500
FACT02245,P01,472,4500
FACT02245,P03,348,8000
FACT06843,P02,578,350
FACT06843,P10,410,20
FACT06843,P20,525,2900
FACT06843,P12,395,70
FACT03605,P07,573,28
FACT03605,P13,417,350
FACT03605,P08,196,65
FACT03605,P03,586,8000
FACT07037,P07,389,28
FACT07037,P02,136,350
FACT07037,P06,73,30
FACT07037,P04,502,3500
FACT00524,P16,597,800
FACT00524,P18,145,900
FACT00524,P13,248,350
FACT00524,P12,450,70
FACT01872,P14,241,450
FACT01872,P09,201,18
FACT01872,P17,305,280
FACT01872,P06,123,30
FACT00030,P05,95,45
FACT00030,P04,353,3500
FACT00030,P15,134,650
FACT00030,P13,79,350
FACT07211,P15,413,650
FACT07211,P11,12,55
FACT07211,P10,91,20
FACT07211,P13,278,350
FACT03923,P01,147,4500
FACT03923,P02,476,350
FACT03923,P11,153,55
FACT03923,P04,99,3500
FACT01954,P19,190,3800
FACT01954,P07,332,28
FACT01954,P01,570,4500
FACT01954,P09,303,18
FACT05053,P08,323,65
FACT05053,P18,365,900
FACT05053,P13,467,350
FACT05053,P15,567,650
FACT01067,P14,250,450
FACT01067,P18,144,900
FACT01067,P07,369,28
FACT01067,P17,266,280
FACT06626,P09,500,18
FACT06626,P13,120,350
FACT06626,P06,100,30
FACT06626,P07,569,28
FACT01425,P20,66,2900
FACT01425,P02,574,350
FACT01425,P10,196,20
FACT01425,P11,93,55
FACT02979,P10,30,20
FACT02979,P19,121,3800
FACT02979,P03,89,8000
FACT02979,P08,101,65
FACT08564,P07,262,28
FACT08564,P05,121,45
FACT08564,P08,253,65
FACT08564,P10,316,20
FACT03295,P15,553,650
FACT03295,P19,189,3800
FACT03295,P11,430,55
FACT03295,P06,539,30
FACT01298,P10,105,20
FACT01298,P09,526,18
FACT01298,P20,509,2900
FACT01298,P18,11,900
FACT04649,P17,33,280
FACT04649,P10,81,20
FACT04649,P11,562,55
FACT04649,P09,160,18
FACT03613,P01,557,4500
FACT03613,P11,31,55
FACT03613,P09,271,18
FACT03613,P16,454,800
FACT01666,P16,260,800
FACT01666,P13,366,350
FACT01666,P02,160,350
FACT01666,P18,409,900
FACT05650,P12,387,70
FACT05650,P13,109,350
FACT05650,P10,174,20
FACT05650,P04,131,3500
FACT01921,P02,279,350
FACT01921,P11,576,55
FACT01921,P04,49,3500
FACT01921,P09,97,18
FACT09011,P14,570,450
FACT09011,P04,351,3500
FACT09011,P03,255,8000
FACT09011,P20,74,2900
FACT00746,P04,496,3500
FACT00746,P10,380,20
FACT00746,P05,374,45
FACT00746,P14,317,450
FACT03792,P08,75,65
FACT03792,P16,576,800
FACT03792,P04,110,3500
FACT03792,P15,505,650
FACT09907,P11,451,55
FACT09907,P03,243,8000
FACT09907,P06,246,30
FACT09907,P01,537,4500
FACT04398,P03,188,8000
FACT04398,P19,179,3800
FACT04398,P09,281,18
FACT04398,P07,229,28
FACT00737,P20,130,2900
FACT00737,P01,24,4500
FACT00737,P03,30,8000
FACT00737,P14,320,450
FACT07650,P15,319,650
FACT07650,P08,367,65
FACT07650,P17,113,280
FACT07650,P19,593,3800
FACT04154,P13,515,350
FACT04154,P19,258,3800
FACT04154,P18,544,900
FACT04154,P09,31,18
FACT06433,P02,543,350
FACT06433,P01,519,4500
FACT06433,P07,194,28
FACT06433,P10,369,20
FACT00056,P20,499,2900
FACT00056,P19,152,3800
FACT00056,P07,96,28
FACT00056,P05,121,45
FACT01303,P04,257,3500
FACT01303,P16,136,800
FACT01303,P11,45,55
FACT01303,P18,442,900
FACT00991,P17,584,280
FACT00991,P14,205,450
FACT00991,P10,546,20
FACT00991,P15,434,650
FACT09095,P20,502,2900
FACT09095,P16,329,800
FACT09095,P11,311,55
FACT09095,P02,88,350
FACT07624,P06,243,30
FACT07624,P19,489,3800
FACT07624,P09,32,18
FACT07624,P05,326,45
FACT09317,P18,28,900
FACT09317,P05,348,45
FACT09317,P20,573,2900
FACT09317,P09,503,18
FACT09580,P01,581,4500
FACT09580,P06,335,30
FACT09580,P18,310,900
FACT09580,P07,511,28
FACT08664,P03,520,8000
FACT08664,P20,515,2900
FACT08664,P06,312,30
FACT08664,P11,255,55
FACT00758,P13,160,350
FACT00758,P02,69,350
FACT00758,P18,130,900
FACT00758,P01,443,4500
FACT00269,P04,107,3500
FACT00269,P07,457,28
FACT00269,P11,11,55
FACT00269,P19,219,3800
FACT03444,P14,265,450
FACT03444,P05,555,45
FACT03444,P19,162,3800
FACT03444,P13,209,350
FACT08180,P09,218,18
FACT08180,P16,396,800
FACT08180,P19,191,3800
FACT08180,P14,55,450
FACT03239,P05,434,45
FACT03239,P08,502,65
FACT03239,P06,295,30
FACT03239,P15,322,650
FACT04865,P07,585,28
FACT04865,P05,9,45
FACT04865,P18,321,900
FACT04865,P19,370,3800
FACT00053,P05,185,45
FACT00053,P18,321,900
FACT00053,P03,284,8000
FACT00053,P17,494,280
FACT01225,P16,116,800
FACT01225,P15,382,650
FACT01225,P12,159,70
FACT01225,P17,161,280
FACT01939,P08,205,65
FACT01939,P03,46,8000
FACT01939,P10,230,20
FACT01939,P15,519,650
FACT07906,P04,147,3500
FACT07906,P08,392,65
FACT07906,P13,328,350
FACT07906,P02,548,350
FACT05035,P10,435,20
FACT05035,P09,202,18
FACT05035,P01,311,4500
FACT05035,P02,446,350
FACT05779,P13,536,350
FACT05779,P02,566,350
FACT05779,P10,106,20
FACT05779,P09,425,18
FACT03530,P20,465,2900
FACT03530,P04,269,3500
FACT03530,P17,31,280
FACT03530,P09,477,18
FACT01239,P17,240,280
FACT01239,P03,517,8000
FACT01239,P09,98,18
FACT01239,P19,460,3800
FACT05976,P20,377,2900
FACT05976,P13,318,350
FACT05976,P15,293,650
FACT05976,P09,210,18
FACT04512,P12,315,70
FACT04512,P11,501,55
FACT04512,P05,589,45
FACT04512,P20,305,2900
FACT00942,P02,282,350
FACT00942,P01,356,4500
FACT00942,P14,462,450
FACT00942,P11,306,55
FACT00970,P01,68,4500
FACT00970,P04,504,3500
FACT00970,P13,265,350
FACT00970,P19,66,3800
FACT08248,P19,286,3800
FACT08248,P02,249,350
FACT08248,P13,137,350
FACT08248,P08,261,65
FACT09314,P09,270,18
FACT09314,P07,442,28
FACT09314,P06,268,30
FACT09314,P10,128,20
FACT02678,P18,204,900
FACT02678,P14,519,450
FACT02678,P09,413,18
FACT02678,P12,197,70
FACT08459,P16,69,800
FACT08459,P11,318,55
FACT08459,P14,593,450
FACT08459,P20,86,2900
FACT07673,P14,163,450
FACT07673,P05,249,45
FACT07673,P09,193,18
FACT07673,P03,334,8000
FACT02209,P08,559,65
FACT02209,P05,201,45
FACT02209,P20,576,2900
FACT02209,P10,268,20
FACT08292,P14,483,450
FACT08292,P10,131,20
FACT08292,P13,452,350
FACT08292,P18,377,900
FACT07822,P20,586,2900
FACT07822,P07,110,28
FACT07822,P08,56,65
FACT07822,P02,372,350
FACT02041,P04,26,3500
FACT02041,P11,259,55
FACT02041,P08,355,65
FACT02041,P03,491,8000
FACT02400,P04,20,3500
FACT02400,P16,380,800
FACT02400,P15,573,650
FACT02400,P08,385,65
FACT02307,P17,551,280
FACT02307,P04,530,3500
FACT02307,P15,171,650
FACT02307,P01,590,4500
FACT01897,P12,298,70
FACT01897,P02,398,350
FACT01897,P09,98,18
FACT01897,P01,25,4500
FACT07932,P18,498,900
FACT07932,P01,63,4500
FACT07932,P12,511,70
FACT07932,P20,191,2900
FACT00865,P08,584,65
FACT00865,P17,368,280
FACT00865,P02,200,350
FACT00865,P10,276,20
FACT07546,P15,349,650
FACT07546,P01,132,4500
FACT07546,P12,323,70
FACT07546,P11,83,55
FACT09538,P14,454,450
FACT09538,P08,261,65
FACT09538,P18,186,900
FACT09538,P09,423,18
FACT01793,P05,286,45
FACT01793,P10,538,20
FACT01793,P04,253,3500
FACT01793,P15,266,650
FACT08719,P08,222,65
FACT08719,P14,194,450
FACT08719,P15,112,650
FACT08719,P13,395,350
FACT02664,P07,324,28
FACT02664,P02,370,350
FACT02664,P08,312,65
FACT02664,P10,60,20
FACT07445,P14,25,450
FACT07445,P01,290,4500
FACT07445,P02,31,350
FACT07445,P17,481,280
FACT09651,P13,366,350
FACT09651,P02,266,350
FACT09651,P20,6,2900
FACT09651,P06,88,30
FACT05560,P12,211,70
FACT05560,P04,524,3500
FACT05560,P06,419,30
FACT05560,P01,235,4500
FACT00337,P12,503,70
FACT00337,P04,259,3500
FACT00337,P05,269,45
FACT00337,P19,403,3800
FACT06095,P13,13,350
FACT06095,P15,510,650
FACT06095,P02,392,350
FACT06095,P11,149,55
FACT05309,P01,124,4500
FACT05309,P14,526,450
FACT05309,P05,380,45
FACT05309,P02,286,350
FACT05097,P19,319,3800
FACT05097,P02,277,350
FACT05097,P10,489,20
FACT05097,P13,471,350
FACT07512,P03,506,8000
FACT07512,P11,168,55
FACT07512,P18,397,900
FACT07512,P16,50,800
FACT07328,P09,516,18
FACT07328,P03,340,8000
FACT07328,P08,491,65
FACT07328,P06,60,30
FACT04182,P09,132,18
FACT04182,P06,267,30
FACT04182,P10,162,20
FACT04182,P15,532,650
FACT00683,P06,435,30
FACT00683,P01,449,4500
FACT00683,P04,596,3500
FACT00683,P16,488,800
FACT07018,P15,200,650
FACT07018,P17,517,280
FACT07018,P19,283,3800
FACT07018,P08,436,65
FACT07677,P09,207,18
FACT07677,P20,279,2900
FACT07677,P19,160,3800
FACT07677,P08,404,65
FACT06376,P05,224,45
FACT06376,P07,240,28
FACT06376,P04,343,3500
FACT06376,P14,480,450
FACT05325,P13,369,350
FACT05325,P06,436,30
FACT05325,P08,468,65
FACT05325,P01,167,4500
FACT02739,P19,236,3800
FACT02739,P16,237,800
FACT02739,P11,588,55
FACT02739,P03,423,8000
FACT03957,P17,422,280
FACT03957,P19,60,3800
FACT03957,P18,512,900
FACT03957,P11,109,55
FACT04466,P07,544,28
FACT04466,P15,511,650
FACT04466,P01,24,4500
FACT04466,P11,322,55
FACT07020,P08,391,65
FACT07020,P11,592,55
FACT07020,P12,302,70
FACT07020,P09,308,18
FACT09694,P08,310,65
FACT09694,P10,261,20
FACT09694,P04,481,3500
FACT09694,P01,457,4500
FACT02588,P04,451,3500
FACT02588,P03,247,8000
FACT02588,P16,579,800
FACT02588,P17,585,280
FACT09069,P06,486,30
FACT09069,P03,32,8000
FACT09069,P07,25,28
FACT09069,P08,89,65
FACT05245,P07,55,28
FACT05245,P10,586,20
FACT05245,P16,136,800
FACT05245,P08,416,65
FACT03643,P12,64,70
FACT03643,P04,482,3500
FACT03643,P11,494,55
FACT03643,P08,333,65
FACT08412,P18,518,900
FACT08412,P03,86,8000
FACT08412,P07,362,28
FACT08412,P13,225,350
FACT03948,P04,445,3500
FACT03948,P07,503,28
FACT03948,P18,500,900
FACT03948,P16,423,800
FACT03406,P11,200,55
FACT03406,P13,591,350
FACT03406,P20,251,2900
FACT03406,P18,327,900
FACT09448,P02,175,350
FACT09448,P09,431,18
FACT09448,P18,56,900
FACT09448,P14,571,450
FACT09498,P02,17,350
FACT09498,P11,382,55
FACT09498,P15,303,650
FACT09498,P06,229,30
FACT09465,P03,481,8000
FACT09465,P17,433,280
FACT09465,P06,316,30
FACT09465,P09,365,18
FACT06053,P04,550,3500
FACT06053,P18,316,900
FACT06053,P05,224,45
FACT06053,P15,557,650
FACT02629,P20,487,2900
FACT02629,P10,125,20
FACT02629,P15,338,650
FACT02629,P03,219,8000
FACT02266,P13,98,350
FACT02266,P02,200,350
FACT02266,P11,320,55
FACT02266,P10,340,20
FACT06430,P04,368,3500
FACT06430,P03,418,8000
FACT06430,P16,495,800
FACT06430,P02,520,350
FACT00606,P04,16,3500
FACT00606,P01,487,4500
FACT00606,P13,472,350
FACT00606,P08,6,65
FACT09103,P06,241,30
FACT09103,P03,39,8000
FACT09103,P09,435,18
FACT09103,P01,475,4500
FACT00787,P07,574,28
FACT00787,P09,338,18
FACT00787,P15,198,650
FACT00787,P14,261,450
FACT07586,P12,237,70
FACT07586,P05,245,45
FACT07586,P13,548,350
FACT07586,P04,583,3500
FACT06630,P04,48,3500
FACT06630,P20,186,2900
FACT06630,P13,316,350
FACT06630,P12,270,70
FACT08734,P13,298,350
FACT08734,P04,218,3500
FACT08734,P12,395,70
FACT08734,P17,92,280
FACT06021,P05,380,45
FACT06021,P18,185,900
FACT06021,P03,200,8000
FACT06021,P08,29,65
FACT00960,P08,78,65
FACT00960,P11,202,55
FACT00960,P09,390,18
FACT00960,P03,105,8000
FACT03098,P08,54,65
FACT03098,P06,418,30
FACT03098,P16,298,800
FACT03098,P11,379,55
FACT03892,P01,21,4500
FACT03892,P09,564,18
FACT03892,P19,251,3800
FACT03892,P05,145,45
FACT03908,P17,233,280
FACT03908,P12,382,70
FACT03908,P10,385,20
FACT03908,P19,98,3800
FACT05877,P13,91,350
FACT05877,P04,95,3500
FACT05877,P17,530,280
FACT05877,P06,205,30
FACT07092,P16,166,800
FACT07092,P14,162,450
FACT07092,P18,275,900
FACT07092,P11,600,55
FACT06909,P10,565,20
FACT06909,P12,271,70
FACT06909,P07,17,28
FACT06909,P13,514,350
FACT07779,P01,385,4500
FACT07779,P11,187,55
FACT07779,P05,157,45
FACT07779,P03,291,8000
FACT01714,P20,65,2900
FACT01714,P04,352,3500
FACT01714,P02,549,350
FACT01714,P13,191,350
FACT00674,P20,456,2900
FACT00674,P18,256,900
FACT00674,P19,78,3800
FACT00674,P03,457,8000
FACT07841,P01,251,4500
FACT07841,P16,256,800
FACT07841,P09,577,18
FACT07841,P02,333,350
FACT07558,P17,159,280
FACT07558,P11,552,55
FACT07558,P14,55,450
FACT07558,P13,462,350
FACT04283,P04,500,3500
FACT04283,P15,537,650
FACT04283,P16,174,800
FACT04283,P11,551,55
FACT00013,P12,44,70
FACT00013,P11,294,55
FACT00013,P02,592,350
FACT00013,P08,415,65
FACT00036,P10,309,20
FACT00036,P03,281,8000
FACT00036,P19,479,3800
FACT00036,P15,512,650
FACT03671,P11,87,55
FACT03671,P04,571,3500
FACT03671,P14,136,450
FACT03671,P06,33,30
FACT08240,P04,539,3500
FACT08240,P08,176,65
FACT08240,P15,478,650
FACT08240,P03,512,8000
FACT09020,P19,444,3800
FACT09020,P13,569,350
FACT09020,P08,130,65
FACT09020,P02,25,350
FACT09160,P08,246,65
FACT09160,P15,41,650
FACT09160,P10,108,20
FACT09160,P17,313,280
FACT05491,P03,228,8000
FACT05491,P07,271,28
FACT05491,P14,541,450
FACT05491,P08,524,65
FACT06726,P05,436,45
FACT06726,P18,341,900
FACT06726,P15,487,650
FACT06726,P04,19,3500
FACT04993,P05,118,45
FACT04993,P19,475,3800
FACT04993,P12,60,70
FACT04993,P13,593,350
FACT02689,P15,417,650
FACT02689,P07,139,28
FACT02689,P19,16,3800
FACT02689,P04,339,3500
FACT05196,P19,77,3800
FACT05196,P17,449,280
FACT05196,P01,132,4500
FACT05196,P18,31,900
FACT09071,P07,252,28
FACT09071,P03,77,8000
FACT09071,P14,497,450
FACT09071,P04,418,3500
FACT03211,P13,501,350
FACT03211,P20,585,2900
FACT03211,P08,490,65
FACT03211,P03,410,8000
FACT01659,P08,297,65
FACT01659,P03,216,8000
FACT01659,P15,115,650
FACT01659,P13,411,350
FACT03260,P11,436,55
FACT03260,P13,140,350
FACT03260,P02,465,350
FACT03260,P18,591,900
FACT01238,P06,329,30
FACT01238,P09,485,18
FACT01238,P17,142,280
FACT01238,P15,33,650
FACT07177,P13,33,350
FACT07177,P03,103,8000
FACT07177,P17,322,280
FACT07177,P18,418,900
FACT06877,P19,52,3800
FACT06877,P18,305,900
FACT06877,P20,227,2900
FACT06877,P05,520,45
FACT06829,P09,373,18
FACT06829,P05,327,45
FACT06829,P16,452,800
FACT06829,P07,105,28
FACT05847,P11,238,55
FACT05847,P02,110,350
FACT05847,P03,105,8000
FACT05847,P16,596,800
FACT00095,P20,503,2900
FACT00095,P03,31,8000
FACT00095,P04,483,3500
FACT00095,P05,180,45
FACT06794,P07,306,28
FACT06794,P05,296,45
FACT06794,P08,298,65
FACT06794,P19,319,3800
FACT04371,P13,399,350
FACT04371,P04,166,3500
FACT04371,P14,530,450
FACT04371,P08,311,65
FACT05842,P03,277,8000
FACT05842,P14,394,450
FACT05842,P11,349,55
FACT05842,P13,289,350
FACT07982,P08,72,65
FACT07982,P04,107,3500
FACT07982,P12,479,70
FACT07982,P20,517,2900
FACT01015,P03,590,8000
FACT01015,P02,394,350
FACT01015,P17,379,280
FACT01015,P07,327,28
FACT09562,P16,232,800
FACT09562,P11,429,55
FACT09562,P05,134,45
FACT09562,P14,333,450
FACT05174,P07,26,28
FACT05174,P20,276,2900
FACT05174,P12,217,70
FACT05174,P04,126,3500
FACT03751,P17,90,280
FACT03751,P20,437,2900
FACT03751,P05,97,45
FACT03751,P14,592,450
FACT06092,P16,465,800
FACT06092,P09,501,18
FACT06092,P20,339,2900
FACT06092,P01,461,4500
FACT01279,P07,450,28
FACT01279,P06,70,30
FACT01279,P08,405,65
FACT01279,P12,389,70
FACT07871,P11,26,55
FACT07871,P08,203,65
FACT07871,P01,561,4500
FACT07871,P20,150,2900
FACT02747,P02,420,350
FACT02747,P07,58,28
FACT02747,P20,549,2900
FACT02747,P19,338,3800
FACT07773,P12,507,70
FACT07773,P01,19,4500
FACT07773,P13,556,350
FACT07773,P20,408,2900
FACT03155,P18,460,900
FACT03155,P20,560,2900
FACT03155,P09,499,18
FACT03155,P06,573,30
FACT07291,P15,402,650
FACT07291,P03,519,8000
FACT07291,P17,128,280
FACT07291,P18,283,900
FACT07320,P11,68,55
FACT07320,P19,428,3800
FACT07320,P18,193,900
FACT07320,P16,157,800
FACT00434,P10,142,20
FACT00434,P08,70,65
FACT00434,P17,243,280
FACT00434,P15,47,650
FACT08464,P09,176,18
FACT08464,P18,588,900
FACT08464,P13,399,350
FACT08464,P14,353,450
FACT01597,P01,31,4500
FACT01597,P04,418,3500
FACT01597,P18,175,900
FACT01597,P11,297,55
FACT09237,P07,224,28
FACT09237,P10,293,20
FACT09237,P13,276,350
FACT09237,P09,550,18
FACT00427,P17,413,280
FACT00427,P02,226,350
FACT00427,P04,416,3500
FACT00427,P06,234,30
FACT02586,P20,213,2900
FACT02586,P14,19,450
FACT02586,P15,482,650
FACT02586,P17,587,280
FACT00751,P17,583,280
FACT00751,P19,317,3800
FACT00751,P13,134,350
FACT00751,P07,489,28
FACT02236,P08,135,65
FACT02236,P03,150,8000
FACT02236,P11,488,55
FACT02236,P18,446,900
FACT07985,P10,75,20
FACT07985,P08,427,65
FACT07985,P19,235,3800
FACT07985,P09,174,18
FACT08437,P07,114,28
FACT08437,P06,592,30
FACT08437,P12,309,70
FACT08437,P19,129,3800
FACT00092,P12,470,70
FACT00092,P07,157,28
FACT00092,P18,451,900
FACT00092,P04,118,3500
FACT05377,P16,247,800
FACT05377,P04,193,3500
FACT05377,P17,59,280
FACT05377,P08,503,65
FACT08872,P13,202,350
FACT08872,P06,284,30
FACT08872,P10,353,20
FACT08872,P07,158,28
FACT05743,P18,355,900
FACT05743,P01,501,4500
FACT05743,P20,177,2900
FACT05743,P16,233,800
FACT09019,P03,237,8000
FACT09019,P05,327,45
FACT09019,P06,263,30
FACT09019,P07,249,28
FACT03257,P19,53,3800
FACT03257,P16,316,800
FACT03257,P12,183,70
FACT03257,P08,162,65
FACT08440,P05,72,45
FACT08440,P09,199,18
FACT08440,P20,311,2900
FACT08440,P07,160,28
FACT07914,P02,132,350
FACT07914,P20,308,2900
FACT07914,P06,303,30
FACT07914,P19,435,3800
FACT06646,P16,344,800
FACT06646,P08,520,65
FACT06646,P14,259,450
FACT06646,P19,9,3800
FACT09271,P11,285,55
FACT09271,P18,383,900
FACT09271,P15,9,650
FACT09271,P08,431,65
FACT03475,P08,348,65
FACT03475,P12,283,70
FACT03475,P09,176,18
FACT03475,P13,201,350
FACT03172,P17,412,280
FACT03172,P06,364,30
FACT03172,P19,13,3800
FACT03172,P05,490,45
FACT08325,P19,44,3800
FACT08325,P07,230,28
FACT08325,P06,434,30
FACT08325,P14,598,450
FACT08140,P10,256,20
FACT08140,P02,459,350
FACT08140,P14,557,450
FACT08140,P05,596,45
FACT00114,P06,414,30
FACT00114,P11,584,55
FACT00114,P07,263,28
FACT00114,P13,496,350
FACT01513,P07,420,28
FACT01513,P03,350,8000
FACT01513,P15,107,650
FACT01513,P17,582,280
FACT03902,P10,520,20
FACT03902,P05,533,45
FACT03902,P01,173,4500
FACT03902,P12,340,70
FACT04368,P04,82,3500
FACT04368,P07,46,28
FACT04368,P02,564,350
FACT04368,P13,332,350
FACT04600,P13,358,350
FACT04600,P04,334,3500
FACT04600,P02,426,350
FACT04600,P20,296,2900
FACT07034,P11,590,55
FACT07034,P08,516,65
FACT07034,P12,478,70
FACT07034,P18,45,900
FACT08650,P15,363,650
FACT08650,P01,128,4500
FACT08650,P04,153,3500
FACT08650,P02,468,350
FACT01594,P18,258,900
FACT01594,P20,338,2900
FACT01594,P02,388,350
FACT01594,P14,248,450
FACT01332,P05,508,45
FACT01332,P09,138,18
FACT01332,P15,559,650
FACT01332,P01,377,4500
FACT08786,P10,456,20
FACT08786,P02,590,350
FACT08786,P01,465,4500
FACT08786,P05,196,45
FACT09225,P16,102,800
FACT09225,P06,222,30
FACT09225,P05,544,45
FACT09225,P03,418,8000
FACT03472,P15,564,650
FACT03472,P06,466,30
FACT03472,P02,569,350
FACT03472,P13,384,350
FACT04073,P06,460,30
FACT04073,P08,478,65
FACT04073,P18,579,900
FACT04073,P14,248,450
FACT06336,P06,322,30
FACT06336,P02,382,350
FACT06336,P16,246,800
FACT06336,P12,579,70
FACT02918,P03,516,8000
FACT02918,P04,11,3500
FACT02918,P18,93,900
FACT02918,P16,521,800
FACT05400,P18,541,900
FACT05400,P09,255,18
FACT05400,P14,150,450
FACT05400,P10,482,20
FACT08332,P16,222,800
FACT08332,P09,200,18
FACT08332,P15,573,650
FACT08332,P11,116,55
FACT05729,P04,124,3500
FACT05729,P02,523,350
FACT05729,P10,149,20
FACT05729,P06,555,30
FACT01889,P10,241,20
FACT01889,P17,72,280
FACT01889,P05,138,45
FACT01889,P19,51,3800
FACT09471,P04,575,3500
FACT09471,P07,481,28
FACT09471,P10,289,20
FACT09471,P13,529,350
FACT03103,P14,478,450
FACT03103,P03,291,8000
FACT03103,P18,351,900
FACT03103,P20,39,2900
FACT06762,P14,491,450
FACT06762,P11,133,55
FACT06762,P16,380,800
FACT06762,P20,275,2900
FACT09260,P02,561,350
FACT09260,P07,344,28
FACT09260,P20,416,2900
FACT09260,P10,288,20
FACT06886,P19,189,3800
FACT06886,P18,31,900
FACT06886,P03,482,8000
FACT06886,P16,54,800
FACT04599,P04,234,3500
FACT04599,P14,235,450
FACT04599,P11,69,55
FACT04599,P20,492,2900
FACT04480,P14,197,450
FACT04480,P11,53,55
FACT04480,P20,340,2900
FACT04480,P01,449,4500
FACT06168,P02,117,350
FACT06168,P06,519,30
FACT06168,P14,524,450
FACT06168,P03,85,8000
FACT00852,P14,193,450
FACT00852,P18,135,900
FACT00852,P03,109,8000
FACT00852,P10,503,20
FACT05336,P10,44,20
FACT05336,P15,194,650
FACT05336,P13,66,350
FACT05336,P08,167,65
FACT05693,P06,118,30
FACT05693,P11,368,55
FACT05693,P20,480,2900
FACT05693,P01,570,4500
FACT08746,P06,527,30
FACT08746,P16,143,800
FACT08746,P04,587,3500
FACT08746,P18,263,900
FACT07054,P01,226,4500
FACT07054,P19,12,3800
FACT07054,P02,362,350
FACT07054,P20,411,2900
FACT03212,P03,63,8000
FACT03212,P10,359,20
FACT03212,P06,491,30
FACT03212,P13,361,350
FACT06946,P05,414,45
FACT06946,P18,251,900
FACT06946,P06,242,30
FACT06946,P19,549,3800
FACT02524,P03,82,8000
FACT02524,P09,552,18
FACT02524,P04,536,3500
FACT02524,P10,342,20
FACT09424,P04,484,3500
FACT09424,P03,531,8000
FACT09424,P11,148,55
FACT09424,P15,194,650
FACT07325,P18,52,900
FACT07325,P06,477,30
FACT07325,P15,142,650
FACT07325,P03,457,8000
FACT00152,P07,536,28
FACT00152,P16,239,800
FACT00152,P01,446,4500
FACT00152,P20,325,2900
FACT01833,P06,306,30
FACT01833,P20,461,2900
FACT01833,P15,46,650
FACT01833,P04,29,3500
FACT00928,P07,516,28
FACT00928,P03,191,8000
FACT00928,P19,493,3800
FACT00928,P11,171,55
FACT01535,P18,224,900
FACT01535,P01,449,4500
FACT01535,P16,250,800
FACT01535,P19,375,3800
FACT00806,P13,498,350
FACT00806,P09,152,18
FACT00806,P03,131,8000
FACT00806,P05,354,45
FACT00241,P01,549,4500
FACT00241,P18,24,900
FACT00241,P05,572,45
FACT00241,P16,211,800
FACT02304,P15,287,650
FACT02304,P20,484,2900
FACT02304,P16,51,800
FACT02304,P17,170,280
FACT00738,P19,453,3800
FACT00738,P15,249,650
FACT00738,P07,387,28
FACT00738,P18,283,900
FACT08174,P12,577,70
FACT08174,P08,517,65
FACT08174,P06,242,30
FACT08174,P07,65,28
FACT07934,P18,600,900
FACT07934,P11,188,55
FACT07934,P08,50,65
FACT07934,P07,529,28
FACT02790,P09,441,18
FACT02790,P11,578,55
FACT02790,P06,365,30
FACT02790,P13,522,350
FACT03821,P15,541,650
FACT03821,P02,576,350
FACT03821,P20,467,2900
FACT03821,P06,417,30
FACT09839,P16,75,800
FACT09839,P06,236,30
FACT09839,P18,76,900
FACT09839,P01,148,4500
FACT07423,P14,315,450
FACT07423,P13,411,350
FACT07423,P12,113,70
FACT07423,P01,49,4500
FACT02014,P03,108,8000
FACT02014,P10,379,20
FACT02014,P02,57,350
FACT02014,P05,23,45
FACT02361,P06,276,30
FACT02361,P05,528,45
FACT02361,P03,507,8000
FACT02361,P15,181,650
FACT09534,P11,78,55
FACT09534,P03,252,8000
FACT09534,P17,442,280
FACT09534,P19,553,3800
FACT04173,P11,183,55
FACT04173,P17,158,280
FACT04173,P10,218,20
FACT04173,P15,402,650
FACT08100,P05,409,45
FACT08100,P11,461,55
FACT08100,P02,473,350
FACT08100,P04,502,3500
FACT05252,P12,234,70
FACT05252,P19,87,3800
FACT05252,P18,95,900
FACT05252,P15,250,650
FACT05850,P15,574,650
FACT05850,P20,171,2900
FACT05850,P06,74,30
FACT05850,P17,564,280
FACT08686,P07,81,28
FACT08686,P05,263,45
FACT08686,P01,441,4500
FACT08686,P04,486,3500
FACT09410,P17,224,280
FACT09410,P01,20,4500
FACT09410,P14,283,450
FACT09410,P02,542,350
FACT06941,P11,552,55
FACT06941,P18,551,900
FACT06941,P20,322,2900
FACT06941,P04,403,3500
FACT01908,P04,84,3500
FACT01908,P01,285,4500
FACT01908,P16,61,800
FACT01908,P14,525,450
FACT04369,P06,278,30
FACT04369,P10,502,20
FACT04369,P14,299,450
FACT04369,P16,351,800
FACT06575,P05,85,45
FACT06575,P14,305,450
FACT06575,P13,276,350
FACT06575,P17,199,280
FACT06274,P09,465,18
FACT06274,P20,260,2900
FACT06274,P17,441,280
FACT06274,P18,69,900
FACT09391,P03,499,8000
FACT09391,P17,381,280
FACT09391,P12,344,70
FACT09391,P20,581,2900
FACT05552,P08,167,65
FACT05552,P11,82,55
FACT05552,P14,431,450
FACT05552,P12,190,70
FACT00080,P19,301,3800
FACT00080,P20,451,2900
FACT00080,P17,348,280
FACT00080,P03,447,8000
FACT05435,P16,453,800
FACT05435,P02,209,350
FACT05435,P12,160,70
FACT05435,P13,531,350
FACT01803,P20,174,2900
FACT01803,P14,389,450
FACT01803,P19,12,3800
FACT01803,P04,456,3500
FACT03805,P14,391,450
FACT03805,P10,359,20
FACT03805,P07,371,28
FACT03805,P15,583,650
FACT08882,P13,491,350
FACT08882,P02,157,350
FACT08882,P15,244,650
FACT08882,P07,334,28
FACT05266,P14,533,450
FACT05266,P12,127,70
FACT05266,P16,106,800
FACT05266,P15,306,650
FACT09148,P13,299,350
FACT09148,P04,348,3500
FACT09148,P17,6,280
FACT09148,P03,131,8000
FACT06289,P09,140,18
FACT06289,P15,159,650
FACT06289,P16,366,800
FACT06289,P17,121,280
FACT04217,P10,576,20
FACT04217,P11,482,55
FACT04217,P04,496,3500
FACT04217,P07,536,28
FACT07294,P05,331,45
FACT07294,P10,30,20
FACT07294,P16,91,800
FACT07294,P11,364,55
FACT05041,P07,329,28
FACT05041,P19,189,3800
FACT05041,P20,63,2900
FACT05041,P17,117,280
FACT03628,P15,399,650
FACT03628,P07,204,28
FACT03628,P05,117,45
FACT03628,P16,25,800
FACT04506,P16,38,800
FACT04506,P20,395,2900
FACT04506,P14,139,450
FACT04506,P04,489,3500
FACT07609,P16,304,800
FACT07609,P03,153,8000
FACT07609,P08,127,65
FACT07609,P07,249,28
FACT05129,P01,599,4500
FACT05129,P06,477,30
FACT05129,P13,467,350
FACT05129,P09,348,18
FACT04411,P17,287,280
FACT04411,P05,251,45
FACT04411,P20,328,2900
FACT04411,P08,101,65
FACT04849,P04,410,3500
FACT04849,P15,319,650
FACT04849,P06,75,30
FACT04849,P08,553,65
FACT01681,P11,498,55
FACT01681,P03,124,8000
FACT01681,P02,593,350
FACT01681,P14,128,450
FACT01191,P01,475,4500
FACT01191,P03,65,8000
FACT01191,P11,554,55
FACT01191,P06,563,30
FACT08620,P05,285,45
FACT08620,P06,266,30
FACT08620,P16,384,800
FACT08620,P04,90,3500
FACT08362,P13,532,350
FACT08362,P08,265,65
FACT08362,P18,530,900
FACT08362,P01,150,4500
FACT03709,P10,210,20
FACT03709,P20,27,2900
FACT03709,P15,62,650
FACT03709,P19,19,3800
FACT00845,P12,455,70
FACT00845,P03,482,8000
FACT00845,P05,258,45
FACT00845,P04,325,3500
FACT03651,P14,309,450
FACT03651,P19,36,3800
FACT03651,P09,49,18
FACT03651,P13,398,350
FACT08452,P11,266,55
FACT08452,P02,461,350
FACT08452,P18,416,900
FACT08452,P09,333,18
FACT07712,P16,259,800
FACT07712,P17,366,280
FACT07712,P11,509,55
FACT07712,P18,468,900
FACT03747,P09,216,18
FACT03747,P13,203,350
FACT03747,P05,205,45
FACT03747,P12,344,70
FACT04988,P17,375,280
FACT04988,P18,68,900
FACT04988,P12,380,70
FACT04988,P07,573,28
FACT04560,P12,202,70
FACT04560,P07,548,28
FACT04560,P05,117,45
FACT04560,P08,356,65
FACT05433,P20,112,2900
FACT05433,P16,72,800
FACT05433,P01,452,4500
FACT05433,P18,335,900
FACT05113,P18,456,900
FACT05113,P02,418,350
FACT05113,P09,306,18
FACT05113,P06,561,30
FACT02992,P18,383,900
FACT02992,P15,48,650
FACT02992,P20,14,2900
FACT02992,P11,429,55
FACT04935,P14,369,450
FACT04935,P11,341,55
FACT04935,P07,9,28
FACT04935,P08,597,65
FACT08602,P02,529,350
FACT08602,P19,582,3800
FACT08602,P15,288,650
FACT08602,P18,354,900
FACT08571,P08,171,65
FACT08571,P01,343,4500
FACT08571,P07,434,28
FACT08571,P18,138,900
FACT07448,P10,381,20
FACT07448,P12,67,70
FACT07448,P18,346,900
FACT07448,P02,487,350
FACT09195,P16,372,800
FACT09195,P20,20,2900
FACT09195,P02,247,350
FACT09195,P17,16,280
FACT02537,P19,281,3800
FACT02537,P07,159,28
FACT02537,P04,67,3500
FACT02537,P02,521,350
FACT02575,P11,36,55
FACT02575,P08,341,65
FACT02575,P15,198,650
FACT02575,P16,574,800
FACT08747,P14,284,450
FACT08747,P17,80,280
FACT08747,P18,170,900
FACT08747,P09,436,18
FACT09997,P03,408,8000
FACT09997,P19,547,3800
FACT09997,P15,244,650
FACT09997,P18,468,900
FACT08952,P02,404,350
FACT08952,P05,257,45
FACT08952,P16,383,800
FACT08952,P20,224,2900
FACT00965,P20,141,2900
FACT00965,P13,578,350
FACT00965,P12,252,70
FACT00965,P16,227,800
FACT06399,P10,160,20
FACT06399,P02,489,350
FACT06399,P18,31,900
FACT06399,P15,302,650
FACT07186,P18,581,900
FACT07186,P07,37,28
FACT07186,P06,388,30
FACT07186,P15,204,650
FACT04973,P15,532,650
FACT04973,P12,439,70
FACT04973,P13,107,350
FACT04973,P14,509,450
FACT09606,P04,256,3500
FACT09606,P03,554,8000
FACT09606,P06,121,30
FACT09606,P16,124,800
FACT05506,P14,392,450
FACT05506,P03,464,8000
FACT05506,P02,135,350
FACT05506,P09,74,18
FACT08986,P10,91,20
FACT08986,P17,180,280
FACT08986,P01,240,4500
FACT08986,P20,453,2900
FACT01762,P05,392,45
FACT01762,P08,564,65
FACT01762,P19,247,3800
FACT01762,P09,347,18
FACT08071,P08,83,65
FACT08071,P10,556,20
FACT08071,P04,447,3500
FACT08071,P05,40,45
FACT05261,P07,199,28
FACT05261,P11,402,55
FACT05261,P12,18,70
FACT05261,P16,223,800
FACT07800,P13,197,350
FACT07800,P16,444,800
FACT07800,P05,468,45
FACT07800,P18,120,900
FACT08118,P13,146,350
FACT08118,P12,189,70
FACT08118,P18,359,900
FACT08118,P09,250,18
FACT06826,P10,212,20
FACT06826,P01,214,4500
FACT06826,P06,484,30
FACT06826,P19,155,3800
FACT07809,P20,282,2900
FACT07809,P13,407,350
FACT07809,P18,571,900
FACT07809,P11,520,55
FACT00061,P02,364,350
FACT00061,P19,592,3800
FACT00061,P20,303,2900
FACT00061,P05,152,45
FACT07946,P11,215,55
FACT07946,P15,211,650
FACT07946,P13,120,350
FACT07946,P14,487,450
FACT03773,P10,360,20
FACT03773,P18,280,900
FACT03773,P19,572,3800
FACT03773,P05,69,45
FACT02232,P05,38,45
FACT02232,P18,119,900
FACT02232,P13,287,350
FACT02232,P17,335,280
FACT08347,P16,497,800
FACT08347,P18,291,900
FACT08347,P04,179,3500
FACT08347,P15,537,650
FACT05895,P10,14,20
FACT05895,P05,582,45
FACT05895,P12,197,70
FACT05895,P07,432,28
FACT04418,P14,332,450
FACT04418,P07,453,28
FACT04418,P16,21,800
FACT04418,P09,554,18
FACT03187,P05,43,45
FACT03187,P16,59,800
FACT03187,P08,293,65
FACT03187,P09,115,18
FACT01692,P20,174,2900
FACT01692,P12,135,70
FACT01692,P09,502,18
FACT01692,P19,92,3800
FACT00140,P12,225,70
FACT00140,P01,400,4500
FACT00140,P18,67,900
FACT00140,P20,148,2900
FACT04243,P07,265,28
FACT04243,P18,32,900
FACT04243,P17,128,280
FACT04243,P16,270,800
FACT02907,P18,336,900
FACT02907,P04,457,3500
FACT02907,P07,367,28
FACT02907,P20,213,2900
FACT05803,P16,64,800
FACT05803,P06,374,30
FACT05803,P08,336,65
FACT05803,P05,131,45
FACT04597,P13,399,350
FACT04597,P02,80,350
FACT04597,P06,174,30
FACT04597,P08,329,65
FACT06187,P12,541,70
FACT06187,P18,220,900
FACT06187,P03,15,8000
FACT06187,P06,406,30
FACT02808,P11,347,55
FACT02808,P19,467,3800
FACT02808,P02,548,350
FACT02808,P06,563,30
FACT09243,P12,255,70
FACT09243,P18,583,900
FACT09243,P01,114,4500
FACT09243,P06,409,30
FACT05344,P17,190,280
FACT05344,P09,230,18
FACT05344,P03,33,8000
FACT05344,P01,12,4500
FACT09216,P17,210,280
FACT09216,P08,381,65
FACT09216,P15,48,650
FACT09216,P03,431,8000
FACT02564,P14,329,450
FACT02564,P17,587,280
FACT02564,P03,264,8000
FACT02564,P08,499,65
FACT04961,P03,463,8000
FACT04961,P19,522,3800
FACT04961,P20,330,2900
FACT04961,P16,466,800
FACT02327,P16,68,800
FACT02327,P04,353,3500
FACT02327,P15,221,650
FACT02327,P14,81,450
FACT08816,P20,55,2900
FACT08816,P01,158,4500
FACT08816,P11,344,55
FACT08816,P13,115,350
FACT04531,P19,80,3800
FACT04531,P03,423,8000
FACT04531,P16,321,800
FACT04531,P09,425,18
FACT07239,P18,355,900
FACT07239,P02,541,350
FACT07239,P19,597,3800
FACT07239,P15,426,650
FACT01468,P08,356,65
FACT01468,P01,580,4500
FACT01468,P20,313,2900
FACT01468,P15,400,650
FACT09996,P03,234,8000
FACT09996,P04,91,3500
FACT09996,P01,533,4500
FACT09996,P09,312,18
FACT09867,P06,77,30
FACT09867,P04,505,3500
FACT09867,P14,352,450
FACT09867,P05,119,45
FACT00774,P05,346,45
FACT00774,P04,196,3500
FACT00774,P17,351,280
FACT00774,P12,209,70
FACT05145,P01,424,4500
FACT05145,P06,396,30
FACT05145,P02,6,350
FACT05145,P15,492,650
FACT00814,P13,562,350
FACT00814,P11,153,55
FACT00814,P02,509,350
FACT00814,P06,288,30
FACT08480,P16,598,800
FACT08480,P10,291,20
FACT08480,P12,98,70
FACT08480,P04,485,3500
FACT05240,P16,433,800
FACT05240,P06,37,30
FACT05240,P15,264,650
FACT05240,P13,272,350
FACT08736,P17,388,280
FACT08736,P04,337,3500
FACT08736,P06,321,30
FACT08736,P10,520,20
FACT00163,P16,479,800
FACT00163,P08,413,65
FACT00163,P15,328,650
FACT00163,P09,255,18
FACT07444,P06,444,30
FACT07444,P13,391,350
FACT07444,P16,568,800
FACT07444,P11,580,55
FACT07761,P06,511,30
FACT07761,P18,486,900
FACT07761,P19,148,3800
FACT07761,P12,470,70
FACT08857,P10,118,20
FACT08857,P12,523,70
FACT08857,P08,122,65
FACT08857,P15,38,650
FACT04195,P12,353,70
FACT04195,P15,165,650
FACT04195,P11,141,55
FACT04195,P20,529,2900
FACT00385,P03,143,8000
FACT00385,P07,171,28
FACT00385,P01,21,4500
FACT00385,P15,35,650
FACT03192,P05,178,45
FACT03192,P11,53,55
FACT03192,P09,525,18
FACT03192,P14,403,450
FACT02851,P12,330,70
FACT02851,P03,531,8000
FACT02851,P07,128,28
FACT02851,P10,384,20
FACT00406,P04,442,3500
FACT00406,P05,553,45
FACT00406,P10,230,20
FACT00406,P17,532,280
FACT00151,P19,375,3800
FACT00151,P13,341,350
FACT00151,P04,526,3500
FACT00151,P17,396,280
FACT05395,P10,15,20
FACT05395,P13,199,350
FACT05395,P06,573,30
FACT05395,P02,9,350
FACT07468,P08,526,65
FACT07468,P02,519,350
FACT07468,P03,434,8000
FACT07468,P01,424,4500
FACT00664,P17,16,280
FACT00664,P08,546,65
FACT00664,P07,403,28
FACT00664,P16,266,800
FACT00744,P11,256,55
FACT00744,P18,546,900
FACT00744,P14,586,450
FACT00744,P06,79,30
FACT07887,P19,387,3800
FACT07887,P09,221,18
FACT07887,P20,75,2900
FACT07887,P01,515,4500
FACT09687,P01,591,4500
FACT09687,P08,356,65
FACT09687,P11,151,55
FACT09687,P19,258,3800
FACT08603,P10,587,20
FACT08603,P01,442,4500
FACT08603,P18,538,900
FACT08603,P08,281,65
FACT00171,P01,85,4500
FACT00171,P14,473,450
FACT00171,P17,592,280
FACT00171,P08,275,65
FACT03803,P16,196,800
FACT03803,P01,281,4500
FACT03803,P02,197,350
FACT03803,P14,171,450
FACT03630,P07,150,28
FACT03630,P11,80,55
FACT03630,P01,280,4500
FACT03630,P14,65,450
FACT02241,P05,219,45
FACT02241,P06,565,30
FACT02241,P12,162,70
FACT02241,P04,189,3500
FACT09827,P07,288,28
FACT09827,P01,481,4500
FACT09827,P16,148,800
FACT09827,P18,443,900
FACT04962,P09,127,18
FACT04962,P02,243,350
FACT04962,P06,333,30
FACT04962,P20,462,2900
FACT02574,P07,28,28
FACT02574,P01,462,4500
FACT02574,P06,38,30
FACT02574,P13,231,350
FACT02846,P13,424,350
FACT02846,P05,385,45
FACT02846,P20,249,2900
FACT02846,P03,441,8000
FACT07264,P02,460,350
FACT07264,P06,192,30
FACT07264,P04,15,3500
FACT07264,P12,384,70
FACT02687,P05,25,45
FACT02687,P11,403,55
FACT02687,P02,213,350
FACT02687,P14,125,450
FACT05797,P07,545,28
FACT05797,P16,43,800
FACT05797,P19,336,3800
FACT05797,P17,441,280
FACT03035,P20,513,2900
FACT03035,P17,216,280
FACT03035,P16,505,800
FACT03035,P03,159,8000
FACT09544,P17,551,280
FACT09544,P14,358,450
FACT09544,P15,472,650
FACT09544,P16,97,800
FACT00132,P11,120,55
FACT00132,P19,26,3800
FACT00132,P08,408,65
FACT00132,P13,569,350
FACT01347,P09,302,18
FACT01347,P19,168,3800
FACT01347,P16,190,800
FACT01347,P17,256,280
FACT08467,P07,242,28
FACT08467,P01,6,4500
FACT08467,P14,465,450
FACT08467,P19,17,3800
FACT02305,P08,531,65
FACT02305,P19,52,3800
FACT02305,P13,128,350
FACT02305,P01,121,4500
FACT03349,P14,430,450
FACT03349,P19,412,3800
FACT03349,P10,102,20
FACT03349,P03,226,8000
FACT09242,P12,99,70
FACT09242,P01,434,4500
FACT09242,P07,487,28
FACT09242,P15,167,650
FACT09292,P05,304,45
FACT09292,P10,419,20
FACT09292,P06,513,30
FACT09292,P09,101,18
FACT09098,P01,262,4500
FACT09098,P19,310,3800
FACT09098,P11,452,55
FACT09098,P12,498,70
FACT09470,P11,527,55
FACT09470,P15,289,650
FACT09470,P08,532,65
FACT09470,P07,90,28
FACT08490,P11,592,55
FACT08490,P01,273,4500
FACT08490,P17,167,280
FACT08490,P02,372,350
FACT04574,P10,343,20
FACT04574,P02,585,350
FACT04574,P04,361,3500
FACT04574,P14,574,450
FACT04054,P01,49,4500
FACT04054,P09,358,18
FACT04054,P15,237,650
FACT04054,P14,94,450
FACT00538,P05,118,45
FACT00538,P17,22,280
FACT00538,P11,251,55
FACT00538,P16,257,800
FACT09172,P09,88,18
FACT09172,P10,525,20
FACT09172,P06,89,30
FACT09172,P12,329,70
FACT01085,P01,33,4500
FACT01085,P15,179,650
FACT01085,P17,400,280
FACT01085,P10,139,20
FACT02762,P15,276,650
FACT02762,P07,388,28
FACT02762,P10,565,20
FACT02762,P09,371,18
FACT05475,P15,380,650
FACT05475,P12,504,70
FACT05475,P02,483,350
FACT05475,P04,199,3500
FACT05482,P05,109,45
FACT05482,P17,584,280
FACT05482,P14,248,450
FACT05482,P13,485,350
FACT05823,P08,411,65
FACT05823,P03,527,8000
FACT05823,P20,105,2900
FACT05823,P15,354,650
FACT08639,P09,144,18
FACT08639,P01,118,4500
FACT08639,P15,304,650
FACT08639,P02,382,350
FACT05700,P12,480,70
FACT05700,P11,595,55
FACT05700,P19,319,3800
FACT05700,P05,224,45
FACT08709,P18,497,900
FACT08709,P07,523,28
FACT08709,P05,108,45
FACT08709,P14,201,450
FACT09081,P12,107,70
FACT09081,P13,326,350
FACT09081,P10,379,20
FACT09081,P04,537,3500
FACT04052,P14,436,450
FACT04052,P06,64,30
FACT04052,P18,284,900
FACT04052,P01,513,4500
FACT05963,P05,336,45
FACT05963,P11,571,55
FACT05963,P20,131,2900
FACT05963,P06,49,30
FACT06509,P09,8,18
FACT06509,P01,244,4500
FACT06509,P20,233,2900
FACT06509,P03,574,8000
FACT05142,P10,450,20
FACT05142,P08,353,65
FACT05142,P17,128,280
FACT05142,P12,589,70
FACT00700,P10,56,20
FACT00700,P09,236,18
FACT00700,P15,330,650
FACT00700,P16,195,800
FACT09347,P20,145,2900
FACT09347,P08,58,65
FACT09347,P10,394,20
FACT09347,P06,557,30
FACT08010,P09,254,18
FACT08010,P17,537,280
FACT08010,P08,68,65
FACT08010,P16,156,800
FACT01448,P20,467,2900
FACT01448,P03,268,8000
FACT01448,P18,581,900
FACT01448,P10,336,20
FACT01634,P09,463,18
FACT01634,P12,245,70
FACT01634,P01,577,4500
FACT01634,P08,553,65
FACT04251,P01,237,4500
FACT04251,P19,293,3800
FACT04251,P14,101,450
FACT04251,P12,404,70
FACT08604,P11,227,55
FACT08604,P17,17,280
FACT08604,P16,80,800
FACT08604,P04,384,3500
FACT02595,P01,548,4500
FACT02595,P15,272,650
FACT02595,P09,285,18
FACT02595,P17,175,280
FACT07791,P17,58,280
FACT07791,P20,331,2900
FACT07791,P15,394,650
FACT07791,P19,326,3800
FACT06044,P13,435,350
FACT06044,P07,199,28
FACT06044,P04,195,3500
FACT06044,P19,46,3800
FACT02759,P18,53,900
FACT02759,P13,121,350
FACT02759,P04,152,3500
FACT02759,P12,499,70
FACT06363,P18,159,900
FACT06363,P12,12,70
FACT06363,P13,351,350
FACT06363,P09,288,18
FACT06806,P18,404,900
FACT06806,P12,185,70
FACT06806,P05,287,45
FACT06806,P02,352,350
FACT07585,P05,247,45
FACT07585,P11,140,55
FACT07585,P07,449,28
FACT07585,P09,500,18
FACT01578,P18,450,900
FACT01578,P05,424,45
FACT01578,P20,354,2900
FACT01578,P12,63,70
FACT04963,P18,467,900
FACT04963,P10,501,20
FACT04963,P03,375,8000
FACT04963,P07,234,28
FACT01861,P11,38,55
FACT01861,P20,103,2900
FACT01861,P01,497,4500
FACT01861,P08,320,65
FACT03733,P19,165,3800
FACT03733,P17,19,280
FACT03733,P14,6,450
FACT03733,P06,555,30
FACT07997,P14,354,450
FACT07997,P20,446,2900
FACT07997,P04,141,3500
FACT07997,P17,385,280
FACT04321,P01,486,4500
FACT04321,P14,94,450
FACT04321,P06,485,30
FACT04321,P09,322,18
FACT08084,P07,344,28
FACT08084,P15,335,650
FACT08084,P19,457,3800
FACT08084,P14,293,450
FACT08392,P20,469,2900
FACT08392,P06,96,30
FACT08392,P12,411,70
FACT08392,P15,405,650
FACT06499,P03,370,8000
FACT06499,P17,12,280
FACT06499,P12,66,70
FACT06499,P15,228,650
FACT01368,P05,61,45
FACT01368,P16,322,800
FACT01368,P13,236,350
FACT01368,P19,155,3800
FACT06995,P07,65,28
FACT06995,P12,358,70
FACT06995,P09,92,18
FACT06995,P13,71,350
FACT03029,P17,54,280
FACT03029,P03,522,8000
FACT03029,P16,539,800
FACT03029,P08,150,65
FACT00134,P04,320,3500
FACT00134,P03,166,8000
FACT00134,P15,217,650
FACT00134,P08,250,65
FACT06581,P01,67,4500
FACT06581,P07,338,28
FACT06581,P14,470,450
FACT06581,P20,593,2900
FACT09676,P18,481,900
FACT09676,P10,510,20
FACT09676,P20,49,2900
FACT09676,P08,431,65
FACT01560,P11,402,55
FACT01560,P05,44,45
FACT01560,P02,278,350
FACT01560,P20,150,2900
FACT00784,P19,67,3800
FACT00784,P14,147,450
FACT00784,P20,583,2900
FACT00784,P17,159,280
FACT01781,P01,449,4500
FACT01781,P18,403,900
FACT01781,P19,38,3800
FACT01781,P10,64,20
FACT06729,P13,203,350
FACT06729,P11,558,55
FACT06729,P12,233,70
FACT06729,P18,114,900
FACT00735,P03,154,8000
FACT00735,P05,482,45
FACT00735,P19,144,3800
FACT00735,P17,21,280
FACT07128,P01,518,4500
FACT07128,P04,349,3500
FACT07128,P03,398,8000
FACT07128,P08,447,65
FACT06232,P16,230,800
FACT06232,P03,279,8000
FACT06232,P17,111,280
FACT06232,P05,347,45
FACT05114,P11,300,55
FACT05114,P20,586,2900
FACT05114,P17,28,280
FACT05114,P16,335,800
FACT07553,P15,448,650
FACT07553,P20,247,2900
FACT07553,P04,413,3500
FACT07553,P13,12,350
FACT08229,P01,284,4500
FACT08229,P05,51,45
FACT08229,P14,530,450
FACT08229,P15,213,650
FACT05276,P04,217,3500
FACT05276,P09,507,18
FACT05276,P19,483,3800
FACT05276,P05,516,45
FACT00637,P07,596,28
FACT00637,P19,353,3800
FACT00637,P20,553,2900
FACT00637,P14,507,450
FACT00796,P14,214,450
FACT00796,P19,287,3800
FACT00796,P13,336,350
FACT00796,P10,52,20
FACT08823,P07,102,28
FACT08823,P04,371,3500
FACT08823,P20,303,2900
FACT08823,P16,141,800
FACT01115,P02,256,350
FACT01115,P15,431,650
FACT01115,P11,314,55
FACT01115,P05,171,45
FACT07174,P12,500,70
FACT07174,P03,51,8000
FACT07174,P07,287,28
FACT07174,P04,573,3500
FACT07625,P17,72,280
FACT07625,P06,354,30
FACT07625,P04,439,3500
FACT07625,P13,254,350
FACT06313,P16,26,800
FACT06313,P17,88,280
FACT06313,P18,449,900
FACT06313,P07,97,28
FACT08522,P08,369,65
FACT08522,P07,358,28
FACT08522,P13,268,350
FACT08522,P03,481,8000
FACT08769,P04,172,3500
FACT08769,P19,463,3800
FACT08769,P07,44,28
FACT08769,P17,347,280
FACT01963,P17,285,280
FACT01963,P19,55,3800
FACT01963,P07,377,28
FACT01963,P03,564,8000
FACT04530,P10,398,20
FACT04530,P02,246,350
FACT04530,P20,576,2900
FACT04530,P06,214,30
FACT01439,P14,68,450
FACT01439,P15,310,650
FACT01439,P12,303,70
FACT01439,P13,406,350
FACT03486,P15,168,650
FACT03486,P09,62,18
FACT03486,P01,324,4500
FACT03486,P03,331,8000
FACT00922,P13,38,350
FACT00922,P16,286,800
FACT00922,P01,471,4500
FACT00922,P15,580,650
FACT00988,P05,453,45
FACT00988,P17,487,280
FACT00988,P16,135,800
FACT00988,P11,211,55
FACT01848,P07,355,28
FACT01848,P11,192,55
FACT01848,P17,305,280
FACT01848,P04,450,3500
FACT04015,P06,87,30
FACT04015,P17,102,280
FACT04015,P08,402,65
FACT04015,P20,598,2900
FACT06272,P02,266,350
FACT06272,P07,552,28
FACT06272,P03,236,8000
FACT06272,P13,303,350
FACT05720,P04,184,3500
FACT05720,P09,410,18
FACT05720,P01,517,4500
FACT05720,P13,417,350
FACT09575,P20,158,2900
FACT09575,P18,405,900
FACT09575,P12,589,70
FACT09575,P06,79,30
FACT00045,P12,47,70
FACT00045,P10,301,20
FACT00045,P11,106,55
FACT00045,P18,218,900
FACT05356,P07,16,28
FACT05356,P12,249,70
FACT05356,P17,493,280
FACT05356,P01,414,4500
FACT09227,P05,308,45
FACT09227,P20,33,2900
FACT09227,P07,459,28
FACT09227,P11,236,55
FACT00753,P12,107,70
FACT00753,P03,391,8000
FACT00753,P17,488,280
FACT00753,P19,279,3800
FACT01248,P20,406,2900
FACT01248,P03,95,8000
FACT01248,P18,275,900
FACT01248,P07,453,28
FACT06931,P12,474,70
FACT06931,P18,407,900
FACT06931,P20,586,2900
FACT06931,P07,215,28
FACT03154,P19,233,3800
FACT03154,P08,367,65
FACT03154,P13,535,350
FACT03154,P15,121,650
FACT04645,P18,272,900
FACT04645,P11,361,55
FACT04645,P12,387,70
FACT04645,P05,172,45
FACT09536,P18,345,900
FACT09536,P10,322,20
FACT09536,P06,181,30
FACT09536,P17,86,280
FACT06200,P17,368,280
FACT06200,P14,302,450
FACT06200,P08,575,65
FACT06200,P16,196,800
FACT05881,P02,579,350
FACT05881,P16,279,800
FACT05881,P01,518,4500
FACT05881,P13,563,350
FACT09522,P04,446,3500
FACT09522,P01,502,4500
FACT09522,P16,439,800
FACT09522,P18,326,900
FACT06345,P08,491,65
FACT06345,P06,34,30
FACT06345,P02,427,350
FACT06345,P14,391,450
FACT09040,P06,292,30
FACT09040,P07,440,28
FACT09040,P16,572,800
FACT09040,P10,280,20
FACT07794,P01,445,4500
FACT07794,P12,395,70
FACT07794,P04,207,3500
FACT07794,P10,332,20
FACT01435,P10,352,20
FACT01435,P13,106,350
FACT01435,P03,291,8000
FACT01435,P20,95,2900
FACT03660,P01,289,4500
FACT03660,P09,574,18
FACT03660,P12,110,70
FACT03660,P17,589,280
FACT02291,P15,311,650
FACT02291,P10,509,20
FACT02291,P05,174,45
FACT02291,P14,101,450
FACT02346,P18,270,900
FACT02346,P03,302,8000
FACT02346,P16,239,800
FACT02346,P05,493,45
FACT04209,P20,199,2900
FACT04209,P15,401,650
FACT04209,P16,220,800
FACT04209,P18,260,900
FACT09801,P02,517,350
FACT09801,P18,490,900
FACT09801,P03,589,8000
FACT09801,P08,264,65
FACT01896,P06,155,30
FACT01896,P14,175,450
FACT01896,P10,71,20
FACT01896,P15,208,650
FACT04901,P07,139,28
FACT04901,P01,598,4500
FACT04901,P02,243,350
FACT04901,P11,49,55
FACT01469,P15,234,650
FACT01469,P11,372,55
FACT01469,P13,210,350
FACT01469,P01,6,4500
FACT08434,P18,118,900
FACT08434,P19,382,3800
FACT08434,P06,354,30
FACT08434,P14,530,450
FACT03582,P16,483,800
FACT03582,P02,130,350
FACT03582,P17,149,280
FACT03582,P13,11,350
FACT03848,P12,496,70
FACT03848,P11,406,55
FACT03848,P06,452,30
FACT03848,P10,571,20
FACT09717,P07,511,28
FACT09717,P11,486,55
FACT09717,P09,102,18
FACT09717,P10,541,20
FACT02515,P15,441,650
FACT02515,P05,18,45
FACT02515,P13,389,350
FACT02515,P07,366,28
FACT01235,P04,554,3500
FACT01235,P08,272,65
FACT01235,P15,81,650
FACT01235,P10,589,20
FACT07537,P09,333,18
FACT07537,P12,543,70
FACT07537,P14,399,450
FACT07537,P11,350,55
FACT08254,P05,32,45
FACT08254,P20,523,2900
FACT08254,P11,595,55
FACT08254,P10,279,20
FACT07290,P09,119,18
FACT07290,P12,135,70
FACT07290,P15,548,650
FACT07290,P11,376,55
FACT01395,P19,500,3800
FACT01395,P10,92,20
FACT01395,P17,446,280
FACT01395,P03,356,8000
FACT00489,P19,408,3800
FACT00489,P08,308,65
FACT00489,P12,73,70
FACT00489,P20,85,2900
FACT08453,P19,565,3800
FACT08453,P07,440,28
FACT08453,P11,25,55
FACT08453,P16,365,800
FACT05315,P13,20,350
FACT05315,P08,115,65
FACT05315,P02,503,350
FACT05315,P04,277,3500
FACT03597,P07,198,28
FACT03597,P01,98,4500
FACT03597,P08,469,65
FACT03597,P11,595,55
FACT00454,P07,547,28
FACT00454,P06,220,30
FACT00454,P13,437,350
FACT00454,P16,462,800
FACT03018,P19,584,3800
FACT03018,P04,590,3500
FACT03018,P11,147,55
FACT03018,P07,122,28
FACT07471,P16,144,800
FACT07471,P10,289,20
FACT07471,P07,50,28
FACT07471,P18,483,900
FACT00780,P16,488,800
FACT00780,P18,479,900
FACT00780,P10,227,20
FACT00780,P08,80,65
FACT08738,P03,343,8000
FACT08738,P08,178,65
FACT08738,P05,262,45
FACT08738,P13,51,350
FACT04911,P13,389,350
FACT04911,P02,419,350
FACT04911,P17,403,280
FACT04911,P05,225,45
FACT06804,P02,93,350
FACT06804,P11,250,55
FACT06804,P08,451,65
FACT06804,P20,495,2900
FACT05372,P02,388,350
FACT05372,P13,111,350
FACT05372,P11,209,55
FACT05372,P15,232,650
FACT06410,P03,104,8000
FACT06410,P15,334,650
FACT06410,P11,594,55
FACT06410,P17,559,280
FACT03274,P12,380,70
FACT03274,P05,255,45
FACT03274,P19,510,3800
FACT03274,P10,505,20
FACT02652,P15,463,650
FACT02652,P19,441,3800
FACT02652,P04,60,3500
FACT02652,P14,297,450
FACT07663,P08,71,65
FACT07663,P10,559,20
FACT07663,P03,470,8000
FACT07663,P16,446,800
FACT09670,P09,29,18
FACT09670,P06,581,30
FACT09670,P10,349,20
FACT09670,P15,582,650
FACT09315,P19,238,3800
FACT09315,P02,129,350
FACT09315,P17,590,280
FACT09315,P20,324,2900
FACT04465,P15,321,650
FACT04465,P11,416,55
FACT04465,P01,381,4500
FACT04465,P13,84,350
FACT04022,P20,579,2900
FACT04022,P13,314,350
FACT04022,P16,551,800
FACT04022,P04,65,3500
FACT03209,P14,358,450
FACT03209,P04,90,3500
FACT03209,P08,314,65
FACT03209,P15,388,650
FACT08729,P16,335,800
FACT08729,P20,39,2900
FACT08729,P19,377,3800
FACT08729,P06,274,30
FACT00938,P17,551,280
FACT00938,P15,303,650
FACT00938,P04,544,3500
FACT00938,P19,292,3800
FACT03668,P10,317,20
FACT03668,P19,398,3800
FACT03668,P02,381,350
FACT03668,P14,424,450
FACT07210,P02,479,350
FACT07210,P06,343,30
FACT07210,P08,588,65
FACT07210,P12,48,70
FACT03689,P06,112,30
FACT03689,P12,321,70
FACT03689,P11,295,55
FACT03689,P10,309,20
FACT06031,P08,244,65
FACT06031,P01,123,4500
FACT06031,P14,458,450
FACT06031,P15,488,650
FACT09280,P10,248,20
FACT09280,P04,40,3500
FACT09280,P15,500,650
FACT09280,P20,526,2900
FACT09825,P03,538,8000
FACT09825,P14,333,450
FACT09825,P10,569,20
FACT09825,P05,80,45
FACT03557,P05,69,45
FACT03557,P09,562,18
FACT03557,P12,498,70
FACT03557,P17,574,280
FACT09850,P14,36,450
FACT09850,P01,356,4500
FACT09850,P04,392,3500
FACT09850,P07,42,28
FACT02389,P03,272,8000
FACT02389,P16,561,800
FACT02389,P05,290,45
FACT02389,P06,456,30
FACT02993,P10,163,20
FACT02993,P03,592,8000
FACT02993,P08,490,65
FACT02993,P11,314,55
FACT03844,P01,400,4500
FACT03844,P06,378,30
FACT03844,P05,386,45
FACT03844,P07,581,28
FACT08561,P05,125,45
FACT08561,P09,240,18
FACT08561,P04,263,3500
FACT08561,P12,226,70
FACT00294,P07,126,28
FACT00294,P02,253,350
FACT00294,P15,395,650
FACT00294,P13,8,350
FACT03759,P16,87,800
FACT03759,P10,561,20
FACT03759,P17,430,280
FACT03759,P20,256,2900
FACT08296,P16,455,800
FACT08296,P20,58,2900
FACT08296,P02,183,350
FACT08296,P18,342,900
FACT04672,P19,428,3800
FACT04672,P11,434,55
FACT04672,P07,511,28
FACT04672,P17,455,280
FACT08808,P10,109,20
FACT08808,P19,203,3800
FACT08808,P15,450,650
FACT08808,P11,568,55
FACT05230,P02,290,350
FACT05230,P15,73,650
FACT05230,P07,328,28
FACT05230,P10,25,20
FACT07450,P13,531,350
FACT07450,P02,208,350
FACT07450,P09,80,18
FACT07450,P06,475,30
FACT00054,P12,575,70
FACT00054,P19,563,3800
FACT00054,P07,518,28
FACT00054,P13,44,350
FACT01994,P18,355,900
FACT01994,P20,541,2900
FACT01994,P16,293,800
FACT01994,P12,71,70
FACT04795,P19,127,3800
FACT04795,P08,421,65
FACT04795,P13,101,350
FACT04795,P06,124,30
FACT04547,P02,251,350
FACT04547,P20,333,2900
FACT04547,P10,277,20
FACT04547,P15,561,650
FACT01765,P14,303,450
FACT01765,P03,526,8000
FACT01765,P06,53,30
FACT01765,P10,31,20
FACT04617,P03,392,8000
FACT04617,P19,8,3800
FACT04617,P07,65,28
FACT04617,P20,469,2900
FACT07621,P20,37,2900
FACT07621,P19,491,3800
FACT07621,P18,67,900
FACT07621,P09,152,18
FACT09174,P06,146,30
FACT09174,P13,116,350
FACT09174,P20,165,2900
FACT09174,P09,407,18
FACT05699,P02,562,350
FACT05699,P16,284,800
FACT05699,P13,252,350
FACT05699,P04,279,3500
FACT03907,P05,586,45
FACT03907,P15,324,650
FACT03907,P19,49,3800
FACT03907,P12,536,70
FACT06738,P09,597,18
FACT06738,P13,449,350
FACT06738,P02,93,350
FACT06738,P10,165,20
FACT08151,P02,387,350
FACT08151,P18,91,900
FACT08151,P15,423,650
FACT08151,P04,364,3500
FACT00516,P16,578,800
FACT00516,P20,377,2900
FACT00516,P03,545,8000
FACT00516,P15,472,650
FACT09316,P01,130,4500
FACT09316,P03,6,8000
FACT09316,P18,409,900
FACT09316,P04,163,3500
FACT07947,P16,555,800
FACT07947,P09,171,18
FACT07947,P15,534,650
FACT07947,P02,507,350
FACT04147,P18,19,900
FACT04147,P02,205,350
FACT04147,P20,403,2900
FACT04147,P19,486,3800
FACT08386,P15,65,650
FACT08386,P09,392,18
FACT08386,P13,557,350
FACT08386,P20,378,2900
FACT09525,P03,403,8000
FACT09525,P15,378,650
FACT09525,P09,580,18
FACT09525,P10,337,20
FACT06080,P11,539,55
FACT06080,P03,228,8000
FACT06080,P04,295,3500
FACT06080,P09,109,18
FACT09278,P12,381,70
FACT09278,P01,576,4500
FACT09278,P08,356,65
FACT09278,P04,423,3500
FACT03729,P16,350,800
FACT03729,P12,73,70
FACT03729,P08,225,65
FACT03729,P07,163,28
FACT03891,P19,547,3800
FACT03891,P16,149,800
FACT03891,P01,411,4500
FACT03891,P13,243,350
FACT03732,P08,119,65
FACT03732,P17,529,280
FACT03732,P14,263,450
FACT03732,P16,287,800
FACT04713,P03,303,8000
FACT04713,P06,58,30
FACT04713,P04,563,3500
FACT04713,P10,520,20
FACT00231,P20,522,2900
FACT00231,P18,266,900
FACT00231,P19,63,3800
FACT00231,P02,486,350
FACT02452,P04,570,3500
FACT02452,P12,500,70
FACT02452,P09,270,18
FACT02452,P06,298,30
FACT09586,P15,243,650
FACT09586,P14,416,450
FACT09586,P01,390,4500
FACT09586,P10,587,20
FACT02895,P11,198,55
FACT02895,P19,427,3800
FACT02895,P08,388,65
FACT02895,P13,420,350
FACT09671,P04,565,3500
FACT09671,P10,414,20
FACT09671,P12,28,70
FACT09671,P14,105,450
FACT04211,P08,287,65
FACT04211,P17,401,280
FACT04211,P14,193,450
FACT04211,P02,219,350
FACT01701,P05,170,45
FACT01701,P01,334,4500
FACT01701,P18,384,900
FACT01701,P03,444,8000
FACT03039,P11,68,55
FACT03039,P18,7,900
FACT03039,P01,370,4500
FACT03039,P03,403,8000
FACT07680,P02,36,350
FACT07680,P10,223,20
FACT07680,P16,47,800
FACT07680,P14,440,450
FACT04069,P18,548,900
FACT04069,P13,60,350
FACT04069,P11,369,55
FACT04069,P16,317,800
FACT01030,P10,105,20
FACT01030,P02,281,350
FACT01030,P19,64,3800
FACT01030,P05,445,45
FACT09793,P19,296,3800
FACT09793,P14,193,450
FACT09793,P10,392,20
FACT09793,P01,227,4500
FACT06802,P04,298,3500
FACT06802,P17,262,280
FACT06802,P05,435,45
FACT06802,P20,543,2900
FACT08312,P17,84,280
FACT08312,P10,283,20
FACT08312,P16,398,800
FACT08312,P05,404,45
FACT01188,P11,66,55
FACT01188,P17,101,280
FACT01188,P12,522,70
FACT01188,P03,100,8000
FACT09368,P18,44,900
FACT09368,P10,176,20
FACT09368,P20,199,2900
FACT09368,P11,522,55
FACT03049,P08,287,65
FACT03049,P13,196,350
FACT03049,P12,52,70
FACT03049,P03,147,8000
FACT03633,P20,535,2900
FACT03633,P07,71,28
FACT03633,P19,204,3800
FACT03633,P17,570,280
FACT09131,P11,289,55
FACT09131,P08,264,65
FACT09131,P15,141,650
FACT09131,P02,46,350
FACT05335,P01,104,4500
FACT05335,P13,544,350
FACT05335,P14,388,450
FACT05335,P15,325,650
FACT06497,P06,387,30
FACT06497,P01,186,4500
FACT06497,P16,82,800
FACT06497,P02,586,350
FACT09986,P09,249,18
FACT09986,P10,278,20
FACT09986,P17,461,280
FACT09986,P20,502,2900
FACT02444,P18,219,900
FACT02444,P03,253,8000
FACT02444,P11,150,55
FACT02444,P20,498,2900
FACT02801,P07,594,28
FACT02801,P10,584,20
FACT02801,P03,57,8000
FACT02801,P06,272,30
FACT05991,P18,535,900
FACT05991,P11,80,55
FACT05991,P16,336,800
FACT05991,P10,360,20
FACT06874,P15,229,650
FACT06874,P03,277,8000
FACT06874,P13,391,350
FACT06874,P12,320,70
FACT06435,P15,259,650
FACT06435,P14,58,450
FACT06435,P11,359,55
FACT06435,P06,249,30
FACT03265,P13,343,350
FACT03265,P10,249,20
FACT03265,P17,583,280
FACT03265,P15,319,650
FACT03763,P12,114,70
FACT03763,P18,459,900
FACT03763,P07,237,28
FACT03763,P03,175,8000
FACT04118,P05,467,45
FACT04118,P08,128,65
FACT04118,P17,448,280
FACT04118,P01,51,4500
FACT06294,P20,544,2900
FACT06294,P11,80,55
FACT06294,P16,344,800
FACT06294,P02,184,350
FACT01637,P14,539,450
FACT01637,P08,553,65
FACT01637,P17,519,280
FACT01637,P04,160,3500
FACT00026,P15,83,650
FACT00026,P10,322,20
FACT00026,P05,196,45
FACT00026,P02,553,350
FACT01229,P16,66,800
FACT01229,P17,380,280
FACT01229,P18,25,900
FACT01229,P19,549,3800
FACT04145,P11,397,55
FACT04145,P02,64,350
FACT04145,P04,315,3500
FACT04145,P13,436,350
FACT08438,P15,407,650
FACT08438,P17,153,280
FACT08438,P01,118,4500
FACT08438,P19,58,3800
FACT02442,P11,280,55
FACT02442,P09,40,18
FACT02442,P08,242,65
FACT02442,P17,50,280
FACT04117,P05,554,45
FACT04117,P18,373,900
FACT04117,P02,357,350
FACT04117,P19,142,3800
FACT00299,P06,228,30
FACT00299,P11,233,55
FACT00299,P16,387,800
FACT00299,P15,270,650
FACT00397,P05,390,45
FACT00397,P12,42,70
FACT00397,P09,209,18
FACT00397,P07,223,28
FACT00207,P05,51,45
FACT00207,P12,584,70
FACT00207,P03,557,8000
FACT00207,P07,179,28
FACT02843,P07,216,28
FACT02843,P11,295,55
FACT02843,P20,366,2900
FACT02843,P17,170,280
FACT00233,P14,33,450
FACT00233,P13,386,350
FACT00233,P05,340,45
FACT00233,P01,243,4500
FACT00133,P17,97,280
FACT00133,P03,395,8000
FACT00133,P16,358,800
FACT00133,P08,341,65
FACT09485,P08,420,65
FACT09485,P14,567,450
FACT09485,P15,263,650
FACT09485,P10,19,20
FACT09955,P20,531,2900
FACT09955,P10,426,20
FACT09955,P14,383,450
FACT09955,P12,507,70
FACT07373,P05,309,45
FACT07373,P01,505,4500
FACT07373,P11,349,55
FACT07373,P09,153,18
FACT09383,P04,176,3500
FACT09383,P11,351,55
FACT09383,P20,66,2900
FACT09383,P19,290,3800
FACT07481,P12,573,70
FACT07481,P08,201,65
FACT07481,P07,286,28
FACT07481,P15,469,650
FACT04076,P04,315,3500
FACT04076,P13,457,350
FACT04076,P01,370,4500
FACT04076,P12,401,70
FACT08893,P02,199,350
FACT08893,P17,517,280
FACT08893,P15,415,650
FACT08893,P13,567,350
FACT07926,P14,52,450
FACT07926,P20,48,2900
FACT07926,P06,29,30
FACT07926,P10,475,20
FACT06452,P07,256,28
FACT06452,P09,31,18
FACT06452,P11,578,55
FACT06452,P15,159,650
FACT09555,P15,577,650
FACT09555,P03,379,8000
FACT09555,P10,526,20
FACT09555,P11,215,55
FACT00228,P08,493,65
FACT00228,P09,149,18
FACT00228,P10,234,20
FACT00228,P01,385,4500
FACT03404,P19,134,3800
FACT03404,P11,198,55
FACT03404,P03,524,8000
FACT03404,P08,158,65
FACT04794,P01,90,4500
FACT04794,P06,280,30
FACT04794,P09,579,18
FACT04794,P12,363,70
FACT05471,P13,42,350
FACT05471,P09,96,18
FACT05471,P10,571,20
FACT05471,P19,313,3800
FACT03532,P09,40,18
FACT03532,P15,229,650
FACT03532,P10,598,20
FACT03532,P02,565,350
FACT00711,P08,53,65
FACT00711,P04,457,3500
FACT00711,P10,142,20
FACT00711,P15,15,650
FACT03160,P11,76,55
FACT03160,P13,110,350
FACT03160,P15,332,650
FACT03160,P17,507,280
FACT04628,P03,543,8000
FACT04628,P02,393,350
FACT04628,P14,522,450
FACT04628,P19,443,3800
FACT01031,P03,130,8000
FACT01031,P02,77,350
FACT01031,P15,122,650
FACT01031,P12,155,70
FACT08496,P14,282,450
FACT08496,P12,361,70
FACT08496,P17,142,280
FACT08496,P05,506,45
FACT04755,P01,24,4500
FACT04755,P08,536,65
FACT04755,P02,264,350
FACT04755,P15,335,650
FACT01106,P14,195,450
FACT01106,P02,50,350
FACT01106,P07,276,28
FACT01106,P19,166,3800
FACT05056,P06,385,30
FACT05056,P14,178,450
FACT05056,P20,417,2900
FACT05056,P04,422,3500
FACT09287,P17,226,280
FACT09287,P16,480,800
FACT09287,P10,176,20
FACT09287,P09,156,18
FACT04887,P19,279,3800
FACT04887,P05,188,45
FACT04887,P20,526,2900
FACT04887,P11,464,55
FACT01020,P15,227,650
FACT01020,P20,184,2900
FACT01020,P11,286,55
FACT01020,P17,291,280
FACT03857,P11,543,55
FACT03857,P18,27,900
FACT03857,P13,507,350
FACT03857,P07,46,28
FACT06814,P19,36,3800
FACT06814,P05,330,45
FACT06814,P11,348,55
FACT06814,P04,188,3500
FACT07256,P14,585,450
FACT07256,P06,505,30
FACT07256,P13,525,350
FACT07256,P09,334,18
FACT06179,P07,418,28
FACT06179,P03,280,8000
FACT06179,P01,596,4500
FACT06179,P18,579,900
FACT08876,P01,173,4500
FACT08876,P18,293,900
FACT08876,P20,190,2900
FACT08876,P16,385,800
FACT00874,P04,575,3500
FACT00874,P08,65,65
FACT00874,P17,462,280
FACT00874,P06,484,30
FACT04362,P03,367,8000
FACT04362,P11,218,55
FACT04362,P01,581,4500
FACT04362,P09,298,18
FACT01907,P11,28,55
FACT01907,P10,29,20
FACT01907,P01,99,4500
FACT01907,P09,365,18
FACT07692,P13,91,350
FACT07692,P03,84,8000
FACT07692,P05,430,45
FACT07692,P19,594,3800
FACT03863,P06,317,30
FACT03863,P05,367,45
FACT03863,P07,236,28
FACT03863,P12,283,70
FACT00527,P17,328,280
FACT00527,P16,413,800
FACT00527,P06,223,30
FACT00527,P01,418,4500
FACT04490,P16,555,800
FACT04490,P14,588,450
FACT04490,P19,447,3800
FACT04490,P12,66,70
FACT03526,P14,114,450
FACT03526,P13,112,350
FACT03526,P16,447,800
FACT03526,P17,314,280
FACT01411,P13,376,350
FACT01411,P17,554,280
FACT01411,P10,587,20
FACT01411,P12,418,70
FACT06495,P08,198,65
FACT06495,P20,281,2900
FACT06495,P18,273,900
FACT06495,P13,136,350
FACT01464,P02,232,350
FACT01464,P11,597,55
FACT01464,P19,537,3800
FACT01464,P15,134,650
FACT00670,P14,221,450
FACT00670,P08,143,65
FACT00670,P15,321,650
FACT00670,P06,557,30
FACT06149,P10,375,20
FACT06149,P04,395,3500
FACT06149,P09,516,18
FACT06149,P01,165,4500
FACT07099,P16,17,800
FACT07099,P20,277,2900
FACT07099,P08,384,65
FACT07099,P06,170,30
FACT05021,P15,94,650
FACT05021,P17,125,280
FACT05021,P10,516,20
FACT05021,P09,316,18
FACT08358,P08,232,65
FACT08358,P18,419,900
FACT08358,P03,572,8000
FACT08358,P12,493,70
FACT01322,P11,587,55
FACT01322,P05,184,45
FACT01322,P12,224,70
FACT01322,P16,388,800
FACT06137,P10,350,20
FACT06137,P06,254,30
FACT06137,P11,446,55
FACT06137,P03,497,8000
FACT06132,P11,173,55
FACT06132,P10,439,20
FACT06132,P04,308,3500
FACT06132,P08,99,65
FACT09783,P09,479,18
FACT09783,P04,236,3500
FACT09783,P19,25,3800
FACT09783,P14,163,450
FACT05001,P05,599,45
FACT05001,P04,111,3500
FACT05001,P11,550,55
FACT05001,P09,501,18
FACT01830,P07,69,28
FACT01830,P10,231,20
FACT01830,P09,514,18
FACT01830,P15,554,650
FACT02349,P17,121,280
FACT02349,P09,220,18
FACT02349,P20,260,2900
FACT02349,P18,379,900
FACT03791,P10,101,20
FACT03791,P07,34,28
FACT03791,P12,557,70
FACT03791,P09,362,18
FACT04184,P06,164,30
FACT04184,P09,383,18
FACT04184,P05,252,45
FACT04184,P03,278,8000
FACT03118,P02,186,350
FACT03118,P05,392,45
FACT03118,P14,78,450
FACT03118,P07,333,28
FACT09204,P17,526,280
FACT09204,P19,414,3800
FACT09204,P06,95,30
FACT09204,P20,204,2900
FACT08282,P05,520,45
FACT08282,P02,54,350
FACT08282,P15,263,650
FACT08282,P17,475,280
FACT08580,P20,324,2900
FACT08580,P18,361,900
FACT08580,P16,394,800
FACT08580,P05,307,45
FACT06131,P20,598,2900
FACT06131,P15,380,650
FACT06131,P05,148,45
FACT06131,P18,522,900
FACT02776,P16,445,800
FACT02776,P01,100,4500
FACT02776,P11,175,55
FACT02776,P17,286,280
FACT05901,P07,372,28
FACT05901,P19,148,3800
FACT05901,P18,393,900
FACT05901,P01,458,4500
FACT04430,P05,370,45
FACT04430,P17,469,280
FACT04430,P15,289,650
FACT04430,P19,217,3800
FACT08439,P05,523,45
FACT08439,P04,495,3500
FACT08439,P11,63,55
FACT08439,P20,521,2900
FACT09814,P04,123,3500
FACT09814,P15,248,650
FACT09814,P02,271,350
FACT09814,P06,265,30
FACT09595,P17,166,280
FACT09595,P13,77,350
FACT09595,P12,268,70
FACT09595,P04,346,3500
FACT07719,P18,582,900
FACT07719,P09,539,18
FACT07719,P13,576,350
FACT07719,P07,102,28
FACT07238,P17,52,280
FACT07238,P12,274,70
FACT07238,P05,253,45
FACT07238,P01,575,4500
FACT07207,P05,68,45
FACT07207,P20,429,2900
FACT07207,P12,219,70
FACT07207,P18,165,900
FACT09884,P06,341,30
FACT09884,P10,121,20
FACT09884,P04,224,3500
FACT09884,P03,480,8000
FACT05612,P17,494,280
FACT05612,P11,326,55
FACT05612,P02,190,350
FACT05612,P20,278,2900
FACT01325,P04,369,3500
FACT01325,P07,146,28
FACT01325,P17,490,280
FACT01325,P06,226,30
FACT05345,P01,229,4500
FACT05345,P13,418,350
FACT05345,P03,237,8000
FACT05345,P07,465,28
FACT01881,P16,334,800
FACT01881,P09,315,18
FACT01881,P04,40,3500
FACT01881,P08,135,65
FACT04056,P14,518,450
FACT04056,P13,289,350
FACT04056,P16,191,800
FACT04056,P12,109,70
FACT01835,P16,301,800
FACT01835,P15,221,650
FACT01835,P05,35,45
FACT01835,P01,172,4500
FACT03123,P03,425,8000
FACT03123,P10,375,20
FACT03123,P07,575,28
FACT03123,P02,567,350
FACT04357,P09,234,18
FACT04357,P01,310,4500
FACT04357,P06,525,30
FACT04357,P16,242,800
FACT05191,P05,326,45
FACT05191,P16,70,800
FACT05191,P12,89,70
FACT05191,P03,64,8000
FACT04021,P17,65,280
FACT04021,P15,524,650
FACT04021,P19,187,3800
FACT04021,P18,456,900
FACT00375,P13,303,350
FACT00375,P14,477,450
FACT00375,P02,274,350
FACT00375,P07,358,28
FACT01668,P11,45,55
FACT01668,P15,408,650
FACT01668,P07,186,28
FACT01668,P17,290,280
FACT09386,P01,488,4500
FACT09386,P02,33,350
FACT09386,P07,100,28
FACT09386,P10,531,20
FACT03067,P03,34,8000
FACT03067,P01,345,4500
FACT03067,P04,62,3500
FACT03067,P16,316,800
FACT06637,P14,563,450
FACT06637,P07,506,28
FACT06637,P03,368,8000
FACT06637,P17,258,280
FACT03752,P04,64,3500
FACT03752,P18,503,900
FACT03752,P11,526,55
FACT03752,P12,299,70
FACT09004,P06,444,30
FACT09004,P19,180,3800
FACT09004,P09,457,18
FACT09004,P15,163,650
FACT04151,P05,468,45
FACT04151,P19,155,3800
FACT04151,P20,335,2900
FACT04151,P11,27,55
FACT09533,P07,518,28
FACT09533,P10,292,20
FACT09533,P13,478,350
FACT09533,P15,77,650
FACT08917,P19,463,3800
FACT08917,P11,418,55
FACT08917,P10,384,20
FACT08917,P20,30,2900
FACT04853,P14,289,450
FACT04853,P02,478,350
FACT04853,P15,509,650
FACT04853,P16,453,800
FACT00389,P04,234,3500
FACT00389,P13,538,350
FACT00389,P08,232,65
FACT00389,P19,156,3800
FACT03466,P06,55,30
FACT03466,P08,574,65
FACT03466,P01,422,4500
FACT03466,P18,463,900
FACT07124,P10,350,20
FACT07124,P13,351,350
FACT07124,P20,590,2900
FACT07124,P03,139,8000
FACT00750,P12,226,70
FACT00750,P09,382,18
FACT00750,P04,345,3500
FACT00750,P16,349,800
FACT02050,P06,413,30
FACT02050,P15,496,650
FACT02050,P05,275,45
FACT02050,P11,196,55
FACT09164,P01,409,4500
FACT09164,P20,588,2900
FACT09164,P07,163,28
FACT09164,P05,117,45
FACT00031,P01,546,4500
FACT00031,P09,379,18
FACT00031,P19,525,3800
FACT00031,P08,50,65
FACT03202,P13,278,350
FACT03202,P19,480,3800
FACT03202,P10,548,20
FACT03202,P14,509,450
FACT08714,P01,592,4500
FACT08714,P05,55,45
FACT08714,P11,430,55
FACT08714,P10,301,20
FACT02854,P06,405,30
FACT02854,P17,575,280
FACT02854,P13,328,350
FACT02854,P04,533,3500
FACT08345,P13,82,350
FACT08345,P17,488,280
FACT08345,P18,362,900
FACT08345,P15,309,650
FACT05665,P07,97,28
FACT05665,P06,42,30
FACT05665,P16,267,800
FACT05665,P20,418,2900
FACT00616,P11,20,55
FACT00616,P03,72,8000
FACT00616,P08,180,65
FACT00616,P07,228,28
FACT06693,P14,186,450
FACT06693,P18,374,900
FACT06693,P04,81,3500
FACT06693,P09,417,18
FACT09535,P14,554,450
FACT09535,P04,389,3500
FACT09535,P07,205,28
FACT09535,P19,209,3800
FACT04687,P14,256,450
FACT04687,P09,461,18
FACT04687,P17,479,280
FACT04687,P03,100,8000
FACT02402,P16,594,800
FACT02402,P01,141,4500
FACT02402,P08,12,65
FACT02402,P13,435,350
FACT01616,P12,525,70
FACT01616,P07,131,28
FACT01616,P05,452,45
FACT01616,P08,126,65
FACT02952,P20,510,2900
FACT02952,P13,36,350
FACT02952,P08,222,65
FACT02952,P14,488,450
FACT02932,P10,506,20
FACT02932,P14,445,450
FACT02932,P20,63,2900
FACT02932,P07,279,28
FACT01890,P08,330,65
FACT01890,P17,300,280
FACT01890,P01,483,4500
FACT01890,P13,337,350
FACT05851,P18,232,900
FACT05851,P13,221,350
FACT05851,P15,457,650
FACT05851,P09,508,18
FACT05357,P14,326,450
FACT05357,P16,154,800
FACT05357,P10,211,20
FACT05357,P18,565,900
FACT02858,P10,7,20
FACT02858,P11,199,55
FACT02858,P13,142,350
FACT02858,P16,9,800
FACT04916,P17,598,280
FACT04916,P02,187,350
FACT04916,P16,505,800
FACT04916,P18,108,900
FACT02005,P10,38,20
FACT02005,P09,360,18
FACT02005,P05,330,45
FACT02005,P07,487,28
FACT05508,P03,49,8000
FACT05508,P02,163,350
FACT05508,P14,168,450
FACT05508,P01,457,4500
FACT04332,P04,154,3500
FACT04332,P17,389,280
FACT04332,P19,572,3800
FACT04332,P03,78,8000
FACT07588,P06,501,30
FACT07588,P11,85,55
FACT07588,P05,41,45
FACT07588,P16,324,800
FACT03352,P06,66,30
FACT03352,P17,308,280
FACT03352,P15,190,650
FACT03352,P18,272,900
FACT03363,P07,493,28
FACT03363,P12,555,70
FACT03363,P10,318,20
FACT03363,P04,235,3500
FACT09168,P09,386,18
FACT09168,P11,432,55
FACT09168,P14,560,450
FACT09168,P01,296,4500
FACT01541,P01,50,4500
FACT01541,P16,146,800
FACT01541,P02,417,350
FACT01541,P06,81,30
FACT07801,P17,70,280
FACT07801,P05,48,45
FACT07801,P16,387,800
FACT07801,P04,336,3500
FACT01806,P06,98,30
FACT01806,P10,530,20
FACT01806,P14,508,450
FACT01806,P02,196,350
FACT00411,P04,515,3500
FACT00411,P19,40,3800
FACT00411,P09,405,18
FACT00411,P03,376,8000
FACT05205,P07,560,28
FACT05205,P13,282,350
FACT05205,P05,251,45
FACT05205,P15,523,650
FACT07069,P12,578,70
FACT07069,P16,502,800
FACT07069,P04,115,3500
FACT07069,P09,7,18
FACT00279,P17,416,280
FACT00279,P01,60,4500
FACT00279,P14,541,450
FACT00279,P19,85,3800
FACT08542,P18,253,900
FACT08542,P08,273,65
FACT08542,P10,436,20
FACT08542,P20,283,2900
FACT09853,P13,229,350
FACT09853,P14,489,450
FACT09853,P18,488,900
FACT09853,P16,291,800
FACT00060,P06,250,30
FACT00060,P14,369,450
FACT00060,P05,322,45
FACT00060,P10,15,20
FACT01971,P09,48,18
FACT01971,P11,28,55
FACT01971,P20,191,2900
FACT01971,P04,173,3500
FACT06388,P07,115,28
FACT06388,P20,480,2900
FACT06388,P12,403,70
FACT06388,P04,459,3500
FACT09567,P09,516,18
FACT09567,P03,44,8000
FACT09567,P01,499,4500
FACT09567,P15,491,650
FACT06915,P06,515,30
FACT06915,P12,210,70
FACT06915,P20,270,2900
FACT06915,P05,441,45
FACT04736,P01,112,4500
FACT04736,P03,42,8000
FACT04736,P08,187,65
FACT04736,P11,337,55
FACT06733,P16,118,800
FACT06733,P19,436,3800
FACT06733,P02,200,350
FACT06733,P09,353,18
FACT09446,P11,499,55
FACT09446,P06,517,30
FACT09446,P12,468,70
FACT09446,P09,74,18
FACT08470,P17,174,280
FACT08470,P02,465,350
FACT08470,P07,400,28
FACT08470,P20,350,2900
FACT08188,P13,385,350
FACT08188,P07,236,28
FACT08188,P04,277,3500
FACT08188,P01,202,4500
FACT01498,P05,307,45
FACT01498,P09,288,18
FACT01498,P20,14,2900
FACT01498,P15,589,650
FACT07364,P04,72,3500
FACT07364,P20,497,2900
FACT07364,P01,426,4500
FACT07364,P06,140,30
FACT07136,P03,597,8000
FACT07136,P15,171,650
FACT07136,P19,549,3800
FACT07136,P20,314,2900
FACT08687,P13,83,350
FACT08687,P15,527,650
FACT08687,P16,67,800
FACT08687,P10,367,20
FACT08618,P16,193,800
FACT08618,P15,564,650
FACT08618,P06,68,30
FACT08618,P13,14,350
FACT04591,P11,25,55
FACT04591,P20,78,2900
FACT04591,P01,20,4500
FACT04591,P02,79,350
FACT03476,P16,179,800
FACT03476,P17,503,280
FACT03476,P13,528,350
FACT03476,P09,14,18
FACT04727,P09,44,18
FACT04727,P10,89,20
FACT04727,P19,166,3800
FACT04727,P03,597,8000
FACT09085,P04,114,3500
FACT09085,P03,93,8000
FACT09085,P12,579,70
FACT09085,P19,221,3800
FACT07557,P19,408,3800
FACT07557,P16,534,800
FACT07557,P12,309,70
FACT07557,P01,61,4500
FACT01110,P05,126,45
FACT01110,P07,347,28
FACT01110,P13,185,350
FACT01110,P09,217,18
FACT07231,P12,411,70
FACT07231,P10,441,20
FACT07231,P07,521,28
FACT07231,P08,482,65
FACT01982,P16,70,800
FACT01982,P01,34,4500
FACT01982,P06,258,30
FACT01982,P09,276,18
FACT07540,P05,233,45
FACT07540,P20,407,2900
FACT07540,P11,379,55
FACT07540,P13,283,350
FACT05812,P15,395,650
FACT05812,P09,76,18
FACT05812,P20,368,2900
FACT05812,P03,408,8000
FACT06925,P15,7,650
FACT06925,P16,116,800
FACT06925,P18,111,900
FACT06925,P10,152,20
FACT04956,P09,521,18
FACT04956,P01,437,4500
FACT04956,P02,222,350
FACT04956,P14,45,450
FACT05918,P06,72,30
FACT05918,P03,30,8000
FACT05918,P20,531,2900
FACT05918,P08,505,65
FACT06189,P11,333,55
FACT06189,P07,501,28
FACT06189,P01,119,4500
FACT06189,P05,475,45
FACT00339,P03,585,8000
FACT00339,P10,473,20
FACT00339,P14,323,450
FACT00339,P04,244,3500
FACT03574,P09,144,18
FACT03574,P13,246,350
FACT03574,P01,592,4500
FACT03574,P02,588,350
FACT02550,P05,126,45
FACT02550,P03,116,8000
FACT02550,P04,112,3500
FACT02550,P02,175,350
FACT08060,P14,585,450
FACT08060,P17,202,280
FACT08060,P19,102,3800
FACT08060,P05,388,45
FACT08817,P13,335,350
FACT08817,P16,246,800
FACT08817,P06,119,30
FACT08817,P03,287,8000
FACT00130,P04,488,3500
FACT00130,P19,558,3800
FACT00130,P11,20,55
FACT00130,P09,473,18
FACT02964,P07,525,28
FACT02964,P16,57,800
FACT02964,P01,54,4500
FACT02964,P02,256,350
FACT03927,P05,432,45
FACT03927,P02,255,350
FACT03927,P11,158,55
FACT03927,P19,190,3800
FACT09457,P19,61,3800
FACT09457,P03,253,8000
FACT09457,P08,296,65
FACT09457,P14,262,450
FACT00715,P04,248,3500
FACT00715,P12,598,70
FACT00715,P17,257,280
FACT00715,P15,455,650
FACT05243,P16,139,800
FACT05243,P17,110,280
FACT05243,P09,66,18
FACT05243,P06,392,30
FACT03928,P04,264,3500
FACT03928,P13,586,350
FACT03928,P01,95,4500
FACT03928,P19,422,3800
FACT06299,P05,165,45
FACT06299,P20,156,2900
FACT06299,P08,389,65
FACT06299,P03,574,8000
FACT00821,P07,256,28
FACT00821,P14,542,450
FACT00821,P04,89,3500
FACT00821,P02,597,350
FACT05701,P14,537,450
FACT05701,P19,330,3800
FACT05701,P02,488,350
FACT05701,P10,115,20
FACT02447,P13,538,350
FACT02447,P11,363,55
FACT02447,P14,435,450
FACT02447,P06,447,30
FACT06671,P18,152,900
FACT06671,P11,386,55
FACT06671,P13,423,350
FACT06671,P07,382,28
FACT04823,P11,393,55
FACT04823,P02,433,350
FACT04823,P14,72,450
FACT04823,P17,25,280
FACT03092,P14,450,450
FACT03092,P09,478,18
FACT03092,P19,579,3800
FACT03092,P15,242,650
FACT04245,P07,477,28
FACT04245,P11,500,55
FACT04245,P14,242,450
FACT04245,P08,546,65
FACT01224,P03,108,8000
FACT01224,P15,331,650
FACT01224,P01,42,4500
FACT01224,P10,449,20
FACT07158,P14,65,450
FACT07158,P16,511,800
FACT07158,P01,404,4500
FACT07158,P11,520,55
FACT05593,P07,325,28
FACT05593,P10,429,20
FACT05593,P17,528,280
FACT05593,P13,188,350
FACT03878,P09,350,18
FACT03878,P18,525,900
FACT03878,P16,245,800
FACT03878,P13,315,350
FACT05332,P11,236,55
FACT05332,P08,187,65
FACT05332,P02,35,350
FACT05332,P09,89,18
FACT05972,P07,380,28
FACT05972,P19,516,3800
FACT05972,P05,250,45
FACT05972,P20,493,2900
FACT00477,P10,437,20
FACT00477,P05,483,45
FACT00477,P07,78,28
FACT00477,P19,228,3800
FACT02433,P04,555,3500
FACT02433,P16,76,800
FACT02433,P11,309,55
FACT02433,P13,473,350
FACT00139,P19,327,3800
FACT00139,P13,565,350
FACT00139,P04,571,3500
FACT00139,P03,450,8000
FACT02740,P18,246,900
FACT02740,P04,371,3500
FACT02740,P16,227,800
FACT02740,P10,184,20
FACT07016,P11,471,55
FACT07016,P03,573,8000
FACT07016,P08,249,65
FACT07016,P05,345,45
FACT04813,P04,393,3500
FACT04813,P17,35,280
FACT04813,P02,158,350
FACT04813,P07,222,28
FACT05288,P14,8,450
FACT05288,P20,161,2900
FACT05288,P10,118,20
FACT05288,P06,549,30
FACT07147,P02,515,350
FACT07147,P06,146,30
FACT07147,P04,584,3500
FACT07147,P18,278,900
FACT07814,P13,244,350
FACT07814,P08,150,65
FACT07814,P17,134,280
FACT07814,P18,453,900
FACT02556,P20,510,2900
FACT02556,P09,587,18
FACT02556,P02,81,350
FACT02556,P03,243,8000
FACT09499,P07,152,28
FACT09499,P11,165,55
FACT09499,P01,374,4500
FACT09499,P13,113,350
FACT06558,P10,138,20
FACT06558,P19,203,3800
FACT06558,P05,505,45
FACT06558,P16,157,800
FACT00793,P20,116,2900
FACT00793,P06,170,30
FACT00793,P11,133,55
FACT00793,P01,494,4500
FACT05010,P02,231,350
FACT05010,P17,541,280
FACT05010,P13,182,350
FACT05010,P20,434,2900
FACT02662,P03,460,8000
FACT02662,P01,7,4500
FACT02662,P12,318,70
FACT02662,P15,590,650
FACT05149,P03,140,8000
FACT05149,P13,555,350
FACT05149,P12,386,70
FACT05149,P05,242,45
FACT09199,P08,277,65
FACT09199,P05,575,45
FACT09199,P13,31,350
FACT09199,P14,99,450
FACT01633,P16,396,800
FACT01633,P19,157,3800
FACT01633,P13,429,350
FACT01633,P09,86,18
FACT00293,P15,275,650
FACT00293,P14,287,450
FACT00293,P03,298,8000
FACT00293,P19,73,3800
FACT00759,P18,581,900
FACT00759,P02,317,350
FACT00759,P14,535,450
FACT00759,P05,14,45
FACT08526,P05,388,45
FACT08526,P08,235,65
FACT08526,P18,362,900
FACT08526,P04,132,3500
FACT07275,P13,362,350
FACT07275,P02,223,350
FACT07275,P01,212,4500
FACT07275,P12,6,70
FACT04441,P12,496,70
FACT04441,P03,216,8000
FACT04441,P18,429,900
FACT04441,P11,209,55
FACT06402,P10,330,20
FACT06402,P05,36,45
FACT06402,P04,9,3500
FACT06402,P08,561,65
FACT03301,P12,348,70
FACT03301,P07,392,28
FACT03301,P20,187,2900
FACT03301,P17,590,280
FACT01736,P04,411,3500
FACT01736,P03,271,8000
FACT01736,P20,250,2900
FACT01736,P09,60,18
FACT00706,P07,595,28
FACT00706,P19,54,3800
FACT00706,P05,395,45
FACT00706,P11,401,55
FACT00856,P06,586,30
FACT00856,P04,118,3500
FACT00856,P14,231,450
FACT00856,P07,251,28
FACT02215,P05,596,45
FACT02215,P14,470,450
FACT02215,P11,310,55
FACT02215,P18,285,900
FACT04607,P15,314,650
FACT04607,P03,477,8000
FACT04607,P12,352,70
FACT04607,P10,266,20
FACT02798,P02,489,350
FACT02798,P11,289,55
FACT02798,P13,176,350
FACT02798,P16,13,800
FACT09230,P06,444,30
FACT09230,P03,511,8000
FACT09230,P19,512,3800
FACT09230,P13,245,350
FACT09910,P08,295,65
FACT09910,P13,239,350
FACT09910,P14,213,450
FACT09910,P02,194,350
FACT01787,P01,299,4500
FACT01787,P02,101,350
FACT01787,P04,468,3500
FACT01787,P09,358,18
FACT03232,P05,99,45
FACT03232,P12,539,70
FACT03232,P08,600,65
FACT03232,P01,469,4500
FACT05094,P13,489,350
FACT05094,P07,60,28
FACT05094,P19,389,3800
FACT05094,P09,517,18
FACT04171,P15,86,650
FACT04171,P06,231,30
FACT04171,P05,13,45
FACT04171,P01,556,4500
FACT04392,P20,418,2900
FACT04392,P13,297,350
FACT04392,P10,517,20
FACT04392,P03,380,8000
FACT08892,P09,34,18
FACT08892,P13,281,350
FACT08892,P12,590,70
FACT08892,P10,432,20
FACT05238,P18,388,900
FACT05238,P20,214,2900
FACT05238,P11,337,55
FACT05238,P06,554,30
FACT06103,P08,269,65
FACT06103,P15,382,650
FACT06103,P10,321,20
FACT06103,P04,334,3500
FACT02069,P17,19,280
FACT02069,P08,188,65
FACT02069,P03,482,8000
FACT02069,P18,158,900
FACT01391,P20,416,2900
FACT01391,P01,215,4500
FACT01391,P15,545,650
FACT01391,P17,290,280
FACT06592,P18,533,900
FACT06592,P05,166,45
FACT06592,P20,78,2900
FACT06592,P01,281,4500
FACT00448,P04,174,3500
FACT00448,P14,272,450
FACT00448,P02,596,350
FACT00448,P09,267,18
FACT08577,P01,251,4500
FACT08577,P06,485,30
FACT08577,P17,492,280
FACT08577,P18,293,900
FACT04688,P11,92,55
FACT04688,P12,589,70
FACT04688,P15,337,650
FACT04688,P03,302,8000
FACT04225,P14,186,450
FACT04225,P13,479,350
FACT04225,P09,98,18
FACT04225,P07,575,28
FACT08145,P13,469,350
FACT08145,P04,440,3500
FACT08145,P11,34,55
FACT08145,P07,553,28
FACT03711,P05,26,45
FACT03711,P04,148,3500
FACT03711,P15,84,650
FACT03711,P18,400,900
FACT00850,P03,335,8000
FACT00850,P20,252,2900
FACT00850,P12,594,70
FACT00850,P04,117,3500
FACT04263,P15,226,650
FACT04263,P16,513,800
FACT04263,P01,261,4500
FACT04263,P09,313,18
FACT00883,P16,567,800
FACT00883,P04,388,3500
FACT00883,P18,307,900
FACT00883,P02,306,350
FACT00024,P11,595,55
FACT00024,P13,451,350
FACT00024,P03,309,8000
FACT00024,P20,32,2900
FACT00798,P05,400,45
FACT00798,P20,10,2900
FACT00798,P10,543,20
FACT00798,P11,507,55
FACT01163,P04,427,3500
FACT01163,P03,449,8000
FACT01163,P15,285,650
FACT01163,P13,190,350
FACT05440,P19,581,3800
FACT05440,P15,380,650
FACT05440,P14,336,450
FACT05440,P05,198,45
FACT09889,P10,83,20
FACT09889,P06,348,30
FACT09889,P04,96,3500
FACT09889,P13,58,350
FACT00367,P05,71,45
FACT00367,P19,546,3800
FACT00367,P12,238,70
FACT00367,P04,350,3500
FACT09429,P07,463,28
FACT09429,P14,354,450
FACT09429,P13,533,350
FACT09429,P15,253,650
FACT05463,P15,244,650
FACT05463,P07,68,28
FACT05463,P10,145,20
FACT05463,P02,391,350
FACT03264,P17,103,280
FACT03264,P01,226,4500
FACT03264,P11,495,55
FACT03264,P10,373,20
FACT02545,P11,512,55
FACT02545,P18,231,900
FACT02545,P16,144,800
FACT02545,P05,437,45
FACT01429,P20,393,2900
FACT01429,P05,379,45
FACT01429,P12,279,70
FACT01429,P08,30,65
FACT00148,P15,300,650
FACT00148,P13,407,350
FACT00148,P02,259,350
FACT00148,P01,170,4500
FACT09133,P13,382,350
FACT09133,P12,506,70
FACT09133,P02,536,350
FACT09133,P06,197,30
FACT00778,P02,588,350
FACT00778,P06,144,30
FACT00778,P11,281,55
FACT00778,P12,502,70
FACT01427,P06,248,30
FACT01427,P05,319,45
FACT01427,P15,392,650
FACT01427,P16,463,800
FACT07606,P12,85,70
FACT07606,P19,557,3800
FACT07606,P07,424,28
FACT07606,P10,266,20
FACT03809,P09,600,18
FACT03809,P12,67,70
FACT03809,P19,52,3800
FACT03809,P15,436,650
FACT06643,P17,361,280
FACT06643,P16,535,800
FACT06643,P01,386,4500
FACT06643,P18,409,900
FACT00399,P11,293,55
FACT00399,P18,179,900
FACT00399,P10,19,20
FACT00399,P06,550,30
FACT04250,P09,553,18
FACT04250,P10,96,20
FACT04250,P13,335,350
FACT04250,P16,337,800
FACT09849,P03,428,8000
FACT09849,P11,471,55
FACT09849,P19,134,3800
FACT09849,P02,582,350
FACT05811,P16,439,800
FACT05811,P18,215,900
FACT05811,P07,107,28
FACT05811,P14,588,450
FACT06412,P11,282,55
FACT06412,P07,379,28
FACT06412,P20,448,2900
FACT06412,P10,137,20
FACT05789,P02,248,350
FACT05789,P04,75,3500
FACT05789,P12,258,70
FACT05789,P17,238,280
FACT04240,P07,291,28
FACT04240,P06,188,30
FACT04240,P12,306,70
FACT04240,P18,203,900
FACT08093,P08,481,65
FACT08093,P11,600,55
FACT08093,P18,397,900
FACT08093,P20,275,2900
FACT04040,P17,523,280
FACT04040,P15,418,650
FACT04040,P09,503,18
FACT04040,P19,112,3800
FACT09514,P12,394,70
FACT09514,P20,552,2900
FACT09514,P13,40,350
FACT09514,P19,563,3800
FACT02870,P11,448,55
FACT02870,P09,34,18
FACT02870,P08,391,65
FACT02870,P20,74,2900
FACT03006,P08,39,65
FACT03006,P20,376,2900
FACT03006,P13,518,350
FACT03006,P12,333,70
FACT05272,P13,447,350
FACT05272,P08,159,65
FACT05272,P20,141,2900
FACT05272,P05,186,45
FACT05476,P06,60,30
FACT05476,P04,135,3500
FACT05476,P03,265,8000
FACT05476,P11,240,55
FACT02845,P17,545,280
FACT02845,P03,17,8000
FACT02845,P13,572,350
FACT02845,P09,201,18
FACT01702,P05,176,45
FACT01702,P08,507,65
FACT01702,P04,189,3500
FACT01702,P11,19,55
FACT00582,P12,366,70
FACT00582,P05,39,45
FACT00582,P09,312,18
FACT00582,P07,335,28
FACT03026,P15,100,650
FACT03026,P10,504,20
FACT03026,P16,99,800
FACT03026,P20,74,2900
FACT06027,P05,571,45
FACT06027,P11,269,55
FACT06027,P01,597,4500
FACT06027,P07,325,28
FACT01160,P08,568,65
FACT01160,P20,141,2900
FACT01160,P07,251,28
FACT01160,P06,536,30
FACT07295,P16,500,800
FACT07295,P04,339,3500
FACT07295,P03,254,8000
FACT07295,P20,124,2900
FACT00969,P08,318,65
FACT00969,P18,247,900
FACT00969,P10,520,20
FACT00969,P16,11,800
FACT04780,P03,407,8000
FACT04780,P08,30,65
FACT04780,P09,523,18
FACT04780,P19,301,3800
FACT02284,P15,512,650
FACT02284,P12,545,70
FACT02284,P05,569,45
FACT02284,P02,406,350
FACT04051,P08,407,65
FACT04051,P02,208,350
FACT04051,P17,549,280
FACT04051,P12,418,70
FACT06771,P06,44,30
FACT06771,P10,51,20
FACT06771,P05,404,45
FACT06771,P18,546,900
FACT06035,P05,464,45
FACT06035,P18,520,900
FACT06035,P09,431,18
FACT06035,P02,245,350
FACT05686,P04,419,3500
FACT05686,P14,280,450
FACT05686,P08,226,65
FACT05686,P01,254,4500
FACT02212,P17,427,280
FACT02212,P10,346,20
FACT02212,P01,102,4500
FACT02212,P06,105,30
FACT02996,P09,81,18
FACT02996,P01,556,4500
FACT02996,P08,103,65
FACT02996,P19,7,3800
FACT03219,P15,68,650
FACT03219,P03,558,8000
FACT03219,P16,175,800
FACT03219,P01,506,4500
FACT02794,P07,240,28
FACT02794,P05,194,45
FACT02794,P10,485,20
FACT02794,P16,496,800
FACT01679,P19,350,3800
FACT01679,P15,524,650
FACT01679,P16,255,800
FACT01679,P08,37,65
FACT05621,P02,80,350
FACT05621,P05,385,45
FACT05621,P16,301,800
FACT05621,P20,527,2900
FACT07082,P01,138,4500
FACT07082,P17,374,280
FACT07082,P04,229,3500
FACT07082,P05,13,45
FACT01477,P17,448,280
FACT01477,P16,63,800
FACT01477,P07,422,28
FACT01477,P14,79,450
FACT09346,P12,178,70
FACT09346,P13,350,350
FACT09346,P09,465,18
FACT09346,P02,66,350
FACT07781,P06,466,30
FACT07781,P17,528,280
FACT07781,P20,467,2900
FACT07781,P19,504,3800
FACT09844,P01,373,4500
FACT09844,P05,490,45
FACT09844,P09,242,18
FACT09844,P08,199,65
FACT08573,P15,539,650
FACT08573,P04,502,3500
FACT08573,P08,480,65
FACT08573,P02,485,350
FACT02421,P16,333,800
FACT02421,P11,85,55
FACT02421,P10,480,20
FACT02421,P02,83,350
FACT08449,P17,512,280
FACT08449,P07,69,28
FACT08449,P18,346,900
FACT08449,P01,539,4500
FACT05590,P06,335,30
FACT05590,P17,120,280
FACT05590,P05,14,45
FACT05590,P16,555,800
FACT01852,P03,105,8000
FACT01852,P12,148,70
FACT01852,P20,346,2900
FACT01852,P07,71,28
FACT02159,P14,390,450
FACT02159,P09,225,18
FACT02159,P05,189,45
FACT02159,P12,187,70
FACT08223,P15,477,650
FACT08223,P18,167,900
FACT08223,P19,447,3800
FACT08223,P03,498,8000
FACT00573,P15,309,650
FACT00573,P20,121,2900
FACT00573,P08,168,65
FACT00573,P16,74,800
FACT02513,P01,305,4500
FACT02513,P16,69,800
FACT02513,P20,544,2900
FACT02513,P07,150,28
FACT01103,P09,436,18
FACT01103,P14,410,450
FACT01103,P16,545,800
FACT01103,P17,470,280
FACT01505,P12,396,70
FACT01505,P10,576,20
FACT01505,P09,129,18
FACT01505,P16,216,800
FACT05756,P06,221,30
FACT05756,P18,214,900
FACT05756,P10,529,20
FACT05756,P08,303,65
FACT00578,P15,559,650
FACT00578,P17,64,280
FACT00578,P11,399,55
FACT00578,P06,432,30
FACT06418,P07,453,28
FACT06418,P01,321,4500
FACT06418,P19,428,3800
FACT06418,P06,105,30
FACT07326,P02,496,350
FACT07326,P06,260,30
FACT07326,P16,38,800
FACT07326,P10,510,20
FACT00330,P13,547,350
FACT00330,P11,320,55
FACT00330,P05,557,45
FACT00330,P08,195,65
FACT05676,P01,270,4500
FACT05676,P13,150,350
FACT05676,P16,125,800
FACT05676,P07,501,28
FACT07455,P04,490,3500
FACT07455,P06,154,30
FACT07455,P08,438,65
FACT07455,P13,269,350
FACT01165,P08,217,65
FACT01165,P03,356,8000
FACT01165,P07,24,28
FACT01165,P19,514,3800
FACT00993,P16,374,800
FACT00993,P07,139,28
FACT00993,P09,53,18
FACT00993,P05,518,45
FACT02068,P01,333,4500
FACT02068,P02,290,350
FACT02068,P19,351,3800
FACT02068,P14,581,450
FACT09913,P06,476,30
FACT09913,P20,98,2900
FACT09913,P11,268,55
FACT09913,P16,190,800
FACT08468,P17,167,280
FACT08468,P15,571,650
FACT08468,P16,153,800
FACT08468,P20,313,2900
FACT01262,P13,330,350
FACT01262,P09,326,18
FACT01262,P19,363,3800
FACT01262,P06,171,30
FACT04516,P01,98,4500
FACT04516,P10,446,20
FACT04516,P14,530,450
FACT04516,P20,226,2900
FACT03507,P11,565,55
FACT03507,P12,484,70
FACT03507,P20,12,2900
FACT03507,P16,137,800
FACT00880,P04,121,3500
FACT00880,P19,489,3800
FACT00880,P03,81,8000
FACT00880,P07,398,28
FACT00740,P06,368,30
FACT00740,P02,510,350
FACT00740,P12,255,70
FACT00740,P05,276,45
FACT02440,P01,108,4500
FACT02440,P19,551,3800
FACT02440,P03,229,8000
FACT02440,P10,408,20
FACT06143,P16,108,800
FACT06143,P09,100,18
FACT06143,P20,373,2900
FACT06143,P12,78,70
FACT01254,P18,439,900
FACT01254,P16,557,800
FACT01254,P15,341,650
FACT01254,P12,495,70
FACT09782,P10,352,20
FACT09782,P06,44,30
FACT09782,P13,54,350
FACT09782,P08,192,65
FACT03592,P10,79,20
FACT03592,P17,220,280
FACT03592,P19,11,3800
FACT03592,P16,347,800
FACT05775,P12,83,70
FACT05775,P06,349,30
FACT05775,P13,578,350
FACT05775,P03,90,8000
FACT04011,P14,104,450
FACT04011,P10,467,20
FACT04011,P07,251,28
FACT04011,P20,190,2900
FACT08764,P19,89,3800
FACT08764,P07,110,28
FACT08764,P03,63,8000
FACT08764,P09,51,18
FACT04910,P05,25,45
FACT04910,P10,583,20
FACT04910,P16,567,800
FACT04910,P07,410,28
FACT01992,P02,218,350
FACT01992,P13,468,350
FACT01992,P11,329,55
FACT01992,P05,208,45
FACT01789,P16,52,800
FACT01789,P17,467,280
FACT01789,P09,245,18
FACT01789,P19,427,3800
FACT03356,P12,418,70
FACT03356,P02,274,350
FACT03356,P16,457,800
FACT03356,P13,213,350
FACT04872,P18,505,900
FACT04872,P10,101,20
FACT04872,P04,24,3500
FACT04872,P14,11,450
FACT03998,P16,452,800
FACT03998,P02,196,350
FACT03998,P18,573,900
FACT03998,P17,579,280
FACT08710,P09,586,18
FACT08710,P01,596,4500
FACT08710,P16,480,800
FACT08710,P17,7,280
FACT05814,P09,45,18
FACT05814,P01,199,4500
FACT05814,P08,140,65
FACT05814,P14,391,450
FACT08314,P16,362,800
FACT08314,P17,62,280
FACT08314,P20,513,2900
FACT08314,P04,440,3500
FACT04169,P07,186,28
FACT04169,P02,310,350
FACT04169,P06,499,30
FACT04169,P08,506,65
FACT08329,P01,72,4500
FACT08329,P14,576,450
FACT08329,P04,8,3500
FACT08329,P17,64,280
FACT09330,P11,364,55
FACT09330,P03,346,8000
FACT09330,P05,553,45
FACT09330,P04,106,3500
FACT01271,P01,597,4500
FACT01271,P07,11,28
FACT01271,P16,144,800
FACT01271,P12,435,70
FACT04128,P19,21,3800
FACT04128,P12,175,70
FACT04128,P02,83,350
FACT04128,P13,211,350
FACT00879,P19,498,3800
FACT00879,P14,586,450
FACT00879,P15,552,650
FACT00879,P11,356,55
FACT04863,P06,464,30
FACT04863,P19,594,3800
FACT04863,P08,321,65
FACT04863,P10,226,20
FACT02494,P05,211,45
FACT02494,P08,356,65
FACT02494,P06,143,30
FACT02494,P19,346,3800
FACT09700,P08,278,65
FACT09700,P18,191,900
FACT09700,P09,284,18
FACT09700,P20,23,2900
FACT06417,P15,11,650
FACT06417,P14,95,450
FACT06417,P09,53,18
FACT06417,P05,273,45
FACT04383,P11,218,55
FACT04383,P03,360,8000
FACT04383,P14,377,450
FACT04383,P12,31,70
FACT02823,P11,219,55
FACT02823,P13,503,350
FACT02823,P08,536,65
FACT02823,P19,348,3800
FACT06475,P08,515,65
FACT06475,P12,336,70
FACT06475,P13,14,350
FACT06475,P09,529,18
FACT09276,P03,295,8000
FACT09276,P09,459,18
FACT09276,P06,488,30
FACT09276,P04,94,3500
FACT02474,P10,591,20
FACT02474,P07,310,28
FACT02474,P04,476,3500
FACT02474,P08,429,65
FACT05586,P19,387,3800
FACT05586,P07,292,28
FACT05586,P20,556,2900
FACT05586,P05,262,45
FACT03695,P17,129,280
FACT03695,P15,463,650
FACT03695,P06,168,30
FACT03695,P14,407,450
FACT05023,P12,400,70
FACT05023,P18,374,900
FACT05023,P01,379,4500
FACT05023,P07,467,28
FACT00640,P20,46,2900
FACT00640,P10,255,20
FACT00640,P17,335,280
FACT00640,P03,591,8000
FACT07350,P03,599,8000
FACT07350,P12,239,70
FACT07350,P11,295,55
FACT07350,P01,114,4500
FACT08649,P01,152,4500
FACT08649,P12,333,70
FACT08649,P17,476,280
FACT08649,P03,182,8000
FACT09503,P11,429,55
FACT09503,P17,172,280
FACT09503,P04,294,3500
FACT09503,P14,548,450
FACT00675,P14,210,450
FACT00675,P20,455,2900
FACT00675,P11,577,55
FACT00675,P05,129,45
FACT09724,P09,499,18
FACT09724,P16,115,800
FACT09724,P06,545,30
FACT09724,P08,152,65
FACT03970,P17,242,280
FACT03970,P09,378,18
FACT03970,P03,118,8000
FACT03970,P05,310,45
FACT02459,P04,242,3500
FACT02459,P11,12,55
FACT02459,P16,476,800
FACT02459,P09,504,18
FACT01565,P14,486,450
FACT01565,P20,166,2900
FACT01565,P05,578,45
FACT01565,P08,526,65
FACT07224,P01,22,4500
FACT07224,P03,173,8000
FACT07224,P18,145,900
FACT07224,P07,435,28
FACT03963,P06,273,30
FACT03963,P09,527,18
FACT03963,P13,300,350
FACT03963,P19,562,3800
FACT08629,P05,140,45
FACT08629,P10,251,20
FACT08629,P18,492,900
FACT08629,P11,175,55
FACT04953,P14,291,450
FACT04953,P02,244,350
FACT04953,P19,105,3800
FACT04953,P11,530,55
FACT05124,P15,489,650
FACT05124,P05,238,45
FACT05124,P13,542,350
FACT05124,P20,553,2900
FACT05740,P16,25,800
FACT05740,P18,95,900
FACT05740,P20,127,2900
FACT05740,P07,88,28
FACT05241,P10,402,20
FACT05241,P11,58,55
FACT05241,P09,467,18
FACT05241,P16,160,800
FACT07749,P03,181,8000
FACT07749,P07,183,28
FACT07749,P02,368,350
FACT07749,P01,403,4500
FACT07066,P04,179,3500
FACT07066,P19,44,3800
FACT07066,P15,100,650
FACT07066,P13,588,350
FACT06301,P20,264,2900
FACT06301,P10,215,20
FACT06301,P03,364,8000
FACT06301,P13,564,350
FACT08854,P05,77,45
FACT08854,P17,512,280
FACT08854,P01,182,4500
FACT08854,P09,569,18
FACT04598,P07,157,28
FACT04598,P16,84,800
FACT04598,P03,491,8000
FACT04598,P08,438,65
FACT00972,P19,62,3800
FACT00972,P01,347,4500
FACT00972,P02,89,350
FACT00972,P15,87,650
FACT09821,P08,43,65
FACT09821,P10,453,20
FACT09821,P17,454,280
FACT09821,P16,552,800
FACT06831,P19,74,3800
FACT06831,P13,544,350
FACT06831,P01,390,4500
FACT06831,P07,408,28
FACT01913,P15,576,650
FACT01913,P18,510,900
FACT01913,P10,483,20
FACT01913,P06,201,30
FACT07141,P02,482,350
FACT07141,P01,189,4500
FACT07141,P09,427,18
FACT07141,P08,370,65
FACT08792,P16,230,800
FACT08792,P09,562,18
FACT08792,P15,238,650
FACT08792,P10,551,20
FACT08357,P09,48,18
FACT08357,P16,255,800
FACT08357,P03,300,8000
FACT08357,P02,151,350
FACT06450,P12,105,70
FACT06450,P01,139,4500
FACT06450,P05,444,45
FACT06450,P09,154,18
FACT06010,P09,45,18
FACT06010,P04,310,3500
FACT06010,P08,289,65
FACT06010,P12,13,70
FACT01922,P20,241,2900
FACT01922,P16,516,800
FACT01922,P08,537,65
FACT01922,P07,416,28
FACT02453,P08,64,65
FACT02453,P09,14,18
FACT02453,P01,208,4500
FACT02453,P18,171,900
FACT00457,P06,495,30
FACT00457,P19,558,3800
FACT00457,P09,386,18
FACT00457,P03,406,8000
FACT05599,P13,498,350
FACT05599,P02,321,350
FACT05599,P04,600,3500
FACT05599,P12,433,70
FACT04208,P13,177,350
FACT04208,P05,195,45
FACT04208,P06,186,30
FACT04208,P01,120,4500
FACT04803,P09,92,18
FACT04803,P05,393,45
FACT04803,P11,231,55
FACT04803,P10,481,20
FACT00593,P13,247,350
FACT00593,P05,170,45
FACT00593,P16,515,800
FACT00593,P10,245,20
FACT06672,P06,117,30
FACT06672,P20,30,2900
FACT06672,P07,164,28
FACT06672,P15,332,650
FACT03696,P20,484,2900
FACT03696,P06,495,30
FACT03696,P07,432,28
FACT03696,P15,89,650
FACT03577,P08,276,65
FACT03577,P20,137,2900
FACT03577,P04,570,3500
FACT03577,P05,525,45
FACT03286,P16,22,800
FACT03286,P08,232,65
FACT03286,P01,212,4500
FACT03286,P15,238,650
FACT03932,P04,149,3500
FACT03932,P19,421,3800
FACT03932,P12,181,70
FACT03932,P11,273,55
FACT06665,P14,355,450
FACT06665,P08,302,65
FACT06665,P09,584,18
FACT06665,P17,518,280
FACT08827,P20,203,2900
FACT08827,P19,169,3800
FACT08827,P18,235,900
FACT08827,P05,506,45
FACT07938,P11,275,55
FACT07938,P14,126,450
FACT07938,P01,342,4500
FACT07938,P03,66,8000
FACT04183,P07,6,28
FACT04183,P14,358,450
FACT04183,P19,416,3800
FACT04183,P11,342,55
FACT07552,P20,171,2900
FACT07552,P07,10,28
FACT07552,P03,355,8000
FACT07552,P04,232,3500
FACT04458,P07,593,28
FACT04458,P08,361,65
FACT04458,P15,28,650
FACT04458,P17,189,280
FACT02436,P19,232,3800
FACT02436,P10,120,20
FACT02436,P04,149,3500
FACT02436,P05,586,45
FACT06094,P12,201,70
FACT06094,P04,502,3500
FACT06094,P11,419,55
FACT06094,P09,399,18
FACT09691,P03,189,8000
FACT09691,P02,466,350
FACT09691,P15,166,650
FACT09691,P04,73,3500
FACT09136,P09,425,18
FACT09136,P10,512,20
FACT09136,P20,570,2900
FACT09136,P15,125,650
FACT04144,P17,22,280
FACT04144,P03,499,8000
FACT04144,P15,152,650
FACT04144,P11,71,55
FACT02787,P08,556,65
FACT02787,P15,546,650
FACT02787,P05,102,45
FACT02787,P12,10,70
FACT04075,P19,119,3800
FACT04075,P15,126,650
FACT04075,P04,182,3500
FACT04075,P06,508,30
FACT05711,P07,477,28
FACT05711,P01,82,4500
FACT05711,P03,314,8000
FACT05711,P15,341,650
FACT07998,P12,506,70
FACT07998,P07,159,28
FACT07998,P06,579,30
FACT07998,P04,236,3500
FACT04099,P13,576,350
FACT04099,P17,103,280
FACT04099,P01,33,4500
FACT04099,P02,213,350
FACT06432,P20,486,2900
FACT06432,P10,277,20
FACT06432,P19,591,3800
FACT06432,P09,560,18
FACT04077,P05,79,45
FACT04077,P18,553,900
FACT04077,P15,324,650
FACT04077,P06,283,30
FACT04136,P15,205,650
FACT04136,P07,27,28
FACT04136,P05,422,45
FACT04136,P11,481,55
FACT01747,P10,522,20
FACT01747,P08,374,65
FACT01747,P15,93,650
FACT01747,P09,53,18
FACT07255,P03,102,8000
FACT07255,P20,533,2900
FACT07255,P05,575,45
FACT07255,P12,36,70
FACT03639,P18,403,900
FACT03639,P03,9,8000
FACT03639,P20,384,2900
FACT03639,P13,79,350
FACT05455,P15,558,650
FACT05455,P14,75,450
FACT05455,P20,362,2900
FACT05455,P06,65,30
FACT00652,P20,484,2900
FACT00652,P19,459,3800
FACT00652,P14,334,450
FACT00652,P02,188,350
FACT00511,P13,398,350
FACT00511,P14,101,450
FACT00511,P10,21,20
FACT00511,P08,477,65
FACT02906,P10,241,20
FACT02906,P18,221,900
FACT02906,P12,392,70
FACT02906,P16,333,800
FACT08056,P14,469,450
FACT08056,P11,394,55
FACT08056,P09,547,18
FACT08056,P19,531,3800
FACT09616,P20,21,2900
FACT09616,P18,474,900
FACT09616,P16,571,800
FACT09616,P07,321,28
FACT06550,P11,438,55
FACT06550,P07,8,28
FACT06550,P06,58,30
FACT06550,P20,286,2900
FACT00766,P14,320,450
FACT00766,P05,475,45
FACT00766,P01,594,4500
FACT00766,P19,229,3800
FACT00292,P02,315,350
FACT00292,P11,64,55
FACT00292,P05,453,45
FACT00292,P14,544,450
FACT03435,P02,588,350
FACT03435,P04,527,3500
FACT03435,P05,574,45
FACT03435,P07,397,28
FACT03478,P10,529,20
FACT03478,P06,226,30
FACT03478,P16,508,800
FACT03478,P03,94,8000
FACT00876,P02,20,350
FACT00876,P11,178,55
FACT00876,P09,370,18
FACT00876,P20,345,2900
FACT04527,P14,144,450
FACT04527,P04,110,3500
FACT04527,P06,258,30
FACT04527,P05,506,45
FACT06209,P04,301,3500
FACT06209,P19,560,3800
FACT06209,P07,391,28
FACT06209,P02,176,350
FACT01006,P10,578,20
FACT01006,P03,409,8000
FACT01006,P01,237,4500
FACT01006,P13,53,350
FACT02746,P16,242,800
FACT02746,P06,236,30
FACT02746,P04,547,3500
FACT02746,P12,80,70
FACT05158,P02,463,350
FACT05158,P16,104,800
FACT05158,P17,520,280
FACT05158,P12,55,70
FACT03500,P09,571,18
FACT03500,P11,327,55
FACT03500,P20,249,2900
FACT03500,P16,431,800
FACT02188,P07,434,28
FACT02188,P14,524,450
FACT02188,P18,574,900
FACT02188,P19,488,3800
FACT05726,P08,457,65
FACT05726,P04,73,3500
FACT05726,P11,199,55
FACT05726,P01,29,4500
FACT03522,P05,296,45
FACT03522,P18,289,900
FACT03522,P03,161,8000
FACT03522,P11,305,55
FACT05971,P12,73,70
FACT05971,P16,452,800
FACT05971,P10,375,20
FACT05971,P13,60,350
FACT05683,P08,56,65
FACT05683,P09,554,18
FACT05683,P16,556,800
FACT05683,P19,42,3800
FACT01636,P10,165,20
FACT01636,P13,318,350
FACT01636,P06,215,30
FACT01636,P01,304,4500
FACT09123,P13,352,350
FACT09123,P02,258,350
FACT09123,P05,596,45
FACT09123,P11,273,55
FACT05215,P06,562,30
FACT05215,P05,344,45
FACT05215,P12,462,70
FACT05215,P09,114,18
FACT04215,P20,95,2900
FACT04215,P18,266,900
FACT04215,P03,512,8000
FACT04215,P01,320,4500
FACT09953,P07,503,28
FACT09953,P16,461,800
FACT09953,P14,145,450
FACT09953,P09,517,18
FACT08933,P17,570,280
FACT08933,P16,420,800
FACT08933,P09,282,18
FACT08933,P03,465,8000
FACT01215,P07,173,28
FACT01215,P18,79,900
FACT01215,P09,229,18
FACT01215,P02,473,350
FACT05794,P15,552,650
FACT05794,P20,127,2900
FACT05794,P19,325,3800
FACT05794,P01,42,4500
FACT06518,P12,572,70
FACT06518,P01,522,4500
FACT06518,P04,72,3500
FACT06518,P10,433,20
FACT09390,P02,497,350
FACT09390,P01,329,4500
FACT09390,P13,243,350
FACT09390,P07,62,28
FACT05292,P05,428,45
FACT05292,P03,197,8000
FACT05292,P18,383,900
FACT05292,P12,481,70
FACT03284,P14,445,450
FACT03284,P06,555,30
FACT03284,P09,331,18
FACT03284,P05,244,45
FACT04249,P04,225,3500
FACT04249,P02,148,350
FACT04249,P12,512,70
FACT04249,P17,147,280
FACT04122,P09,87,18
FACT04122,P05,117,45
FACT04122,P19,500,3800
FACT04122,P04,521,3500
FACT09270,P02,549,350
FACT09270,P05,8,45
FACT09270,P12,395,70
FACT09270,P09,324,18
FACT02275,P14,242,450
FACT02275,P10,563,20
FACT02275,P17,276,280
FACT02275,P09,271,18
FACT01832,P12,54,70
FACT01832,P01,384,4500
FACT01832,P19,24,3800
FACT01832,P11,37,55
FACT01232,P09,336,18
FACT01232,P12,486,70
FACT01232,P08,532,65
FACT01232,P01,321,4500
FACT07657,P01,521,4500
FACT07657,P17,311,280
FACT07657,P03,558,8000
FACT07657,P14,323,450
FACT01791,P01,68,4500
FACT01791,P13,313,350
FACT01791,P09,565,18
FACT01791,P07,456,28
FACT09294,P16,483,800
FACT09294,P20,181,2900
FACT09294,P01,94,4500
FACT09294,P17,261,280
FACT07299,P14,379,450
FACT07299,P07,262,28
FACT07299,P13,494,350
FACT07299,P11,479,55
FACT03411,P05,413,45
FACT03411,P03,147,8000
FACT03411,P13,509,350
FACT03411,P01,251,4500
FACT06267,P14,469,450
FACT06267,P16,461,800
FACT06267,P06,595,30
FACT06267,P11,322,55
FACT08155,P03,159,8000
FACT08155,P15,529,650
FACT08155,P08,457,65
FACT08155,P01,174,4500
FACT09016,P11,458,55
FACT09016,P01,567,4500
FACT09016,P02,559,350
FACT09016,P06,152,30
FACT05908,P20,58,2900
FACT05908,P12,16,70
FACT05908,P15,398,650
FACT05908,P13,408,350
FACT08307,P17,92,280
FACT08307,P11,583,55
FACT08307,P13,338,350
FACT08307,P09,162,18
FACT05890,P17,464,280
FACT05890,P15,451,650
FACT05890,P07,486,28
FACT05890,P19,267,3800
FACT05824,P06,379,30
FACT05824,P19,354,3800
FACT05824,P07,359,28
FACT05824,P13,449,350
FACT06728,P06,426,30
FACT06728,P16,568,800
FACT06728,P01,24,4500
FACT06728,P05,545,45
FACT05257,P10,175,20
FACT05257,P19,171,3800
FACT05257,P09,292,18
FACT05257,P01,310,4500
FACT00919,P20,205,2900
FACT00919,P09,290,18
FACT00919,P11,52,55
FACT00919,P03,105,8000
FACT06885,P11,83,55
FACT06885,P05,434,45
FACT06885,P16,555,800
FACT06885,P18,345,900
FACT06237,P01,596,4500
FACT06237,P18,141,900
FACT06237,P10,132,20
FACT06237,P03,576,8000
FACT06259,P14,466,450
FACT06259,P03,502,8000
FACT06259,P20,450,2900
FACT06259,P10,392,20
FACT05355,P03,344,8000
FACT05355,P12,551,70
FACT05355,P06,266,30
FACT05355,P07,315,28
FACT09494,P03,311,8000
FACT09494,P08,427,65
FACT09494,P20,470,2900
FACT09494,P15,331,650
FACT06754,P02,249,350
FACT06754,P05,277,45
FACT06754,P03,428,8000
FACT06754,P13,552,350
FACT07637,P02,120,350
FACT07637,P01,266,4500
FACT07637,P08,258,65
FACT07637,P19,93,3800
FACT00278,P18,192,900
FACT00278,P09,87,18
FACT00278,P05,287,45
FACT00278,P13,564,350
FACT03156,P16,327,800
FACT03156,P13,58,350
FACT03156,P02,283,350
FACT03156,P08,299,65
FACT08942,P11,228,55
FACT08942,P14,115,450
FACT08942,P15,54,650
FACT08942,P07,76,28
FACT05235,P06,23,30
FACT05235,P04,401,3500
FACT05235,P14,121,450
FACT05235,P01,578,4500
FACT03437,P11,507,55
FACT03437,P16,18,800
FACT03437,P10,396,20
FACT03437,P17,17,280
FACT03161,P02,598,350
FACT03161,P18,99,900
FACT03161,P09,174,18
FACT03161,P20,483,2900
FACT08753,P18,497,900
FACT08753,P06,280,30
FACT08753,P20,459,2900
FACT08753,P03,537,8000
FACT06394,P07,562,28
FACT06394,P18,116,900
FACT06394,P08,344,65
FACT06394,P13,96,350
FACT05492,P13,341,350
FACT05492,P14,418,450
FACT05492,P18,81,900
FACT05492,P17,459,280
FACT08624,P17,327,280
FACT08624,P06,48,30
FACT08624,P04,396,3500
FACT08624,P11,585,55
FACT04746,P11,175,55
FACT04746,P20,190,2900
FACT04746,P06,122,30
FACT04746,P05,272,45
FACT05376,P08,324,65
FACT05376,P17,531,280
FACT05376,P15,285,650
FACT05376,P04,98,3500
FACT04097,P10,171,20
FACT04097,P18,148,900
FACT04097,P19,54,3800
FACT04097,P08,85,65
FACT08409,P16,369,800
FACT08409,P03,197,8000
FACT08409,P10,149,20
FACT08409,P19,241,3800
FACT00843,P16,443,800
FACT00843,P08,246,65
FACT00843,P17,207,280
FACT00843,P09,61,18
FACT07437,P01,523,4500
FACT07437,P03,473,8000
FACT07437,P02,232,350
FACT07437,P20,281,2900
FACT05988,P10,172,20
FACT05988,P05,170,45
FACT05988,P19,87,3800
FACT05988,P02,20,350
FACT04751,P07,397,28
FACT04751,P02,544,350
FACT04751,P01,457,4500
FACT04751,P10,41,20
FACT03676,P13,7,350
FACT03676,P06,36,30
FACT03676,P05,453,45
FACT03676,P04,339,3500
FACT01220,P16,582,800
FACT01220,P03,360,8000
FACT01220,P02,88,350
FACT01220,P11,97,55
FACT04991,P01,301,4500
FACT04991,P05,62,45
FACT04991,P07,68,28
FACT04991,P19,451,3800
FACT01602,P10,504,20
FACT01602,P14,18,450
FACT01602,P11,382,55
FACT01602,P20,288,2900
FACT09472,P19,573,3800
FACT09472,P10,212,20
FACT09472,P09,138,18
FACT09472,P01,326,4500
FACT01719,P09,168,18
FACT01719,P13,562,350
FACT01719,P16,545,800
FACT01719,P15,156,650
FACT07856,P19,501,3800
FACT07856,P12,156,70
FACT07856,P08,165,65
FACT07856,P16,328,800
FACT01124,P15,584,650
FACT01124,P03,509,8000
FACT01124,P04,570,3500
FACT01124,P17,78,280
FACT05120,P02,522,350
FACT05120,P05,206,45
FACT05120,P15,15,650
FACT05120,P18,229,900
FACT07895,P08,57,65
FACT07895,P12,378,70
FACT07895,P01,472,4500
FACT07895,P02,222,350
FACT02692,P03,24,8000
FACT02692,P14,117,450
FACT02692,P10,185,20
FACT02692,P20,411,2900
FACT07538,P11,547,55
FACT07538,P12,147,70
FACT07538,P02,585,350
FACT07538,P15,161,650
FACT02523,P20,335,2900
FACT02523,P01,72,4500
FACT02523,P10,334,20
FACT02523,P05,39,45
FACT06060,P11,235,55
FACT06060,P02,485,350
FACT06060,P16,530,800
FACT06060,P18,24,900
FACT06287,P01,549,4500
FACT06287,P15,564,650
FACT06287,P06,480,30
FACT06287,P16,89,800
FACT09748,P03,421,8000
FACT09748,P10,341,20
FACT09748,P11,101,55
FACT09748,P17,228,280
FACT08205,P08,37,65
FACT08205,P18,385,900
FACT08205,P06,39,30
FACT08205,P02,487,350
FACT06012,P20,385,2900
FACT06012,P11,446,55
FACT06012,P05,99,45
FACT06012,P18,359,900
FACT03958,P06,206,30
FACT03958,P13,272,350
FACT03958,P12,419,70
FACT03958,P05,9,45
FACT08164,P15,506,650
FACT08164,P13,314,350
FACT08164,P04,140,3500
FACT08164,P12,543,70
FACT06574,P10,495,20
FACT06574,P03,15,8000
FACT06574,P09,180,18
FACT06574,P07,487,28
FACT07525,P08,146,65
FACT07525,P09,303,18
FACT07525,P04,383,3500
FACT07525,P18,336,900
FACT01168,P01,151,4500
FACT01168,P02,512,350
FACT01168,P06,438,30
FACT01168,P10,349,20
FACT00620,P08,73,65
FACT00620,P05,226,45
FACT00620,P01,262,4500
FACT00620,P12,157,70
FACT06304,P12,234,70
FACT06304,P13,534,350
FACT06304,P08,128,65
FACT06304,P06,396,30
FACT05594,P19,100,3800
FACT05594,P03,43,8000
FACT05594,P12,191,70
FACT05594,P11,45,55
FACT04372,P06,489,30
FACT04372,P03,302,8000
FACT04372,P01,460,4500
FACT04372,P12,543,70
FACT00359,P13,136,350
FACT00359,P04,121,3500
FACT00359,P17,45,280
FACT00359,P03,287,8000
FACT05538,P01,407,4500
FACT05538,P14,338,450
FACT05538,P15,265,650
FACT05538,P13,575,350
FACT06898,P05,88,45
FACT06898,P09,215,18
FACT06898,P03,493,8000
FACT06898,P02,218,350
FACT02923,P14,128,450
FACT02923,P06,241,30
FACT02923,P13,494,350
FACT02923,P05,357,45
FACT05090,P14,328,450
FACT05090,P07,313,28
FACT05090,P17,575,280
FACT05090,P20,114,2900
FACT00702,P15,578,650
FACT00702,P16,178,800
FACT00702,P10,504,20
FACT00702,P20,367,2900
FACT01893,P20,491,2900
FACT01893,P19,387,3800
FACT01893,P17,461,280
FACT01893,P18,490,900
FACT01509,P18,450,900
FACT01509,P03,110,8000
FACT01509,P16,59,800
FACT01509,P13,252,350
FACT04267,P03,137,8000
FACT04267,P17,596,280
FACT04267,P13,554,350
FACT04267,P10,179,20
FACT06009,P13,18,350
FACT06009,P15,251,650
FACT06009,P03,319,8000
FACT06009,P05,315,45
FACT02583,P13,341,350
FACT02583,P19,458,3800
FACT02583,P18,242,900
FACT02583,P14,246,450
FACT02130,P01,353,4500
FACT02130,P12,409,70
FACT02130,P15,500,650
FACT02130,P19,304,3800
FACT06239,P08,78,65
FACT06239,P13,269,350
FACT06239,P14,339,450
FACT06239,P02,536,350
FACT09866,P16,368,800
FACT09866,P13,554,350
FACT09866,P14,367,450
FACT09866,P09,160,18
FACT06835,P20,182,2900
FACT06835,P01,291,4500
FACT06835,P12,42,70
FACT06835,P02,493,350
FACT00117,P10,516,20
FACT00117,P14,450,450
FACT00117,P09,197,18
FACT00117,P02,459,350
FACT02722,P16,191,800
FACT02722,P13,585,350
FACT02722,P15,15,650
FACT02722,P19,259,3800
FACT01518,P16,339,800
FACT01518,P01,234,4500
FACT01518,P13,418,350
FACT01518,P15,524,650
FACT08997,P19,581,3800
FACT08997,P01,407,4500
FACT08997,P08,355,65
FACT08997,P12,158,70
FACT01112,P18,401,900
FACT01112,P07,443,28
FACT01112,P12,207,70
FACT01112,P05,500,45
FACT02853,P18,156,900
FACT02853,P07,35,28
FACT02853,P14,176,450
FACT02853,P10,460,20
FACT06478,P01,430,4500
FACT06478,P15,539,650
FACT06478,P10,113,20
FACT06478,P09,205,18
FACT05860,P03,114,8000
FACT05860,P08,536,65
FACT05860,P06,358,30
FACT05860,P13,106,350
FACT04693,P03,80,8000
FACT04693,P19,100,3800
FACT04693,P09,371,18
FACT04693,P04,173,3500
FACT05548,P10,124,20
FACT05548,P02,270,350
FACT05548,P20,378,2900
FACT05548,P04,19,3500
FACT05085,P19,524,3800
FACT05085,P05,467,45
FACT05085,P11,305,55
FACT05085,P08,10,65
FACT01180,P18,439,900
FACT01180,P13,96,350
FACT01180,P05,389,45
FACT01180,P01,288,4500
FACT07017,P14,589,450
FACT07017,P01,332,4500
FACT07017,P03,249,8000
FACT07017,P06,26,30
FACT08995,P04,233,3500
FACT08995,P13,569,350
FACT08995,P19,231,3800
FACT08995,P11,65,55
FACT04300,P16,22,800
FACT04300,P04,28,3500
FACT04300,P09,55,18
FACT04300,P08,548,65
FACT09760,P13,354,350
FACT09760,P15,323,650
FACT09760,P03,141,8000
FACT09760,P12,45,70
FACT04227,P20,57,2900
FACT04227,P03,158,8000
FACT04227,P11,377,55
FACT04227,P09,125,18
FACT08183,P20,98,2900
FACT08183,P07,110,28
FACT08183,P10,199,20
FACT08183,P18,420,900
FACT01052,P05,204,45
FACT01052,P10,6,20
FACT01052,P14,500,450
FACT01052,P02,389,350
FACT03251,P05,296,45
FACT03251,P08,111,65
FACT03251,P14,566,450
FACT03251,P20,320,2900
FACT08389,P02,180,350
FACT08389,P12,281,70
FACT08389,P05,364,45
FACT08389,P20,93,2900
FACT07257,P16,204,800
FACT07257,P11,185,55
FACT07257,P06,286,30
FACT07257,P19,159,3800
FACT02866,P15,39,650
FACT02866,P13,45,350
FACT02866,P14,228,450
FACT02866,P03,388,8000
FACT06620,P08,79,65
FACT06620,P17,427,280
FACT06620,P09,546,18
FACT06620,P03,186,8000
FACT05512,P04,417,3500
FACT05512,P14,287,450
FACT05512,P18,144,900
FACT05512,P07,31,28
FACT02290,P20,257,2900
FACT02290,P04,229,3500
FACT02290,P03,443,8000
FACT02290,P19,361,3800
FACT04784,P05,91,45
FACT04784,P04,114,3500
FACT04784,P02,566,350
FACT04784,P12,78,70
FACT08486,P09,268,18
FACT08486,P05,505,45
FACT08486,P06,182,30
FACT08486,P16,537,800
FACT09108,P17,392,280
FACT09108,P11,23,55
FACT09108,P04,480,3500
FACT09108,P15,370,650
FACT09388,P05,167,45
FACT09388,P04,253,3500
FACT09388,P01,91,4500
FACT09388,P14,410,450
FACT04846,P06,176,30
FACT04846,P03,140,8000
FACT04846,P13,504,350
FACT04846,P19,591,3800
FACT05518,P12,102,70
FACT05518,P07,205,28
FACT05518,P02,20,350
FACT05518,P15,245,650
FACT09443,P12,227,70
FACT09443,P13,104,350
FACT09443,P08,170,65
FACT09443,P05,468,45
FACT04877,P09,511,18
FACT04877,P18,229,900
FACT04877,P17,103,280
FACT04877,P01,159,4500
FACT06414,P20,593,2900
FACT06414,P02,248,350
FACT06414,P11,550,55
FACT06414,P10,285,20
FACT09972,P08,336,65
FACT09972,P06,81,30
FACT09972,P04,338,3500
FACT09972,P18,355,900
FACT03463,P15,191,650
FACT03463,P14,205,450
FACT03463,P07,224,28
FACT03463,P05,439,45
FACT00018,P05,226,45
FACT00018,P15,90,650
FACT00018,P01,125,4500
FACT00018,P17,245,280
FACT06917,P10,390,20
FACT06917,P06,168,30
FACT06917,P15,312,650
FACT06917,P16,565,800
FACT01559,P19,332,3800
FACT01559,P16,360,800
FACT01559,P13,466,350
FACT01559,P12,558,70
FACT01265,P06,173,30
FACT01265,P09,494,18
FACT01265,P15,599,650
FACT01265,P12,381,70
FACT00161,P17,193,280
FACT00161,P20,185,2900
FACT00161,P16,417,800
FACT00161,P04,28,3500
FACT02597,P05,389,45
FACT02597,P11,139,55
FACT02597,P10,49,20
FACT02597,P14,495,450
FACT02166,P19,195,3800
FACT02166,P20,296,2900
FACT02166,P10,364,20
FACT02166,P18,373,900
FACT09835,P01,561,4500
FACT09835,P08,590,65
FACT09835,P14,495,450
FACT09835,P15,473,650
FACT06737,P17,117,280
FACT06737,P07,466,28
FACT06737,P15,392,650
FACT06737,P09,59,18
FACT04576,P12,106,70
FACT04576,P20,162,2900
FACT04576,P17,520,280
FACT04576,P18,245,900
FACT04272,P13,59,350
FACT04272,P08,535,65
FACT04272,P20,153,2900
FACT04272,P05,130,45
FACT00580,P08,400,65
FACT00580,P18,272,900
FACT00580,P20,542,2900
FACT00580,P05,419,45
FACT06182,P01,115,4500
FACT06182,P15,369,650
FACT06182,P14,124,450
FACT06182,P19,220,3800
FACT04449,P17,582,280
FACT04449,P18,336,900
FACT04449,P03,137,8000
FACT04449,P04,48,3500
FACT01524,P01,599,4500
FACT01524,P03,211,8000
FACT01524,P07,354,28
FACT01524,P08,197,65
FACT00275,P07,311,28
FACT00275,P18,318,900
FACT00275,P14,189,450
FACT00275,P04,340,3500
FACT06277,P04,313,3500
FACT06277,P07,272,28
FACT06277,P14,529,450
FACT06277,P12,27,70
FACT05725,P12,237,70
FACT05725,P19,284,3800
FACT05725,P04,95,3500
FACT05725,P13,482,350
FACT06370,P16,471,800
FACT06370,P10,370,20
FACT06370,P07,524,28
FACT06370,P15,154,650
FACT08614,P03,279,8000
FACT08614,P08,388,65
FACT08614,P10,230,20
FACT08614,P13,542,350
FACT09542,P17,255,280
FACT09542,P09,447,18
FACT09542,P13,465,350
FACT09542,P06,297,30
FACT02058,P02,336,350
FACT02058,P17,543,280
FACT02058,P09,565,18
FACT02058,P10,159,20
FACT09155,P15,303,650
FACT09155,P09,321,18
FACT09155,P14,94,450
FACT09155,P05,546,45
FACT09343,P02,275,350
FACT09343,P01,515,4500
FACT09343,P04,566,3500
FACT09343,P10,378,20
FACT07407,P12,171,70
FACT07407,P14,134,450
FACT07407,P13,179,350
FACT07407,P10,583,20
FACT05517,P12,285,70
FACT05517,P10,61,20
FACT05517,P11,144,55
FACT05517,P17,240,280
FACT04442,P18,183,900
FACT04442,P08,364,65
FACT04442,P20,480,2900
FACT04442,P02,91,350
FACT08456,P15,557,650
FACT08456,P05,486,45
FACT08456,P14,223,450
FACT08456,P12,594,70
FACT06488,P04,568,3500
FACT06488,P05,20,45
FACT06488,P08,306,65
FACT06488,P01,59,4500
FACT00410,P02,402,350
FACT00410,P06,391,30
FACT00410,P08,537,65
FACT00410,P03,235,8000
FACT02128,P07,181,28
FACT02128,P20,301,2900
FACT02128,P05,51,45
FACT02128,P01,327,4500
FACT04712,P16,125,800
FACT04712,P13,244,350
FACT04712,P15,184,650
FACT04712,P18,166,900
FACT00558,P06,579,30
FACT00558,P16,183,800
FACT00558,P10,271,20
FACT00558,P02,425,350
FACT04653,P19,522,3800
FACT04653,P18,211,900
FACT04653,P01,184,4500
FACT04653,P02,524,350
FACT07145,P16,104,800
FACT07145,P08,596,65
FACT07145,P01,406,4500
FACT07145,P03,177,8000
FACT05140,P11,162,55
FACT05140,P08,116,65
FACT05140,P03,266,8000
FACT05140,P04,13,3500
FACT01033,P10,59,20
FACT01033,P15,268,650
FACT01033,P13,518,350
FACT01033,P05,88,45
FACT02619,P04,370,3500
FACT02619,P10,375,20
FACT02619,P17,291,280
FACT02619,P12,107,70
FACT03151,P01,401,4500
FACT03151,P18,521,900
FACT03151,P15,444,650
FACT03151,P06,509,30
FACT07909,P06,242,30
FACT07909,P11,169,55
FACT07909,P12,288,70
FACT07909,P16,136,800
FACT04875,P03,438,8000
FACT04875,P12,104,70
FACT04875,P18,521,900
FACT04875,P08,176,65
FACT09505,P17,162,280
FACT09505,P14,496,450
FACT09505,P10,356,20
FACT09505,P08,38,65
FACT01839,P04,508,3500
FACT01839,P18,422,900
FACT01839,P07,594,28
FACT01839,P01,535,4500
FACT04593,P06,277,30
FACT04593,P10,588,20
FACT04593,P08,241,65
FACT04593,P19,211,3800
FACT04177,P10,486,20
FACT04177,P13,503,350
FACT04177,P03,540,8000
FACT04177,P15,478,650
FACT04187,P03,446,8000
FACT04187,P05,584,45
FACT04187,P15,266,650
FACT04187,P12,454,70
FACT04885,P02,343,350
FACT04885,P20,120,2900
FACT04885,P18,183,900
FACT04885,P13,481,350
FACT09495,P11,496,55
FACT09495,P02,552,350
FACT09495,P15,525,650
FACT09495,P20,236,2900
FACT04481,P14,250,450
FACT04481,P10,290,20
FACT04481,P13,453,350
FACT04481,P20,184,2900
FACT08471,P03,108,8000
FACT08471,P19,178,3800
FACT08471,P10,120,20
FACT08471,P13,377,350
FACT08795,P07,90,28
FACT08795,P05,407,45
FACT08795,P02,67,350
FACT08795,P18,115,900
FACT03867,P07,284,28
FACT03867,P06,90,30
FACT03867,P10,588,20
FACT03867,P15,593,650
FACT00268,P18,569,900
FACT00268,P07,87,28
FACT00268,P03,261,8000
FACT00268,P09,346,18
FACT04844,P01,234,4500
FACT04844,P08,474,65
FACT04844,P07,402,28
FACT04844,P16,64,800
FACT03196,P10,102,20
FACT03196,P03,588,8000
FACT03196,P04,540,3500
FACT03196,P17,146,280
FACT07362,P02,374,350
FACT07362,P07,413,28
FACT07362,P01,531,4500
FACT07362,P05,453,45
FACT04062,P02,155,350
FACT04062,P09,122,18
FACT04062,P15,437,650
FACT04062,P10,76,20
FACT05283,P07,469,28
FACT05283,P20,99,2900
FACT05283,P10,322,20
FACT05283,P16,397,800
FACT04987,P11,549,55
FACT04987,P08,146,65
FACT04987,P06,85,30
FACT04987,P12,586,70
FACT03439,P12,119,70
FACT03439,P13,468,350
FACT03439,P17,387,280
FACT03439,P08,535,65
FACT03906,P13,130,350
FACT03906,P19,526,3800
FACT03906,P18,368,900
FACT03906,P15,99,650
FACT03499,P15,249,650
FACT03499,P09,147,18
FACT03499,P18,69,900
FACT03499,P01,437,4500
FACT08599,P05,94,45
FACT08599,P01,467,4500
FACT08599,P14,97,450
FACT08599,P12,299,70
FACT00414,P09,352,18
FACT00414,P08,482,65
FACT00414,P06,221,30
FACT00414,P07,485,28
FACT08231,P03,351,8000
FACT08231,P05,489,45
FACT08231,P10,113,20
FACT08231,P11,553,55
FACT03706,P16,300,800
FACT03706,P14,350,450
FACT03706,P04,539,3500
FACT03706,P15,249,650
FACT09307,P04,168,3500
FACT09307,P05,172,45
FACT09307,P09,379,18
FACT09307,P11,35,55
FACT08777,P12,563,70
FACT08777,P14,376,450
FACT08777,P04,144,3500
FACT08777,P17,226,280
FACT06050,P07,283,28
FACT06050,P14,13,450
FACT06050,P08,58,65
FACT06050,P16,369,800
FACT02831,P04,210,3500
FACT02831,P16,447,800
FACT02831,P12,410,70
FACT02831,P15,284,650
FACT09540,P08,20,65
FACT09540,P04,319,3500
FACT09540,P19,236,3800
FACT09540,P12,378,70
FACT00941,P15,78,650
FACT00941,P03,384,8000
FACT00941,P09,84,18
FACT00941,P10,79,20
FACT02669,P13,554,350
FACT02669,P04,254,3500
FACT02669,P15,589,650
FACT02669,P12,145,70
FACT02022,P14,455,450
FACT02022,P20,439,2900
FACT02022,P05,206,45
FACT02022,P19,185,3800
FACT06752,P18,230,900
FACT06752,P13,436,350
FACT06752,P01,138,4500
FACT06752,P02,362,350
FACT02889,P13,443,350
FACT02889,P19,321,3800
FACT02889,P18,593,900
FACT02889,P03,448,8000
FACT07958,P18,406,900
FACT07958,P08,23,65
FACT07958,P01,40,4500
FACT07958,P14,352,450
FACT01611,P15,11,650
FACT01611,P18,47,900
FACT01611,P14,86,450
FACT01611,P01,342,4500
FACT06439,P05,93,45
FACT06439,P14,135,450
FACT06439,P07,319,28
FACT06439,P20,364,2900
FACT05936,P15,508,650
FACT05936,P02,136,350
FACT05936,P17,418,280
FACT05936,P11,234,55
FACT08381,P06,245,30
FACT08381,P07,483,28
FACT08381,P11,409,55
FACT08381,P05,422,45
FACT07305,P14,313,450
FACT07305,P07,579,28
FACT07305,P12,188,70
FACT07305,P01,246,4500
FACT02258,P03,284,8000
FACT02258,P11,221,55
FACT02258,P08,579,65
FACT02258,P15,228,650
FACT06887,P15,433,650
FACT06887,P02,577,350
FACT06887,P14,247,450
FACT06887,P19,93,3800
FACT00833,P07,253,28
FACT00833,P19,536,3800
FACT00833,P08,168,65
FACT00833,P15,178,650
FACT02248,P20,198,2900
FACT02248,P18,260,900
FACT02248,P14,354,450
FACT02248,P11,522,55
FACT05642,P06,10,30
FACT05642,P05,585,45
FACT05642,P20,180,2900
FACT05642,P16,465,800
FACT04396,P15,576,650
FACT04396,P13,198,350
FACT04396,P05,521,45
FACT04396,P08,289,65
FACT01149,P12,454,70
FACT01149,P10,34,20
FACT01149,P09,44,18
FACT01149,P01,214,4500
FACT09931,P02,381,350
FACT09931,P01,495,4500
FACT09931,P07,215,28
FACT09931,P14,287,450
FACT06004,P10,445,20
FACT06004,P13,163,350
FACT06004,P15,558,650
FACT06004,P14,370,450
FACT08242,P03,163,8000
FACT08242,P14,548,450
FACT08242,P11,494,55
FACT08242,P09,137,18
FACT07198,P02,67,350
FACT07198,P03,449,8000
FACT07198,P11,567,55
FACT07198,P07,126,28
FACT05260,P11,11,55
FACT05260,P19,588,3800
FACT05260,P20,402,2900
FACT05260,P06,487,30
FACT08170,P08,301,65
FACT08170,P16,280,800
FACT08170,P09,495,18
FACT08170,P11,337,55
FACT01723,P08,469,65
FACT01723,P14,198,450
FACT01723,P02,111,350
FACT01723,P13,121,350
FACT07200,P02,586,350
FACT07200,P10,427,20
FACT07200,P03,584,8000
FACT07200,P06,383,30
FACT06880,P06,561,30
FACT06880,P14,506,450
FACT06880,P04,191,3500
FACT06880,P18,369,900
FACT08423,P13,489,350
FACT08423,P08,275,65
FACT08423,P14,543,450
FACT08423,P06,443,30
FACT01454,P06,179,30
FACT01454,P02,22,350
FACT01454,P03,541,8000
FACT01454,P15,49,650
FACT03690,P18,271,900
FACT03690,P14,51,450
FACT03690,P10,585,20
FACT03690,P11,122,55
FACT01972,P01,326,4500
FACT01972,P15,574,650
FACT01972,P19,138,3800
FACT01972,P14,36,450
FACT07911,P14,118,450
FACT07911,P17,364,280
FACT07911,P02,584,350
FACT07911,P12,485,70
FACT00585,P08,576,65
FACT00585,P04,105,3500
FACT00585,P02,388,350
FACT00585,P05,424,45
FACT02852,P14,311,450
FACT02852,P11,573,55
FACT02852,P12,205,70
FACT02852,P19,532,3800
FACT09099,P01,315,4500
FACT09099,P09,581,18
FACT09099,P19,524,3800
FACT09099,P04,387,3500
FACT04757,P13,162,350
FACT04757,P07,322,28
FACT04757,P16,99,800
FACT04757,P05,440,45
FACT07205,P04,46,3500
FACT07205,P12,224,70
FACT07205,P19,586,3800
FACT07205,P10,171,20
FACT08406,P19,548,3800
FACT08406,P01,226,4500
FACT08406,P02,250,350
FACT08406,P07,500,28
FACT09630,P01,56,4500
FACT09630,P12,167,70
FACT09630,P02,352,350
FACT09630,P18,342,900
FACT02090,P08,153,65
FACT02090,P05,325,45
FACT02090,P17,203,280
FACT02090,P13,232,350
FACT09335,P01,359,4500
FACT09335,P18,345,900
FACT09335,P07,107,28
FACT09335,P16,455,800
FACT06121,P09,227,18
FACT06121,P18,445,900
FACT06121,P07,113,28
FACT06121,P05,63,45
FACT07253,P11,427,55
FACT07253,P16,538,800
FACT07253,P09,166,18
FACT07253,P13,486,350
FACT07219,P05,573,45
FACT07219,P14,127,450
FACT07219,P03,247,8000
FACT07219,P07,265,28
FACT02511,P15,331,650
FACT02511,P18,409,900
FACT02511,P17,209,280
FACT02511,P02,265,350
FACT03131,P17,38,280
FACT03131,P11,508,55
FACT03131,P09,41,18
FACT03131,P05,131,45
FACT07155,P06,491,30
FACT07155,P13,574,350
FACT07155,P15,325,650
FACT07155,P02,228,350
FACT05451,P14,64,450
FACT05451,P06,502,30
FACT05451,P04,199,3500
FACT05451,P20,589,2900
FACT01685,P07,52,28
FACT01685,P13,324,350
FACT01685,P12,204,70
FACT01685,P16,133,800
FACT09238,P07,260,28
FACT09238,P18,50,900
FACT09238,P13,117,350
FACT09238,P04,395,3500
FACT07563,P03,583,8000
FACT07563,P17,65,280
FACT07563,P16,88,800
FACT07563,P11,29,55
FACT09173,P06,537,30
FACT09173,P17,121,280
FACT09173,P13,34,350
FACT09173,P11,600,55
FACT07567,P04,22,3500
FACT07567,P12,310,70
FACT07567,P01,396,4500
FACT07567,P05,523,45
FACT01166,P13,459,350
FACT01166,P19,88,3800
FACT01166,P14,453,450
FACT01166,P10,58,20
FACT03199,P08,298,65
FACT03199,P04,187,3500
FACT03199,P11,291,55
FACT03199,P05,328,45
FACT05168,P04,467,3500
FACT05168,P12,96,70
FACT05168,P09,529,18
FACT05168,P20,302,2900
FACT00837,P01,43,4500
FACT00837,P09,321,18
FACT00837,P10,499,20
FACT00837,P02,378,350
FACT01349,P12,438,70
FACT01349,P07,139,28
FACT01349,P17,526,280
FACT01349,P08,435,65
FACT07672,P07,251,28
FACT07672,P02,228,350
FACT07672,P10,38,20
FACT07672,P19,265,3800
FACT00630,P12,450,70
FACT00630,P03,233,8000
FACT00630,P01,232,4500
FACT00630,P06,452,30
FACT06978,P15,132,650
FACT06978,P07,92,28
FACT06978,P19,290,3800
FACT06978,P12,106,70
FACT03602,P13,462,350
FACT03602,P02,284,350
FACT03602,P04,93,3500
FACT03602,P12,33,70
FACT00987,P02,330,350
FACT00987,P11,296,55
FACT00987,P06,207,30
FACT00987,P03,222,8000
FACT06392,P09,145,18
FACT06392,P11,368,55
FACT06392,P12,564,70
FACT06392,P04,194,3500
FACT07903,P05,225,45
FACT07903,P12,349,70
FACT07903,P16,263,800
FACT07903,P04,218,3500
FACT03484,P13,546,350
FACT03484,P07,284,28
FACT03484,P05,11,45
FACT03484,P01,63,4500
FACT00179,P11,312,55
FACT00179,P08,562,65
FACT00179,P07,465,28
FACT00179,P14,244,450
FACT03303,P06,531,30
FACT03303,P19,255,3800
FACT03303,P08,466,65
FACT03303,P15,251,650
FACT02856,P20,129,2900
FACT02856,P16,515,800
FACT02856,P06,293,30
FACT02856,P01,124,4500
FACT03837,P03,216,8000
FACT03837,P10,337,20
FACT03837,P07,560,28
FACT03837,P20,142,2900
FACT01680,P16,514,800
FACT01680,P01,403,4500
FACT01680,P17,451,280
FACT01680,P07,65,28
FACT07524,P09,485,18
FACT07524,P12,318,70
FACT07524,P13,286,350
FACT07524,P14,167,450
FACT07683,P05,8,45
FACT07683,P20,532,2900
FACT07683,P10,298,20
FACT07683,P19,97,3800
FACT04280,P04,76,3500
FACT04280,P16,218,800
FACT04280,P09,63,18
FACT04280,P05,51,45
FACT02388,P10,562,20
FACT02388,P11,492,55
FACT02388,P03,260,8000
FACT02388,P01,437,4500
FACT05088,P11,431,55
FACT05088,P03,137,8000
FACT05088,P08,564,65
FACT05088,P20,9,2900
FACT02714,P14,367,450
FACT02714,P06,582,30
FACT02714,P09,94,18
FACT02714,P19,61,3800
FACT05568,P17,182,280
FACT05568,P15,264,650
FACT05568,P11,526,55
FACT05568,P18,141,900
FACT07103,P04,478,3500
FACT07103,P02,228,350
FACT07103,P14,171,450
FACT07103,P08,152,65
FACT01648,P20,124,2900
FACT01648,P10,418,20
FACT01648,P08,404,65
FACT01648,P05,89,45
FACT07382,P15,418,650
FACT07382,P16,488,800
FACT07382,P04,438,3500
FACT07382,P19,154,3800
FACT07745,P20,374,2900
FACT07745,P09,361,18
FACT07745,P02,391,350
FACT07745,P16,569,800
FACT00249,P20,526,2900
FACT00249,P04,294,3500
FACT00249,P11,15,55
FACT00249,P02,140,350
FACT09863,P10,97,20
FACT09863,P12,377,70
FACT09863,P01,201,4500
FACT09863,P17,81,280
FACT09705,P18,80,900
FACT09705,P19,145,3800
FACT09705,P09,291,18
FACT09705,P06,297,30
FACT07140,P11,498,55
FACT07140,P12,130,70
FACT07140,P08,524,65
FACT07140,P17,497,280
FACT00428,P09,176,18
FACT00428,P18,497,900
FACT00428,P17,565,280
FACT00428,P19,501,3800
FACT00374,P14,513,450
FACT00374,P07,360,28
FACT00374,P02,415,350
FACT00374,P03,225,8000
FACT07943,P14,425,450
FACT07943,P04,494,3500
FACT07943,P11,207,55
FACT07943,P19,190,3800
FACT03832,P19,279,3800
FACT03832,P07,268,28
FACT03832,P14,325,450
FACT03832,P05,544,45
FACT00551,P13,136,350
FACT00551,P01,95,4500
FACT00551,P17,144,280
FACT00551,P15,570,650
FACT07550,P03,167,8000
FACT07550,P13,531,350
FACT07550,P12,26,70
FACT07550,P20,186,2900
FACT01408,P20,395,2900
FACT01408,P08,259,65
FACT01408,P12,560,70
FACT01408,P05,458,45
FACT03001,P12,18,70
FACT03001,P15,567,650
FACT03001,P16,180,800
FACT03001,P14,32,450
FACT05898,P04,600,3500
FACT05898,P08,356,65
FACT05898,P13,374,350
FACT05898,P15,324,650
FACT04452,P10,40,20
FACT04452,P07,578,28
FACT04452,P02,24,350
FACT04452,P04,334,3500
FACT08287,P15,19,650
FACT08287,P05,322,45
FACT08287,P10,215,20
FACT08287,P13,104,350
FACT05314,P17,396,280
FACT05314,P06,81,30
FACT05314,P16,473,800
FACT05314,P14,504,450
FACT03446,P12,22,70
FACT03446,P14,15,450
FACT03446,P17,298,280
FACT03446,P18,571,900
FACT07012,P20,191,2900
FACT07012,P06,284,30
FACT07012,P10,542,20
FACT07012,P18,26,900
FACT01482,P17,564,280
FACT01482,P03,82,8000
FACT01482,P06,226,30
FACT01482,P19,248,3800
FACT03895,P04,591,3500
FACT03895,P05,203,45
FACT03895,P06,488,30
FACT03895,P02,341,350
FACT04768,P10,566,20
FACT04768,P02,145,350
FACT04768,P11,524,55
FACT04768,P19,140,3800
FACT06316,P20,434,2900
FACT06316,P09,54,18
FACT06316,P04,103,3500
FACT06316,P11,28,55
FACT03210,P10,204,20
FACT03210,P01,203,4500
FACT03210,P17,150,280
FACT03210,P15,349,650
FACT03385,P09,524,18
FACT03385,P07,227,28
FACT03385,P01,395,4500
FACT03385,P19,260,3800
FACT00656,P04,181,3500
FACT00656,P17,165,280
FACT00656,P05,166,45
FACT00656,P18,592,900
FACT06651,P04,178,3500
FACT06651,P02,160,350
FACT06651,P17,340,280
FACT06651,P09,413,18
FACT06597,P01,221,4500
FACT06597,P08,523,65
FACT06597,P13,334,350
FACT06597,P07,594,28
FACT05262,P01,538,4500
FACT05262,P08,368,65
FACT05262,P14,448,450
FACT05262,P20,295,2900
FACT08017,P06,350,30
FACT08017,P02,72,350
FACT08017,P13,482,350
FACT08017,P18,487,900
FACT09389,P10,327,20
FACT09389,P11,491,55
FACT09389,P17,175,280
FACT09389,P16,448,800
FACT04796,P02,76,350
FACT04796,P07,169,28
FACT04796,P03,81,8000
FACT04796,P20,213,2900
FACT08972,P15,566,650
FACT08972,P04,427,3500
FACT08972,P09,41,18
FACT08972,P03,308,8000
FACT00217,P07,404,28
FACT00217,P11,198,55
FACT00217,P20,102,2900
FACT00217,P12,553,70
FACT03588,P11,150,55
FACT03588,P07,272,28
FACT03588,P06,599,30
FACT03588,P02,447,350
FACT00610,P05,330,45
FACT00610,P20,251,2900
FACT00610,P03,129,8000
FACT00610,P10,29,20
FACT02555,P06,437,30
FACT02555,P15,368,650
FACT02555,P05,286,45
FACT02555,P11,504,55
FACT00572,P14,81,450
FACT00572,P17,452,280
FACT00572,P10,489,20
FACT00572,P05,564,45
FACT00553,P08,582,65
FACT00553,P09,586,18
FACT00553,P19,354,3800
FACT00553,P06,173,30
FACT00544,P17,257,280
FACT00544,P07,277,28
FACT00544,P02,471,350
FACT00544,P01,256,4500
FACT03736,P19,492,3800
FACT03736,P20,433,2900
FACT03736,P02,140,350
FACT03736,P08,283,65
FACT07707,P02,69,350
FACT07707,P16,398,800
FACT07707,P17,348,280
FACT07707,P12,586,70
FACT03024,P03,221,8000
FACT03024,P04,236,3500
FACT03024,P18,293,900
FACT03024,P16,435,800
FACT05478,P04,530,3500
FACT05478,P09,53,18
FACT05478,P02,111,350
FACT05478,P12,493,70
FACT02833,P19,267,3800
FACT02833,P08,345,65
FACT02833,P17,528,280
FACT02833,P09,234,18
FACT09017,P09,334,18
FACT09017,P13,504,350
FACT09017,P10,580,20
FACT09017,P03,165,8000
FACT02813,P19,13,3800
FACT02813,P16,29,800
FACT02813,P18,43,900
FACT02813,P15,299,650
FACT06144,P11,17,55
FACT06144,P18,318,900
FACT06144,P15,144,650
FACT06144,P17,61,280
FACT03898,P20,207,2900
FACT03898,P07,62,28
FACT03898,P03,350,8000
FACT03898,P17,403,280
FACT08612,P02,202,350
FACT08612,P06,340,30
FACT08612,P18,248,900
FACT08612,P19,558,3800
FACT01221,P09,474,18
FACT01221,P15,509,650
FACT01221,P19,98,3800
FACT01221,P14,571,450
FACT08395,P19,505,3800
FACT08395,P20,597,2900
FACT08395,P02,350,350
FACT08395,P01,417,4500
FACT03793,P03,202,8000
FACT03793,P12,390,70
FACT03793,P14,193,450
FACT03793,P05,271,45
FACT08313,P17,437,280
FACT08313,P18,579,900
FACT08313,P05,318,45
FACT08313,P08,57,65
FACT04549,P12,600,70
FACT04549,P06,161,30
FACT04549,P14,167,450
FACT04549,P16,506,800
FACT04421,P13,36,350
FACT04421,P10,126,20
FACT04421,P17,236,280
FACT04421,P11,39,55
FACT08052,P09,337,18
FACT08052,P19,387,3800
FACT08052,P04,301,3500
FACT08052,P15,432,650
FACT07011,P15,380,650
FACT07011,P10,322,20
FACT07011,P17,241,280
FACT07011,P19,371,3800
FACT09181,P09,125,18
FACT09181,P14,374,450
FACT09181,P03,97,8000
FACT09181,P04,340,3500
FACT00212,P18,488,900
FACT00212,P09,549,18
FACT00212,P02,582,350
FACT00212,P01,24,4500
FACT09817,P03,259,8000
FACT09817,P16,507,800
FACT09817,P02,86,350
FACT09817,P12,246,70
FACT03346,P16,379,800
FACT03346,P10,440,20
FACT03346,P08,190,65
FACT03346,P12,20,70
FACT05723,P03,590,8000
FACT05723,P05,521,45
FACT05723,P16,387,800
FACT05723,P08,309,65
FACT00673,P05,127,45
FACT00673,P17,11,280
FACT00673,P10,135,20
FACT00673,P14,112,450
FACT00404,P17,11,280
FACT00404,P03,377,8000
FACT00404,P06,473,30
FACT00404,P18,90,900
FACT01612,P07,489,28
FACT01612,P19,131,3800
FACT01612,P13,152,350
FACT01612,P02,130,350
FACT00107,P09,286,18
FACT00107,P12,269,70
FACT00107,P06,166,30
FACT00107,P17,162,280
FACT05093,P04,469,3500
FACT05093,P08,501,65
FACT05093,P03,47,8000
FACT05093,P09,182,18
FACT02127,P02,42,350
FACT02127,P03,519,8000
FACT02127,P19,407,3800
FACT02127,P05,562,45
FACT07499,P10,310,20
FACT07499,P02,61,350
FACT07499,P01,124,4500
FACT07499,P08,341,65
FACT00466,P01,443,4500
FACT00466,P05,589,45
FACT00466,P19,247,3800
FACT00466,P04,294,3500
FACT05863,P16,182,800
FACT05863,P15,424,650
FACT05863,P09,533,18
FACT05863,P14,516,450
FACT08631,P11,143,55
FACT08631,P13,431,350
FACT08631,P05,482,45
FACT08631,P17,70,280
FACT07134,P05,296,45
FACT07134,P10,231,20
FACT07134,P02,321,350
FACT07134,P20,416,2900
FACT02192,P04,582,3500
FACT02192,P08,235,65
FACT02192,P17,172,280
FACT02192,P14,573,450
FACT07591,P17,482,280
FACT07591,P18,212,900
FACT07591,P07,495,28
FACT07591,P02,489,350
FACT09755,P14,56,450
FACT09755,P16,190,800
FACT09755,P05,269,45
FACT09755,P03,150,8000
FACT02085,P13,86,350
FACT02085,P04,82,3500
FACT02085,P12,504,70
FACT02085,P06,494,30
FACT01357,P17,507,280
FACT01357,P20,68,2900
FACT01357,P14,62,450
FACT01357,P12,559,70
FACT00885,P16,86,800
FACT00885,P09,79,18
FACT00885,P19,248,3800
FACT00885,P04,489,3500
FACT05942,P19,555,3800
FACT05942,P11,478,55
FACT05942,P10,25,20
FACT05942,P15,209,650
FACT05027,P10,440,20
FACT05027,P14,90,450
FACT05027,P08,31,65
FACT05027,P01,196,4500
FACT01980,P12,22,70
FACT01980,P06,39,30
FACT01980,P09,404,18
FACT01980,P20,33,2900
FACT01216,P02,137,350
FACT01216,P20,121,2900
FACT01216,P04,487,3500
FACT01216,P06,411,30
FACT08201,P09,349,18
FACT08201,P13,560,350
FACT08201,P05,173,45
FACT08201,P15,440,650
FACT05278,P03,593,8000
FACT05278,P19,233,3800
FACT05278,P05,580,45
FACT05278,P11,513,55
FACT04394,P05,125,45
FACT04394,P10,598,20
FACT04394,P08,9,65
FACT04394,P03,459,8000
FACT03051,P05,408,45
FACT03051,P19,446,3800
FACT03051,P08,589,65
FACT03051,P06,202,30
FACT04358,P12,56,70
FACT04358,P03,280,8000
FACT04358,P01,180,4500
FACT04358,P09,347,18
FACT08681,P18,36,900
FACT08681,P05,557,45
FACT08681,P14,586,450
FACT08681,P04,162,3500
FACT01278,P02,399,350
FACT01278,P07,484,28
FACT01278,P20,164,2900
FACT01278,P01,84,4500
FACT07182,P10,326,20
FACT07182,P13,500,350
FACT07182,P14,308,450
FACT07182,P06,581,30
FACT09353,P07,393,28
FACT09353,P04,61,3500
FACT09353,P09,115,18
FACT09353,P05,181,45
FACT08662,P03,243,8000
FACT08662,P17,198,280
FACT08662,P13,491,350
FACT08662,P20,188,2900
FACT07469,P16,387,800
FACT07469,P18,73,900
FACT07469,P08,101,65
FACT07469,P07,374,28
FACT04750,P17,193,280
FACT04750,P10,235,20
FACT04750,P15,558,650
FACT04750,P05,244,45
FACT03179,P19,483,3800
FACT03179,P01,15,4500
FACT03179,P16,596,800
FACT03179,P05,94,45
FACT02312,P18,485,900
FACT02312,P17,511,280
FACT02312,P09,448,18
FACT02312,P06,369,30
FACT01645,P11,390,55
FACT01645,P19,402,3800
FACT01645,P01,297,4500
FACT01645,P09,411,18
FACT00423,P02,233,350
FACT00423,P12,399,70
FACT00423,P01,417,4500
FACT00423,P08,328,65
FACT09680,P07,454,28
FACT09680,P09,559,18
FACT09680,P03,581,8000
FACT09680,P06,233,30
FACT03983,P14,103,450
FACT03983,P15,480,650
FACT03983,P12,295,70
FACT03983,P03,365,8000
FACT06436,P04,137,3500
FACT06436,P19,86,3800
FACT06436,P12,317,70
FACT06436,P09,400,18
FACT03508,P15,107,650
FACT03508,P18,580,900
FACT03508,P08,106,65
FACT03508,P12,49,70
FACT05944,P10,278,20
FACT05944,P11,368,55
FACT05944,P19,585,3800
FACT05944,P15,172,650
FACT03326,P14,314,450
FACT03326,P02,572,350
FACT03326,P15,599,650
FACT03326,P04,183,3500
FACT09774,P13,272,350
FACT09774,P02,243,350
FACT09774,P08,390,65
FACT09774,P19,451,3800
FACT05040,P18,275,900
FACT05040,P09,249,18
FACT05040,P14,140,450
FACT05040,P08,200,65
FACT07079,P11,208,55
FACT07079,P19,427,3800
FACT07079,P06,291,30
FACT07079,P05,476,45
FACT00416,P13,110,350
FACT00416,P12,382,70
FACT00416,P16,516,800
FACT00416,P14,317,450
FACT06979,P18,56,900
FACT06979,P03,108,8000
FACT06979,P13,534,350
FACT06979,P04,358,3500
FACT02704,P16,6,800
FACT02704,P02,51,350
FACT02704,P15,99,650
FACT02704,P19,499,3800
FACT06590,P04,513,3500
FACT06590,P12,41,70
FACT06590,P20,556,2900
FACT06590,P08,238,65
FACT06504,P19,357,3800
FACT06504,P02,370,350
FACT06504,P18,142,900
FACT06504,P20,55,2900
FACT05303,P09,485,18
FACT05303,P05,440,45
FACT05303,P02,347,350
FACT05303,P07,58,28
FACT03943,P18,90,900
FACT03943,P01,442,4500
FACT03943,P20,452,2900
FACT03943,P15,494,650
FACT00431,P13,49,350
FACT00431,P01,356,4500
FACT00431,P04,232,3500
FACT00431,P06,335,30
FACT05604,P20,539,2900
FACT05604,P18,43,900
FACT05604,P15,104,650
FACT05604,P01,311,4500
FACT00160,P04,191,3500
FACT00160,P16,359,800
FACT00160,P12,34,70
FACT00160,P15,281,650
FACT07991,P07,322,28
FACT07991,P18,181,900
FACT07991,P19,290,3800
FACT07991,P05,403,45
FACT03796,P10,242,20
FACT03796,P11,252,55
FACT03796,P09,481,18
FACT03796,P08,259,65
FACT06491,P18,500,900
FACT06491,P12,101,70
FACT06491,P07,193,28
FACT06491,P06,520,30
FACT05724,P20,319,2900
FACT05724,P04,528,3500
FACT05724,P02,263,350
FACT05724,P10,277,20
FACT02772,P02,487,350
FACT02772,P05,49,45
FACT02772,P01,126,4500
FACT02772,P16,158,800
FACT08749,P05,407,45
FACT08749,P04,411,3500
FACT08749,P02,282,350
FACT08749,P07,34,28
FACT04535,P18,426,900
FACT04535,P13,547,350
FACT04535,P03,284,8000
FACT04535,P17,203,280
FACT07345,P12,435,70
FACT07345,P03,169,8000
FACT07345,P07,596,28
FACT07345,P01,20,4500
FACT05025,P02,7,350
FACT05025,P07,163,28
FACT05025,P13,449,350
FACT05025,P08,385,65
FACT02374,P19,555,3800
FACT02374,P17,298,280
FACT02374,P13,394,350
FACT02374,P05,301,45
FACT08648,P12,65,70
FACT08648,P17,293,280
FACT08648,P07,408,28
FACT08648,P19,498,3800
FACT08400,P14,314,450
FACT08400,P10,232,20
FACT08400,P08,442,65
FACT08400,P09,589,18
FACT05199,P19,182,3800
FACT05199,P02,316,350
FACT05199,P01,554,4500
FACT05199,P13,213,350
FACT07486,P10,575,20
FACT07486,P16,115,800
FACT07486,P18,88,900
FACT07486,P01,101,4500
FACT06505,P04,219,3500
FACT06505,P06,249,30
FACT06505,P01,524,4500
FACT06505,P03,257,8000
FACT02634,P17,305,280
FACT02634,P08,277,65
FACT02634,P04,523,3500
FACT02634,P15,587,650
FACT03126,P10,111,20
FACT03126,P19,10,3800
FACT03126,P04,479,3500
FACT03126,P13,45,350
FACT01342,P01,409,4500
FACT01342,P14,455,450
FACT01342,P17,71,280
FACT01342,P09,184,18
FACT03230,P11,217,55
FACT03230,P19,15,3800
FACT03230,P09,297,18
FACT03230,P17,164,280
FACT02186,P16,416,800
FACT02186,P15,462,650
FACT02186,P05,250,45
FACT02186,P06,491,30
FACT06025,P16,577,800
FACT06025,P04,345,3500
FACT06025,P09,479,18
FACT06025,P17,332,280
FACT05467,P11,173,55
FACT05467,P18,128,900
FACT05467,P16,534,800
FACT05467,P12,365,70
FACT09435,P13,25,350
FACT09435,P20,30,2900
FACT09435,P05,502,45
FACT09435,P08,33,65
FACT08206,P12,86,70
FACT08206,P01,432,4500
FACT08206,P19,570,3800
FACT08206,P10,18,20
FACT06181,P12,251,70
FACT06181,P07,338,28
FACT06181,P15,492,650
FACT06181,P04,43,3500
FACT09980,P11,382,55
FACT09980,P09,144,18
FACT09980,P19,422,3800
FACT09980,P18,406,900
FACT04526,P01,311,4500
FACT04526,P12,592,70
FACT04526,P02,212,350
FACT04526,P06,549,30
FACT02660,P05,537,45
FACT02660,P12,558,70
FACT02660,P18,169,900
FACT02660,P06,66,30
FACT01683,P04,25,3500
FACT01683,P14,543,450
FACT01683,P11,55,55
FACT01683,P01,465,4500
FACT07379,P14,47,450
FACT07379,P12,468,70
FACT07379,P11,329,55
FACT07379,P17,64,280
FACT09990,P07,459,28
FACT09990,P17,68,280
FACT09990,P16,235,800
FACT09990,P08,257,65
FACT03222,P20,91,2900
FACT03222,P11,185,55
FACT03222,P07,594,28
FACT03222,P03,571,8000
FACT04776,P13,151,350
FACT04776,P14,414,450
FACT04776,P11,521,55
FACT04776,P17,8,280
FACT00679,P20,210,2900
FACT00679,P08,372,65
FACT00679,P09,335,18
FACT00679,P05,505,45
FACT03341,P01,529,4500
FACT03341,P02,366,350
FACT03341,P14,243,450
FACT03341,P13,143,350
FACT08807,P09,39,18
FACT08807,P06,331,30
FACT08807,P20,254,2900
FACT08807,P15,297,650
FACT09187,P17,25,280
FACT09187,P03,334,8000
FACT09187,P08,357,65
FACT09187,P01,136,4500
FACT09809,P10,480,20
FACT09809,P05,65,45
FACT09809,P19,475,3800
FACT09809,P03,594,8000
FACT00973,P05,358,45
FACT00973,P13,473,350
FACT00973,P09,228,18
FACT00973,P08,571,65
FACT03353,P14,261,450
FACT03353,P01,413,4500
FACT03353,P17,166,280
FACT03353,P11,459,55
FACT02214,P03,159,8000
FACT02214,P19,239,3800
FACT02214,P09,30,18
FACT02214,P17,537,280
FACT03214,P15,384,650
FACT03214,P18,461,900
FACT03214,P20,145,2900
FACT03214,P05,291,45
FACT07833,P12,285,70
FACT07833,P14,232,450
FACT07833,P13,482,350
FACT07833,P06,27,30
FACT01252,P11,555,55
FACT01252,P03,579,8000
FACT01252,P07,532,28
FACT01252,P18,511,900
FACT06343,P08,127,65
FACT06343,P13,77,350
FACT06343,P12,277,70
FACT06343,P03,502,8000
FACT06350,P06,174,30
FACT06350,P14,113,450
FACT06350,P19,24,3800
FACT06350,P10,129,20
FACT08130,P05,560,45
FACT08130,P03,272,8000
FACT08130,P06,251,30
FACT08130,P12,260,70
FACT01302,P16,479,800
FACT01302,P01,508,4500
FACT01302,P17,25,280
FACT01302,P03,428,8000
FACT04017,P09,51,18
FACT04017,P10,321,20
FACT04017,P03,298,8000
FACT04017,P13,270,350
FACT04293,P04,138,3500
FACT04293,P15,362,650
FACT04293,P20,342,2900
FACT04293,P02,142,350
FACT00043,P02,292,350
FACT00043,P15,94,650
FACT00043,P07,215,28
FACT00043,P04,118,3500
FACT06710,P14,390,450
FACT06710,P16,260,800
FACT06710,P01,599,4500
FACT06710,P10,67,20
FACT07940,P01,159,4500
FACT07940,P11,439,55
FACT07940,P19,323,3800
FACT07940,P10,304,20
FACT05352,P02,123,350
FACT05352,P05,331,45
FACT05352,P10,204,20
FACT05352,P20,342,2900
FACT09656,P13,108,350
FACT09656,P17,511,280
FACT09656,P06,29,30
FACT09656,P04,599,3500
FACT05648,P02,23,350
FACT05648,P13,379,350
FACT05648,P06,588,30
FACT05648,P19,106,3800
FACT07322,P02,142,350
FACT07322,P05,386,45
FACT07322,P11,179,55
FACT07322,P06,500,30
FACT08725,P16,93,800
FACT08725,P18,332,900
FACT08725,P04,544,3500
FACT08725,P09,400,18
FACT03687,P03,82,8000
FACT03687,P04,405,3500
FACT03687,P12,63,70
FACT03687,P10,507,20
FACT01661,P04,38,3500
FACT01661,P16,78,800
FACT01661,P06,449,30
FACT01661,P17,484,280
FACT03707,P20,450,2900
FACT03707,P13,186,350
FACT03707,P14,396,450
FACT03707,P02,91,350
FACT07246,P13,41,350
FACT07246,P19,87,3800
FACT07246,P15,513,650
FACT07246,P08,235,65
FACT06127,P18,140,900
FACT06127,P01,480,4500
FACT06127,P10,383,20
FACT06127,P15,429,650
FACT02750,P11,149,55
FACT02750,P05,105,45
FACT02750,P19,474,3800
FACT02750,P03,278,8000
FACT08208,P12,265,70
FACT08208,P14,363,450
FACT08208,P05,431,45
FACT08208,P04,292,3500
FACT09626,P03,463,8000
FACT09626,P11,320,55
FACT09626,P02,25,350
FACT09626,P15,427,650
FACT07389,P09,6,18
FACT07389,P18,534,900
FACT07389,P10,125,20
FACT07389,P03,459,8000
FACT06220,P15,24,650
FACT06220,P07,205,28
FACT06220,P02,11,350
FACT06220,P06,94,30
FACT03247,P08,320,65
FACT03247,P06,119,30
FACT03247,P15,285,650
FACT03247,P14,591,450
FACT09332,P07,566,28
FACT09332,P13,542,350
FACT09332,P20,485,2900
FACT09332,P02,509,350
FACT05539,P14,410,450
FACT05539,P18,522,900
FACT05539,P11,123,55
FACT05539,P10,599,20
FACT04874,P14,488,450
FACT04874,P12,85,70
FACT04874,P06,522,30
FACT04874,P07,195,28
FACT01769,P07,393,28
FACT01769,P12,206,70
FACT01769,P14,25,450
FACT01769,P08,36,65
FACT03170,P01,147,4500
FACT03170,P14,53,450
FACT03170,P04,455,3500
FACT03170,P08,491,65
FACT08699,P17,187,280
FACT08699,P06,462,30
FACT08699,P01,202,4500
FACT08699,P16,467,800
FACT05402,P06,465,30
FACT05402,P08,545,65
FACT05402,P07,424,28
FACT05402,P18,480,900
FACT04030,P01,135,4500
FACT04030,P05,583,45
FACT04030,P04,490,3500
FACT04030,P16,535,800
FACT01943,P10,537,20
FACT01943,P05,334,45
FACT01943,P14,454,450
FACT01943,P11,293,55
FACT03223,P03,54,8000
FACT03223,P15,173,650
FACT03223,P16,531,800
FACT03223,P07,481,28
FACT01501,P06,566,30
FACT01501,P10,490,20
FACT01501,P07,468,28
FACT01501,P14,390,450
FACT08276,P06,344,30
FACT08276,P09,258,18
FACT08276,P03,335,8000
FACT08276,P17,128,280
FACT07413,P08,161,65
FACT07413,P10,76,20
FACT07413,P03,468,8000
FACT07413,P15,81,650
FACT06371,P20,335,2900
FACT06371,P18,390,900
FACT06371,P09,352,18
FACT06371,P14,373,450
FACT08124,P15,476,650
FACT08124,P10,343,20
FACT08124,P01,505,4500
FACT08124,P16,590,800
FACT04485,P13,255,350
FACT04485,P01,565,4500
FACT04485,P05,399,45
FACT04485,P04,69,3500
FACT02587,P16,198,800
FACT02587,P17,370,280
FACT02587,P03,375,8000
FACT02587,P06,371,30
FACT00729,P06,391,30
FACT00729,P01,219,4500
FACT00729,P08,591,65
FACT00729,P19,480,3800
FACT06871,P12,384,70
FACT06871,P08,199,65
FACT06871,P14,374,450
FACT06871,P13,219,350
FACT02771,P13,201,350
FACT02771,P05,62,45
FACT02771,P06,506,30
FACT02771,P09,463,18
FACT06415,P17,469,280
FACT06415,P13,529,350
FACT06415,P15,430,650
FACT06415,P08,591,65
FACT04694,P11,508,55
FACT04694,P15,223,650
FACT04694,P03,292,8000
FACT04694,P07,118,28
FACT08750,P09,183,18
FACT08750,P17,72,280
FACT08750,P14,48,450
FACT08750,P19,312,3800
FACT05828,P12,220,70
FACT05828,P15,311,650
FACT05828,P08,261,65
FACT05828,P20,235,2900
FACT09253,P12,313,70
FACT09253,P15,545,650
FACT09253,P08,446,65
FACT09253,P11,107,55
FACT03071,P01,430,4500
FACT03071,P12,360,70
FACT03071,P09,267,18
FACT03071,P02,113,350
FACT04659,P09,444,18
FACT04659,P19,165,3800
FACT04659,P10,486,20
FACT04659,P15,463,650
FACT05718,P01,257,4500
FACT05718,P18,75,900
FACT05718,P14,431,450
FACT05718,P04,247,3500
FACT08593,P16,572,800
FACT08593,P04,467,3500
FACT08593,P17,122,280
FACT08593,P19,13,3800
FACT08894,P01,343,4500
FACT08894,P12,400,70
FACT08894,P15,387,650
FACT08894,P05,401,45
FACT01440,P05,359,45
FACT01440,P12,298,70
FACT01440,P20,451,2900
FACT01440,P01,41,4500
FACT02125,P14,76,450
FACT02125,P06,194,30
FACT02125,P07,140,28
FACT02125,P13,572,350
FACT02916,P09,25,18
FACT02916,P18,141,900
FACT02916,P01,567,4500
FACT02916,P12,328,70
FACT02489,P15,228,650
FACT02489,P13,349,350
FACT02489,P09,163,18
FACT02489,P05,561,45
FACT05214,P09,592,18
FACT05214,P20,410,2900
FACT05214,P03,446,8000
FACT05214,P10,564,20
FACT09995,P09,596,18
FACT09995,P19,146,3800
FACT09995,P02,550,350
FACT09995,P13,409,350
FACT03880,P06,182,30
FACT03880,P20,57,2900
FACT03880,P07,504,28
FACT03880,P13,541,350
FACT02596,P12,508,70
FACT02596,P10,253,20
FACT02596,P20,511,2900
FACT02596,P15,193,650
FACT04657,P11,69,55
FACT04657,P09,132,18
FACT04657,P10,428,20
FACT04657,P14,92,450
FACT03882,P05,27,45
FACT03882,P04,560,3500
FACT03882,P15,284,650
FACT03882,P01,10,4500
FACT08346,P01,523,4500
FACT08346,P11,303,55
FACT08346,P14,310,450
FACT08346,P10,122,20
FACT08563,P09,519,18
FACT08563,P01,313,4500
FACT08563,P10,396,20
FACT08563,P19,291,3800
FACT03398,P20,419,2900
FACT03398,P03,412,8000
FACT03398,P18,549,900
FACT03398,P05,373,45
FACT04470,P07,568,28
FACT04470,P18,253,900
FACT04470,P16,88,800
FACT04470,P20,301,2900
FACT00129,P16,319,800
FACT00129,P15,139,650
FACT00129,P11,367,55
FACT00129,P03,111,8000
FACT06199,P10,331,20
FACT06199,P06,294,30
FACT06199,P12,300,70
FACT06199,P05,152,45
FACT00600,P17,140,280
FACT00600,P09,125,18
FACT00600,P05,108,45
FACT00600,P11,493,55
FACT01055,P11,210,55
FACT01055,P10,437,20
FACT01055,P04,326,3500
FACT01055,P08,472,65
FACT04521,P07,584,28
FACT04521,P15,254,650
FACT04521,P17,402,280
FACT04521,P05,110,45
FACT02025,P14,493,450
FACT02025,P06,183,30
FACT02025,P18,63,900
FACT02025,P17,473,280
FACT09100,P20,68,2900
FACT09100,P07,186,28
FACT09100,P17,559,280
FACT09100,P03,390,8000
FACT04948,P20,516,2900
FACT04948,P02,93,350
FACT04948,P05,328,45
FACT04948,P03,245,8000
FACT04003,P14,227,450
FACT04003,P08,15,65
FACT04003,P12,408,70
FACT04003,P06,551,30
FACT03685,P13,575,350
FACT03685,P11,314,55
FACT03685,P16,312,800
FACT03685,P07,92,28
FACT03428,P15,418,650
FACT03428,P09,45,18
FACT03428,P04,240,3500
FACT03428,P08,26,65
FACT05034,P15,230,650
FACT05034,P04,546,3500
FACT05034,P01,374,4500
FACT05034,P05,545,45
FACT04049,P03,463,8000
FACT04049,P16,116,800
FACT04049,P19,144,3800
FACT04049,P02,470,350
FACT01731,P14,85,450
FACT01731,P16,46,800
FACT01731,P06,407,30
FACT01731,P13,486,350
FACT02056,P17,226,280
FACT02056,P03,14,8000
FACT02056,P06,406,30
FACT02056,P19,13,3800
FACT00078,P18,573,900
FACT00078,P13,438,350
FACT00078,P08,555,65
FACT00078,P02,268,350
FACT06100,P14,324,450
FACT06100,P20,11,2900
FACT06100,P12,410,70
FACT06100,P17,298,280
FACT03110,P16,588,800
FACT03110,P12,95,70
FACT03110,P09,167,18
FACT03110,P08,168,65
FACT08263,P13,329,350
FACT08263,P20,598,2900
FACT08263,P03,369,8000
FACT08263,P14,401,450
FACT01210,P07,149,28
FACT01210,P12,155,70
FACT01210,P15,534,650
FACT01210,P13,27,350
FACT08033,P09,473,18
FACT08033,P20,553,2900
FACT08033,P07,342,28
FACT08033,P08,328,65
FACT00522,P10,375,20
FACT00522,P12,115,70
FACT00522,P19,174,3800
FACT00522,P09,477,18
FACT06722,P08,519,65
FACT06722,P11,167,55
FACT06722,P07,516,28
FACT06722,P03,176,8000
FACT03804,P07,582,28
FACT03804,P01,364,4500
FACT03804,P08,66,65
FACT03804,P17,256,280
FACT01288,P07,551,28
FACT01288,P06,519,30
FACT01288,P18,576,900
FACT01288,P01,481,4500
FACT08293,P05,393,45
FACT08293,P03,467,8000
FACT08293,P20,508,2900
FACT08293,P15,540,650
FACT05924,P12,232,70
FACT05924,P20,269,2900
FACT05924,P07,343,28
FACT05924,P09,159,18
FACT04855,P16,581,800
FACT04855,P14,559,450
FACT04855,P18,597,900
FACT04855,P13,447,350
FACT02111,P02,519,350
FACT02111,P13,266,350
FACT02111,P14,330,450
FACT02111,P10,62,20
FACT04142,P16,204,800
FACT04142,P10,215,20
FACT04142,P19,19,3800
FACT04142,P09,336,18
FACT02837,P06,216,30
FACT02837,P09,583,18
FACT02837,P05,98,45
FACT02837,P17,188,280
FACT08712,P09,69,18
FACT08712,P07,92,28
FACT08712,P12,284,70
FACT08712,P11,538,55
FACT03808,P15,588,650
FACT03808,P17,42,280
FACT03808,P16,214,800
FACT03808,P20,207,2900
FACT06855,P04,73,3500
FACT06855,P19,221,3800
FACT06855,P03,145,8000
FACT06855,P13,528,350
FACT07178,P20,375,2900
FACT07178,P05,281,45
FACT07178,P15,333,650
FACT07178,P11,107,55
FACT06085,P01,572,4500
FACT06085,P09,382,18
FACT06085,P15,433,650
FACT06085,P16,167,800
FACT00655,P02,456,350
FACT00655,P20,155,2900
FACT00655,P10,399,20
FACT00655,P13,163,350
FACT00262,P17,586,280
FACT00262,P14,82,450
FACT00262,P08,207,65
FACT00262,P10,78,20
FACT00827,P02,436,350
FACT00827,P03,355,8000
FACT00827,P11,414,55
FACT00827,P14,121,450
FACT01756,P13,306,350
FACT01756,P16,252,800
FACT01756,P12,410,70
FACT01756,P07,53,28
FACT01794,P01,302,4500
FACT01794,P06,224,30
FACT01794,P14,408,450
FACT01794,P20,493,2900
FACT08043,P05,279,45
FACT08043,P16,36,800
FACT08043,P01,322,4500
FACT08043,P11,389,55
FACT08774,P13,206,350
FACT08774,P20,593,2900
FACT08774,P14,166,450
FACT08774,P03,227,8000
FACT01377,P03,204,8000
FACT01377,P06,444,30
FACT01377,P12,509,70
FACT01377,P10,502,20
FACT06354,P01,194,4500
FACT06354,P18,28,900
FACT06354,P05,235,45
FACT06354,P11,437,55
FACT01451,P14,280,450
FACT01451,P07,544,28
FACT01451,P01,440,4500
FACT01451,P16,554,800
FACT00445,P08,338,65
FACT00445,P11,408,55
FACT00445,P10,346,20
FACT00445,P09,85,18
FACT07340,P01,311,4500
FACT07340,P20,598,2900
FACT07340,P08,394,65
FACT07340,P07,62,28
FACT02001,P15,225,650
FACT02001,P18,215,900
FACT02001,P06,280,30
FACT02001,P20,507,2900
FACT05841,P06,60,30
FACT05841,P13,35,350
FACT05841,P16,77,800
FACT05841,P08,365,65
FACT08660,P01,334,4500
FACT08660,P11,127,55
FACT08660,P10,182,20
FACT08660,P12,413,70
FACT00388,P16,366,800
FACT00388,P10,381,20
FACT00388,P08,201,65
FACT00388,P07,44,28
FACT08323,P06,291,30
FACT08323,P16,220,800
FACT08323,P07,233,28
FACT08323,P13,160,350
FACT00331,P11,110,55
FACT00331,P15,493,650
FACT00331,P01,391,4500
FACT00331,P04,385,3500
FACT08417,P13,220,350
FACT08417,P09,485,18
FACT08417,P14,263,450
FACT08417,P18,296,900
FACT09686,P13,237,350
FACT09686,P02,452,350
FACT09686,P09,353,18
FACT09686,P17,587,280
FACT03291,P07,30,28
FACT03291,P06,23,30
FACT03291,P09,107,18
FACT03291,P17,236,280
FACT09768,P06,528,30
FACT09768,P07,201,28
FACT09768,P16,490,800
FACT09768,P15,451,650
FACT03141,P05,229,45
FACT03141,P19,379,3800
FACT03141,P17,324,280
FACT03141,P04,388,3500
FACT03238,P05,55,45
FACT03238,P04,8,3500
FACT03238,P06,537,30
FACT03238,P19,540,3800
FACT00694,P13,403,350
FACT00694,P18,310,900
FACT00694,P01,594,4500
FACT00694,P10,256,20
FACT04839,P20,237,2900
FACT04839,P06,44,30
FACT04839,P08,412,65
FACT04839,P03,392,8000
FACT02276,P09,446,18
FACT02276,P13,570,350
FACT02276,P19,9,3800
FACT02276,P03,376,8000
FACT04068,P16,79,800
FACT04068,P07,51,28
FACT04068,P15,397,650
FACT04068,P14,130,450
FACT07488,P02,115,350
FACT07488,P01,402,4500
FACT07488,P07,464,28
FACT07488,P15,25,650
FACT04464,P02,446,350
FACT04464,P18,182,900
FACT04464,P06,137,30
FACT04464,P09,445,18
FACT05087,P17,299,280
FACT05087,P10,150,20
FACT05087,P09,595,18
FACT05087,P19,21,3800
FACT03078,P03,443,8000
FACT03078,P17,246,280
FACT03078,P07,415,28
FACT03078,P10,546,20
FACT08516,P20,274,2900
FACT08516,P02,383,350
FACT08516,P18,174,900
FACT08516,P15,410,650
FACT05163,P18,187,900
FACT05163,P12,129,70
FACT05163,P04,293,3500
FACT05163,P14,126,450
FACT01758,P17,526,280
FACT01758,P18,589,900
FACT01758,P12,560,70
FACT01758,P09,110,18
FACT04499,P02,426,350
FACT04499,P14,160,450
FACT04499,P12,244,70
FACT04499,P20,118,2900
FACT02213,P02,411,350
FACT02213,P04,524,3500
FACT02213,P16,247,800
FACT02213,P20,297,2900
FACT09777,P19,360,3800
FACT09777,P02,37,350
FACT09777,P03,160,8000
FACT09777,P17,487,280
FACT05221,P08,46,65
FACT05221,P05,539,45
FACT05221,P07,118,28
FACT05221,P20,378,2900
FACT03279,P10,62,20
FACT03279,P04,437,3500
FACT03279,P16,385,800
FACT03279,P09,585,18
FACT02247,P19,477,3800
FACT02247,P13,491,350
FACT02247,P17,207,280
FACT02247,P18,466,900
FACT06818,P18,237,900
FACT06818,P16,82,800
FACT06818,P03,253,8000
FACT06818,P05,339,45
FACT07071,P04,196,3500
FACT07071,P09,390,18
FACT07071,P03,62,8000
FACT07071,P08,380,65
FACT04998,P09,538,18
FACT04998,P12,302,70
FACT04998,P01,111,4500
FACT04998,P03,402,8000
FACT03581,P11,435,55
FACT03581,P13,273,350
FACT03581,P08,550,65
FACT03581,P19,599,3800
FACT09592,P07,291,28
FACT09592,P17,216,280
FACT09592,P04,326,3500
FACT09592,P20,392,2900
FACT07566,P12,516,70
FACT07566,P07,321,28
FACT07566,P19,509,3800
FACT07566,P15,146,650
FACT04556,P04,109,3500
FACT04556,P02,173,350
FACT04556,P03,550,8000
FACT04556,P11,310,55
FACT04146,P08,37,65
FACT04146,P06,116,30
FACT04146,P20,284,2900
FACT04146,P19,514,3800
FACT09652,P07,313,28
FACT09652,P16,138,800
FACT09652,P10,178,20
FACT09652,P14,106,450
FACT08969,P03,165,8000
FACT08969,P06,23,30
FACT08969,P05,43,45
FACT08969,P20,360,2900
FACT08962,P20,124,2900
FACT08962,P15,469,650
FACT08962,P09,199,18
FACT08962,P04,172,3500
FACT01631,P14,596,450
FACT01631,P05,280,45
FACT01631,P08,462,65
FACT01631,P17,504,280
FACT04975,P18,444,900
FACT04975,P20,581,2900
FACT04975,P07,99,28
FACT04975,P03,587,8000
FACT04562,P20,404,2900
FACT04562,P14,150,450
FACT04562,P01,264,4500
FACT04562,P11,146,55
FACT07632,P15,441,650
FACT07632,P11,525,55
FACT07632,P08,577,65
FACT07632,P13,447,350
FACT08315,P18,290,900
FACT08315,P09,489,18
FACT08315,P20,387,2900
FACT08315,P04,289,3500
FACT06240,P20,509,2900
FACT06240,P09,472,18
FACT06240,P14,473,450
FACT06240,P10,88,20
FACT05958,P13,567,350
FACT05958,P20,114,2900
FACT05958,P19,168,3800
FACT05958,P09,210,18
FACT05931,P03,193,8000
FACT05931,P10,349,20
FACT05931,P17,150,280
FACT05931,P14,600,450
FACT09620,P07,285,28
FACT09620,P18,363,900
FACT09620,P01,525,4500
FACT09620,P08,449,65
FACT09729,P06,137,30
FACT09729,P11,224,55
FACT09729,P14,108,450
FACT09729,P13,288,350
FACT08935,P11,510,55
FACT08935,P20,457,2900
FACT08935,P19,524,3800
FACT08935,P10,315,20
FACT07122,P07,409,28
FACT07122,P20,363,2900
FACT07122,P06,92,30
FACT07122,P01,315,4500
FACT05394,P18,8,900
FACT05394,P20,294,2900
FACT05394,P04,335,3500
FACT05394,P02,558,350
FACT08110,P09,76,18
FACT08110,P05,10,45
FACT08110,P19,407,3800
FACT08110,P11,394,55
FACT01813,P13,405,350
FACT01813,P02,268,350
FACT01813,P08,500,65
FACT01813,P16,566,800
FACT07777,P16,415,800
FACT07777,P08,90,65
FACT07777,P02,592,350
FACT07777,P07,353,28
FACT03312,P08,137,65
FACT03312,P11,176,55
FACT03312,P05,69,45
FACT03312,P09,561,18
FACT06638,P10,20,20
FACT06638,P09,149,18
FACT06638,P05,342,45
FACT06638,P12,565,70
FACT07220,P03,454,8000
FACT07220,P01,311,4500
FACT07220,P14,146,450
FACT07220,P09,340,18
FACT07035,P09,392,18
FACT07035,P08,559,65
FACT07035,P15,340,650
FACT07035,P01,34,4500
FACT02141,P20,21,2900
FACT02141,P04,201,3500
FACT02141,P14,11,450
FACT02141,P02,467,350
FACT02207,P20,133,2900
FACT02207,P06,449,30
FACT02207,P10,393,20
FACT02207,P15,78,650
FACT03899,P01,182,4500
FACT03899,P08,459,65
FACT03899,P05,255,45
FACT03899,P20,582,2900
FACT03207,P18,155,900
FACT03207,P19,194,3800
FACT03207,P11,61,55
FACT03207,P03,241,8000
FACT09381,P02,115,350
FACT09381,P13,316,350
FACT09381,P10,493,20
FACT09381,P15,518,650
FACT09049,P16,414,800
FACT09049,P01,111,4500
FACT09049,P05,395,45
FACT09049,P02,571,350
FACT02154,P10,72,20
FACT02154,P20,507,2900
FACT02154,P02,542,350
FACT02154,P04,325,3500
FACT03393,P13,161,350
FACT03393,P05,270,45
FACT03393,P16,597,800
FACT03393,P03,104,8000
FACT09364,P04,218,3500
FACT09364,P16,120,800
FACT09364,P02,489,350
FACT09364,P06,415,30
FACT06940,P11,583,55
FACT06940,P10,144,20
FACT06940,P01,304,4500
FACT06940,P04,18,3500
FACT01012,P17,96,280
FACT01012,P12,463,70
FACT01012,P11,184,55
FACT01012,P09,580,18
FACT04086,P06,286,30
FACT04086,P20,478,2900
FACT04086,P13,398,350
FACT04086,P19,62,3800
FACT06893,P15,154,650
FACT06893,P06,463,30
FACT06893,P14,509,450
FACT06893,P08,359,65
FACT01883,P02,229,350
FACT01883,P17,587,280
FACT01883,P01,293,4500
FACT01883,P05,181,45
FACT04273,P04,532,3500
FACT04273,P06,539,30
FACT04273,P19,46,3800
FACT04273,P17,225,280
FACT03849,P19,329,3800
FACT03849,P07,507,28
FACT03849,P12,377,70
FACT03849,P10,71,20
FACT04926,P03,388,8000
FACT04926,P11,436,55
FACT04926,P08,589,65
FACT04926,P06,326,30
FACT00244,P06,507,30
FACT00244,P08,356,65
FACT00244,P09,7,18
FACT00244,P03,343,8000
FACT02965,P09,511,18
FACT02965,P18,477,900
FACT02965,P06,157,30
FACT02965,P14,301,450
FACT06097,P13,582,350
FACT06097,P04,268,3500
FACT06097,P05,113,45
FACT06097,P19,224,3800
FACT07156,P15,528,650
FACT07156,P01,518,4500
FACT07156,P16,209,800
FACT07156,P11,414,55
FACT00561,P09,209,18
FACT00561,P10,374,20
FACT00561,P03,18,8000
FACT00561,P13,368,350
FACT06429,P08,73,65
FACT06429,P18,359,900
FACT06429,P13,167,350
FACT06429,P20,411,2900
FACT03425,P18,232,900
FACT03425,P07,571,28
FACT03425,P05,464,45
FACT03425,P12,458,70
FACT03913,P15,163,650
FACT03913,P12,401,70
FACT03913,P08,331,65
FACT03913,P11,420,55
FACT02131,P06,78,30
FACT02131,P07,256,28
FACT02131,P17,208,280
FACT02131,P10,73,20
FACT01441,P08,342,65
FACT01441,P01,560,4500
FACT01441,P15,98,650
FACT01441,P12,495,70
FACT00764,P18,283,900
FACT00764,P04,560,3500
FACT00764,P10,287,20
FACT00764,P15,487,650
FACT05975,P08,597,65
FACT05975,P16,291,800
FACT05975,P05,511,45
FACT05975,P12,66,70
FACT09886,P15,197,650
FACT09886,P02,510,350
FACT09886,P13,405,350
FACT09886,P07,13,28
FACT00961,P16,134,800
FACT00961,P15,251,650
FACT00961,P02,522,350
FACT00961,P10,536,20
FACT00669,P05,396,45
FACT00669,P20,411,2900
FACT00669,P13,166,350
FACT00669,P14,168,450
FACT01175,P06,42,30
FACT01175,P08,412,65
FACT01175,P02,357,350
FACT01175,P07,48,28
FACT05423,P12,208,70
FACT05423,P19,320,3800
FACT05423,P07,247,28
FACT05423,P09,544,18
FACT06225,P20,173,2900
FACT06225,P04,174,3500
FACT06225,P14,187,450
FACT06225,P13,458,350
FACT03653,P19,359,3800
FACT03653,P15,14,650
FACT03653,P07,184,28
FACT03653,P10,476,20
FACT01217,P16,202,800
FACT01217,P03,141,8000
FACT01217,P08,258,65
FACT01217,P05,312,45
FACT03093,P17,48,280
FACT03093,P02,510,350
FACT03093,P14,263,450
FACT03093,P19,80,3800
FACT02086,P05,213,45
FACT02086,P15,496,650
FACT02086,P14,401,450
FACT02086,P11,188,55
FACT08889,P20,164,2900
FACT08889,P19,567,3800
FACT08889,P12,214,70
FACT08889,P15,411,650
FACT01406,P16,342,800
FACT01406,P05,242,45
FACT01406,P17,351,280
FACT01406,P08,141,65
FACT03872,P18,508,900
FACT03872,P02,572,350
FACT03872,P05,315,45
FACT03872,P01,105,4500
FACT09636,P17,370,280
FACT09636,P15,251,650
FACT09636,P18,402,900
FACT09636,P07,57,28
FACT05655,P05,584,45
FACT05655,P06,529,30
FACT05655,P08,309,65
FACT05655,P10,515,20
FACT06311,P07,181,28
FACT06311,P14,481,450
FACT06311,P13,223,350
FACT06311,P03,252,8000
FACT08116,P11,412,55
FACT08116,P13,438,350
FACT08116,P14,200,450
FACT08116,P06,340,30
FACT08691,P11,8,55
FACT08691,P07,449,28
FACT08691,P12,28,70
FACT08691,P15,476,650
FACT00479,P16,413,800
FACT00479,P03,7,8000
FACT00479,P02,50,350
FACT00479,P17,590,280
FACT07478,P19,172,3800
FACT07478,P07,107,28
FACT07478,P14,220,450
FACT07478,P04,460,3500
FACT04235,P18,201,900
FACT04235,P20,507,2900
FACT04235,P05,127,45
FACT04235,P08,544,65
FACT03377,P07,562,28
FACT03377,P04,136,3500
FACT03377,P01,179,4500
FACT03377,P02,253,350
FACT08178,P04,529,3500
FACT08178,P15,443,650
FACT08178,P01,483,4500
FACT08178,P12,401,70
FACT01704,P10,158,20
FACT01704,P11,320,55
FACT01704,P06,175,30
FACT01704,P04,339,3500
FACT06427,P10,290,20
FACT06427,P06,77,30
FACT06427,P11,440,55
FACT06427,P14,118,450
FACT02649,P17,68,280
FACT02649,P15,166,650
FACT02649,P04,527,3500
FACT02649,P12,463,70
FACT05514,P12,369,70
FACT05514,P03,166,8000
FACT05514,P10,318,20
FACT05514,P08,325,65
FACT07703,P12,381,70
FACT07703,P07,219,28
FACT07703,P14,393,450
FACT07703,P13,12,350
FACT00547,P08,140,65
FACT00547,P18,592,900
FACT00547,P02,543,350
FACT00547,P16,317,800
FACT02487,P11,42,55
FACT02487,P06,299,30
FACT02487,P20,562,2900
FACT02487,P05,567,45
FACT06860,P05,271,45
FACT06860,P04,69,3500
FACT06860,P06,120,30
FACT06860,P11,486,55
FACT04656,P06,172,30
FACT04656,P07,302,28
FACT04656,P18,518,900
FACT04656,P19,68,3800
FACT09483,P08,481,65
FACT09483,P19,368,3800
FACT09483,P02,576,350
FACT09483,P14,195,450
FACT01183,P05,94,45
FACT01183,P07,69,28
FACT01183,P11,147,55
FACT01183,P10,166,20
FACT03471,P07,282,28
FACT03471,P20,139,2900
FACT03471,P05,368,45
FACT03471,P01,596,4500
FACT08859,P04,27,3500
FACT08859,P03,158,8000
FACT08859,P14,56,450
FACT08859,P12,503,70
FACT03725,P14,292,450
FACT03725,P01,524,4500
FACT03725,P02,45,350
FACT03725,P10,191,20
FACT01688,P14,266,450
FACT01688,P10,252,20
FACT01688,P04,529,3500
FACT01688,P09,471,18
FACT04761,P16,204,800
FACT04761,P17,494,280
FACT04761,P10,486,20
FACT04761,P08,143,65
FACT08334,P13,447,350
FACT08334,P04,339,3500
FACT08334,P18,258,900
FACT08334,P01,302,4500
FACT09730,P06,527,30
FACT09730,P02,267,350
FACT09730,P14,467,450
FACT09730,P17,225,280
FACT00300,P06,437,30
FACT00300,P10,441,20
FACT00300,P18,467,900
FACT00300,P05,116,45
FACT08967,P03,357,8000
FACT08967,P20,163,2900
FACT08967,P11,372,55
FACT08967,P15,43,650
FACT05540,P03,21,8000
FACT05540,P01,223,4500
FACT05540,P18,377,900
FACT05540,P05,497,45
FACT09268,P03,588,8000
FACT09268,P10,449,20
FACT09268,P13,287,350
FACT09268,P12,72,70
FACT05989,P07,414,28
FACT05989,P14,274,450
FACT05989,P08,416,65
FACT05989,P16,488,800
FACT08518,P04,83,3500
FACT08518,P05,56,45
FACT08518,P20,138,2900
FACT08518,P14,331,450
FACT04608,P05,14,45
FACT04608,P03,314,8000
FACT04608,P17,553,280
FACT04608,P07,296,28
FACT08002,P11,294,55
FACT08002,P19,122,3800
FACT08002,P03,23,8000
FACT08002,P14,596,450
FACT01418,P08,196,65
FACT01418,P16,26,800
FACT01418,P05,242,45
FACT01418,P09,282,18
FACT00911,P04,149,3500
FACT00911,P14,235,450
FACT00911,P16,164,800
FACT00911,P19,539,3800
FACT06498,P07,471,28
FACT06498,P12,118,70
FACT06498,P20,543,2900
FACT06498,P01,195,4500
FACT03422,P20,151,2900
FACT03422,P01,124,4500
FACT03422,P07,527,28
FACT03422,P14,254,450
FACT00380,P02,122,350
FACT00380,P05,375,45
FACT00380,P17,92,280
FACT00380,P10,407,20
FACT02533,P20,404,2900
FACT02533,P04,535,3500
FACT02533,P10,30,20
FACT02533,P03,276,8000
FACT08541,P03,224,8000
FACT08541,P13,590,350
FACT08541,P07,31,28
FACT08541,P14,394,450
FACT07072,P20,131,2900
FACT07072,P11,352,55
FACT07072,P06,537,30
FACT07072,P02,579,350
FACT08983,P14,297,450
FACT08983,P04,357,3500
FACT08983,P03,309,8000
FACT08983,P08,548,65
FACT00426,P11,212,55
FACT00426,P16,464,800
FACT00426,P15,177,650
FACT00426,P14,198,450
FACT07811,P05,193,45
FACT07811,P18,419,900
FACT07811,P13,17,350
FACT07811,P14,231,450
FACT07977,P13,51,350
FACT07977,P05,595,45
FACT07977,P19,558,3800
FACT07977,P12,363,70
FACT03770,P18,312,900
FACT03770,P09,103,18
FACT03770,P17,448,280
FACT03770,P08,202,65
FACT04738,P19,275,3800
FACT04738,P20,66,2900
FACT04738,P14,198,450
FACT04738,P10,433,20
FACT04848,P03,85,8000
FACT04848,P12,119,70
FACT04848,P09,185,18
FACT04848,P11,7,55
FACT05454,P14,91,450
FACT05454,P09,341,18
FACT05454,P13,595,350
FACT05454,P16,508,800
FACT01643,P12,571,70
FACT01643,P14,353,450
FACT01643,P08,70,65
FACT01643,P09,184,18
FACT03348,P02,347,350
FACT03348,P13,593,350
FACT03348,P20,439,2900
FACT03348,P10,51,20
FACT05327,P06,180,30
FACT05327,P16,40,800
FACT05327,P18,255,900
FACT05327,P09,113,18
FACT00890,P10,364,20
FACT00890,P09,248,18
FACT00890,P12,318,70
FACT00890,P16,268,800
FACT00792,P15,443,650
FACT00792,P10,375,20
FACT00792,P19,485,3800
FACT00792,P04,480,3500
FACT02793,P16,566,800
FACT02793,P01,520,4500
FACT02793,P07,16,28
FACT02793,P02,182,350
FACT05978,P10,168,20
FACT05978,P03,29,8000
FACT05978,P01,392,4500
FACT05978,P07,311,28
FACT03814,P05,48,45
FACT03814,P07,65,28
FACT03814,P06,310,30
FACT03814,P19,313,3800
FACT02020,P06,415,30
FACT02020,P07,422,28
FACT02020,P16,184,800
FACT02020,P19,181,3800
FACT04419,P09,115,18
FACT04419,P19,157,3800
FACT04419,P01,183,4500
FACT04419,P17,244,280
FACT00395,P16,141,800
FACT00395,P12,103,70
FACT00395,P13,474,350
FACT00395,P03,487,8000
FACT05429,P14,145,450
FACT05429,P09,585,18
FACT05429,P12,22,70
FACT05429,P18,153,900
FACT03929,P20,154,2900
FACT03929,P16,301,800
FACT03929,P05,345,45
FACT03929,P19,146,3800
FACT01919,P17,114,280
FACT01919,P02,453,350
FACT01919,P07,276,28
FACT01919,P06,294,30
FACT06477,P19,202,3800
FACT06477,P07,417,28
FACT06477,P18,413,900
FACT06477,P05,22,45
FACT08364,P08,288,65
FACT08364,P05,475,45
FACT08364,P17,234,280
FACT08364,P10,7,20
FACT04013,P07,377,28
FACT04013,P19,104,3800
FACT04013,P15,423,650
FACT04013,P18,325,900
FACT02348,P20,193,2900
FACT02348,P05,533,45
FACT02348,P15,15,650
FACT02348,P09,147,18
FACT03994,P16,208,800
FACT03994,P10,485,20
FACT03994,P05,366,45
FACT03994,P14,214,450
FACT03407,P12,100,70
FACT03407,P03,507,8000
FACT03407,P07,49,28
FACT03407,P01,343,4500
FACT06861,P18,25,900
FACT06861,P15,103,650
FACT06861,P10,489,20
FACT06861,P07,553,28
FACT09146,P18,564,900
FACT09146,P08,594,65
FACT09146,P12,104,70
FACT09146,P11,400,55
FACT02306,P19,66,3800
FACT02306,P06,522,30
FACT02306,P10,157,20
FACT02306,P17,114,280
FACT05575,P04,575,3500
FACT05575,P10,350,20
FACT05575,P08,226,65
FACT05575,P09,159,18
FACT09615,P11,37,55
FACT09615,P12,585,70
FACT09615,P05,159,45
FACT09615,P09,379,18
FACT04555,P04,330,3500
FACT04555,P20,332,2900
FACT04555,P03,134,8000
FACT04555,P11,345,55
FACT02282,P11,79,55
FACT02282,P19,532,3800
FACT02282,P08,527,65
FACT02282,P17,166,280
FACT04830,P03,98,8000
FACT04830,P07,422,28
FACT04830,P02,329,350
FACT04830,P13,92,350
FACT02912,P07,379,28
FACT02912,P11,462,55
FACT02912,P15,530,650
FACT02912,P17,311,280
FACT09222,P03,417,8000
FACT09222,P01,23,4500
FACT09222,P09,169,18
FACT09222,P04,156,3500
FACT02926,P09,567,18
FACT02926,P01,384,4500
FACT02926,P19,340,3800
FACT02926,P07,277,28
FACT03714,P17,88,280
FACT03714,P07,442,28
FACT03714,P01,553,4500
FACT03714,P09,404,18
FACT00052,P13,159,350
FACT00052,P16,238,800
FACT00052,P03,469,8000
FACT00052,P18,504,900
FACT08626,P06,546,30
FACT08626,P13,586,350
FACT08626,P19,502,3800
FACT08626,P20,280,2900
FACT09810,P15,291,650
FACT09810,P04,463,3500
FACT09810,P05,478,45
FACT09810,P06,297,30
FACT09746,P10,258,20
FACT09746,P16,243,800
FACT09746,P09,53,18
FACT09746,P02,136,350
FACT05537,P16,103,800
FACT05537,P12,424,70
FACT05537,P08,592,65
FACT05537,P13,343,350
FACT04766,P11,333,55
FACT04766,P02,430,350
FACT04766,P01,114,4500
FACT04766,P14,67,450
FACT00085,P04,247,3500
FACT00085,P18,293,900
FACT00085,P15,437,650
FACT00085,P01,82,4500
FACT03631,P14,184,450
FACT03631,P19,222,3800
FACT03631,P16,241,800
FACT03631,P04,403,3500
FACT01820,P02,296,350
FACT01820,P19,17,3800
FACT01820,P11,489,55
FACT01820,P01,91,4500
FACT00284,P01,236,4500
FACT00284,P18,432,900
FACT00284,P10,154,20
FACT00284,P19,164,3800
FACT08260,P08,159,65
FACT08260,P06,176,30
FACT08260,P05,504,45
FACT08260,P01,299,4500
FACT09601,P20,41,2900
FACT09601,P18,99,900
FACT09601,P19,265,3800
FACT09601,P01,353,4500
FACT01860,P03,34,8000
FACT01860,P02,57,350
FACT01860,P14,492,450
FACT01860,P06,86,30
FACT00237,P09,441,18
FACT00237,P03,325,8000
FACT00237,P20,469,2900
FACT00237,P01,512,4500
FACT03510,P18,539,900
FACT03510,P11,508,55
FACT03510,P09,416,18
FACT03510,P15,90,650
FACT00360,P17,395,280
FACT00360,P16,518,800
FACT00360,P14,508,450
FACT00360,P06,111,30
FACT01973,P17,82,280
FACT01973,P08,292,65
FACT01973,P06,269,30
FACT01973,P18,457,900
FACT02331,P12,378,70
FACT02331,P07,450,28
FACT02331,P02,98,350
FACT02331,P09,233,18
FACT06440,P13,120,350
FACT06440,P17,250,280
FACT06440,P19,191,3800
FACT06440,P01,351,4500
FACT04981,P13,360,350
FACT04981,P10,359,20
FACT04981,P04,321,3500
FACT04981,P18,184,900
FACT02878,P19,214,3800
FACT02878,P09,560,18
FACT02878,P20,77,2900
FACT02878,P02,39,350
FACT09363,P09,556,18
FACT09363,P01,393,4500
FACT09363,P18,292,900
FACT09363,P06,344,30
FACT08220,P12,469,70
FACT08220,P20,538,2900
FACT08220,P02,149,350
FACT08220,P09,343,18
FACT00196,P03,174,8000
FACT00196,P18,315,900
FACT00196,P11,402,55
FACT00196,P19,460,3800
FACT05616,P10,29,20
FACT05616,P15,233,650
FACT05616,P07,493,28
FACT05616,P01,491,4500
FACT04124,P03,216,8000
FACT04124,P16,82,800
FACT04124,P02,392,350
FACT04124,P04,311,3500
FACT07535,P03,6,8000
FACT07535,P11,171,55
FACT07535,P06,157,30
FACT07535,P12,447,70
FACT06993,P07,459,28
FACT06993,P02,422,350
FACT06993,P14,245,450
FACT06993,P03,58,8000
FACT03449,P18,125,900
FACT03449,P17,304,280
FACT03449,P13,254,350
FACT03449,P05,353,45
FACT06997,P12,417,70
FACT06997,P03,266,8000
FACT06997,P14,133,450
FACT06997,P07,297,28
FACT04589,P06,421,30
FACT04589,P14,63,450
FACT04589,P09,195,18
FACT04589,P18,149,900
FACT00387,P06,158,30
FACT00387,P12,338,70
FACT00387,P19,326,3800
FACT00387,P03,266,8000
FACT00106,P15,27,650
FACT00106,P10,84,20
FACT00106,P08,166,65
FACT00106,P07,510,28
FACT09566,P04,230,3500
FACT09566,P18,118,900
FACT09566,P01,458,4500
FACT09566,P02,357,350
FACT00813,P16,556,800
FACT00813,P04,552,3500
FACT00813,P20,240,2900
FACT00813,P17,148,280
FACT01400,P20,329,2900
FACT01400,P03,525,8000
FACT01400,P14,382,450
FACT01400,P11,8,55
FACT02285,P04,366,3500
FACT02285,P15,444,650
FACT02285,P07,24,28
FACT02285,P13,468,350
FACT03719,P09,48,18
FACT03719,P04,598,3500
FACT03719,P19,593,3800
FACT03719,P18,49,900
FACT07371,P05,205,45
FACT07371,P08,102,65
FACT07371,P11,95,55
FACT07371,P02,70,350
FACT09261,P07,299,28
FACT09261,P05,153,45
FACT09261,P03,161,8000
FACT09261,P06,576,30
FACT00232,P05,546,45
FACT00232,P10,331,20
FACT00232,P16,71,800
FACT00232,P14,272,450
FACT07511,P11,501,55
FACT07511,P04,257,3500
FACT07511,P06,35,30
FACT07511,P05,556,45
FACT02098,P02,521,350
FACT02098,P17,217,280
FACT02098,P05,185,45
FACT02098,P09,64,18
FACT00463,P04,188,3500
FACT00463,P14,481,450
FACT00463,P07,130,28
FACT00463,P16,10,800
FACT00440,P17,446,280
FACT00440,P10,214,20
FACT00440,P15,109,650
FACT00440,P16,333,800
FACT00272,P15,406,650
FACT00272,P01,18,4500
FACT00272,P12,370,70
FACT00272,P18,581,900
FACT06160,P17,536,280
FACT06160,P12,140,70
FACT06160,P10,534,20
FACT06160,P13,193,350
FACT02546,P20,139,2900
FACT02546,P01,74,4500
FACT02546,P04,577,3500
FACT02546,P12,237,70
FACT04079,P02,447,350
FACT04079,P08,138,65
FACT04079,P14,595,450
FACT04079,P19,534,3800
FACT08324,P07,142,28
FACT08324,P08,206,65
FACT08324,P05,475,45
FACT08324,P19,242,3800
FACT05348,P15,172,650
FACT05348,P08,132,65
FACT05348,P06,389,30
FACT05348,P19,14,3800
FACT02195,P08,412,65
FACT02195,P11,383,55
FACT02195,P15,320,650
FACT02195,P12,188,70
FACT06988,P12,515,70
FACT06988,P08,281,65
FACT06988,P19,396,3800
FACT06988,P16,327,800
FACT09546,P19,193,3800
FACT09546,P02,262,350
FACT09546,P18,363,900
FACT09546,P15,191,650
FACT01258,P11,480,55
FACT01258,P15,429,650
FACT01258,P19,103,3800
FACT01258,P06,498,30
FACT02335,P18,475,900
FACT02335,P06,317,30
FACT02335,P08,474,65
FACT02335,P11,560,55
FACT02460,P03,94,8000
FACT02460,P13,221,350
FACT02460,P10,258,20
FACT02460,P04,506,3500
FACT02118,P07,371,28
FACT02118,P17,151,280
FACT02118,P02,368,350
FACT02118,P10,186,20
FACT08181,P07,227,28
FACT08181,P18,21,900
FACT08181,P03,147,8000
FACT08181,P02,490,350
FACT03043,P20,226,2900
FACT03043,P06,439,30
FACT03043,P07,192,28
FACT03043,P04,91,3500
FACT02730,P17,264,280
FACT02730,P16,574,800
FACT02730,P05,198,45
FACT02730,P11,123,55
FACT09874,P06,84,30
FACT09874,P16,215,800
FACT09874,P02,385,350
FACT09874,P18,348,900
FACT06784,P11,364,55
FACT06784,P02,314,350
FACT06784,P07,522,28
FACT06784,P14,345,450
FACT09254,P12,405,70
FACT09254,P01,220,4500
FACT09254,P13,501,350
FACT09254,P04,25,3500
FACT07355,P05,143,45
FACT07355,P08,391,65
FACT07355,P12,96,70
FACT07355,P10,196,20
FACT07695,P18,315,900
FACT07695,P19,71,3800
FACT07695,P05,27,45
FACT07695,P11,134,55
FACT04588,P01,301,4500
FACT04588,P10,474,20
FACT04588,P06,348,30
FACT04588,P07,296,28
FACT05856,P03,568,8000
FACT05856,P02,540,350
FACT05856,P16,57,800
FACT05856,P10,306,20
FACT09751,P17,67,280
FACT09751,P16,320,800
FACT09751,P03,271,8000
FACT09751,P01,310,4500
FACT06063,P14,57,450
FACT06063,P16,8,800
FACT06063,P17,288,280
FACT06063,P05,31,45
FACT07394,P12,247,70
FACT07394,P06,176,30
FACT07394,P09,346,18
FACT07394,P20,233,2900
FACT07287,P03,359,8000
FACT07287,P08,286,65
FACT07287,P06,80,30
FACT07287,P17,23,280
FACT07466,P17,251,280
FACT07466,P01,120,4500
FACT07466,P12,507,70
FACT07466,P13,131,350
FACT09033,P12,100,70
FACT09033,P16,429,800
FACT09033,P17,497,280
FACT09033,P08,339,65
FACT08915,P09,464,18
FACT08915,P18,120,900
FACT08915,P01,98,4500
FACT08915,P02,570,350
FACT09158,P05,99,45
FACT09158,P19,470,3800
FACT09158,P14,360,450
FACT09158,P08,417,65
FACT04760,P18,338,900
FACT04760,P05,574,45
FACT04760,P02,501,350
FACT04760,P03,411,8000
FACT00519,P17,58,280
FACT00519,P09,356,18
FACT00519,P16,209,800
FACT00519,P07,242,28
FACT09394,P13,499,350
FACT09394,P02,210,350
FACT09394,P11,36,55
FACT09394,P08,361,65
FACT09480,P05,585,45
FACT09480,P16,65,800
FACT09480,P13,411,350
FACT09480,P01,544,4500
FACT04241,P03,341,8000
FACT04241,P06,520,30
FACT04241,P19,74,3800
FACT04241,P10,49,20
FACT08922,P09,463,18
FACT08922,P06,588,30
FACT08922,P02,448,350
FACT08922,P14,554,450
FACT00066,P08,190,65
FACT00066,P04,466,3500
FACT00066,P17,563,280
FACT00066,P09,525,18
FACT01125,P12,209,70
FACT01125,P18,533,900
FACT01125,P10,344,20
FACT01125,P03,159,8000
FACT04907,P19,231,3800
FACT04907,P17,462,280
FACT04907,P09,225,18
FACT04907,P05,457,45
FACT03697,P10,580,20
FACT03697,P12,214,70
FACT03697,P14,390,450
FACT03697,P17,111,280
FACT04440,P14,83,450
FACT04440,P13,428,350
FACT04440,P15,366,650
FACT04440,P01,21,4500
FACT07706,P12,512,70
FACT07706,P11,254,55
FACT07706,P07,233,28
FACT07706,P04,505,3500
FACT09851,P20,472,2900
FACT09851,P18,406,900
FACT09851,P11,44,55
FACT09851,P09,11,18
FACT05787,P04,301,3500
FACT05787,P14,155,450
FACT05787,P10,272,20
FACT05787,P18,65,900
FACT05722,P15,310,650
FACT05722,P19,561,3800
FACT05722,P20,453,2900
FACT05722,P05,263,45
FACT03157,P03,404,8000
FACT03157,P12,278,70
FACT03157,P06,529,30
FACT03157,P13,91,350
FACT02156,P07,456,28
FACT02156,P11,25,55
FACT02156,P01,587,4500
FACT02156,P06,291,30
FACT06645,P17,198,280
FACT06645,P20,446,2900
FACT06645,P12,116,70
FACT06645,P04,342,3500
FACT04050,P07,304,28
FACT04050,P10,327,20
FACT04050,P04,333,3500
FACT04050,P03,47,8000
FACT06673,P17,457,280
FACT06673,P07,155,28
FACT06673,P11,583,55
FACT06673,P15,329,650
FACT05762,P02,163,350
FACT05762,P19,105,3800
FACT05762,P16,273,800
FACT05762,P09,265,18
FACT08778,P17,452,280
FACT08778,P04,162,3500
FACT08778,P02,323,350
FACT08778,P10,568,20
FACT04361,P02,375,350
FACT04361,P17,352,280
FACT04361,P18,475,900
FACT04361,P09,586,18
FACT05384,P17,142,280
FACT05384,P07,490,28
FACT05384,P05,44,45
FACT05384,P18,29,900
FACT07042,P11,306,55
FACT07042,P05,458,45
FACT07042,P02,154,350
FACT07042,P20,85,2900
FACT02066,P19,367,3800
FACT02066,P08,447,65
FACT02066,P07,567,28
FACT02066,P12,355,70
FACT01394,P16,203,800
FACT01394,P09,214,18
FACT01394,P04,348,3500
FACT01394,P14,257,450
FACT02373,P08,307,65
FACT02373,P13,457,350
FACT02373,P16,61,800
FACT02373,P11,442,55
FACT07074,P13,518,350
FACT07074,P20,112,2900
FACT07074,P09,184,18
FACT07074,P10,135,20
FACT02244,P06,349,30
FACT02244,P20,142,2900
FACT02244,P07,194,28
FACT02244,P01,289,4500
FACT01403,P17,117,280
FACT01403,P13,585,350
FACT01403,P18,38,900
FACT01403,P07,509,28
FACT06935,P16,144,800
FACT06935,P04,207,3500
FACT06935,P15,291,650
FACT06935,P09,39,18
FACT00341,P18,420,900
FACT00341,P02,461,350
FACT00341,P04,408,3500
FACT00341,P17,163,280
FACT00451,P09,346,18
FACT00451,P10,261,20
FACT00451,P12,408,70
FACT00451,P01,290,4500
FACT03204,P16,96,800
FACT03204,P06,539,30
FACT03204,P19,19,3800
FACT03204,P01,477,4500
FACT06585,P02,443,350
FACT06585,P07,534,28
FACT06585,P19,125,3800
FACT06585,P12,395,70
FACT01590,P03,567,8000
FACT01590,P11,39,55
FACT01590,P18,548,900
FACT01590,P20,517,2900
FACT08930,P07,81,28
FACT08930,P12,560,70
FACT08930,P10,262,20
FACT08930,P01,520,4500
FACT06312,P19,283,3800
FACT06312,P18,161,900
FACT06312,P04,127,3500
FACT06312,P16,234,800
FACT08708,P19,92,3800
FACT08708,P10,149,20
FACT08708,P02,401,350
FACT08708,P14,454,450
FACT02497,P06,390,30
FACT02497,P18,370,900
FACT02497,P14,94,450
FACT02497,P09,317,18
FACT09696,P17,546,280
FACT09696,P02,174,350
FACT09696,P01,129,4500
FACT09696,P03,296,8000
FACT04324,P12,378,70
FACT04324,P07,239,28
FACT04324,P06,512,30
FACT04324,P05,180,45
FACT03790,P17,30,280
FACT03790,P08,503,65
FACT03790,P04,370,3500
FACT03790,P10,296,20
FACT00932,P20,400,2900
FACT00932,P12,600,70
FACT00932,P09,181,18
FACT00932,P07,213,28
FACT01290,P02,21,350
FACT01290,P03,258,8000
FACT01290,P05,395,45
FACT01290,P08,227,65
FACT07839,P06,344,30
FACT07839,P08,88,65
FACT07839,P20,326,2900
FACT07839,P18,375,900
FACT08982,P14,52,450
FACT08982,P02,15,350
FACT08982,P13,327,350
FACT08982,P16,93,800
FACT06142,P20,518,2900
FACT06142,P06,230,30
FACT06142,P16,228,800
FACT06142,P02,117,350
FACT00059,P04,28,3500
FACT00059,P17,135,280
FACT00059,P02,339,350
FACT00059,P13,437,350
FACT06862,P02,187,350
FACT06862,P13,145,350
FACT06862,P20,525,2900
FACT06862,P03,305,8000
FACT05258,P03,228,8000
FACT05258,P04,576,3500
FACT05258,P06,550,30
FACT05258,P08,243,65
FACT00312,P17,231,280
FACT00312,P15,373,650
FACT00312,P02,110,350
FACT00312,P12,331,70
FACT02434,P07,349,28
FACT02434,P17,425,280
FACT02434,P06,517,30
FACT02434,P18,587,900
FACT00807,P19,358,3800
FACT00807,P12,363,70
FACT00807,P18,469,900
FACT00807,P17,38,280
FACT03544,P20,270,2900
FACT03544,P01,433,4500
FACT03544,P18,77,900
FACT03544,P04,332,3500
FACT01024,P15,276,650
FACT01024,P19,368,3800
FACT01024,P08,18,65
FACT01024,P12,461,70
FACT07422,P10,367,20
FACT07422,P05,106,45
FACT07422,P13,101,350
FACT07422,P20,446,2900
FACT07770,P12,322,70
FACT07770,P01,203,4500
FACT07770,P02,280,350
FACT07770,P10,195,20
FACT09770,P15,490,650
FACT09770,P17,233,280
FACT09770,P09,73,18
FACT09770,P08,486,65
FACT01522,P15,362,650
FACT01522,P13,17,350
FACT01522,P14,262,450
FACT01522,P01,294,4500
FACT03066,P04,48,3500
FACT03066,P09,111,18
FACT03066,P18,127,900
FACT03066,P20,244,2900
FACT02416,P02,119,350
FACT02416,P19,251,3800
FACT02416,P18,75,900
FACT02416,P11,558,55
FACT07843,P02,563,350
FACT07843,P18,99,900
FACT07843,P16,488,800
FACT07843,P19,314,3800
FACT05424,P10,399,20
FACT05424,P11,384,55
FACT05424,P17,572,280
FACT05424,P09,505,18
FACT03167,P17,65,280
FACT03167,P11,395,55
FACT03167,P01,108,4500
FACT03167,P04,206,3500
FACT06324,P02,520,350
FACT06324,P14,551,450
FACT06324,P05,9,45
FACT06324,P07,39,28
FACT07748,P18,504,900
FACT07748,P09,223,18
FACT07748,P07,401,28
FACT07748,P13,452,350
FACT00287,P05,106,45
FACT00287,P15,588,650
FACT00287,P07,463,28
FACT00287,P04,207,3500
FACT01354,P06,510,30
FACT01354,P15,402,650
FACT01354,P18,28,900
FACT01354,P08,321,65
FACT07928,P16,206,800
FACT07928,P04,170,3500
FACT07928,P19,151,3800
FACT07928,P10,477,20
FACT06298,P16,120,800
FACT06298,P20,355,2900
FACT06298,P14,429,450
FACT06298,P04,326,3500
FACT01753,P09,290,18
FACT01753,P18,207,900
FACT01753,P02,77,350
FACT01753,P17,242,280
FACT09917,P12,100,70
FACT09917,P10,184,20
FACT09917,P15,348,650
FACT09917,P08,176,65
FACT05208,P18,484,900
FACT05208,P12,497,70
FACT05208,P07,551,28
FACT05208,P02,477,350
FACT01365,P16,225,800
FACT01365,P06,562,30
FACT01365,P13,140,350
FACT01365,P14,508,450
FACT02342,P12,566,70
FACT02342,P10,19,20
FACT02342,P14,538,450
FACT02342,P13,383,350
FACT07387,P05,89,45
FACT07387,P09,378,18
FACT07387,P13,213,350
FACT07387,P12,103,70
FACT01829,P06,424,30
FACT01829,P03,336,8000
FACT01829,P01,132,4500
FACT01829,P14,194,450
FACT07001,P13,248,350
FACT07001,P11,591,55
FACT07001,P01,385,4500
FACT07001,P19,173,3800
FACT03568,P03,76,8000
FACT03568,P12,450,70
FACT03568,P14,39,450
FACT03568,P15,532,650
FACT00008,P05,200,45
FACT00008,P07,323,28
FACT00008,P18,279,900
FACT00008,P14,40,450
FACT09398,P11,374,55
FACT09398,P19,195,3800
FACT09398,P01,176,4500
FACT09398,P05,65,45
FACT06467,P04,302,3500
FACT06467,P03,304,8000
FACT06467,P17,179,280
FACT06467,P05,244,45
FACT06551,P20,213,2900
FACT06551,P09,599,18
FACT06551,P01,590,4500
FACT06551,P11,278,55
FACT04571,P01,316,4500
FACT04571,P14,217,450
FACT04571,P05,329,45
FACT04571,P13,485,350
FACT01360,P03,456,8000
FACT01360,P15,282,650
FACT01360,P12,114,70
FACT01360,P16,599,800
FACT05141,P04,280,3500
FACT05141,P09,50,18
FACT05141,P08,16,65
FACT05141,P16,135,800
FACT00063,P12,598,70
FACT00063,P13,338,350
FACT00063,P04,415,3500
FACT00063,P06,389,30
FACT07204,P18,378,900
FACT07204,P01,354,4500
FACT07204,P05,210,45
FACT07204,P10,455,20
FACT05148,P11,308,55
FACT05148,P15,146,650
FACT05148,P17,366,280
FACT05148,P16,202,800
FACT05203,P18,516,900
FACT05203,P11,534,55
FACT05203,P15,452,650
FACT05203,P20,54,2900
FACT03464,P05,580,45
FACT03464,P08,248,65
FACT03464,P19,403,3800
FACT03464,P17,201,280
FACT06319,P05,214,45
FACT06319,P07,188,28
FACT06319,P16,298,800
FACT06319,P18,232,900
FACT08138,P04,310,3500
FACT08138,P11,372,55
FACT08138,P12,312,70
FACT08138,P09,404,18
FACT06000,P13,319,350
FACT06000,P10,592,20
FACT06000,P03,470,8000
FACT06000,P11,352,55
FACT02576,P13,474,350
FACT02576,P01,349,4500
FACT02576,P11,567,55
FACT02576,P08,228,65
FACT06325,P16,358,800
FACT06325,P19,199,3800
FACT06325,P04,333,3500
FACT06325,P10,20,20
FACT06913,P14,498,450
FACT06913,P12,344,70
FACT06913,P15,345,650
FACT06913,P01,226,4500
FACT06953,P17,447,280
FACT06953,P09,183,18
FACT06953,P10,6,20
FACT06953,P07,153,28
FACT03027,P19,98,3800
FACT03027,P14,125,450
FACT03027,P16,575,800
FACT03027,P15,367,650
FACT05122,P11,188,55
FACT05122,P07,370,28
FACT05122,P13,470,350
FACT05122,P16,43,800
FACT08575,P20,441,2900
FACT08575,P15,557,650
FACT08575,P04,543,3500
FACT08575,P05,39,45
FACT04811,P20,125,2900
FACT04811,P07,297,28
FACT04811,P16,317,800
FACT04811,P04,111,3500
FACT06045,P11,46,55
FACT06045,P14,384,450
FACT06045,P18,34,900
FACT06045,P17,139,280
FACT00195,P07,395,28
FACT00195,P03,393,8000
FACT00195,P11,100,55
FACT00195,P18,591,900
FACT00976,P02,545,350
FACT00976,P10,247,20
FACT00976,P12,439,70
FACT00976,P08,203,65
FACT05449,P02,567,350
FACT05449,P01,236,4500
FACT05449,P03,58,8000
FACT05449,P10,570,20
FACT04083,P14,504,450
FACT04083,P01,216,4500
FACT04083,P11,20,55
FACT04083,P20,437,2900
FACT06015,P10,463,20
FACT06015,P02,22,350
FACT06015,P18,519,900
FACT06015,P08,326,65
FACT04111,P15,385,650
FACT04111,P06,511,30
FACT04111,P05,250,45
FACT04111,P18,169,900
FACT07697,P03,534,8000
FACT07697,P07,208,28
FACT07697,P19,426,3800
FACT07697,P10,221,20
FACT08920,P20,253,2900
FACT08920,P16,561,800
FACT08920,P05,224,45
FACT08920,P13,541,350
FACT01985,P02,92,350
FACT01985,P19,76,3800
FACT01985,P08,420,65
FACT01985,P01,87,4500
FACT05635,P12,383,70
FACT05635,P18,509,900
FACT05635,P11,79,55
FACT05635,P14,489,450
FACT09922,P13,288,350
FACT09922,P11,413,55
FACT09922,P20,479,2900
FACT09922,P08,26,65
FACT00776,P11,306,55
FACT00776,P19,364,3800
FACT00776,P03,528,8000
FACT00776,P01,143,4500
FACT01383,P10,475,20
FACT01383,P18,164,900
FACT01383,P16,542,800
FACT01383,P05,294,45
FACT06241,P13,442,350
FACT06241,P20,365,2900
FACT06241,P11,478,55
FACT06241,P18,119,900
FACT06465,P02,232,350
FACT06465,P19,348,3800
FACT06465,P05,267,45
FACT06465,P09,355,18
FACT05074,P05,409,45
FACT05074,P11,97,55
FACT05074,P20,476,2900
FACT05074,P18,531,900
FACT08230,P05,380,45
FACT08230,P01,366,4500
FACT08230,P18,90,900
FACT08230,P19,341,3800
FACT05556,P02,9,350
FACT05556,P04,27,3500
FACT05556,P06,65,30
FACT05556,P01,137,4500
FACT03053,P19,114,3800
FACT03053,P10,455,20
FACT03053,P04,518,3500
FACT03053,P08,96,65
FACT07596,P20,527,2900
FACT07596,P11,568,55
FACT07596,P13,188,350
FACT07596,P04,405,3500
FACT06002,P02,525,350
FACT06002,P05,313,45
FACT06002,P14,217,450
FACT06002,P07,38,28
FACT02329,P13,101,350
FACT02329,P03,15,8000
FACT02329,P19,243,3800
FACT02329,P12,119,70
FACT08661,P12,213,70
FACT08661,P09,146,18
FACT08661,P13,21,350
FACT08661,P04,533,3500
FACT00295,P10,7,20
FACT00295,P17,481,280
FACT00295,P05,237,45
FACT00295,P19,22,3800
FACT05533,P17,436,280
FACT05533,P19,508,3800
FACT05533,P07,94,28
FACT05533,P10,544,20
FACT01444,P18,454,900
FACT01444,P04,29,3500
FACT01444,P17,388,280
FACT01444,P02,72,350
FACT09956,P02,259,350
FACT09956,P09,440,18
FACT09956,P20,270,2900
FACT09956,P12,407,70
FACT00748,P15,138,650
FACT00748,P20,217,2900
FACT00748,P19,173,3800
FACT00748,P01,328,4500
FACT04802,P19,417,3800
FACT04802,P14,323,450
FACT04802,P16,65,800
FACT04802,P03,572,8000
FACT01798,P20,50,2900
FACT01798,P05,315,45
FACT01798,P02,498,350
FACT01798,P06,253,30
FACT03638,P03,248,8000
FACT03638,P04,322,3500
FACT03638,P10,214,20
FACT03638,P01,196,4500
FACT06891,P03,559,8000
FACT06891,P14,418,450
FACT06891,P06,83,30
FACT06891,P13,150,350
FACT07360,P13,401,350
FACT07360,P08,28,65
FACT07360,P20,581,2900
FACT07360,P15,571,650
FACT02142,P08,391,65
FACT02142,P18,374,900
FACT02142,P02,83,350
FACT02142,P14,218,450
FACT06382,P07,474,28
FACT06382,P09,161,18
FACT06382,P17,553,280
FACT06382,P18,595,900
FACT04290,P07,105,28
FACT04290,P17,152,280
FACT04290,P18,155,900
FACT04290,P02,288,350
FACT09326,P08,134,65
FACT09326,P20,60,2900
FACT09326,P15,211,650
FACT09326,P05,220,45
FACT09128,P10,125,20
FACT09128,P12,402,70
FACT09128,P17,355,280
FACT09128,P06,268,30
FACT07937,P16,265,800
FACT07937,P20,366,2900
FACT07937,P05,459,45
FACT07937,P09,585,18
FACT09259,P16,296,800
FACT09259,P08,37,65
FACT09259,P01,170,4500
FACT09259,P13,422,350
FACT07033,P03,429,8000
FACT07033,P14,586,450
FACT07033,P12,342,70
FACT07033,P09,270,18
FACT01558,P12,153,70
FACT01558,P17,246,280
FACT01558,P09,383,18
FACT01558,P01,560,4500
FACT03612,P06,184,30
FACT03612,P04,332,3500
FACT03612,P10,547,20
FACT03612,P11,392,55
FACT08036,P16,487,800
FACT08036,P02,205,350
FACT08036,P05,158,45
FACT08036,P14,456,450
FACT07838,P19,338,3800
FACT07838,P14,202,450
FACT07838,P08,280,65
FACT07838,P03,297,8000
FACT07137,P10,456,20
FACT07137,P11,499,55
FACT07137,P16,527,800
FACT07137,P04,211,3500
FACT08354,P20,98,2900
FACT08354,P14,589,450
FACT08354,P03,246,8000
FACT08354,P01,345,4500
FACT02175,P06,16,30
FACT02175,P05,600,45
FACT02175,P19,266,3800
FACT02175,P20,107,2900
FACT07951,P20,457,2900
FACT07951,P13,396,350
FACT07951,P16,509,800
FACT07951,P12,383,70
FACT07460,P12,213,70
FACT07460,P01,575,4500
FACT07460,P02,248,350
FACT07460,P10,30,20
FACT07737,P07,28,28
FACT07737,P05,460,45
FACT07737,P09,202,18
FACT07737,P20,328,2900
FACT06262,P05,176,45
FACT06262,P06,458,30
FACT06262,P16,201,800
FACT06262,P14,205,450
FACT00223,P11,146,55
FACT00223,P03,530,8000
FACT00223,P18,194,900
FACT00223,P15,522,650
FACT04664,P02,117,350
FACT04664,P09,387,18
FACT04664,P20,278,2900
FACT04664,P01,215,4500
FACT06666,P19,154,3800
FACT06666,P06,224,30
FACT06666,P03,172,8000
FACT06666,P07,295,28
FACT00419,P19,241,3800
FACT00419,P06,67,30
FACT00419,P04,351,3500
FACT00419,P02,358,350
FACT01127,P10,595,20
FACT01127,P02,237,350
FACT01127,P05,585,45
FACT01127,P15,86,650
FACT08099,P13,320,350
FACT08099,P01,271,4500
FACT08099,P09,528,18
FACT08099,P14,131,450
FACT06820,P16,40,800
FACT06820,P17,233,280
FACT06820,P07,224,28
FACT06820,P14,275,450
FACT03057,P19,102,3800
FACT03057,P10,85,20
FACT03057,P06,205,30
FACT03057,P18,446,900
FACT09824,P08,591,65
FACT09824,P07,444,28
FACT09824,P12,347,70
FACT09824,P01,421,4500
FACT09264,P08,176,65
FACT09264,P20,371,2900
FACT09264,P03,558,8000
FACT09264,P07,466,28
FACT09106,P06,502,30
FACT09106,P16,87,800
FACT09106,P13,347,350
FACT09106,P04,339,3500
FACT06098,P14,76,450
FACT06098,P13,183,350
FACT06098,P10,354,20
FACT06098,P02,331,350
FACT06539,P10,122,20
FACT06539,P19,351,3800
FACT06539,P18,472,900
FACT06539,P02,30,350
FACT04513,P20,437,2900
FACT04513,P18,357,900
FACT04513,P11,37,55
FACT04513,P19,362,3800
FACT02352,P18,491,900
FACT02352,P09,434,18
FACT02352,P07,284,28
FACT02352,P08,104,65
FACT06290,P12,580,70
FACT06290,P01,170,4500
FACT06290,P10,37,20
FACT06290,P20,481,2900
FACT02764,P20,283,2900
FACT02764,P08,464,65
FACT02764,P13,134,350
FACT02764,P05,244,45
FACT03019,P10,286,20
FACT03019,P18,89,900
FACT03019,P13,132,350
FACT03019,P19,137,3800
FACT01856,P12,583,70
FACT01856,P02,274,350
FACT01856,P17,417,280
FACT01856,P05,179,45
FACT06196,P20,477,2900
FACT06196,P07,235,28
FACT06196,P12,525,70
FACT06196,P15,342,650
FACT08411,P06,444,30
FACT08411,P18,59,900
FACT08411,P14,171,450
FACT08411,P19,18,3800
FACT05277,P06,273,30
FACT05277,P13,416,350
FACT05277,P11,129,55
FACT05277,P10,226,20
FACT03305,P07,150,28
FACT03305,P17,253,280
FACT03305,P05,600,45
FACT03305,P13,142,350
FACT06221,P06,198,30
FACT06221,P08,310,65
FACT06221,P09,558,18
FACT06221,P14,461,450
FACT00721,P06,486,30
FACT00721,P07,263,28
FACT00721,P01,461,4500
FACT00721,P12,507,70
FACT07457,P04,48,3500
FACT07457,P19,55,3800
FACT07457,P20,525,2900
FACT07457,P16,26,800
FACT09141,P14,435,450
FACT09141,P01,576,4500
FACT09141,P20,421,2900
FACT09141,P18,476,900
FACT06318,P01,127,4500
FACT06318,P09,394,18
FACT06318,P02,298,350
FACT06318,P20,150,2900
FACT09492,P13,192,350
FACT09492,P06,225,30
FACT09492,P05,253,45
FACT09492,P11,193,55
FACT01093,P03,369,8000
FACT01093,P15,414,650
FACT01093,P07,14,28
FACT01093,P08,76,65
FACT04662,P11,585,55
FACT04662,P10,518,20
FACT04662,P18,200,900
FACT04662,P20,423,2900
FACT01376,P07,213,28
FACT01376,P06,487,30
FACT01376,P04,577,3500
FACT01376,P16,248,800
FACT07803,P17,480,280
FACT07803,P19,547,3800
FACT07803,P01,588,4500
FACT07803,P08,387,65
FACT04754,P14,478,450
FACT04754,P20,465,2900
FACT04754,P03,575,8000
FACT04754,P13,109,350
FACT02874,P06,304,30
FACT02874,P18,125,900
FACT02874,P14,104,450
FACT02874,P17,107,280
FACT07289,P14,291,450
FACT07289,P12,24,70
FACT07289,P11,572,55
FACT07289,P04,331,3500
FACT05294,P16,208,800
FACT05294,P05,314,45
FACT05294,P17,424,280
FACT05294,P01,324,4500
FACT07541,P18,525,900
FACT07541,P10,15,20
FACT07541,P03,398,8000
FACT07541,P09,60,18
FACT02723,P08,277,65
FACT02723,P11,221,55
FACT02723,P16,256,800
FACT02723,P18,434,900
FACT04373,P01,119,4500
FACT04373,P10,256,20
FACT04373,P12,300,70
FACT04373,P17,533,280
FACT07907,P08,129,65
FACT07907,P02,234,350
FACT07907,P05,439,45
FACT07907,P17,303,280
FACT06570,P11,346,55
FACT06570,P16,311,800
FACT06570,P13,295,350
FACT06570,P07,528,28
FACT04087,P09,10,18
FACT04087,P18,277,900
FACT04087,P12,413,70
FACT04087,P05,67,45
FACT05229,P14,185,450
FACT05229,P09,228,18
FACT05229,P19,47,3800
FACT05229,P11,35,55
FACT01317,P11,586,55
FACT01317,P01,495,4500
FACT01317,P02,572,350
FACT01317,P14,120,450
FACT03873,P02,310,350
FACT03873,P01,149,4500
FACT03873,P19,282,3800
FACT03873,P06,80,30
FACT04156,P17,446,280
FACT04156,P09,324,18
FACT04156,P11,410,55
FACT04156,P15,445,650
FACT05316,P08,585,65
FACT05316,P18,433,900
FACT05316,P07,457,28
FACT05316,P11,106,55
FACT04366,P18,56,900
FACT04366,P08,254,65
FACT04366,P10,388,20
FACT04366,P17,433,280
FACT06812,P01,513,4500
FACT06812,P10,371,20
FACT06812,P03,350,8000
FACT06812,P08,83,65
FACT00878,P03,423,8000
FACT00878,P16,272,800
FACT00878,P14,178,450
FACT00878,P17,123,280
FACT08478,P10,200,20
FACT08478,P20,397,2900
FACT08478,P04,451,3500
FACT08478,P16,392,800
FACT09918,P09,17,18
FACT09918,P01,353,4500
FACT09918,P17,407,280
FACT09918,P07,485,28
FACT09893,P08,87,65
FACT09893,P19,362,3800
FACT09893,P13,528,350
FACT09893,P14,463,450
FACT04824,P20,74,2900
FACT04824,P03,507,8000
FACT04824,P06,19,30
FACT04824,P12,430,70
FACT00858,P14,140,450
FACT00858,P01,82,4500
FACT00858,P13,232,350
FACT00858,P09,442,18
FACT00135,P01,583,4500
FACT00135,P20,434,2900
FACT00135,P05,29,45
FACT00135,P10,165,20
FACT06421,P06,37,30
FACT06421,P14,318,450
FACT06421,P12,277,70
FACT06421,P09,8,18
FACT00693,P16,591,800
FACT00693,P09,298,18
FACT00693,P03,312,8000
FACT00693,P12,584,70
FACT07993,P20,511,2900
FACT07993,P02,281,350
FACT07993,P04,218,3500
FACT07993,P10,254,20
FACT06532,P03,222,8000
FACT06532,P13,380,350
FACT06532,P07,526,28
FACT06532,P08,77,65
FACT02135,P07,150,28
FACT02135,P20,251,2900
FACT02135,P03,91,8000
FACT02135,P15,302,650
FACT08277,P15,151,650
FACT08277,P19,476,3800
FACT08277,P08,562,65
FACT08277,P03,168,8000
FACT09528,P09,340,18
FACT09528,P03,21,8000
FACT09528,P13,60,350
FACT09528,P01,236,4500
FACT00907,P01,10,4500
FACT00907,P15,174,650
FACT00907,P10,559,20
FACT00907,P11,482,55
FACT01783,P04,144,3500
FACT01783,P17,53,280
FACT01783,P13,289,350
FACT01783,P03,320,8000
FACT09063,P14,478,450
FACT09063,P05,224,45
FACT09063,P13,426,350
FACT09063,P20,545,2900
FACT01318,P10,344,20
FACT01318,P13,114,350
FACT01318,P19,478,3800
FACT01318,P15,425,650
FACT01571,P13,450,350
FACT01571,P08,541,65
FACT01571,P01,171,4500
FACT01571,P15,8,650
FACT09251,P09,20,18
FACT09251,P18,14,900
FACT09251,P20,279,2900
FACT09251,P14,290,450
FACT05228,P06,238,30
FACT05228,P08,365,65
FACT05228,P18,43,900
FACT05228,P20,250,2900
FACT04181,P14,325,450
FACT04181,P19,124,3800
FACT04181,P11,121,55
FACT04181,P08,371,65
FACT05504,P11,18,55
FACT05504,P17,367,280
FACT05504,P01,99,4500
FACT05504,P10,84,20
FACT07192,P19,493,3800
FACT07192,P17,53,280
FACT07192,P02,160,350
FACT07192,P01,322,4500
FACT04804,P07,261,28
FACT04804,P19,537,3800
FACT04804,P14,82,450
FACT04804,P06,478,30
FACT04331,P15,354,650
FACT04331,P10,103,20
FACT04331,P17,76,280
FACT04331,P13,353,350
FACT03839,P02,130,350
FACT03839,P04,9,3500
FACT03839,P01,7,4500
FACT03839,P03,468,8000
FACT09720,P17,513,280
FACT09720,P12,222,70
FACT09720,P04,171,3500
FACT09720,P15,56,650
FACT03965,P19,271,3800
FACT03965,P03,80,8000
FACT03965,P18,70,900
FACT03965,P09,55,18
FACT07792,P02,372,350
FACT07792,P03,107,8000
FACT07792,P19,258,3800
FACT07792,P09,159,18
FACT06910,P07,398,28
FACT06910,P17,564,280
FACT06910,P09,157,18
FACT06910,P12,145,70
FACT04469,P09,336,18
FACT04469,P11,185,55
FACT04469,P12,592,70
FACT04469,P05,399,45
FACT07349,P05,209,45
FACT07349,P15,349,650
FACT07349,P13,391,350
FACT07349,P16,46,800
FACT01975,P09,143,18
FACT01975,P20,419,2900
FACT01975,P12,62,70
FACT01975,P04,189,3500
FACT09487,P16,397,800
FACT09487,P05,195,45
FACT09487,P13,44,350
FACT09487,P08,554,65
FACT05159,P15,154,650
FACT05159,P07,548,28
FACT05159,P08,298,65
FACT05159,P02,555,350
FACT00103,P05,426,45
FACT00103,P12,529,70
FACT00103,P01,7,4500
FACT00103,P06,265,30
FACT01412,P12,557,70
FACT01412,P02,496,350
FACT01412,P10,269,20
FACT01412,P07,17,28
FACT06213,P12,165,70
FACT06213,P09,483,18
FACT06213,P16,575,800
FACT06213,P10,503,20
FACT08352,P17,145,280
FACT08352,P02,596,350
FACT08352,P07,497,28
FACT08352,P12,37,70
FACT08538,P08,543,65
FACT08538,P05,500,45
FACT08538,P09,182,18
FACT08538,P03,146,8000
FACT08663,P09,465,18
FACT08663,P03,173,8000
FACT08663,P06,532,30
FACT08663,P13,542,350
FACT02257,P17,402,280
FACT02257,P13,74,350
FACT02257,P07,26,28
FACT02257,P06,133,30
FACT00202,P12,597,70
FACT00202,P02,299,350
FACT00202,P14,457,450
FACT00202,P16,155,800
FACT06548,P14,566,450
FACT06548,P13,464,350
FACT06548,P03,413,8000
FACT06548,P05,90,45
FACT00187,P20,81,2900
FACT00187,P18,314,900
FACT00187,P05,419,45
FACT00187,P17,425,280
FACT09885,P04,442,3500
FACT09885,P11,161,55
FACT09885,P08,297,65
FACT09885,P18,339,900
FACT03080,P17,483,280
FACT03080,P08,276,65
FACT03080,P19,509,3800
FACT03080,P20,400,2900
FACT07070,P14,245,450
FACT07070,P19,221,3800
FACT07070,P15,80,650
FACT07070,P07,72,28
FACT00176,P16,130,800
FACT00176,P17,502,280
FACT00176,P08,355,65
FACT00176,P06,476,30
FACT03575,P12,82,70
FACT03575,P10,476,20
FACT03575,P20,363,2900
FACT03575,P02,50,350
FACT00797,P15,268,650
FACT00797,P16,20,800
FACT00797,P13,336,350
FACT00797,P06,480,30
FACT05431,P02,235,350
FACT05431,P11,507,55
FACT05431,P08,214,65
FACT05431,P09,422,18
FACT01738,P02,188,350
FACT01738,P15,237,650
FACT01738,P12,343,70
FACT01738,P07,458,28
FACT09870,P07,434,28
FACT09870,P17,216,280
FACT09870,P11,318,55
FACT09870,P04,419,3500
FACT07581,P18,121,900
FACT07581,P12,243,70
FACT07581,P04,262,3500
FACT07581,P01,569,4500
FACT08745,P14,265,450
FACT08745,P11,233,55
FACT08745,P08,24,65
FACT08745,P01,451,4500
FACT07717,P10,34,20
FACT07717,P13,517,350
FACT07717,P07,98,28
FACT07717,P06,376,30
FACT00526,P05,579,45
FACT00526,P03,597,8000
FACT00526,P14,8,450
FACT00526,P17,564,280
FACT06118,P02,349,350
FACT06118,P03,383,8000
FACT06118,P06,558,30
FACT06118,P10,64,20
FACT06668,P12,388,70
FACT06668,P20,349,2900
FACT06668,P05,259,45
FACT06668,P19,414,3800
FACT03492,P13,532,350
FACT03492,P14,514,450
FACT03492,P03,265,8000
FACT03492,P09,371,18
FACT05613,P12,380,70
FACT05613,P13,419,350
FACT05613,P16,83,800
FACT05613,P06,284,30
FACT09442,P19,398,3800
FACT09442,P08,400,65
FACT09442,P14,256,450
FACT09442,P09,312,18
FACT06513,P07,221,28
FACT06513,P11,371,55
FACT06513,P20,395,2900
FACT06513,P10,579,20
FACT06507,P12,295,70
FACT06507,P04,455,3500
FACT06507,P10,133,20
FACT06507,P09,385,18
FACT07151,P14,493,450
FACT07151,P09,179,18
FACT07151,P18,15,900
FACT07151,P04,569,3500
FACT07426,P15,213,650
FACT07426,P16,56,800
FACT07426,P02,496,350
FACT07426,P04,130,3500
FACT09848,P09,41,18
FACT09848,P16,9,800
FACT09848,P20,99,2900
FACT09848,P19,319,3800
FACT01016,P16,395,800
FACT01016,P18,536,900
FACT01016,P13,270,350
FACT01016,P11,537,55
FACT06656,P20,15,2900
FACT06656,P18,41,900
FACT06656,P11,538,55
FACT06656,P12,461,70
FACT07171,P20,208,2900
FACT07171,P08,439,65
FACT07171,P17,25,280
FACT07171,P13,588,350
FACT08143,P01,415,4500
FACT08143,P02,102,350
FACT08143,P08,213,65
FACT08143,P14,201,450
FACT03338,P15,36,650
FACT03338,P01,184,4500
FACT03338,P03,263,8000
FACT03338,P16,524,800
FACT02149,P17,308,280
FACT02149,P18,401,900
FACT02149,P14,82,450
FACT02149,P05,282,45
FACT04627,P17,132,280
FACT04627,P11,367,55
FACT04627,P16,72,800
FACT04627,P07,356,28
FACT00908,P20,338,2900
FACT00908,P01,450,4500
FACT00908,P11,126,55
FACT00908,P07,518,28
FACT05607,P19,173,3800
FACT05607,P11,157,55
FACT05607,P12,65,70
FACT05607,P05,512,45
FACT00122,P12,150,70
FACT00122,P10,119,20
FACT00122,P14,239,450
FACT00122,P07,460,28
FACT04966,P02,330,350
FACT04966,P01,559,4500
FACT04966,P15,72,650
FACT04966,P17,419,280
FACT09517,P16,305,800
FACT09517,P01,474,4500
FACT09517,P02,564,350
FACT09517,P13,142,350
FACT06081,P11,354,55
FACT06081,P02,506,350
FACT06081,P03,337,8000
FACT06081,P06,340,30
FACT04777,P10,218,20
FACT04777,P16,575,800
FACT04777,P07,296,28
FACT04777,P02,577,350
FACT03888,P15,428,650
FACT03888,P02,413,350
FACT03888,P03,260,8000
FACT03888,P13,28,350
FACT04704,P02,198,350
FACT04704,P01,302,4500
FACT04704,P08,23,65
FACT04704,P19,160,3800
FACT01460,P18,453,900
FACT01460,P05,428,45
FACT01460,P01,118,4500
FACT01460,P03,12,8000
FACT07696,P15,70,650
FACT07696,P19,249,3800
FACT07696,P17,371,280
FACT07696,P09,496,18
FACT04764,P01,557,4500
FACT04764,P06,152,30
FACT04764,P14,81,450
FACT04764,P18,528,900
FACT08809,P12,337,70
FACT08809,P06,598,30
FACT08809,P05,303,45
FACT08809,P19,441,3800
FACT05105,P02,430,350
FACT05105,P15,526,650
FACT05105,P06,57,30
FACT05105,P08,424,65
FACT09712,P07,63,28
FACT09712,P08,247,65
FACT09712,P14,390,450
FACT09712,P09,351,18
FACT06848,P04,151,3500
FACT06848,P11,480,55
FACT06848,P05,387,45
FACT06848,P16,213,800
FACT00860,P17,368,280
FACT00860,P02,369,350
FACT00860,P07,571,28
FACT00860,P15,573,650
FACT07120,P18,457,900
FACT07120,P10,124,20
FACT07120,P17,170,280
FACT07120,P04,348,3500
FACT06857,P13,293,350
FACT06857,P06,456,30
FACT06857,P09,15,18
FACT06857,P04,206,3500
FACT09091,P20,269,2900
FACT09091,P13,290,350
FACT09091,P05,517,45
FACT09091,P03,25,8000
FACT08653,P02,592,350
FACT08653,P17,399,280
FACT08653,P15,464,650
FACT08653,P05,18,45
FACT03607,P19,161,3800
FACT03607,P03,255,8000
FACT03607,P02,406,350
FACT03607,P10,449,20
FACT02646,P03,580,8000
FACT02646,P04,357,3500
FACT02646,P12,275,70
FACT02646,P10,398,20
FACT01370,P10,53,20
FACT01370,P02,153,350
FACT01370,P05,118,45
FACT01370,P01,278,4500
FACT04491,P07,169,28
FACT04491,P10,473,20
FACT04491,P18,321,900
FACT04491,P19,87,3800
FACT08743,P05,250,45
FACT08743,P08,592,65
FACT08743,P02,555,350
FACT08743,P15,34,650
FACT03716,P04,221,3500
FACT03716,P09,53,18
FACT03716,P12,84,70
FACT03716,P20,558,2900
FACT02179,P02,421,350
FACT02179,P01,476,4500
FACT02179,P10,20,20
FACT02179,P14,40,450
FACT06966,P10,321,20
FACT06966,P06,179,30
FACT06966,P09,480,18
FACT06966,P03,292,8000
FACT00254,P02,122,350
FACT00254,P01,585,4500
FACT00254,P19,266,3800
FACT00254,P03,405,8000
FACT01146,P04,438,3500
FACT01146,P03,43,8000
FACT01146,P01,558,4500
FACT01146,P10,293,20
FACT08442,P12,456,70
FACT08442,P04,326,3500
FACT08442,P13,582,350
FACT08442,P20,498,2900
FACT00467,P06,456,30
FACT00467,P17,435,280
FACT00467,P12,146,70
FACT00467,P14,31,450
FACT01113,P09,100,18
FACT01113,P03,332,8000
FACT01113,P10,263,20
FACT01113,P07,485,28
FACT00001,P10,156,20
FACT00001,P09,473,18
FACT00001,P15,309,650
FACT00001,P05,298,45
FACT00992,P06,379,30
FACT00992,P05,60,45
FACT00992,P16,550,800
FACT00992,P04,56,3500
FACT09638,P09,6,18
FACT09638,P07,439,28
FACT09638,P15,234,650
FACT09638,P10,149,20
FACT06705,P13,433,350
FACT06705,P17,245,280
FACT06705,P09,218,18
FACT06705,P19,328,3800
FACT09629,P18,563,900
FACT09629,P09,411,18
FACT09629,P14,52,450
FACT09629,P06,327,30
FACT01935,P12,433,70
FACT01935,P02,106,350
FACT01935,P18,524,900
FACT01935,P01,105,4500
FACT06054,P20,196,2900
FACT06054,P16,348,800
FACT06054,P05,393,45
FACT06054,P12,363,70
FACT00614,P13,437,350
FACT00614,P09,17,18
FACT00614,P20,298,2900
FACT00614,P16,495,800
FACT05019,P20,264,2900
FACT05019,P02,221,350
FACT05019,P14,303,450
FACT05019,P10,199,20
FACT06662,P09,443,18
FACT06662,P12,497,70
FACT06662,P11,200,55
FACT06662,P13,198,350
FACT02898,P14,297,450
FACT02898,P05,111,45
FACT02898,P19,208,3800
FACT02898,P03,502,8000
FACT06016,P14,425,450
FACT06016,P15,421,650
FACT06016,P05,380,45
FACT06016,P16,530,800
FACT02877,P14,435,450
FACT02877,P08,238,65
FACT02877,P07,191,28
FACT02877,P05,532,45
FACT04337,P10,36,20
FACT04337,P20,307,2900
FACT04337,P07,72,28
FACT04337,P02,539,350
FACT09194,P16,216,800
FACT09194,P17,239,280
FACT09194,P03,246,8000
FACT09194,P18,238,900
FACT08927,P12,521,70
FACT08927,P10,81,20
FACT08927,P18,346,900
FACT08927,P19,236,3800
FACT05193,P19,232,3800
FACT05193,P12,286,70
FACT05193,P18,278,900
FACT05193,P01,245,4500
FACT05096,P04,492,3500
FACT05096,P13,400,350
FACT05096,P02,233,350
FACT05096,P08,413,65
FACT00632,P13,420,350
FACT00632,P08,439,65
FACT00632,P07,118,28
FACT00632,P03,317,8000
FACT05374,P02,433,350
FACT05374,P18,108,900
FACT05374,P11,388,55
FACT05374,P10,528,20
FACT04742,P19,122,3800
FACT04742,P07,197,28
FACT04742,P18,117,900
FACT04742,P01,258,4500
FACT03135,P05,442,45
FACT03135,P14,45,450
FACT03135,P20,61,2900
FACT03135,P19,410,3800
FACT05953,P01,193,4500
FACT05953,P17,28,280
FACT05953,P08,397,65
FACT05953,P04,99,3500
FACT09501,P17,353,280
FACT09501,P14,566,450
FACT09501,P06,275,30
FACT09501,P08,561,65
FACT00769,P15,414,650
FACT00769,P14,319,450
FACT00769,P13,201,350
FACT00769,P16,422,800
FACT08068,P06,248,30
FACT08068,P10,525,20
FACT08068,P13,472,350
FACT08068,P03,468,8000
FACT02073,P06,526,30
FACT02073,P10,356,20
FACT02073,P16,373,800
FACT02073,P02,593,350
FACT05188,P10,75,20
FACT05188,P20,349,2900
FACT05188,P18,406,900
FACT05188,P12,386,70
FACT00601,P17,335,280
FACT00601,P11,501,55
FACT00601,P05,209,45
FACT00601,P18,199,900
FACT04563,P03,191,8000
FACT04563,P19,16,3800
FACT04563,P08,539,65
FACT04563,P17,448,280
FACT02078,P10,314,20
FACT02078,P09,161,18
FACT02078,P13,414,350
FACT02078,P15,331,650
FACT04505,P04,100,3500
FACT04505,P11,276,55
FACT04505,P20,148,2900
FACT04505,P06,37,30
FACT07862,P19,412,3800
FACT07862,P13,385,350
FACT07862,P18,74,900
FACT07862,P11,145,55
FACT02221,P04,469,3500
FACT02221,P05,156,45
FACT02221,P14,227,450
FACT02221,P01,411,4500
FACT07691,P07,135,28
FACT07691,P04,595,3500
FACT07691,P10,353,20
FACT07691,P14,310,450
FACT01413,P15,470,650
FACT01413,P19,451,3800
FACT01413,P10,213,20
FACT01413,P08,423,65
FACT02755,P10,429,20
FACT02755,P04,522,3500
FACT02755,P03,299,8000
FACT02755,P12,125,70
FACT09066,P05,499,45
FACT09066,P11,188,55
FACT09066,P02,379,350
FACT09066,P06,190,30
FACT09617,P11,145,55
FACT09617,P20,102,2900
FACT09617,P12,189,70
FACT09617,P13,562,350
FACT07152,P15,286,650
FACT07152,P01,240,4500
FACT07152,P17,596,280
FACT07152,P10,203,20
FACT02413,P16,34,800
FACT02413,P11,132,55
FACT02413,P05,487,45
FACT02413,P01,479,4500
FACT04091,P14,483,450
FACT04091,P04,434,3500
FACT04091,P11,463,55
FACT04091,P17,137,280
FACT04748,P06,35,30
FACT04748,P08,213,65
FACT04748,P16,422,800
FACT04748,P17,80,280
FACT01706,P13,103,350
FACT01706,P07,158,28
FACT01706,P10,333,20
FACT01706,P11,198,55
FACT01143,P10,236,20
FACT01143,P07,260,28
FACT01143,P06,521,30
FACT01143,P02,183,350
FACT03436,P04,318,3500
FACT03436,P07,196,28
FACT03436,P06,44,30
FACT03436,P01,548,4500
FACT01138,P12,326,70
FACT01138,P19,576,3800
FACT01138,P04,199,3500
FACT01138,P06,372,30
FACT00800,P20,75,2900
FACT00800,P01,458,4500
FACT00800,P04,187,3500
FACT00800,P14,17,450
FACT07285,P03,418,8000
FACT07285,P20,471,2900
FACT07285,P11,411,55
FACT07285,P15,395,650
FACT02706,P06,137,30
FACT02706,P19,345,3800
FACT02706,P07,38,28
FACT02706,P10,196,20
FACT08572,P03,189,8000
FACT08572,P19,204,3800
FACT08572,P13,586,350
FACT08572,P20,62,2900
FACT08987,P07,526,28
FACT08987,P15,462,650
FACT08987,P04,340,3500
FACT08987,P06,246,30
FACT08203,P11,262,55
FACT08203,P10,185,20
FACT08203,P14,66,450
FACT08203,P16,23,800
FACT04476,P15,39,650
FACT04476,P13,156,350
FACT04476,P07,550,28
FACT04476,P10,455,20
FACT00818,P16,263,800
FACT00818,P01,79,4500
FACT00818,P10,542,20
FACT00818,P03,583,8000
FACT05732,P18,360,900
FACT05732,P16,267,800
FACT05732,P07,275,28
FACT05732,P03,297,8000
FACT00781,P08,497,65
FACT00781,P13,588,350
FACT00781,P12,207,70
FACT00781,P19,466,3800
FACT02379,P01,114,4500
FACT02379,P15,507,650
FACT02379,P09,574,18
FACT02379,P17,479,280
FACT02395,P04,185,3500
FACT02395,P20,177,2900
FACT02395,P17,9,280
FACT02395,P19,304,3800
FACT03593,P15,36,650
FACT03593,P09,520,18
FACT03593,P11,69,55
FACT03593,P13,332,350
FACT07959,P13,20,350
FACT07959,P01,312,4500
FACT07959,P12,177,70
FACT07959,P14,214,450
FACT02690,P04,518,3500
FACT02690,P11,143,55
FACT02690,P16,178,800
FACT02690,P09,267,18
FACT04864,P11,223,55
FACT04864,P09,449,18
FACT04864,P14,87,450
FACT04864,P02,250,350
FACT05247,P17,51,280
FACT05247,P06,256,30
FACT05247,P04,551,3500
FACT05247,P03,320,8000
FACT04559,P02,255,350
FACT04559,P11,315,55
FACT04559,P04,43,3500
FACT04559,P19,398,3800
FACT09502,P12,589,70
FACT09502,P14,143,450
FACT09502,P08,13,65
FACT09502,P18,275,900
FACT05131,P07,180,28
FACT05131,P01,357,4500
FACT05131,P11,506,55
FACT05131,P04,233,3500
FACT00115,P19,41,3800
FACT00115,P16,303,800
FACT00115,P11,485,55
FACT00115,P05,129,45
FACT06554,P19,31,3800
FACT06554,P12,287,70
FACT06554,P06,81,30
FACT06554,P17,259,280
FACT04460,P13,517,350
FACT04460,P10,483,20
FACT04460,P12,249,70
FACT04460,P20,496,2900
FACT03698,P20,461,2900
FACT03698,P06,195,30
FACT03698,P13,385,350
FACT03698,P09,477,18
FACT08340,P02,405,350
FACT08340,P15,14,650
FACT08340,P04,351,3500
FACT08340,P08,433,65
FACT02359,P07,418,28
FACT02359,P18,387,900
FACT02359,P19,429,3800
FACT02359,P11,588,55
FACT08968,P17,47,280
FACT08968,P04,354,3500
FACT08968,P07,485,28
FACT08968,P06,323,30
FACT07051,P12,264,70
FACT07051,P01,43,4500
FACT07051,P16,25,800
FACT07051,P07,598,28
FACT07644,P02,255,350
FACT07644,P14,20,450
FACT07644,P12,101,70
FACT07644,P07,581,28
FACT02259,P07,278,28
FACT02259,P01,168,4500
FACT02259,P20,591,2900
FACT02259,P09,320,18
FACT09418,P07,160,28
FACT09418,P13,87,350
FACT09418,P15,317,650
FACT09418,P10,335,20
FACT09467,P17,585,280
FACT09467,P11,384,55
FACT09467,P14,484,450
FACT09467,P19,530,3800
FACT02229,P17,350,280
FACT02229,P01,252,4500
FACT02229,P04,469,3500
FACT02229,P06,577,30
FACT01831,P05,82,45
FACT01831,P03,263,8000
FACT01831,P08,467,65
FACT01831,P04,417,3500
FACT02289,P12,281,70
FACT02289,P06,28,30
FACT02289,P15,273,650
FACT02289,P03,276,8000
FACT03380,P02,529,350
FACT03380,P11,135,55
FACT03380,P07,256,28
FACT03380,P04,429,3500
FACT04139,P17,235,280
FACT04139,P10,34,20
FACT04139,P02,202,350
FACT04139,P16,142,800
FACT02510,P18,397,900
FACT02510,P05,545,45
FACT02510,P07,367,28
FACT02510,P06,360,30
FACT07652,P14,135,450
FACT07652,P06,35,30
FACT07652,P16,194,800
FACT07652,P11,206,55
FACT08677,P13,82,350
FACT08677,P10,549,20
FACT08677,P03,332,8000
FACT08677,P01,426,4500
FACT01867,P12,550,70
FACT01867,P10,197,20
FACT01867,P09,279,18
FACT01867,P01,462,4500
FACT01280,P07,168,28
FACT01280,P08,40,65
FACT01280,P13,87,350
FACT01280,P15,163,650
FACT03971,P10,34,20
FACT03971,P12,164,70
FACT03971,P19,594,3800
FACT03971,P03,41,8000
FACT07119,P13,442,350
FACT07119,P18,584,900
FACT07119,P16,512,800
FACT07119,P11,137,55
FACT09547,P05,505,45
FACT09547,P10,490,20
FACT09547,P02,497,350
FACT09547,P08,105,65
FACT00532,P04,251,3500
FACT00532,P07,77,28
FACT00532,P02,445,350
FACT00532,P15,175,650
FACT09182,P03,49,8000
FACT09182,P06,318,30
FACT09182,P19,370,3800
FACT09182,P20,562,2900
FACT02083,P20,275,2900
FACT02083,P10,491,20
FACT02083,P18,66,900
FACT02083,P07,216,28
FACT09797,P11,104,55
FACT09797,P08,190,65
FACT09797,P16,338,800
FACT09797,P07,314,28
FACT05511,P16,302,800
FACT05511,P19,84,3800
FACT05511,P03,586,8000
FACT05511,P09,433,18
FACT00951,P03,543,8000
FACT00951,P09,122,18
FACT00951,P02,362,350
FACT00951,P17,64,280
FACT07861,P19,43,3800
FACT07861,P16,233,800
FACT07861,P03,97,8000
FACT07861,P09,229,18
FACT05197,P09,573,18
FACT05197,P15,94,650
FACT05197,P06,417,30
FACT05197,P12,273,70
FACT01094,P11,442,55
FACT01094,P18,583,900
FACT01094,P05,566,45
FACT01094,P13,40,350
FACT03646,P10,371,20
FACT03646,P09,456,18
FACT03646,P03,75,8000
FACT03646,P04,33,3500
FACT03443,P02,278,350
FACT03443,P03,216,8000
FACT03443,P18,71,900
FACT03443,P04,547,3500
FACT06884,P07,227,28
FACT06884,P08,456,65
FACT06884,P14,283,450
FACT06884,P11,488,55
FACT09672,P04,264,3500
FACT09672,P12,559,70
FACT09672,P16,128,800
FACT09672,P11,176,55
FACT07357,P03,500,8000
FACT07357,P09,455,18
FACT07357,P20,116,2900
FACT07357,P17,160,280
FACT05484,P06,578,30
FACT05484,P17,502,280
FACT05484,P19,516,3800
FACT05484,P18,538,900
FACT05211,P14,235,450
FACT05211,P03,575,8000
FACT05211,P07,28,28
FACT05211,P10,253,20
FACT01340,P13,421,350
FACT01340,P19,570,3800
FACT01340,P18,378,900
FACT01340,P02,454,350
FACT06872,P14,295,450
FACT06872,P17,405,280
FACT06872,P04,375,3500
FACT06872,P08,122,65
FACT05685,P02,172,350
FACT05685,P17,205,280
FACT05685,P07,341,28
FACT05685,P05,127,45
FACT00667,P04,367,3500
FACT00667,P01,581,4500
FACT00667,P16,512,800
FACT00667,P09,156,18
FACT01748,P02,20,350
FACT01748,P07,423,28
FACT01748,P15,389,650
FACT01748,P17,382,280
FACT00441,P07,205,28
FACT00441,P14,87,450
FACT00441,P19,20,3800
FACT00441,P05,559,45
FACT09064,P07,171,28
FACT09064,P10,458,20
FACT09064,P04,492,3500
FACT09064,P01,597,4500
FACT06758,P15,112,650
FACT06758,P17,271,280
FACT06758,P18,283,900
FACT06758,P01,210,4500
FACT04268,P11,454,55
FACT04268,P02,337,350
FACT04268,P05,41,45
FACT04268,P20,550,2900
FACT00699,P05,428,45
FACT00699,P06,538,30
FACT00699,P01,441,4500
FACT00699,P17,372,280
FACT00170,P10,280,20
FACT00170,P05,115,45
FACT00170,P08,478,65
FACT00170,P16,316,800
FACT00779,P13,314,350
FACT00779,P09,443,18
FACT00779,P04,565,3500
FACT00779,P11,16,55
FACT05117,P04,476,3500
FACT05117,P13,189,350
FACT05117,P08,241,65
FACT05117,P10,124,20
FACT07228,P13,568,350
FACT07228,P06,258,30
FACT07228,P05,563,45
FACT07228,P19,467,3800
FACT07945,P10,63,20
FACT07945,P19,410,3800
FACT07945,P14,492,450
FACT07945,P03,387,8000
FACT09723,P09,16,18
FACT09723,P10,412,20
FACT09723,P18,156,900
FACT09723,P01,393,4500
FACT04655,P16,261,800
FACT04655,P17,215,280
FACT04655,P12,35,70
FACT04655,P04,595,3500
FACT07374,P20,233,2900
FACT07374,P16,444,800
FACT07374,P09,439,18
FACT07374,P12,148,70
FACT00653,P17,80,280
FACT00653,P04,19,3500
FACT00653,P12,132,70
FACT00653,P03,394,8000
FACT07090,P03,508,8000
FACT07090,P04,377,3500
FACT07090,P12,40,70
FACT07090,P20,495,2900
FACT09371,P11,113,55
FACT09371,P02,241,350
FACT09371,P20,551,2900
FACT09371,P09,320,18
FACT04771,P12,307,70
FACT04771,P20,88,2900
FACT04771,P05,300,45
FACT04771,P17,222,280
FACT06158,P05,564,45
FACT06158,P20,55,2900
FACT06158,P09,288,18
FACT06158,P14,420,450
FACT09258,P19,575,3800
FACT09258,P07,252,28
FACT09258,P17,230,280
FACT09258,P10,100,20
FACT09493,P20,239,2900
FACT09493,P15,338,650
FACT09493,P03,566,8000
FACT09493,P19,88,3800
FACT07240,P15,348,650
FACT07240,P09,276,18
FACT07240,P06,53,30
FACT07240,P14,228,450
FACT04529,P11,547,55
FACT04529,P19,311,3800
FACT04529,P01,562,4500
FACT04529,P10,224,20
FACT06515,P02,434,350
FACT06515,P20,319,2900
FACT06515,P01,518,4500
FACT06515,P19,167,3800
FACT02527,P20,78,2900
FACT02527,P17,542,280
FACT02527,P05,496,45
FACT02527,P13,577,350
FACT04773,P02,81,350
FACT04773,P12,154,70
FACT04773,P10,297,20
FACT04773,P03,157,8000
FACT04286,P15,470,650
FACT04286,P20,41,2900
FACT04286,P14,368,450
FACT04286,P03,287,8000
FACT02961,P02,54,350
FACT02961,P09,134,18
FACT02961,P19,258,3800
FACT02961,P15,9,650
FACT00335,P16,384,800
FACT00335,P01,186,4500
FACT00335,P11,91,55
FACT00335,P12,457,70
FACT07630,P20,337,2900
FACT07630,P16,433,800
FACT07630,P08,18,65
FACT07630,P01,23,4500
FACT07666,P13,363,350
FACT07666,P16,193,800
FACT07666,P07,474,28
FACT07666,P05,432,45
FACT03601,P14,327,450
FACT03601,P15,126,650
FACT03601,P20,300,2900
FACT03601,P11,573,55
FACT00256,P03,87,8000
FACT00256,P20,213,2900
FACT00256,P07,432,28
FACT00256,P04,214,3500
FACT09370,P19,102,3800
FACT09370,P03,575,8000
FACT09370,P14,588,450
FACT09370,P13,405,350
FACT09413,P18,406,900
FACT09413,P07,193,28
FACT09413,P12,100,70
FACT09413,P01,376,4500
FACT01696,P20,32,2900
FACT01696,P11,343,55
FACT01696,P06,22,30
FACT01696,P08,173,65
FACT01264,P16,396,800
FACT01264,P19,127,3800
FACT01264,P01,104,4500
FACT01264,P12,476,70
FACT03083,P13,97,350
FACT03083,P01,441,4500
FACT03083,P02,345,350
FACT03083,P07,320,28
FACT08030,P19,570,3800
FACT08030,P01,344,4500
FACT08030,P12,375,70
FACT08030,P15,524,650
FACT08669,P13,20,350
FACT08669,P16,514,800
FACT08669,P17,239,280
FACT08669,P20,563,2900
FACT00270,P04,178,3500
FACT00270,P01,381,4500
FACT00270,P17,583,280
FACT00270,P06,97,30
FACT00717,P09,372,18
FACT00717,P03,359,8000
FACT00717,P08,292,65
FACT00717,P01,268,4500
FACT04439,P03,511,8000
FACT04439,P06,595,30
FACT04439,P10,463,20
FACT04439,P17,335,280
FACT02581,P12,174,70
FACT02581,P10,52,20
FACT02581,P01,128,4500
FACT02581,P14,95,450
FACT01458,P04,49,3500
FACT01458,P12,492,70
FACT01458,P20,15,2900
FACT01458,P05,467,45
FACT06716,P19,104,3800
FACT06716,P12,269,70
FACT06716,P20,554,2900
FACT06716,P16,312,800
FACT08701,P08,81,65
FACT08701,P16,552,800
FACT08701,P17,263,280
FACT08701,P06,309,30
FACT04886,P12,555,70
FACT04886,P11,533,55
FACT04886,P15,422,650
FACT04886,P13,461,350
FACT08780,P11,243,55
FACT08780,P18,341,900
FACT08780,P12,142,70
FACT08780,P03,548,8000
FACT03800,P14,199,450
FACT03800,P18,395,900
FACT03800,P16,229,800
FACT03800,P15,160,650
FACT05489,P08,372,65
FACT05489,P16,281,800
FACT05489,P12,415,70
FACT05489,P17,378,280
FACT05331,P07,268,28
FACT05331,P14,222,450
FACT05331,P11,414,55
FACT05331,P05,114,45
FACT00219,P03,373,8000
FACT00219,P11,169,55
FACT00219,P09,16,18
FACT00219,P15,345,650
FACT01074,P19,261,3800
FACT01074,P01,298,4500
FACT01074,P08,429,65
FACT01074,P13,495,350
FACT00157,P17,226,280
FACT00157,P15,153,650
FACT00157,P13,264,350
FACT00157,P03,594,8000
FACT00914,P07,71,28
FACT00914,P19,142,3800
FACT00914,P04,213,3500
FACT00914,P13,272,350
FACT03589,P11,291,55
FACT03589,P09,506,18
FACT03589,P05,569,45
FACT03589,P02,173,350
FACT02623,P06,353,30
FACT02623,P10,229,20
FACT02623,P02,448,350
FACT02623,P04,206,3500
FACT00488,P05,308,45
FACT00488,P09,155,18
FACT00488,P19,373,3800
FACT00488,P03,184,8000
FACT02345,P03,470,8000
FACT02345,P09,221,18
FACT02345,P08,185,65
FACT02345,P12,595,70
FACT00548,P14,242,450
FACT00548,P05,80,45
FACT00548,P20,238,2900
FACT00548,P11,270,55
FACT06227,P02,260,350
FACT06227,P07,518,28
FACT06227,P17,420,280
FACT06227,P13,430,350
FACT05736,P03,456,8000
FACT05736,P07,195,28
FACT05736,P17,130,280
FACT05736,P08,317,65
FACT05373,P06,247,30
FACT05373,P19,428,3800
FACT05373,P15,43,650
FACT05373,P18,544,900
FACT05066,P11,23,55
FACT05066,P19,380,3800
FACT05066,P15,409,650
FACT05066,P18,442,900
FACT04115,P14,305,450
FACT04115,P11,530,55
FACT04115,P16,544,800
FACT04115,P04,507,3500
FACT00377,P03,579,8000
FACT00377,P20,461,2900
FACT00377,P06,598,30
FACT00377,P19,68,3800
FACT08925,P03,429,8000
FACT08925,P17,208,280
FACT08925,P19,379,3800
FACT08925,P06,267,30
FACT08247,P05,122,45
FACT08247,P01,183,4500
FACT08247,P08,544,65
FACT08247,P04,146,3500
FACT02208,P07,59,28
FACT02208,P03,179,8000
FACT02208,P02,104,350
FACT02208,P08,123,65
FACT01129,P10,24,20
FACT01129,P19,501,3800
FACT01129,P09,177,18
FACT01129,P04,104,3500
FACT02092,P06,364,30
FACT02092,P11,36,55
FACT02092,P16,448,800
FACT02092,P03,584,8000
FACT07310,P05,234,45
FACT07310,P19,363,3800
FACT07310,P09,72,18
FACT07310,P02,448,350
FACT07271,P16,15,800
FACT07271,P13,511,350
FACT07271,P14,493,450
FACT07271,P12,560,70
FACT01199,P05,360,45
FACT01199,P09,597,18
FACT01199,P01,216,4500
FACT01199,P15,571,650
FACT09453,P20,533,2900
FACT09453,P04,520,3500
FACT09453,P10,84,20
FACT09453,P17,578,280
FACT08919,P12,531,70
FACT08919,P18,167,900
FACT08919,P07,295,28
FACT08919,P20,359,2900
FACT07201,P13,123,350
FACT07201,P08,76,65
FACT07201,P14,444,450
FACT07201,P04,7,3500
FACT01718,P13,68,350
FACT01718,P18,101,900
FACT01718,P06,587,30
FACT01718,P17,580,280
FACT08269,P17,289,280
FACT08269,P10,375,20
FACT08269,P04,149,3500
FACT08269,P09,364,18
FACT05663,P04,91,3500
FACT05663,P03,209,8000
FACT05663,P20,20,2900
FACT05663,P18,60,900
FACT04165,P08,149,65
FACT04165,P04,237,3500
FACT04165,P09,425,18
FACT04165,P20,284,2900
FACT06801,P01,427,4500
FACT06801,P02,219,350
FACT06801,P11,296,55
FACT06801,P09,464,18
FACT02059,P06,298,30
FACT02059,P10,585,20
FACT02059,P11,412,55
FACT02059,P09,579,18
FACT03021,P01,173,4500
FACT03021,P05,25,45
FACT03021,P09,120,18
FACT03021,P19,308,3800
FACT04407,P12,531,70
FACT04407,P13,95,350
FACT04407,P07,308,28
FACT04407,P10,87,20
FACT00065,P17,533,280
FACT00065,P01,455,4500
FACT00065,P13,34,350
FACT00065,P11,154,55
FACT09661,P03,217,8000
FACT09661,P02,296,350
FACT09661,P19,97,3800
FACT09661,P10,101,20
FACT05674,P20,367,2900
FACT05674,P06,436,30
FACT05674,P14,580,450
FACT05674,P09,370,18
FACT03392,P03,524,8000
FACT03392,P12,454,70
FACT03392,P02,579,350
FACT03392,P14,248,450
FACT03833,P15,215,650
FACT03833,P04,304,3500
FACT03833,P07,205,28
FACT03833,P18,145,900
FACT01255,P13,315,350
FACT01255,P06,99,30
FACT01255,P03,300,8000
FACT01255,P18,592,900
FACT09297,P13,144,350
FACT09297,P08,268,65
FACT09297,P14,507,450
FACT09297,P02,234,350
FACT02120,P14,43,450
FACT02120,P20,593,2900
FACT02120,P03,399,8000
FACT02120,P04,333,3500
FACT04194,P19,274,3800
FACT04194,P05,291,45
FACT04194,P10,532,20
FACT04194,P16,51,800
FACT05926,P02,499,350
FACT05926,P08,272,65
FACT05926,P17,45,280
FACT05926,P12,487,70
FACT01672,P10,490,20
FACT01672,P05,112,45
FACT01672,P06,207,30
FACT01672,P08,42,65
FACT09982,P07,525,28
FACT09982,P12,586,70
FACT09982,P19,595,3800
FACT09982,P02,415,350
FACT00627,P05,86,45
FACT00627,P20,535,2900
FACT00627,P04,363,3500
FACT00627,P18,91,900
FACT07675,P17,565,280
FACT07675,P14,372,450
FACT07675,P18,60,900
FACT07675,P12,91,70
FACT09988,P07,136,28
FACT09988,P12,66,70
FACT09988,P20,137,2900
FACT09988,P08,156,65
FACT07968,P17,133,280
FACT07968,P09,111,18
FACT07968,P04,499,3500
FACT07968,P11,598,55
FACT05287,P08,524,65
FACT05287,P07,56,28
FACT05287,P12,236,70
FACT05287,P18,264,900
FACT05337,P13,119,350
FACT05337,P05,471,45
FACT05337,P20,232,2900
FACT05337,P16,508,800
FACT09387,P19,536,3800
FACT09387,P09,565,18
FACT09387,P10,480,20
FACT09387,P03,360,8000
FACT02274,P04,251,3500
FACT02274,P18,464,900
FACT02274,P03,467,8000
FACT02274,P17,432,280
FACT02220,P14,357,450
FACT02220,P10,281,20
FACT02220,P15,47,650
FACT02220,P18,310,900
FACT09336,P16,484,800
FACT09336,P14,239,450
FACT09336,P19,531,3800
FACT09336,P05,452,45
FACT02542,P01,158,4500
FACT02542,P03,362,8000
FACT02542,P16,360,800
FACT02542,P05,252,45
FACT08557,P13,191,350
FACT08557,P05,92,45
FACT08557,P07,62,28
FACT08557,P20,331,2900
FACT00747,P16,385,800
FACT00747,P15,418,650
FACT00747,P06,557,30
FACT00747,P17,41,280
FACT04277,P20,114,2900
FACT04277,P01,507,4500
FACT04277,P05,200,45
FACT04277,P17,115,280
FACT09135,P10,114,20
FACT09135,P11,513,55
FACT09135,P18,422,900
FACT09135,P19,67,3800
FACT03700,P19,288,3800
FACT03700,P07,196,28
FACT03700,P11,360,55
FACT03700,P04,424,3500
FACT09773,P05,362,45
FACT09773,P07,194,28
FACT09773,P10,435,20
FACT09773,P18,296,900
FACT02645,P06,117,30
FACT02645,P16,502,800
FACT02645,P03,464,8000
FACT02645,P04,202,3500
FACT08783,P19,301,3800
FACT08783,P10,264,20
FACT08783,P13,464,350
FACT08783,P17,141,280
FACT02658,P04,305,3500
FACT02658,P20,536,2900
FACT02658,P06,60,30
FACT02658,P17,550,280
FACT09273,P02,369,350
FACT09273,P15,458,650
FACT09273,P08,107,65
FACT09273,P12,194,70
FACT06431,P05,208,45
FACT06431,P13,218,350
FACT06431,P03,59,8000
FACT06431,P07,279,28
FACT07768,P02,130,350
FACT07768,P08,198,65
FACT07768,P15,277,650
FACT07768,P06,141,30
FACT07671,P08,326,65
FACT07671,P18,54,900
FACT07671,P11,288,55
FACT07671,P05,253,45
FACT06367,P03,526,8000
FACT06367,P17,79,280
FACT06367,P20,143,2900
FACT06367,P11,402,55
FACT09970,P01,156,4500
FACT09970,P17,489,280
FACT09970,P18,457,900
FACT09970,P13,409,350
FACT04624,P04,275,3500
FACT04624,P10,251,20
FACT04624,P07,567,28
FACT04624,P11,296,55
FACT02237,P02,184,350
FACT02237,P11,138,55
FACT02237,P10,65,20
FACT02237,P05,105,45
FACT06234,P05,268,45
FACT06234,P08,418,65
FACT06234,P20,255,2900
FACT06234,P07,371,28
FACT05167,P06,426,30
FACT05167,P17,220,280
FACT05167,P14,552,450
FACT05167,P04,93,3500
FACT08390,P20,224,2900
FACT08390,P03,254,8000
FACT08390,P11,363,55
FACT08390,P05,259,45
FACT09591,P20,505,2900
FACT09591,P18,436,900
FACT09591,P17,516,280
FACT09591,P05,120,45
FACT03270,P14,92,450
FACT03270,P02,440,350
FACT03270,P18,268,900
FACT03270,P12,572,70
FACT08081,P07,527,28
FACT08081,P04,108,3500
FACT08081,P14,498,450
FACT08081,P13,488,350
FACT05571,P17,538,280
FACT05571,P15,557,650
FACT05571,P07,251,28
FACT05571,P08,497,65
FACT06493,P12,294,70
FACT06493,P06,415,30
FACT06493,P03,427,8000
FACT06493,P15,274,650
FACT05236,P03,497,8000
FACT05236,P05,379,45
FACT05236,P11,14,55
FACT05236,P13,410,350
FACT08421,P14,290,450
FACT08421,P15,239,650
FACT08421,P16,354,800
FACT08421,P12,82,70
FACT08005,P19,488,3800
FACT08005,P12,369,70
FACT08005,P11,105,55
FACT08005,P10,547,20
FACT01669,P04,113,3500
FACT01669,P11,205,55
FACT01669,P10,80,20
FACT01669,P08,367,65
FACT01140,P10,513,20
FACT01140,P17,241,280
FACT01140,P14,158,450
FACT01140,P13,46,350
FACT05627,P03,221,8000
FACT05627,P12,536,70
FACT05627,P16,458,800
FACT05627,P06,488,30
FACT04024,P17,376,280
FACT04024,P12,226,70
FACT04024,P06,175,30
FACT04024,P09,97,18
FACT03813,P10,319,20
FACT03813,P03,58,8000
FACT03813,P02,154,350
FACT03813,P01,396,4500
FACT09779,P19,135,3800
FACT09779,P09,578,18
FACT09779,P16,426,800
FACT09779,P06,203,30
FACT01128,P03,540,8000
FACT01128,P15,117,650
FACT01128,P14,92,450
FACT01128,P11,302,55
FACT03585,P11,104,55
FACT03585,P04,22,3500
FACT03585,P08,512,65
FACT03585,P02,586,350
FACT08365,P16,195,800
FACT08365,P13,101,350
FACT08365,P15,593,650
FACT08365,P20,503,2900
FACT05273,P07,503,28
FACT05273,P16,59,800
FACT05273,P11,572,55
FACT05273,P09,222,18
FACT01010,P03,237,8000
FACT01010,P15,110,650
FACT01010,P16,188,800
FACT01010,P17,252,280
FACT09481,P11,206,55
FACT09481,P17,62,280
FACT09481,P15,466,650
FACT09481,P04,481,3500
FACT00957,P14,431,450
FACT00957,P18,32,900
FACT00957,P12,108,70
FACT00957,P10,511,20
FACT08820,P16,384,800
FACT08820,P17,494,280
FACT08820,P11,42,55
FACT08820,P15,403,650
FACT09269,P07,375,28
FACT09269,P05,466,45
FACT09269,P15,160,650
FACT09269,P17,263,280
FACT02769,P18,429,900
FACT02769,P12,337,70
FACT02769,P19,305,3800
FACT02769,P08,189,65
FACT03293,P09,541,18
FACT03293,P08,158,65
FACT03293,P17,540,280
FACT03293,P04,105,3500
FACT00487,P19,38,3800
FACT00487,P01,557,4500
FACT00487,P04,500,3500
FACT00487,P15,15,650
FACT00791,P01,393,4500
FACT00791,P12,428,70
FACT00791,P09,427,18
FACT00791,P19,560,3800
FACT07830,P11,266,55
FACT07830,P04,347,3500
FACT07830,P10,324,20
FACT07830,P08,553,65
FACT07616,P13,380,350
FACT07616,P16,548,800
FACT07616,P07,353,28
FACT07616,P14,218,450
FACT05536,P07,567,28
FACT05536,P06,33,30
FACT05536,P10,593,20
FACT05536,P05,476,45
FACT07923,P13,288,350
FACT07923,P14,396,450
FACT07923,P17,324,280
FACT07923,P10,430,20
FACT03980,P01,432,4500
FACT03980,P16,404,800
FACT03980,P10,436,20
FACT03980,P03,548,8000
FACT08485,P08,494,65
FACT08485,P13,177,350
FACT08485,P17,419,280
FACT08485,P01,102,4500
FACT02985,P09,497,18
FACT02985,P11,463,55
FACT02985,P15,561,650
FACT02985,P02,144,350
FACT01703,P03,441,8000
FACT01703,P18,162,900
FACT01703,P10,308,20
FACT01703,P12,489,70
FACT05321,P19,351,3800
FACT05321,P02,446,350
FACT05321,P12,354,70
FACT05321,P11,262,55
FACT06469,P01,511,4500
FACT06469,P20,98,2900
FACT06469,P19,570,3800
FACT06469,P08,165,65
FACT02043,P08,209,65
FACT02043,P13,142,350
FACT02043,P20,513,2900
FACT02043,P12,395,70
FACT05758,P18,65,900
FACT05758,P11,204,55
FACT05758,P07,264,28
FACT05758,P02,502,350
FACT02260,P03,529,8000
FACT02260,P16,9,800
FACT02260,P06,220,30
FACT02260,P17,140,280
FACT05721,P18,513,900
FACT05721,P05,521,45
FACT05721,P01,500,4500
FACT05721,P15,40,650
FACT03916,P13,17,350
FACT03916,P20,40,2900
FACT03916,P14,270,450
FACT03916,P18,355,900
FACT05915,P03,349,8000
FACT05915,P01,521,4500
FACT05915,P07,132,28
FACT05915,P14,438,450
FACT01295,P12,154,70
FACT01295,P08,44,65
FACT01295,P02,535,350
FACT01295,P10,173,20
FACT06263,P15,365,650
FACT06263,P17,404,280
FACT06263,P05,214,45
FACT06263,P11,228,55
FACT06309,P18,321,900
FACT06309,P09,559,18
FACT06309,P19,149,3800
FACT06309,P20,189,2900
FACT02320,P17,534,280
FACT02320,P18,315,900
FACT02320,P20,387,2900
FACT02320,P14,295,450
FACT03949,P13,590,350
FACT03949,P01,59,4500
FACT03949,P04,405,3500
FACT03949,P09,230,18
FACT06889,P12,466,70
FACT06889,P08,293,65
FACT06889,P03,242,8000
FACT06889,P20,545,2900
FACT06765,P13,350,350
FACT06765,P05,390,45
FACT06765,P11,13,55
FACT06765,P18,195,900
FACT06766,P18,467,900
FACT06766,P15,372,650
FACT06766,P06,266,30
FACT06766,P20,136,2900
FACT05353,P16,113,800
FACT05353,P09,395,18
FACT05353,P14,117,450
FACT05353,P07,12,28
FACT03042,P03,208,8000
FACT03042,P08,441,65
FACT03042,P14,515,450
FACT03042,P12,192,70
FACT01694,P02,54,350
FACT01694,P03,343,8000
FACT01694,P20,227,2900
FACT01694,P18,528,900
FACT06269,P16,337,800
FACT06269,P05,492,45
FACT06269,P13,21,350
FACT06269,P17,204,280
FACT00127,P08,66,65
FACT00127,P18,596,900
FACT00127,P14,538,450
FACT00127,P11,388,55
FACT02738,P06,301,30
FACT02738,P10,568,20
FACT02738,P04,82,3500
FACT02738,P13,26,350
FACT08398,P09,127,18
FACT08398,P03,584,8000
FACT08398,P17,394,280
FACT08398,P10,418,20
FACT08190,P17,540,280
FACT08190,P02,6,350
FACT08190,P05,536,45
FACT08190,P09,553,18
FACT02557,P10,240,20
FACT02557,P11,94,55
FACT02557,P03,244,8000
FACT02557,P18,239,900
FACT01039,P07,340,28
FACT01039,P08,371,65
FACT01039,P20,297,2900
FACT01039,P01,81,4500
FACT00979,P02,251,350
FACT00979,P04,50,3500
FACT00979,P05,69,45
FACT00979,P17,233,280
FACT09274,P08,527,65
FACT09274,P14,479,450
FACT09274,P06,455,30
FACT09274,P04,313,3500
FACT07435,P15,470,650
FACT07435,P03,443,8000
FACT07435,P02,534,350
FACT07435,P04,10,3500
FACT09927,P05,146,45
FACT09927,P17,471,280
FACT09927,P19,400,3800
FACT09927,P09,68,18
FACT07916,P04,240,3500
FACT07916,P08,110,65
FACT07916,P05,457,45
FACT07916,P13,233,350
FACT02944,P04,227,3500
FACT02944,P14,522,450
FACT02944,P16,303,800
FACT02944,P09,307,18
FACT06146,P13,329,350
FACT06146,P14,299,450
FACT06146,P11,555,55
FACT06146,P02,317,350
FACT00356,P02,226,350
FACT00356,P14,433,450
FACT00356,P04,553,3500
FACT00356,P17,443,280
FACT05379,P07,487,28
FACT05379,P01,80,4500
FACT05379,P17,8,280
FACT05379,P18,215,900
FACT05753,P06,593,30
FACT05753,P01,226,4500
FACT05753,P18,86,900
FACT05753,P13,574,350
FACT02033,P14,72,450
FACT02033,P07,119,28
FACT02033,P02,454,350
FACT02033,P03,171,8000
FACT08683,P10,226,20
FACT08683,P08,510,65
FACT08683,P13,573,350
FACT08683,P11,130,55
FACT04447,P19,119,3800
FACT04447,P06,139,30
FACT04447,P03,258,8000
FACT04447,P01,148,4500
FACT07027,P08,119,65
FACT07027,P18,155,900
FACT07027,P12,314,70
FACT07027,P04,540,3500
FACT08236,P05,397,45
FACT08236,P04,16,3500
FACT08236,P19,453,3800
FACT08236,P17,111,280
FACT09607,P18,109,900
FACT09607,P11,594,55
FACT09607,P08,85,65
FACT09607,P05,252,45
FACT00540,P12,446,70
FACT00540,P10,111,20
FACT00540,P16,214,800
FACT00540,P15,25,650
FACT00267,P01,528,4500
FACT00267,P04,215,3500
FACT00267,P10,12,20
FACT00267,P17,24,280
FACT07816,P04,152,3500
FACT07816,P20,282,2900
FACT07816,P19,310,3800
FACT07816,P03,430,8000
FACT02934,P11,525,55
FACT02934,P19,524,3800
FACT02934,P02,414,350
FACT02934,P18,319,900
FACT07628,P17,495,280
FACT07628,P09,373,18
FACT07628,P06,222,30
FACT07628,P04,326,3500
FACT00003,P07,565,28
FACT00003,P15,439,650
FACT00003,P02,372,350
FACT00003,P11,355,55
FACT03788,P19,275,3800
FACT03788,P18,106,900
FACT03788,P01,182,4500
FACT03788,P10,389,20
FACT09104,P13,251,350
FACT09104,P10,531,20
FACT09104,P04,469,3500
FACT09104,P01,434,4500
FACT07556,P01,397,4500
FACT07556,P17,246,280
FACT07556,P08,302,65
FACT07556,P14,127,450
FACT02140,P20,260,2900
FACT02140,P07,485,28
FACT02140,P05,424,45
FACT02140,P12,387,70
FACT03050,P06,22,30
FACT03050,P14,177,450
FACT03050,P15,472,650
FACT03050,P17,173,280
FACT00672,P15,441,650
FACT00672,P10,304,20
FACT00672,P14,551,450
FACT00672,P04,322,3500
FACT03215,P04,292,3500
FACT03215,P11,267,55
FACT03215,P01,539,4500
FACT03215,P15,298,650
FACT04120,P04,155,3500
FACT04120,P10,159,20
FACT04120,P14,385,450
FACT04120,P07,304,28
FACT05445,P16,581,800
FACT05445,P09,413,18
FACT05445,P14,422,450
FACT05445,P05,122,45
FACT09726,P16,129,800
FACT09726,P06,457,30
FACT09726,P02,318,350
FACT09726,P13,538,350
FACT01763,P03,507,8000
FACT01763,P13,64,350
FACT01763,P16,158,800
FACT01763,P14,398,450
FACT10000,P18,533,900
FACT10000,P04,399,3500
FACT10000,P08,580,65
FACT10000,P06,585,30
FACT02720,P17,183,280
FACT02720,P04,131,3500
FACT02720,P12,227,70
FACT02720,P14,22,450
FACT09766,P19,445,3800
FACT09766,P07,59,28
FACT09766,P03,296,8000
FACT09766,P10,107,20
FACT00118,P20,517,2900
FACT00118,P02,178,350
FACT00118,P14,544,450
FACT00118,P10,298,20
FACT04968,P17,224,280
FACT04968,P13,529,350
FACT04968,P04,314,3500
FACT04968,P05,402,45
FACT08766,P07,62,28
FACT08766,P02,16,350
FACT08766,P03,328,8000
FACT08766,P18,584,900
FACT09311,P07,371,28
FACT09311,P13,368,350
FACT09311,P08,58,65
FACT09311,P20,221,2900
FACT02411,P07,477,28
FACT02411,P06,420,30
FACT02411,P01,154,4500
FACT02411,P03,397,8000
FACT09819,P19,462,3800
FACT09819,P16,295,800
FACT09819,P15,486,650
FACT09819,P02,463,350
FACT02725,P05,115,45
FACT02725,P03,40,8000
FACT02725,P13,427,350
FACT02725,P15,104,650
FACT04675,P16,298,800
FACT04675,P17,225,280
FACT04675,P02,26,350
FACT04675,P07,132,28
FACT01617,P20,148,2900
FACT01617,P19,264,3800
FACT01617,P11,511,55
FACT01617,P05,163,45
FACT09074,P09,286,18
FACT09074,P16,328,800
FACT09074,P20,132,2900
FACT09074,P03,551,8000
FACT07115,P19,190,3800
FACT07115,P15,141,650
FACT07115,P20,278,2900
FACT07115,P12,563,70
FACT06659,P05,247,45
FACT06659,P02,441,350
FACT06659,P13,161,350
FACT06659,P03,541,8000
FACT08814,P18,456,900
FACT08814,P20,433,2900
FACT08814,P01,485,4500
FACT08814,P07,293,28
FACT00149,P04,317,3500
FACT00149,P07,307,28
FACT00149,P15,555,650
FACT00149,P06,328,30
FACT03328,P10,155,20
FACT03328,P03,189,8000
FACT03328,P04,249,3500
FACT03328,P07,308,28
FACT05611,P13,483,350
FACT05611,P11,45,55
FACT05611,P02,572,350
FACT05611,P18,168,900
FACT09945,P17,143,280
FACT09945,P13,199,350
FACT09945,P07,388,28
FACT09945,P09,518,18
FACT01091,P09,277,18
FACT01091,P19,187,3800
FACT01091,P18,442,900
FACT01091,P03,198,8000
FACT09611,P03,596,8000
FACT09611,P08,375,65
FACT09611,P17,296,280
FACT09611,P02,305,350
FACT08906,P19,505,3800
FACT08906,P14,82,450
FACT08906,P06,322,30
FACT08906,P11,324,55
FACT05921,P06,350,30
FACT05921,P15,569,650
FACT05921,P04,330,3500
FACT05921,P11,244,55
FACT01139,P19,181,3800
FACT01139,P18,98,900
FACT01139,P14,79,450
FACT01139,P17,522,280
FACT01208,P12,290,70
FACT01208,P20,487,2900
FACT01208,P18,492,900
FACT01208,P17,308,280
FACT00720,P16,67,800
FACT00720,P10,226,20
FACT00720,P19,238,3800
FACT00720,P18,596,900
FACT06242,P03,267,8000
FACT06242,P19,594,3800
FACT06242,P10,218,20
FACT06242,P09,8,18
FACT02394,P14,426,450
FACT02394,P04,136,3500
FACT02394,P11,484,55
FACT02394,P19,585,3800
FACT02097,P17,485,280
FACT02097,P03,213,8000
FACT02097,P20,180,2900
FACT02097,P19,534,3800
FACT04544,P16,49,800
FACT04544,P20,322,2900
FACT04544,P12,143,70
FACT04544,P05,75,45
FACT00659,P07,10,28
FACT00659,P14,35,450
FACT00659,P01,332,4500
FACT00659,P13,313,350
FACT09031,P05,321,45
FACT09031,P06,310,30
FACT09031,P20,125,2900
FACT09031,P16,145,800
FACT00327,P15,87,650
FACT00327,P11,435,55
FACT00327,P18,239,900
FACT00327,P04,178,3500
FACT05049,P11,140,55
FACT05049,P14,315,450
FACT05049,P19,499,3800
FACT05049,P06,82,30
FACT04532,P11,464,55
FACT04532,P08,24,65
FACT04532,P06,582,30
FACT04532,P12,462,70
FACT08913,P04,572,3500
FACT08913,P17,600,280
FACT08913,P08,361,65
FACT08913,P18,409,900
FACT08670,P19,384,3800
FACT08670,P17,136,280
FACT08670,P05,112,45
FACT08670,P01,162,4500
FACT06321,P02,17,350
FACT06321,P14,84,450
FACT06321,P08,354,65
FACT06321,P07,399,28
FACT09105,P20,379,2900
FACT09105,P05,405,45
FACT09105,P04,302,3500
FACT09105,P11,362,55
FACT09207,P15,543,650
FACT09207,P19,579,3800
FACT09207,P04,211,3500
FACT09207,P05,387,45
FACT01415,P13,409,350
FACT01415,P12,33,70
FACT01415,P16,427,800
FACT01415,P19,54,3800
FACT06067,P13,519,350
FACT06067,P01,104,4500
FACT06067,P04,271,3500
FACT06067,P16,482,800
FACT08598,P16,200,800
FACT08598,P11,388,55
FACT08598,P01,97,4500
FACT08598,P03,92,8000
FACT01063,P01,204,4500
FACT01063,P18,130,900
FACT01063,P11,127,55
FACT01063,P16,348,800
FACT08798,P02,559,350
FACT08798,P06,251,30
FACT08798,P04,54,3500
FACT08798,P18,452,900
FACT01721,P09,577,18
FACT01721,P15,13,650
FACT01721,P16,578,800
FACT01721,P08,291,65
FACT00605,P13,496,350
FACT00605,P15,446,650
FACT00605,P08,256,65
FACT00605,P09,486,18
FACT07331,P12,401,70
FACT07331,P09,331,18
FACT07331,P08,487,65
FACT07331,P19,600,3800
FACT08652,P20,279,2900
FACT08652,P14,518,450
FACT08652,P18,483,900
FACT08652,P07,109,28
FACT07260,P04,510,3500
FACT07260,P01,334,4500
FACT07260,P03,520,8000
FACT07260,P05,349,45
FACT00121,P16,311,800
FACT00121,P11,33,55
FACT00121,P20,128,2900
FACT00121,P12,209,70
FACT08055,P02,258,350
FACT08055,P14,522,450
FACT08055,P13,437,350
FACT08055,P11,116,55
FACT07762,P15,366,650
FACT07762,P14,69,450
FACT07762,P20,585,2900
FACT07762,P05,38,45
FACT08063,P12,43,70
FACT08063,P02,142,350
FACT08063,P08,42,65
FACT08063,P10,466,20
FACT07280,P12,180,70
FACT07280,P14,130,450
FACT07280,P01,252,4500
FACT07280,P08,35,65
FACT01008,P05,69,45
FACT01008,P08,289,65
FACT01008,P18,250,900
FACT01008,P19,600,3800
FACT04783,P18,342,900
FACT04783,P06,129,30
FACT04783,P01,422,4500
FACT04783,P08,559,65
FACT08838,P14,150,450
FACT08838,P01,378,4500
FACT08838,P13,250,350
FACT08838,P03,583,8000
FACT02392,P20,251,2900
FACT02392,P01,66,4500
FACT02392,P19,188,3800
FACT02392,P17,571,280
FACT02357,P04,372,3500
FACT02357,P08,486,65
FACT02357,P18,65,900
FACT02357,P03,248,8000
FACT02171,P20,531,2900
FACT02171,P02,59,350
FACT02171,P14,313,450
FACT02171,P10,297,20
FACT04931,P15,98,650
FACT04931,P19,474,3800
FACT04931,P16,360,800
FACT04931,P05,428,45
FACT00334,P08,178,65
FACT00334,P09,184,18
FACT00334,P06,452,30
FACT00334,P17,106,280
FACT03354,P01,598,4500
FACT03354,P06,44,30
FACT03354,P13,537,350
FACT03354,P05,16,45
FACT08776,P07,330,28
FACT08776,P03,442,8000
FACT08776,P05,570,45
FACT08776,P09,175,18
FACT00216,P02,299,350
FACT00216,P03,245,8000
FACT00216,P19,276,3800
FACT00216,P16,333,800
FACT04278,P12,253,70
FACT04278,P09,147,18
FACT04278,P05,273,45
FACT04278,P07,173,28
FACT02471,P11,272,55
FACT02471,P07,345,28
FACT02471,P09,596,18
FACT02471,P17,392,280
FACT07233,P04,470,3500
FACT07233,P07,236,28
FACT07233,P18,358,900
FACT07233,P05,317,45
FACT00897,P14,204,450
FACT00897,P02,239,350
FACT00897,P20,354,2900
FACT00897,P15,310,650
FACT04210,P15,169,650
FACT04210,P18,188,900
FACT04210,P10,339,20
FACT04210,P12,187,70
FACT09077,P09,422,18
FACT09077,P13,105,350
FACT09077,P15,356,650
FACT09077,P03,312,8000
FACT08079,P11,213,55
FACT08079,P15,112,650
FACT08079,P20,9,2900
FACT08079,P19,206,3800
FACT03627,P03,13,8000
FACT03627,P20,357,2900
FACT03627,P18,529,900
FACT03627,P09,27,18
FACT05883,P05,304,45
FACT05883,P09,600,18
FACT05883,P16,292,800
FACT05883,P04,483,3500
FACT04999,P16,139,800
FACT04999,P04,96,3500
FACT04999,P12,380,70
FACT04999,P03,285,8000
FACT09994,P10,213,20
FACT09994,P17,20,280
FACT09994,P15,331,650
FACT09994,P07,355,28
FACT07530,P10,241,20
FACT07530,P12,500,70
FACT07530,P17,521,280
FACT07530,P20,255,2900
FACT03988,P09,108,18
FACT03988,P19,165,3800
FACT03988,P07,162,28
FACT03988,P17,421,280
FACT03516,P13,490,350
FACT03516,P02,188,350
FACT03516,P20,23,2900
FACT03516,P07,313,28
FACT00470,P02,219,350
FACT00470,P19,404,3800
FACT00470,P13,24,350
FACT00470,P10,91,20
FACT08923,P05,593,45
FACT08923,P04,391,3500
FACT08923,P19,511,3800
FACT08923,P02,435,350
FACT06255,P04,85,3500
FACT06255,P02,192,350
FACT06255,P19,447,3800
FACT06255,P03,133,8000
FACT05187,P09,508,18
FACT05187,P20,228,2900
FACT05187,P06,80,30
FACT05187,P01,180,4500
FACT07684,P12,366,70
FACT07684,P07,109,28
FACT07684,P09,396,18
FACT07684,P05,64,45
FACT08656,P05,335,45
FACT08656,P11,134,55
FACT08656,P14,564,450
FACT08656,P06,124,30
FACT05165,P13,325,350
FACT05165,P08,382,65
FACT05165,P20,323,2900
FACT05165,P19,514,3800
FACT08361,P12,324,70
FACT08361,P03,175,8000
FACT08361,P02,469,350
FACT08361,P06,314,30
FACT07313,P15,220,650
FACT07313,P13,99,350
FACT07313,P20,501,2900
FACT07313,P07,516,28
FACT06283,P14,177,450
FACT06283,P03,274,8000
FACT06283,P11,562,55
FACT06283,P01,526,4500
FACT04334,P16,161,800
FACT04334,P19,194,3800
FACT04334,P11,331,55
FACT04334,P20,297,2900
FACT01822,P03,266,8000
FACT01822,P13,218,350
FACT01822,P17,325,280
FACT01822,P20,439,2900
FACT03966,P12,324,70
FACT03966,P05,500,45
FACT03966,P20,125,2900
FACT03966,P07,384,28
FACT04186,P01,584,4500
FACT04186,P08,184,65
FACT04186,P02,22,350
FACT04186,P04,265,3500
FACT06858,P13,61,350
FACT06858,P16,575,800
FACT06858,P20,578,2900
FACT06858,P03,122,8000
FACT02532,P05,257,45
FACT02532,P17,55,280
FACT02532,P11,453,55
FACT02532,P16,421,800
FACT01828,P03,496,8000
FACT01828,P04,290,3500
FACT01828,P02,354,350
FACT01828,P01,243,4500
FACT00253,P20,331,2900
FACT00253,P18,535,900
FACT00253,P03,378,8000
FACT00253,P10,210,20
FACT08756,P03,62,8000
FACT08756,P04,417,3500
FACT08756,P02,79,350
FACT08756,P09,202,18
FACT06228,P14,534,450
FACT06228,P16,27,800
FACT06228,P19,583,3800
FACT06228,P05,331,45
FACT04317,P10,214,20
FACT04317,P03,582,8000
FACT04317,P18,483,900
FACT04317,P19,16,3800
FACT06730,P18,106,900
FACT06730,P15,416,650
FACT06730,P14,314,450
FACT06730,P10,379,20
FACT03061,P07,392,28
FACT03061,P17,244,280
FACT03061,P19,355,3800
FACT03061,P20,391,2900
FACT03298,P15,333,650
FACT03298,P07,258,28
FACT03298,P13,259,350
FACT03298,P19,128,3800
FACT08096,P07,244,28
FACT08096,P16,502,800
FACT08096,P10,286,20
FACT08096,P17,285,280
FACT03692,P11,366,55
FACT03692,P19,399,3800
FACT03692,P09,526,18
FACT03692,P17,6,280
FACT02805,P14,118,450
FACT02805,P16,297,800
FACT02805,P08,429,65
FACT02805,P05,367,45
FACT06867,P12,480,70
FACT06867,P01,471,4500
FACT06867,P20,353,2900
FACT06867,P04,186,3500
FACT07506,P08,50,65
FACT07506,P05,182,45
FACT07506,P06,405,30
FACT07506,P17,275,280
FACT05595,P11,384,55
FACT05595,P07,117,28
FACT05595,P17,121,280
FACT05595,P18,239,900
FACT07086,P18,72,900
FACT07086,P09,71,18
FACT07086,P11,113,55
FACT07086,P15,74,650
FACT08250,P02,145,350
FACT08250,P11,428,55
FACT08250,P19,554,3800
FACT08250,P14,327,450
FACT05242,P13,300,350
FACT05242,P15,37,650
FACT05242,P01,191,4500
FACT05242,P02,511,350
FACT07577,P06,429,30
FACT07577,P03,374,8000
FACT07577,P04,315,3500
FACT07577,P01,224,4500
FACT02438,P07,310,28
FACT02438,P18,581,900
FACT02438,P20,92,2900
FACT02438,P04,451,3500
FACT04989,P16,75,800
FACT04989,P13,146,350
FACT04989,P06,316,30
FACT04989,P02,305,350
FACT04745,P16,468,800
FACT04745,P15,265,650
FACT04745,P19,351,3800
FACT04745,P02,593,350
FACT08907,P09,459,18
FACT08907,P08,287,65
FACT08907,P13,527,350
FACT08907,P19,417,3800
FACT06466,P06,280,30
FACT06466,P12,240,70
FACT06466,P11,585,55
FACT06466,P17,264,280
FACT07931,P18,57,900
FACT07931,P01,136,4500
FACT07931,P19,487,3800
FACT07931,P15,195,650
FACT03152,P06,580,30
FACT03152,P15,252,650
FACT03152,P03,271,8000
FACT03152,P11,413,55
FACT06236,P09,286,18
FACT06236,P16,489,800
FACT06236,P06,391,30
FACT06236,P18,231,900
FACT05052,P16,257,800
FACT05052,P02,170,350
FACT05052,P15,178,650
FACT05052,P01,111,4500
FACT09034,P06,440,30
FACT09034,P05,504,45
FACT09034,P07,374,28
FACT09034,P11,93,55
FACT08015,P10,454,20
FACT08015,P06,57,30
FACT08015,P02,459,350
FACT08015,P14,357,450
FACT05022,P07,230,28
FACT05022,P14,245,450
FACT05022,P16,344,800
FACT05022,P18,582,900
FACT02507,P08,486,65
FACT02507,P01,117,4500
FACT02507,P05,57,45
FACT02507,P13,463,350
FACT03673,P01,552,4500
FACT03673,P04,438,3500
FACT03673,P10,138,20
FACT03673,P02,450,350
FACT01817,P02,20,350
FACT01817,P11,31,55
FACT01817,P12,504,70
FACT01817,P01,77,4500
FACT04370,P20,66,2900
FACT04370,P02,215,350
FACT04370,P15,338,650
FACT04370,P13,43,350
FACT02030,P15,86,650
FACT02030,P08,440,65
FACT02030,P05,503,45
FACT02030,P19,61,3800
FACT05179,P01,425,4500
FACT05179,P20,371,2900
FACT05179,P11,545,55
FACT05179,P06,303,30
FACT00459,P09,368,18
FACT00459,P14,6,450
FACT00459,P15,246,650
FACT00459,P01,486,4500
FACT06082,P05,33,45
FACT06082,P14,425,450
FACT06082,P08,298,65
FACT06082,P01,12,4500
FACT02717,P06,469,30
FACT02717,P10,209,20
FACT02717,P20,554,2900
FACT02717,P05,300,45
FACT02053,P02,265,350
FACT02053,P03,101,8000
FACT02053,P05,462,45
FACT02053,P16,243,800
FACT07464,P16,422,800
FACT07464,P08,472,65
FACT07464,P01,169,4500
FACT07464,P06,474,30
FACT04797,P09,579,18
FACT04797,P11,86,55
FACT04797,P17,487,280
FACT04797,P03,468,8000
FACT03164,P19,198,3800
FACT03164,P10,119,20
FACT03164,P18,564,900
FACT03164,P01,190,4500
FACT09425,P19,30,3800
FACT09425,P01,519,4500
FACT09425,P15,304,650
FACT09425,P11,90,55
FACT09369,P19,597,3800
FACT09369,P09,298,18
FACT09369,P20,599,2900
FACT09369,P02,165,350
FACT07727,P16,557,800
FACT07727,P14,197,450
FACT07727,P01,277,4500
FACT07727,P19,452,3800
FACT09008,P07,440,28
FACT09008,P14,73,450
FACT09008,P16,222,800
FACT09008,P01,334,4500
FACT07744,P08,486,65
FACT07744,P06,488,30
FACT07744,P19,550,3800
FACT07744,P01,365,4500
FACT07532,P03,220,8000
FACT07532,P08,564,65
FACT07532,P15,273,650
FACT07532,P18,355,900
FACT04493,P13,449,350
FACT04493,P18,42,900
FACT04493,P08,133,65
FACT04493,P17,411,280
FACT04063,P05,182,45
FACT04063,P17,126,280
FACT04063,P02,49,350
FACT04063,P14,98,450
FACT07627,P16,371,800
FACT07627,P14,84,450
FACT07627,P15,247,650
FACT07627,P11,166,55
FACT00084,P05,73,45
FACT00084,P01,174,4500
FACT00084,P15,250,650
FACT00084,P20,348,2900
FACT01851,P13,439,350
FACT01851,P16,471,800
FACT01851,P12,533,70
FACT01851,P07,562,28
FACT03554,P14,105,450
FACT03554,P12,158,70
FACT03554,P17,545,280
FACT03554,P15,488,650
FACT09229,P05,174,45
FACT09229,P01,38,4500
FACT09229,P04,572,3500
FACT09229,P18,153,900
FACT03397,P09,88,18
FACT03397,P11,86,55
FACT03397,P12,258,70
FACT03397,P14,142,450
FACT01075,P02,457,350
FACT01075,P03,508,8000
FACT01075,P15,379,650
FACT01075,P09,130,18
FACT06195,P15,537,650
FACT06195,P01,37,4500
FACT06195,P13,109,350
FACT06195,P14,442,450
FACT02763,P08,581,65
FACT02763,P03,421,8000
FACT02763,P02,307,350
FACT02763,P16,316,800
FACT06977,P04,38,3500
FACT06977,P02,267,350
FACT06977,P09,399,18
FACT06977,P03,500,8000
FACT05566,P16,296,800
FACT05566,P10,224,20
FACT05566,P12,542,70
FACT05566,P13,213,350
FACT00500,P17,57,280
FACT00500,P03,331,8000
FACT00500,P07,377,28
FACT00500,P10,402,20
FACT07142,P08,259,65
FACT07142,P02,352,350
FACT07142,P20,320,2900
FACT07142,P01,137,4500
FACT04019,P13,115,350
FACT04019,P16,121,800
FACT04019,P01,588,4500
FACT04019,P12,500,70
FACT03203,P11,338,55
FACT03203,P01,253,4500
FACT03203,P04,202,3500
FACT03203,P15,178,650
FACT06911,P10,68,20
FACT06911,P08,116,65
FACT06911,P01,239,4500
FACT06911,P12,374,70
FACT09115,P06,58,30
FACT09115,P19,84,3800
FACT09115,P20,180,2900
FACT09115,P18,64,900
FACT08141,P03,176,8000
FACT08141,P10,311,20
FACT08141,P12,409,70
FACT08141,P11,169,55
FACT03256,P16,569,800
FACT03256,P12,58,70
FACT03256,P15,491,650
FACT03256,P06,510,30
FACT00676,P20,155,2900
FACT00676,P16,325,800
FACT00676,P17,79,280
FACT00676,P08,66,65
FACT01133,P17,15,280
FACT01133,P14,350,450
FACT01133,P02,184,350
FACT01133,P12,60,70
FACT06557,P02,127,350
FACT06557,P06,12,30
FACT06557,P03,275,8000
FACT06557,P10,207,20
FACT02509,P01,203,4500
FACT02509,P05,93,45
FACT02509,P03,255,8000
FACT02509,P15,573,650
FACT00508,P14,123,450
FACT00508,P09,140,18
FACT00508,P18,132,900
FACT00508,P12,278,70
FACT06963,P08,97,65
FACT06963,P11,140,55
FACT06963,P20,68,2900
FACT06963,P18,40,900
FACT02855,P19,524,3800
FACT02855,P11,47,55
FACT02855,P20,327,2900
FACT02855,P08,526,65
FACT02881,P11,24,55
FACT02881,P17,452,280
FACT02881,P07,44,28
FACT02881,P12,396,70
FACT08191,P19,185,3800
FACT08191,P06,310,30
FACT08191,P08,114,65
FACT08191,P16,18,800
FACT05998,P07,579,28
FACT05998,P09,220,18
FACT05998,P12,571,70
FACT05998,P05,339,45
FACT07408,P13,167,350
FACT07408,P19,346,3800
FACT07408,P03,322,8000
FACT07408,P15,237,650
FACT02548,P05,95,45
FACT02548,P02,107,350
FACT02548,P12,250,70
FACT02548,P11,466,55
FACT00872,P15,262,650
FACT00872,P16,113,800
FACT00872,P05,274,45
FACT00872,P08,397,65
FACT05782,P20,596,2900
FACT05782,P06,395,30
FACT05782,P14,542,450
FACT05782,P15,485,650
FACT06018,P17,56,280
FACT06018,P18,231,900
FACT06018,P07,420,28
FACT06018,P01,385,4500
FACT04752,P15,484,650
FACT04752,P13,331,350
FACT04752,P04,11,3500
FACT04752,P19,353,3800
FACT01011,P12,449,70
FACT01011,P18,144,900
FACT01011,P11,241,55
FACT01011,P19,157,3800
FACT01770,P19,162,3800
FACT01770,P14,274,450
FACT01770,P03,148,8000
FACT01770,P06,104,30
FACT05232,P14,501,450
FACT05232,P06,68,30
FACT05232,P10,346,20
FACT05232,P17,221,280
FACT02849,P10,167,20
FACT02849,P01,97,4500
FACT02849,P04,277,3500
FACT02849,P02,222,350
FACT03884,P01,460,4500
FACT03884,P04,365,3500
FACT03884,P09,474,18
FACT03884,P10,600,20
FACT01491,P03,312,8000
FACT01491,P16,345,800
FACT01491,P19,531,3800
FACT01491,P05,565,45
FACT05441,P11,378,55
FACT05441,P12,386,70
FACT05441,P04,46,3500
FACT05441,P16,95,800
FACT03368,P11,305,55
FACT03368,P05,445,45
FACT03368,P01,65,4500
FACT03368,P06,271,30
FACT03941,P17,83,280
FACT03941,P04,215,3500
FACT03941,P06,440,30
FACT03941,P19,165,3800
FACT09272,P05,13,45
FACT09272,P19,112,3800
FACT09272,P01,251,4500
FACT09272,P06,386,30
FACT00182,P02,547,350
FACT00182,P01,490,4500
FACT00182,P14,390,450
FACT00182,P08,226,65
FACT00308,P14,569,450
FACT00308,P11,77,55
FACT00308,P16,402,800
FACT00308,P19,159,3800
FACT01987,P20,67,2900
FACT01987,P19,460,3800
FACT01987,P06,409,30
FACT01987,P05,129,45
FACT08700,P14,493,450
FACT08700,P17,433,280
FACT08700,P06,492,30
FACT08700,P19,133,3800
FACT09665,P09,436,18
FACT09665,P12,453,70
FACT09665,P19,203,3800
FACT09665,P07,276,28
FACT03405,P09,482,18
FACT03405,P07,96,28
FACT03405,P14,33,450
FACT03405,P05,60,45
FACT07963,P12,193,70
FACT07963,P08,287,65
FACT07963,P02,132,350
FACT07963,P16,30,800
FACT03432,P04,317,3500
FACT03432,P10,274,20
FACT03432,P17,532,280
FACT03432,P14,16,450
FACT05876,P03,100,8000
FACT05876,P12,525,70
FACT05876,P01,94,4500
FACT05876,P08,496,65
FACT08473,P18,21,900
FACT08473,P16,475,800
FACT08473,P09,599,18
FACT08473,P03,415,8000
FACT06949,P14,309,450
FACT06949,P03,497,8000
FACT06949,P04,562,3500
FACT06949,P01,499,4500
FACT06164,P14,271,450
FACT06164,P03,223,8000
FACT06164,P02,80,350
FACT06164,P18,353,900
FACT07467,P02,310,350
FACT07467,P17,37,280
FACT07467,P10,559,20
FACT07467,P09,385,18
FACT09963,P06,122,30
FACT09963,P18,539,900
FACT09963,P08,225,65
FACT09963,P07,420,28
FACT03565,P02,598,350
FACT03565,P14,578,450
FACT03565,P18,243,900
FACT03565,P19,285,3800
FACT03925,P06,41,30
FACT03925,P20,352,2900
FACT03925,P18,438,900
FACT03925,P08,429,65
FACT01745,P05,512,45
FACT01745,P16,316,800
FACT01745,P09,584,18
FACT01745,P19,200,3800
FACT07562,P08,196,65
FACT07562,P07,112,28
FACT07562,P04,52,3500
FACT07562,P05,193,45
FACT00430,P12,241,70
FACT00430,P02,120,350
FACT00430,P14,507,450
FACT00430,P05,520,45
FACT04089,P19,402,3800
FACT04089,P03,122,8000
FACT04089,P04,148,3500
FACT04089,P02,236,350
FACT00168,P02,377,350
FACT00168,P11,158,55
FACT00168,P08,197,65
FACT00168,P18,33,900
FACT05547,P06,249,30
FACT05547,P12,495,70
FACT05547,P17,533,280
FACT05547,P14,201,450
FACT05679,P04,218,3500
FACT05679,P07,45,28
FACT05679,P09,441,18
FACT05679,P12,272,70
FACT09351,P01,188,4500
FACT09351,P19,247,3800
FACT09351,P02,498,350
FACT09351,P09,275,18
FACT09362,P07,80,28
FACT09362,P05,67,45
FACT09362,P16,412,800
FACT09362,P08,290,65
FACT07516,P18,176,900
FACT07516,P15,467,650
FACT07516,P02,217,350
FACT07516,P13,120,350
FACT07689,P18,234,900
FACT07689,P16,410,800
FACT07689,P02,199,350
FACT07689,P06,451,30
FACT01121,P07,84,28
FACT01121,P02,292,350
FACT01121,P05,158,45
FACT01121,P06,489,30
FACT03185,P18,512,900
FACT03185,P09,525,18
FACT03185,P13,253,350
FACT03185,P20,109,2900
FACT00571,P18,140,900
FACT00571,P09,47,18
FACT00571,P01,18,4500
FACT00571,P20,212,2900
FACT05945,P09,518,18
FACT05945,P04,300,3500
FACT05945,P02,568,350
FACT05945,P13,196,350
FACT08455,P16,24,800
FACT08455,P02,240,350
FACT08455,P14,575,450
FACT08455,P20,147,2900
FACT02708,P08,11,65
FACT02708,P17,395,280
FACT02708,P05,115,45
FACT02708,P18,338,900
FACT07708,P11,397,55
FACT07708,P14,29,450
FACT07708,P08,47,65
FACT07708,P19,511,3800
FACT03914,P13,436,350
FACT03914,P05,555,45
FACT03914,P08,356,65
FACT03914,P01,482,4500
FACT05427,P13,130,350
FACT05427,P11,30,55
FACT05427,P04,116,3500
FACT05427,P15,493,650
FACT04453,P04,354,3500
FACT04453,P05,169,45
FACT04453,P02,111,350
FACT04453,P09,226,18
FACT03384,P10,593,20
FACT03384,P14,542,450
FACT03384,P04,49,3500
FACT03384,P17,289,280
FACT05483,P11,348,55
FACT05483,P01,317,4500
FACT05483,P15,247,650
FACT05483,P20,568,2900
FACT00382,P10,44,20
FACT00382,P02,347,350
FACT00382,P05,120,45
FACT00382,P03,437,8000
FACT08387,P14,409,450
FACT08387,P11,554,55
FACT08387,P10,354,20
FACT08387,P08,425,65
FACT00535,P10,424,20
FACT00535,P11,196,55
FACT00535,P16,65,800
FACT00535,P14,235,450
FACT03171,P10,300,20
FACT03171,P01,95,4500
FACT03171,P09,320,18
FACT03171,P07,475,28
FACT02703,P20,440,2900
FACT02703,P14,400,450
FACT02703,P17,580,280
FACT02703,P08,49,65
FACT00574,P04,446,3500
FACT00574,P10,304,20
FACT00574,P13,390,350
FACT00574,P05,265,45
FACT01350,P15,464,650
FACT01350,P04,516,3500
FACT01350,P01,104,4500
FACT01350,P08,123,65
FACT05360,P17,329,280
FACT05360,P02,28,350
FACT05360,P14,95,450
FACT05360,P06,300,30
FACT03423,P15,539,650
FACT03423,P12,115,70
FACT03423,P20,497,2900
FACT03423,P19,130,3800
FACT05109,P15,27,650
FACT05109,P20,195,2900
FACT05109,P01,159,4500
FACT05109,P03,140,8000
FACT04454,P03,508,8000
FACT04454,P11,38,55
FACT04454,P06,68,30
FACT04454,P05,362,45
FACT03521,P19,502,3800
FACT03521,P01,526,4500
FACT03521,P18,563,900
FACT03521,P11,420,55
FACT06352,P06,175,30
FACT06352,P09,523,18
FACT06352,P03,593,8000
FACT06352,P04,283,3500
FACT01158,P14,261,450
FACT01158,P16,254,800
FACT01158,P05,300,45
FACT01158,P02,318,350
FACT06020,P17,560,280
FACT06020,P09,33,18
FACT06020,P12,234,70
FACT06020,P15,366,650
FACT03935,P04,585,3500
FACT03935,P06,356,30
FACT03935,P07,263,28
FACT03935,P08,532,65
FACT02217,P16,89,800
FACT02217,P11,144,55
FACT02217,P02,226,350
FACT02217,P12,377,70
FACT01689,P06,450,30
FACT01689,P05,473,45
FACT01689,P12,494,70
FACT01689,P04,175,3500
FACT09958,P12,472,70
FACT09958,P01,57,4500
FACT09958,P07,33,28
FACT09958,P03,568,8000
FACT03734,P10,532,20
FACT03734,P03,207,8000
FACT03734,P01,412,4500
FACT03734,P20,547,2900
FACT02310,P04,315,3500
FACT02310,P18,498,900
FACT02310,P06,136,30
FACT02310,P05,576,45
FACT07726,P08,147,65
FACT07726,P20,437,2900
FACT07726,P01,333,4500
FACT07726,P02,9,350
FACT05044,P02,57,350
FACT05044,P09,195,18
FACT05044,P18,282,900
FACT05044,P13,359,350
FACT08420,P14,468,450
FACT08420,P05,331,45
FACT08420,P02,458,350
FACT08420,P11,81,55
FACT01047,P07,107,28
FACT01047,P09,444,18
FACT01047,P17,314,280
FACT01047,P14,349,450
FACT03858,P10,414,20
FACT03858,P19,428,3800
FACT03858,P14,13,450
FACT03858,P15,94,650
FACT09940,P17,139,280
FACT09940,P13,322,350
FACT09940,P09,367,18
FACT09940,P20,22,2900
FACT02003,P16,497,800
FACT02003,P19,287,3800
FACT02003,P06,266,30
FACT02003,P17,55,280
FACT08424,P06,436,30
FACT08424,P09,455,18
FACT08424,P03,245,8000
FACT08424,P16,469,800
FACT09930,P19,566,3800
FACT09930,P17,99,280
FACT09930,P13,514,350
FACT09930,P03,478,8000
FACT09815,P08,122,65
FACT09815,P10,280,20
FACT09815,P07,307,28
FACT09815,P17,48,280
FACT08339,P07,424,28
FACT08339,P04,408,3500
FACT08339,P20,191,2900
FACT08339,P14,161,450
FACT00727,P07,366,28
FACT00727,P03,320,8000
FACT00727,P05,466,45
FACT00727,P08,118,65
FACT09551,P10,426,20
FACT09551,P14,172,450
FACT09551,P16,586,800
FACT09551,P20,111,2900
FACT08615,P13,176,350
FACT08615,P05,266,45
FACT08615,P19,496,3800
FACT08615,P02,544,350
FACT01018,P07,6,28
FACT01018,P14,198,450
FACT01018,P18,61,900
FACT01018,P08,194,65
FACT09111,P09,281,18
FACT09111,P02,504,350
FACT09111,P14,46,450
FACT09111,P13,381,350
FACT07853,P13,122,350
FACT07853,P12,432,70
FACT07853,P10,593,20
FACT07853,P18,174,900
FACT04381,P02,13,350
FACT04381,P19,299,3800
FACT04381,P20,485,2900
FACT04381,P15,266,650
FACT04191,P13,27,350
FACT04191,P06,210,30
FACT04191,P11,295,55
FACT04191,P15,41,650
FACT06008,P08,491,65
FACT06008,P18,391,900
FACT06008,P20,119,2900
FACT06008,P02,265,350
FACT01122,P08,115,65
FACT01122,P14,99,450
FACT01122,P06,196,30
FACT01122,P02,404,350
FACT04459,P12,515,70
FACT04459,P14,424,450
FACT04459,P06,580,30
FACT04459,P11,126,55
FACT00530,P07,248,28
FACT00530,P09,389,18
FACT00530,P02,306,350
FACT00530,P01,220,4500
FACT02198,P05,460,45
FACT02198,P09,397,18
FACT02198,P04,388,3500
FACT02198,P13,26,350
FACT00646,P20,416,2900
FACT00646,P09,214,18
FACT00646,P17,125,280
FACT00646,P04,316,3500
FACT07333,P02,170,350
FACT07333,P01,326,4500
FACT07333,P16,67,800
FACT07333,P15,126,650
FACT06563,P06,348,30
FACT06563,P13,333,350
FACT06563,P19,357,3800
FACT06563,P16,227,800
FACT09051,P14,578,450
FACT09051,P13,123,350
FACT09051,P20,552,2900
FACT09051,P18,12,900
FACT03915,P05,433,45
FACT03915,P19,186,3800
FACT03915,P10,18,20
FACT03915,P06,161,30
FACT03920,P19,19,3800
FACT03920,P16,448,800
FACT03920,P08,457,65
FACT03920,P06,215,30
FACT04856,P16,515,800
FACT04856,P02,60,350
FACT04856,P13,567,350
FACT04856,P09,424,18
FACT00624,P02,290,350
FACT00624,P17,345,280
FACT00624,P20,184,2900
FACT00624,P15,409,650
FACT09667,P09,232,18
FACT09667,P12,504,70
FACT09667,P17,499,280
FACT09667,P10,111,20
FACT02054,P10,265,20
FACT02054,P15,300,650
FACT02054,P17,500,280
FACT02054,P03,203,8000
FACT04585,P03,87,8000
FACT04585,P18,530,900
FACT04585,P04,90,3500
FACT04585,P02,410,350
FACT03746,P06,343,30
FACT03746,P02,102,350
FACT03746,P03,539,8000
FACT03746,P05,275,45
FACT00286,P17,280,280
FACT00286,P16,544,800
FACT00286,P20,356,2900
FACT00286,P11,81,55
FACT06667,P04,18,3500
FACT06667,P03,338,8000
FACT06667,P02,66,350
FACT06667,P16,359,800
FACT00131,P01,137,4500
FACT00131,P20,530,2900
FACT00131,P11,502,55
FACT00131,P07,495,28
FACT04880,P14,510,450
FACT04880,P07,91,28
FACT04880,P15,240,650
FACT04880,P01,545,4500
FACT06223,P18,427,900
FACT06223,P12,134,70
FACT06223,P09,369,18
FACT06223,P14,263,450
FACT08794,P12,306,70
FACT08794,P06,94,30
FACT08794,P13,298,350
FACT08794,P14,38,450
FACT01582,P06,168,30
FACT01582,P05,170,45
FACT01582,P10,278,20
FACT01582,P20,404,2900
FACT08831,P08,169,65
FACT08831,P05,55,45
FACT08831,P07,285,28
FACT08831,P11,176,55
FACT04477,P16,512,800
FACT04477,P13,315,350
FACT04477,P10,191,20
FACT04477,P20,95,2900
FACT09976,P02,373,350
FACT09976,P10,327,20
FACT09976,P19,466,3800
FACT09976,P13,402,350
FACT04533,P14,114,450
FACT04533,P02,577,350
FACT04533,P15,225,650
FACT04533,P07,460,28
FACT03474,P14,367,450
FACT03474,P20,198,2900
FACT03474,P08,108,65
FACT03474,P01,456,4500
FACT08623,P13,156,350
FACT08623,P12,355,70
FACT08623,P06,284,30
FACT08623,P20,118,2900
FACT01367,P18,134,900
FACT01367,P02,530,350
FACT01367,P17,565,280
FACT01367,P13,210,350
FACT05940,P02,267,350
FACT05940,P07,572,28
FACT05940,P16,329,800
FACT05940,P12,594,70
FACT05781,P06,59,30
FACT05781,P18,317,900
FACT05781,P02,512,350
FACT05781,P08,249,65
FACT01945,P03,550,8000
FACT01945,P07,393,28
FACT01945,P16,346,800
FACT01945,P04,449,3500
FACT02696,P02,354,350
FACT02696,P20,544,2900
FACT02696,P08,189,65
FACT02696,P09,112,18
FACT05032,P04,333,3500
FACT05032,P15,510,650
FACT05032,P07,45,28
FACT05032,P18,46,900
FACT03775,P09,150,18
FACT03775,P15,459,650
FACT03775,P12,336,70
FACT03775,P04,261,3500
FACT09805,P03,38,8000
FACT09805,P14,551,450
FACT09805,P16,596,800
FACT09805,P17,584,280
FACT05499,P12,60,70
FACT05499,P17,44,280
FACT05499,P01,339,4500
FACT05499,P02,491,350
FACT02233,P13,17,350
FACT02233,P09,400,18
FACT02233,P16,254,800
FACT02233,P15,423,650
FACT04977,P17,24,280
FACT04977,P08,27,65
FACT04977,P13,101,350
FACT04977,P01,469,4500
FACT04609,P08,229,65
FACT04609,P04,62,3500
FACT04609,P01,48,4500
FACT04609,P03,295,8000
FACT05173,P13,71,350
FACT05173,P16,300,800
FACT05173,P11,502,55
FACT05173,P14,68,450
FACT01899,P17,67,280
FACT01899,P09,28,18
FACT01899,P05,159,45
FACT01899,P10,53,20
FACT03543,P07,594,28
FACT03543,P03,322,8000
FACT03543,P19,84,3800
FACT03543,P12,210,70
FACT06327,P19,459,3800
FACT06327,P11,295,55
FACT06327,P14,25,450
FACT06327,P07,414,28
FACT05948,P05,50,45
FACT05948,P13,286,350
FACT05948,P12,239,70
FACT05948,P18,522,900
FACT00417,P18,277,900
FACT00417,P16,472,800
FACT00417,P06,340,30
FACT00417,P15,417,650
FACT08802,P04,340,3500
FACT08802,P17,477,280
FACT08802,P20,334,2900
FACT08802,P13,567,350
FACT01752,P20,446,2900
FACT01752,P02,73,350
FACT01752,P16,29,800
FACT01752,P06,258,30
FACT01382,P19,399,3800
FACT01382,P17,572,280
FACT01382,P13,312,350
FACT01382,P02,139,350
FACT00687,P13,31,350
FACT00687,P15,562,650
FACT00687,P12,482,70
FACT00687,P17,354,280
FACT00303,P10,240,20
FACT00303,P19,154,3800
FACT00303,P11,54,55
FACT00303,P08,211,65
FACT05083,P14,132,450
FACT05083,P04,520,3500
FACT05083,P15,90,650
FACT05083,P10,119,20
FACT08009,P01,264,4500
FACT08009,P13,510,350
FACT08009,P12,210,70
FACT08009,P18,600,900
FACT04934,P19,141,3800
FACT04934,P10,531,20
FACT04934,P14,586,450
FACT04934,P11,72,55
FACT02325,P17,465,280
FACT02325,P03,315,8000
FACT02325,P04,303,3500
FACT02325,P15,308,650
FACT09331,P18,368,900
FACT09331,P08,46,65
FACT09331,P11,375,55
FACT09331,P05,415,45
FACT01710,P08,409,65
FACT01710,P06,469,30
FACT01710,P10,275,20
FACT01710,P04,96,3500
FACT06864,P08,367,65
FACT06864,P13,143,350
FACT06864,P16,270,800
FACT06864,P06,206,30
FACT09301,P13,101,350
FACT09301,P17,72,280
FACT09301,P04,290,3500
FACT09301,P06,306,30
FACT04382,P16,466,800
FACT04382,P12,184,70
FACT04382,P15,47,650
FACT04382,P10,392,20
FACT04155,P15,72,650
FACT04155,P05,86,45
FACT04155,P07,514,28
FACT04155,P01,305,4500
FACT02064,P19,443,3800
FACT02064,P03,148,8000
FACT02064,P15,472,650
FACT02064,P01,274,4500
FACT07618,P01,333,4500
FACT07618,P07,540,28
FACT07618,P12,64,70
FACT07618,P02,454,350
FACT02004,P14,211,450
FACT02004,P12,440,70
FACT02004,P10,306,20
FACT02004,P11,230,55
FACT06038,P12,152,70
FACT06038,P05,533,45
FACT06038,P07,142,28
FACT06038,P03,326,8000
FACT08646,P06,586,30
FACT08646,P15,170,650
FACT08646,P02,523,350
FACT08646,P09,412,18
FACT09165,P11,303,55
FACT09165,P15,231,650
FACT09165,P17,589,280
FACT09165,P12,456,70
FACT02365,P13,455,350
FACT02365,P15,61,650
FACT02365,P18,309,900
FACT02365,P10,109,20
FACT06753,P16,365,800
FACT06753,P06,214,30
FACT06753,P03,550,8000
FACT06753,P14,559,450
FACT05375,P03,478,8000
FACT05375,P02,332,350
FACT05375,P04,419,3500
FACT05375,P12,482,70
FACT06657,P06,367,30
FACT06657,P08,98,65
FACT06657,P15,116,650
FACT06657,P02,64,350
FACT06052,P16,275,800
FACT06052,P10,44,20
FACT06052,P07,583,28
FACT06052,P15,70,650
FACT08122,P08,42,65
FACT08122,P12,61,70
FACT08122,P05,267,45
FACT08122,P15,424,650
FACT06769,P01,230,4500
FACT06769,P08,439,65
FACT06769,P11,467,55
FACT06769,P10,594,20
FACT06892,P07,199,28
FACT06892,P15,349,650
FACT06892,P08,453,65
FACT06892,P12,268,70
FACT07775,P03,113,8000
FACT07775,P02,71,350
FACT07775,P09,41,18
FACT07775,P11,293,55
FACT01709,P20,300,2900
FACT01709,P02,377,350
FACT01709,P03,231,8000
FACT01709,P14,109,450
FACT09679,P18,480,900
FACT09679,P03,367,8000
FACT09679,P04,9,3500
FACT09679,P02,170,350
FACT09096,P07,586,28
FACT09096,P06,511,30
FACT09096,P19,493,3800
FACT09096,P15,317,650
FACT08544,P03,147,8000
FACT08544,P16,588,800
FACT08544,P01,68,4500
FACT08544,P09,251,18
FACT04224,P13,71,350
FACT04224,P15,275,650
FACT04224,P03,265,8000
FACT04224,P06,30,30
FACT01392,P03,163,8000
FACT01392,P19,210,3800
FACT01392,P15,387,650
FACT01392,P13,345,350
FACT07279,P06,333,30
FACT07279,P17,218,280
FACT07279,P07,488,28
FACT07279,P01,217,4500
FACT09957,P13,301,350
FACT09957,P01,45,4500
FACT09957,P05,471,45
FACT09957,P02,225,350
FACT07266,P17,433,280
FACT07266,P02,38,350
FACT07266,P12,356,70
FACT07266,P06,396,30
FACT08457,P05,225,45
FACT08457,P06,75,30
FACT08457,P08,397,65
FACT08457,P03,457,8000
FACT00057,P15,480,650
FACT00057,P08,167,65
FACT00057,P19,457,3800
FACT00057,P10,152,20
FACT05367,P05,561,45
FACT05367,P07,31,28
FACT05367,P11,532,55
FACT05367,P09,143,18
FACT04305,P09,140,18
FACT04305,P14,509,450
FACT04305,P05,265,45
FACT04305,P15,287,650
FACT04586,P18,411,900
FACT04586,P08,174,65
FACT04586,P04,45,3500
FACT04586,P05,382,45
FACT03989,P03,6,8000
FACT03989,P05,485,45
FACT03989,P17,154,280
FACT03989,P08,568,65
FACT02490,P03,558,8000
FACT02490,P13,144,350
FACT02490,P16,156,800
FACT02490,P17,162,280
FACT03851,P05,354,45
FACT03851,P02,108,350
FACT03851,P15,407,650
FACT03851,P13,434,350
FACT00364,P10,409,20
FACT00364,P12,340,70
FACT00364,P02,262,350
FACT00364,P04,96,3500
FACT01640,P13,473,350
FACT01640,P11,598,55
FACT01640,P08,183,65
FACT01640,P16,258,800
FACT05086,P17,227,280
FACT05086,P14,562,450
FACT05086,P11,464,55
FACT05086,P08,49,65
FACT08213,P14,266,450
FACT08213,P12,361,70
FACT08213,P01,208,4500
FACT08213,P10,487,20
FACT00455,P10,508,20
FACT00455,P13,256,350
FACT00455,P14,563,450
FACT00455,P01,44,4500
FACT09711,P20,526,2900
FACT09711,P16,219,800
FACT09711,P19,36,3800
FACT09711,P03,595,8000
FACT03429,P05,194,45
FACT03429,P19,103,3800
FACT03429,P14,569,450
FACT03429,P06,61,30
FACT09285,P04,551,3500
FACT09285,P02,444,350
FACT09285,P07,65,28
FACT09285,P01,535,4500
FACT04298,P10,37,20
FACT04298,P08,497,65
FACT04298,P14,559,450
FACT04298,P11,208,55
FACT05116,P14,192,450
FACT05116,P16,589,800
FACT05116,P07,309,28
FACT05116,P02,193,350
FACT00342,P03,322,8000
FACT00342,P13,436,350
FACT00342,P11,234,55
FACT00342,P12,229,70
FACT08419,P13,308,350
FACT08419,P15,310,650
FACT08419,P20,280,2900
FACT08419,P14,364,450
FACT01572,P02,212,350
FACT01572,P08,528,65
FACT01572,P11,423,55
FACT01572,P05,85,45
FACT01092,P13,230,350
FACT01092,P09,513,18
FACT01092,P19,361,3800
FACT01092,P18,381,900
FACT01933,P01,84,4500
FACT01933,P15,366,650
FACT01933,P09,287,18
FACT01933,P11,492,55
FACT07864,P13,394,350
FACT07864,P11,314,55
FACT07864,P08,226,65
FACT07864,P01,58,4500
FACT00894,P02,241,350
FACT00894,P08,417,65
FACT00894,P14,58,450
FACT00894,P20,113,2900
FACT03130,P20,246,2900
FACT03130,P17,272,280
FACT03130,P19,501,3800
FACT03130,P03,287,8000
FACT09497,P14,204,450
FACT09497,P02,108,350
FACT09497,P10,260,20
FACT09497,P12,201,70
FACT07953,P10,370,20
FACT07953,P04,82,3500
FACT07953,P17,430,280
FACT07953,P14,388,450
FACT00340,P16,45,800
FACT00340,P05,390,45
FACT00340,P01,430,4500
FACT00340,P09,145,18
FACT05574,P03,171,8000
FACT05574,P18,78,900
FACT05574,P04,359,3500
FACT05574,P16,313,800
FACT00019,P01,534,4500
FACT00019,P03,366,8000
FACT00019,P07,497,28
FACT00019,P17,230,280
FACT07521,P11,38,55
FACT07521,P14,49,450
FACT07521,P09,134,18
FACT07521,P19,244,3800
FACT05696,P13,299,350
FACT05696,P03,38,8000
FACT05696,P11,411,55
FACT05696,P20,76,2900
FACT00046,P07,138,28
FACT00046,P13,197,350
FACT00046,P14,192,450
FACT00046,P06,36,30
FACT06787,P06,457,30
FACT06787,P11,110,55
FACT06787,P09,331,18
FACT06787,P19,53,3800
FACT05622,P19,11,3800
FACT05622,P09,371,18
FACT05622,P16,329,800
FACT05622,P10,68,20
FACT09550,P02,36,350
FACT09550,P07,401,28
FACT09550,P16,159,800
FACT09550,P17,580,280
FACT04153,P15,87,650
FACT04153,P06,372,30
FACT04153,P18,551,900
FACT04153,P08,546,65
FACT04496,P02,478,350
FACT04496,P10,376,20
FACT04496,P17,522,280
FACT04496,P05,359,45
FACT08291,P07,281,28
FACT08291,P08,516,65
FACT08291,P19,564,3800
FACT08291,P06,405,30
FACT05246,P07,232,28
FACT05246,P13,201,350
FACT05246,P14,7,450
FACT05246,P19,483,3800
FACT07420,P04,590,3500
FACT07420,P10,372,20
FACT07420,P09,85,18
FACT07420,P19,424,3800
FACT09543,P05,22,45
FACT09543,P18,232,900
FACT09543,P17,583,280
FACT09543,P03,403,8000
FACT01228,P09,503,18
FACT01228,P15,193,650
FACT01228,P10,304,20
FACT01228,P06,208,30
FACT03055,P13,62,350
FACT03055,P20,415,2900
FACT03055,P04,193,3500
FACT03055,P15,316,650
FACT06704,P19,205,3800
FACT06704,P17,230,280
FACT06704,P03,105,8000
FACT06704,P08,14,65
FACT06598,P12,586,70
FACT06598,P18,530,900
FACT06598,P08,384,65
FACT06598,P09,378,18
FACT03388,P18,80,900
FACT03388,P14,394,450
FACT03388,P05,43,45
FACT03388,P13,104,350
FACT08678,P08,38,65
FACT08678,P16,457,800
FACT08678,P02,210,350
FACT08678,P15,377,650
FACT00282,P20,408,2900
FACT00282,P18,198,900
FACT00282,P13,19,350
FACT00282,P19,182,3800
FACT04031,P15,378,650
FACT04031,P17,260,280
FACT04031,P02,12,350
FACT04031,P01,159,4500
FACT08909,P19,405,3800
FACT08909,P20,300,2900
FACT08909,P09,373,18
FACT08909,P10,228,20
FACT01131,P02,227,350
FACT01131,P08,545,65
FACT01131,P07,443,28
FACT01131,P16,243,800
FACT03879,P09,236,18
FACT03879,P19,280,3800
FACT03879,P05,550,45
FACT03879,P18,469,900
FACT00188,P16,431,800
FACT00188,P14,140,450
FACT00188,P08,48,65
FACT00188,P09,577,18
FACT09891,P18,116,900
FACT09891,P12,177,70
FACT09891,P10,252,20
FACT09891,P08,114,65
FACT04762,P10,404,20
FACT04762,P12,192,70
FACT04762,P16,58,800
FACT04762,P05,371,45
FACT09658,P06,341,30
FACT09658,P16,354,800
FACT09658,P04,384,3500
FACT09658,P17,372,280
FACT09941,P13,65,350
FACT09941,P03,81,8000
FACT09941,P20,521,2900
FACT09941,P01,279,4500
FACT00668,P17,319,280
FACT00668,P05,548,45
FACT00668,P06,180,30
FACT00668,P08,493,65
FACT02174,P04,367,3500
FACT02174,P17,194,280
FACT02174,P03,64,8000
FACT02174,P08,314,65
FACT06854,P01,396,4500
FACT06854,P17,35,280
FACT06854,P07,221,28
FACT06854,P13,83,350
FACT04817,P08,272,65
FACT04817,P03,269,8000
FACT04817,P19,522,3800
FACT04817,P06,355,30
FACT05941,P20,332,2900
FACT05941,P17,246,280
FACT05941,P10,248,20
FACT05941,P03,369,8000
FACT00739,P05,63,45
FACT00739,P09,435,18
FACT00739,P03,545,8000
FACT00739,P06,254,30
FACT09050,P20,216,2900
FACT09050,P01,424,4500
FACT09050,P08,17,65
FACT09050,P02,455,350
FACT00505,P04,347,3500
FACT00505,P16,154,800
FACT00505,P06,431,30
FACT00505,P09,260,18
FACT08654,P08,310,65
FACT08654,P12,261,70
FACT08654,P05,334,45
FACT08654,P20,429,2900
FACT08321,P16,6,800
FACT08321,P03,279,8000
FACT08321,P09,226,18
FACT08321,P05,179,45
FACT00439,P06,372,30
FACT00439,P08,233,65
FACT00439,P14,230,450
FACT00439,P05,171,45
FACT03129,P07,583,28
FACT03129,P02,418,350
FACT03129,P09,229,18
FACT03129,P18,210,900
FACT00886,P17,133,280
FACT00886,P06,312,30
FACT00886,P12,377,70
FACT00886,P08,478,65
FACT09944,P18,451,900
FACT09944,P08,489,65
FACT09944,P06,145,30
FACT09944,P19,362,3800
FACT00004,P01,194,4500
FACT00004,P16,423,800
FACT00004,P17,109,280
FACT00004,P08,264,65
FACT09449,P14,251,450
FACT09449,P10,325,20
FACT09449,P17,119,280
FACT09449,P11,408,55
FACT05985,P03,523,8000
FACT05985,P13,352,350
FACT05985,P05,510,45
FACT05985,P20,489,2900
FACT07031,P08,518,65
FACT07031,P02,55,350
FACT07031,P16,379,800
FACT07031,P11,297,55
FACT01667,P08,113,65
FACT01667,P04,25,3500
FACT01667,P11,197,55
FACT01667,P17,481,280
FACT08829,P19,523,3800
FACT08829,P11,92,55
FACT08829,P03,382,8000
FACT08829,P06,470,30
FACT08929,P15,8,650
FACT08929,P08,206,65
FACT08929,P02,495,350
FACT08929,P14,118,450
FACT03520,P10,582,20
FACT03520,P15,202,650
FACT03520,P09,447,18
FACT03520,P20,471,2900
FACT08147,P12,465,70
FACT08147,P11,397,55
FACT08147,P19,182,3800
FACT08147,P01,452,4500
FACT05928,P08,139,65
FACT05928,P02,109,350
FACT05928,P20,87,2900
FACT05928,P03,533,8000
FACT08926,P04,188,3500
FACT08926,P10,421,20
FACT08926,P20,352,2900
FACT08926,P16,332,800
FACT00743,P02,42,350
FACT00743,P15,228,650
FACT00743,P01,556,4500
FACT00743,P07,460,28
FACT03108,P16,358,800
FACT03108,P05,499,45
FACT03108,P14,157,450
FACT03108,P12,52,70
FACT02531,P11,22,55
FACT02531,P05,535,45
FACT02531,P14,25,450
FACT02531,P19,414,3800
FACT08613,P13,249,350
FACT08613,P09,366,18
FACT08613,P04,429,3500
FACT08613,P01,337,4500
FACT04678,P03,55,8000
FACT04678,P06,468,30
FACT04678,P02,513,350
FACT04678,P16,465,800
FACT04474,P03,383,8000
FACT04474,P02,129,350
FACT04474,P06,169,30
FACT04474,P07,432,28
FACT01153,P02,510,350
FACT01153,P12,231,70
FACT01153,P15,598,650
FACT01153,P17,50,280
FACT08606,P17,66,280
FACT08606,P07,175,28
FACT08606,P05,423,45
FACT08606,P03,436,8000
FACT07771,P13,436,350
FACT07771,P19,209,3800
FACT07771,P20,484,2900
FACT07771,P14,165,450
FACT02430,P05,313,45
FACT02430,P03,123,8000
FACT02430,P20,223,2900
FACT02430,P04,500,3500
FACT09239,P02,292,350
FACT09239,P11,101,55
FACT09239,P20,547,2900
FACT09239,P01,443,4500
FACT02095,P15,166,650
FACT02095,P08,325,65
FACT02095,P06,9,30
FACT02095,P19,387,3800
FACT08343,P05,7,45
FACT08343,P09,107,18
FACT08343,P04,544,3500
FACT08343,P15,58,650
FACT05886,P16,261,800
FACT05886,P06,162,30
FACT05886,P02,373,350
FACT05886,P03,449,8000
FACT03113,P19,64,3800
FACT03113,P06,530,30
FACT03113,P17,185,280
FACT03113,P14,88,450
FACT09345,P19,464,3800
FACT09345,P01,19,4500
FACT09345,P08,537,65
FACT09345,P13,311,350
FACT07410,P18,312,900
FACT07410,P02,509,350
FACT07410,P06,412,30
FACT07410,P10,556,20
FACT06390,P02,12,350
FACT06390,P18,348,900
FACT06390,P06,373,30
FACT06390,P08,323,65
FACT02121,P02,251,350
FACT02121,P11,264,55
FACT02121,P14,371,450
FACT02121,P17,338,280
FACT03336,P09,515,18
FACT03336,P10,287,20
FACT03336,P05,523,45
FACT03336,P13,320,350
FACT06791,P11,503,55
FACT06791,P09,18,18
FACT06791,P01,188,4500
FACT06791,P08,385,65
FACT04893,P15,569,650
FACT04893,P04,34,3500
FACT04893,P10,307,20
FACT04893,P02,294,350
FACT02702,P03,189,8000
FACT02702,P01,546,4500
FACT02702,P09,157,18
FACT02702,P07,13,28
FACT02815,P17,6,280
FACT02815,P20,330,2900
FACT02815,P06,158,30
FACT02815,P18,380,900
FACT06876,P05,213,45
FACT06876,P11,323,55
FACT06876,P18,107,900
FACT06876,P19,89,3800
FACT09277,P14,525,450
FACT09277,P07,240,28
FACT09277,P11,541,55
FACT09277,P03,560,8000
FACT09868,P02,6,350
FACT09868,P16,74,800
FACT09868,P17,175,280
FACT09868,P20,445,2900
FACT08948,P15,48,650
FACT08948,P07,310,28
FACT08948,P10,378,20
FACT08948,P16,89,800
FACT08196,P11,83,55
FACT08196,P10,302,20
FACT08196,P20,289,2900
FACT08196,P01,311,4500
FACT07575,P13,198,350
FACT07575,P15,165,650
FACT07575,P20,595,2900
FACT07575,P01,49,4500
FACT04172,P19,273,3800
FACT04172,P13,68,350
FACT04172,P14,369,450
FACT04172,P02,168,350
FACT07656,P14,591,450
FACT07656,P04,73,3500
FACT07656,P13,330,350
FACT07656,P12,142,70
FACT01489,P08,416,65
FACT01489,P10,13,20
FACT01489,P07,6,28
FACT01489,P01,230,4500
FACT07272,P18,344,900
FACT07272,P20,430,2900
FACT07272,P19,425,3800
FACT07272,P15,261,650
FACT05809,P09,193,18
FACT05809,P03,510,8000
FACT05809,P12,477,70
FACT05809,P02,139,350
FACT08001,P14,281,450
FACT08001,P19,594,3800
FACT08001,P02,551,350
FACT08001,P10,537,20
FACT09881,P20,528,2900
FACT09881,P08,548,65
FACT09881,P11,552,55
FACT09881,P14,554,450
FACT05101,P01,340,4500
FACT05101,P05,59,45
FACT05101,P17,452,280
FACT05101,P02,407,350
FACT09358,P10,62,20
FACT09358,P09,569,18
FACT09358,P04,333,3500
FACT09358,P06,71,30
FACT00480,P19,542,3800
FACT00480,P02,161,350
FACT00480,P17,411,280
FACT00480,P13,222,350
FACT08497,P12,569,70
FACT08497,P20,547,2900
FACT08497,P06,332,30
FACT08497,P09,108,18
FACT04270,P03,318,8000
FACT04270,P09,61,18
FACT04270,P16,180,800
FACT04270,P04,365,3500
FACT05185,P09,237,18
FACT05185,P07,492,28
FACT05185,P19,167,3800
FACT05185,P14,517,450
FACT02840,P18,284,900
FACT02840,P01,158,4500
FACT02840,P13,453,350
FACT02840,P05,34,45
FACT02279,P05,130,45
FACT02279,P03,18,8000
FACT02279,P19,531,3800
FACT02279,P09,254,18
FACT05909,P09,382,18
FACT05909,P13,36,350
FACT05909,P06,140,30
FACT05909,P05,167,45
FACT06330,P14,57,450
FACT06330,P04,30,3500
FACT06330,P05,551,45
FACT06330,P15,417,650
FACT08359,P04,34,3500
FACT08359,P09,76,18
FACT08359,P03,118,8000
FACT08359,P20,308,2900
FACT04220,P06,474,30
FACT04220,P08,312,65
FACT04220,P09,47,18
FACT04220,P02,419,350
FACT03178,P11,497,55
FACT03178,P07,414,28
FACT03178,P14,8,450
FACT03178,P04,383,3500
FACT06606,P06,517,30
FACT06606,P05,374,45
FACT06606,P03,267,8000
FACT06606,P14,122,450
FACT03956,P01,89,4500
FACT03956,P14,468,450
FACT03956,P02,477,350
FACT03956,P16,479,800
FACT07836,P02,492,350
FACT07836,P20,430,2900
FACT07836,P17,519,280
FACT07836,P01,209,4500
FACT05939,P14,101,450
FACT05939,P09,440,18
FACT05939,P17,225,280
FACT05939,P11,114,55
FACT09589,P03,40,8000
FACT09589,P07,534,28
FACT09589,P15,462,650
FACT09589,P09,535,18
FACT04313,P07,125,28
FACT04313,P06,106,30
FACT04313,P08,37,65
FACT04313,P16,585,800
FACT07028,P06,309,30
FACT07028,P14,306,450
FACT07028,P11,283,55
FACT07028,P08,147,65
FACT04709,P08,572,65
FACT04709,P01,172,4500
FACT04709,P13,281,350
FACT04709,P05,102,45
FACT06106,P16,259,800
FACT06106,P08,386,65
FACT06106,P03,229,8000
FACT06106,P01,594,4500
FACT01840,P03,86,8000
FACT01840,P19,19,3800
FACT01840,P05,504,45
FACT01840,P14,538,450
FACT00174,P17,159,280
FACT00174,P20,422,2900
FACT00174,P10,334,20
FACT00174,P04,287,3500
FACT06542,P05,115,45
FACT06542,P10,535,20
FACT06542,P03,470,8000
FACT06542,P06,108,30
FACT04743,P04,329,3500
FACT04743,P18,33,900
FACT04743,P12,89,70
FACT04743,P07,350,28
FACT01593,P02,79,350
FACT01593,P01,14,4500
FACT01593,P11,450,55
FACT01593,P19,495,3800
FACT00842,P11,171,55
FACT00842,P10,438,20
FACT00842,P02,590,350
FACT00842,P18,531,900
FACT05580,P20,457,2900
FACT05580,P18,383,900
FACT05580,P01,186,4500
FACT05580,P16,142,800
FACT04450,P11,413,55
FACT04450,P09,419,18
FACT04450,P15,12,650
FACT04450,P03,388,8000
FACT05007,P16,444,800
FACT05007,P19,322,3800
FACT05007,P11,313,55
FACT05007,P04,407,3500
FACT02378,P17,373,280
FACT02378,P20,22,2900
FACT02378,P16,489,800
FACT02378,P13,341,350
FACT08274,P01,469,4500
FACT08274,P07,160,28
FACT08274,P04,69,3500
FACT08274,P14,128,450
FACT01417,P16,574,800
FACT01417,P20,305,2900
FACT01417,P18,98,900
FACT01417,P10,180,20
FACT07107,P05,156,45
FACT07107,P13,125,350
FACT07107,P07,388,28
FACT07107,P20,174,2900
FACT01082,P16,297,800
FACT01082,P14,432,450
FACT01082,P07,510,28
FACT01082,P18,104,900
FACT01019,P13,525,350
FACT01019,P14,92,450
FACT01019,P05,371,45
FACT01019,P17,276,280
FACT08109,P19,56,3800
FACT08109,P16,257,800
FACT08109,P20,119,2900
FACT08109,P08,491,65
FACT05239,P08,185,65
FACT05239,P13,194,350
FACT05239,P10,15,20
FACT05239,P17,409,280
FACT08498,P20,311,2900
FACT08498,P09,446,18
FACT08498,P11,449,55
FACT08498,P19,471,3800
FACT09147,P04,95,3500
FACT09147,P06,55,30
FACT09147,P20,50,2900
FACT09147,P18,115,900
FACT08622,P17,194,280
FACT08622,P12,107,70
FACT08622,P16,257,800
FACT08622,P08,458,65
FACT04229,P02,70,350
FACT04229,P17,416,280
FACT04229,P16,228,800
FACT04229,P12,316,70
FACT00088,P13,215,350
FACT00088,P06,573,30
FACT00088,P17,216,280
FACT00088,P07,571,28
FACT06901,P06,439,30
FACT06901,P10,591,20
FACT06901,P19,249,3800
FACT06901,P09,60,18
FACT06512,P13,30,350
FACT06512,P17,135,280
FACT06512,P02,486,350
FACT06512,P19,205,3800
FACT02323,P10,16,20
FACT02323,P18,261,900
FACT02323,P03,45,8000
FACT02323,P15,507,650
FACT09143,P19,351,3800
FACT09143,P03,75,8000
FACT09143,P15,589,650
FACT09143,P01,167,4500
FACT07388,P13,97,350
FACT07388,P09,477,18
FACT07388,P18,260,900
FACT07388,P20,362,2900
FACT04809,P01,195,4500
FACT04809,P10,360,20
FACT04809,P13,418,350
FACT04809,P12,381,70
FACT06808,P12,519,70
FACT06808,P09,37,18
FACT06808,P11,334,55
FACT06808,P04,260,3500
FACT06579,P18,274,900
FACT06579,P12,129,70
FACT06579,P16,39,800
FACT06579,P05,239,45
FACT02886,P19,273,3800
FACT02886,P08,419,65
FACT02886,P05,528,45
FACT02886,P12,79,70
FACT02426,P20,301,2900
FACT02426,P05,436,45
FACT02426,P10,229,20
FACT02426,P02,401,350
FACT03519,P04,559,3500
FACT03519,P02,494,350
FACT03519,P16,148,800
FACT03519,P01,396,4500
FACT05033,P01,362,4500
FACT05033,P04,96,3500
FACT05033,P10,56,20
FACT05033,P19,398,3800
FACT05628,P09,590,18
FACT05628,P13,80,350
FACT05628,P11,334,55
FACT05628,P01,583,4500
FACT02861,P17,580,280
FACT02861,P03,244,8000
FACT02861,P05,55,45
FACT02861,P08,217,65
FACT01087,P08,426,65
FACT01087,P19,394,3800
FACT01087,P12,599,70
FACT01087,P06,285,30
FACT00695,P19,470,3800
FACT00695,P05,254,45
FACT00695,P11,297,55
FACT00695,P18,280,900
FACT05171,P14,206,450
FACT05171,P05,60,45
FACT05171,P03,52,8000
FACT05171,P18,213,900
FACT05102,P15,90,650
FACT05102,P20,394,2900
FACT05102,P07,180,28
FACT05102,P14,19,450
FACT05392,P13,501,350
FACT05392,P02,251,350
FACT05392,P10,23,20
FACT05392,P16,86,800
FACT06628,P07,496,28
FACT06628,P08,43,65
FACT06628,P17,114,280
FACT06628,P19,364,3800
FACT08531,P14,89,450
FACT08531,P02,382,350
FACT08531,P07,568,28
FACT08531,P20,117,2900
FACT09247,P09,349,18
FACT09247,P20,350,2900
FACT09247,P16,492,800
FACT09247,P02,252,350
FACT08360,P08,577,65
FACT08360,P17,267,280
FACT08360,P19,462,3800
FACT08360,P04,433,3500
FACT03244,P05,210,45
FACT03244,P17,460,280
FACT03244,P02,224,350
FACT03244,P04,482,3500
FACT06897,P04,572,3500
FACT06897,P02,525,350
FACT06897,P03,72,8000
FACT06897,P14,425,450
FACT03091,P04,80,3500
FACT03091,P12,291,70
FACT03091,P08,14,65
FACT03091,P10,471,20
FACT08214,P05,278,45
FACT08214,P17,178,280
FACT08214,P07,70,28
FACT08214,P12,487,70
FACT09597,P14,510,450
FACT09597,P06,270,30
FACT09597,P01,86,4500
FACT09597,P18,354,900
FACT01084,P13,342,350
FACT01084,P08,169,65
FACT01084,P19,80,3800
FACT01084,P05,404,45
FACT08977,P04,36,3500
FACT08977,P12,585,70
FACT08977,P02,459,350
FACT08977,P16,88,800
FACT03076,P07,561,28
FACT03076,P18,366,900
FACT03076,P08,142,65
FACT03076,P11,392,55
FACT00153,P07,350,28
FACT00153,P12,556,70
FACT00153,P08,314,65
FACT00153,P04,30,3500
FACT00773,P12,325,70
FACT00773,P04,553,3500
FACT00773,P16,230,800
FACT00773,P09,40,18
FACT07877,P08,36,65
FACT07877,P03,171,8000
FACT07877,P01,112,4500
FACT07877,P18,88,900
FACT06544,P11,586,55
FACT06544,P08,39,65
FACT06544,P15,174,650
FACT06544,P02,293,350
FACT01508,P20,282,2900
FACT01508,P17,600,280
FACT01508,P16,174,800
FACT01508,P10,536,20
FACT04001,P09,599,18
FACT04001,P16,389,800
FACT04001,P01,202,4500
FACT04001,P18,215,900
FACT02995,P12,493,70
FACT02995,P17,150,280
FACT02995,P19,524,3800
FACT02995,P01,261,4500
FACT04123,P01,239,4500
FACT04123,P05,75,45
FACT04123,P17,170,280
FACT04123,P07,197,28
FACT09289,P03,532,8000
FACT09289,P09,477,18
FACT09289,P13,27,350
FACT09289,P18,588,900
FACT02495,P02,88,350
FACT02495,P03,475,8000
FACT02495,P12,435,70
FACT02495,P05,395,45
FACT04539,P13,176,350
FACT04539,P03,201,8000
FACT04539,P07,109,28
FACT04539,P19,478,3800
FACT05458,P07,238,28
FACT05458,P15,405,650
FACT05458,P11,322,55
FACT05458,P09,127,18
FACT06126,P04,309,3500
FACT06126,P12,47,70
FACT06126,P10,184,20
FACT06126,P13,356,350
FACT06133,P04,415,3500
FACT06133,P03,329,8000
FACT06133,P11,464,55
FACT06133,P10,75,20
FACT01516,P16,140,800
FACT01516,P20,509,2900
FACT01516,P11,508,55
FACT01516,P06,215,30
FACT07904,P16,97,800
FACT07904,P15,312,650
FACT07904,P18,244,900
FACT07904,P03,204,8000
FACT04922,P19,260,3800
FACT04922,P09,470,18
FACT04922,P11,177,55
FACT04922,P03,525,8000
FACT01285,P06,178,30
FACT01285,P18,511,900
FACT01285,P03,337,8000
FACT01285,P08,269,65
FACT08175,P03,193,8000
FACT08175,P18,69,900
FACT08175,P10,286,20
FACT08175,P13,113,350
FACT07262,P08,452,65
FACT07262,P18,52,900
FACT07262,P01,81,4500
FACT07262,P07,60,28
FACT09373,P09,201,18
FACT09373,P05,350,45
FACT09373,P04,209,3500
FACT09373,P11,568,55
FACT01807,P20,71,2900
FACT01807,P12,383,70
FACT01807,P03,125,8000
FACT01807,P13,197,350
FACT05774,P05,452,45
FACT05774,P10,143,20
FACT05774,P08,347,65
FACT05774,P11,396,55
FACT03621,P14,329,450
FACT03621,P04,469,3500
FACT03621,P20,213,2900
FACT03621,P18,331,900
FACT04834,P18,279,900
FACT04834,P02,50,350
FACT04834,P12,255,70
FACT04834,P16,592,800
FACT09275,P04,293,3500
FACT09275,P19,262,3800
FACT09275,P03,132,8000
FACT09275,P15,155,650
FACT09036,P04,363,3500
FACT09036,P18,427,900
FACT09036,P12,288,70
FACT09036,P15,173,650
FACT06719,P08,274,65
FACT06719,P03,515,8000
FACT06719,P11,448,55
FACT06719,P17,529,280
FACT01862,P02,370,350
FACT01862,P01,51,4500
FACT01862,P03,66,8000
FACT01862,P12,78,70
FACT04081,P07,283,28
FACT04081,P01,515,4500
FACT04081,P08,422,65
FACT04081,P02,88,350
FACT03250,P07,400,28
FACT03250,P14,557,450
FACT03250,P18,214,900
FACT03250,P12,496,70
FACT06426,P14,23,450
FACT06426,P15,439,650
FACT06426,P18,544,900
FACT06426,P20,515,2900
FACT01341,P08,538,65
FACT01341,P17,205,280
FACT01341,P12,52,70
FACT01341,P03,489,8000
FACT03713,P11,291,55
FACT03713,P03,331,8000
FACT03713,P18,180,900
FACT03713,P14,19,450
FACT01591,P17,531,280
FACT01591,P15,33,650
FACT01591,P02,496,350
FACT01591,P04,338,3500
FACT08886,P20,352,2900
FACT08886,P05,527,45
FACT08886,P02,289,350
FACT08886,P16,506,800
FACT05759,P04,132,3500
FACT05759,P11,33,55
FACT05759,P17,439,280
FACT05759,P16,262,800
FACT02905,P11,301,55
FACT02905,P01,105,4500
FACT02905,P03,273,8000
FACT02905,P16,141,800
FACT04801,P05,453,45
FACT04801,P04,426,3500
FACT04801,P08,459,65
FACT04801,P07,311,28
FACT05818,P19,413,3800
FACT05818,P13,13,350
FACT05818,P16,424,800
FACT05818,P04,148,3500
FACT02973,P03,278,8000
FACT02973,P04,578,3500
FACT02973,P11,483,55
FACT02973,P19,204,3800
FACT07944,P07,486,28
FACT07944,P02,583,350
FACT07944,P12,153,70
FACT07944,P04,352,3500
FACT09954,P06,23,30
FACT09954,P07,373,28
FACT09954,P02,338,350
FACT09954,P08,400,65
FACT07826,P11,239,55
FACT07826,P03,393,8000
FACT07826,P09,258,18
FACT07826,P01,579,4500
FACT01556,P08,469,65
FACT01556,P03,534,8000
FACT01556,P01,442,4500
FACT01556,P06,41,30
FACT08980,P04,146,3500
FACT08980,P09,477,18
FACT08980,P02,456,350
FACT08980,P11,445,55
FACT04461,P17,328,280
FACT04461,P08,414,65
FACT04461,P05,171,45
FACT04461,P19,239,3800
FACT06508,P07,215,28
FACT06508,P14,346,450
FACT06508,P20,389,2900
FACT06508,P03,268,8000
FACT06416,P05,460,45
FACT06416,P02,552,350
FACT06416,P03,536,8000
FACT06416,P11,191,55
FACT04431,P15,451,650
FACT04431,P17,190,280
FACT04431,P09,218,18
FACT04431,P16,335,800
FACT08256,P09,219,18
FACT08256,P20,104,2900
FACT08256,P16,447,800
FACT08256,P05,468,45
FACT09756,P12,8,70
FACT09756,P14,11,450
FACT09756,P05,59,45
FACT09756,P09,503,18
FACT09598,P01,35,4500
FACT09598,P02,73,350
FACT09598,P20,314,2900
FACT09598,P11,389,55
FACT04899,P13,157,350
FACT04899,P02,303,350
FACT04899,P09,111,18
FACT04899,P20,59,2900
FACT06369,P15,486,650
FACT06369,P12,595,70
FACT06369,P19,150,3800
FACT06369,P18,382,900
FACT08306,P20,58,2900
FACT08306,P14,268,450
FACT08306,P11,548,55
FACT08306,P17,44,280
FACT04106,P17,526,280
FACT04106,P18,272,900
FACT04106,P12,6,70
FACT04106,P04,245,3500
FACT03002,P12,302,70
FACT03002,P07,118,28
FACT03002,P08,191,65
FACT03002,P02,429,350
FACT01567,P20,270,2900
FACT01567,P03,118,8000
FACT01567,P19,296,3800
FACT01567,P04,19,3500
FACT01855,P07,189,28
FACT01855,P05,533,45
FACT01855,P19,339,3800
FACT01855,P14,552,450
FACT07352,P05,231,45
FACT07352,P09,317,18
FACT07352,P08,337,65
FACT07352,P06,305,30
FACT03144,P03,69,8000
FACT03144,P10,290,20
FACT03144,P02,231,350
FACT03144,P07,374,28
FACT06249,P09,512,18
FACT06249,P18,347,900
FACT06249,P16,428,800
FACT06249,P05,451,45
FACT05135,P02,13,350
FACT05135,P01,37,4500
FACT05135,P09,594,18
FACT05135,P08,17,65
FACT01773,P08,214,65
FACT01773,P03,356,8000
FACT01773,P07,474,28
FACT01773,P05,60,45
FACT05550,P09,556,18
FACT05550,P20,91,2900
FACT05550,P19,190,3800
FACT05550,P15,452,650
FACT04336,P18,466,900
FACT04336,P19,361,3800
FACT04336,P02,585,350
FACT04336,P14,52,450
FACT00724,P13,492,350
FACT00724,P16,120,800
FACT00724,P05,448,45
FACT00724,P12,40,70
FACT01662,P08,28,65
FACT01662,P12,554,70
FACT01662,P13,27,350
FACT01662,P03,436,8000
FACT09577,P11,191,55
FACT09577,P20,84,2900
FACT09577,P13,563,350
FACT09577,P01,478,4500
FACT09856,P01,34,4500
FACT09856,P05,27,45
FACT09856,P10,506,20
FACT09856,P04,169,3500
FACT06447,P04,135,3500
FACT06447,P19,542,3800
FACT06447,P03,214,8000
FACT06447,P06,109,30
FACT09007,P06,149,30
FACT09007,P15,466,650
FACT09007,P18,194,900
FACT09007,P20,246,2900
FACT01514,P12,114,70
FACT01514,P09,75,18
FACT01514,P07,388,28
FACT01514,P13,79,350
FACT03119,P13,384,350
FACT03119,P05,130,45
FACT03119,P03,79,8000
FACT03119,P04,442,3500
FACT01428,P10,27,20
FACT01428,P16,530,800
FACT01428,P07,203,28
FACT01428,P02,206,350
FACT06065,P11,457,55
FACT06065,P01,466,4500
FACT06065,P16,339,800
FACT06065,P15,260,650
FACT02864,P09,370,18
FACT02864,P05,250,45
FACT02864,P06,593,30
FACT02864,P01,529,4500
FACT05388,P11,10,55
FACT05388,P05,387,45
FACT05388,P18,218,900
FACT05388,P14,24,450
FACT01249,P11,310,55
FACT01249,P09,473,18
FACT01249,P13,324,350
FACT01249,P18,468,900
FACT06692,P12,589,70
FACT06692,P16,80,800
FACT06692,P10,350,20
FACT06692,P09,240,18
FACT08765,P09,430,18
FACT08765,P12,600,70
FACT08765,P03,569,8000
FACT08765,P17,309,280
FACT08049,P12,327,70
FACT08049,P14,344,450
FACT08049,P11,93,55
FACT08049,P09,354,18
FACT05659,P04,43,3500
FACT05659,P08,65,65
FACT05659,P01,501,4500
FACT05659,P07,430,28
FACT05933,P04,117,3500
FACT05933,P12,208,70
FACT05933,P02,247,350
FACT05933,P03,268,8000
FACT07335,P12,572,70
FACT07335,P10,122,20
FACT07335,P08,430,65
FACT07335,P14,425,450
FACT06086,P15,70,650
FACT06086,P08,401,65
FACT06086,P02,527,350
FACT06086,P10,398,20
FACT06715,P09,401,18
FACT06715,P20,72,2900
FACT06715,P05,238,45
FACT06715,P12,36,70
FACT02883,P10,560,20
FACT02883,P08,283,65
FACT02883,P15,52,650
FACT02883,P01,540,4500
FACT06379,P18,408,900
FACT06379,P19,557,3800
FACT06379,P06,556,30
FACT06379,P02,63,350
FACT01711,P08,119,65
FACT01711,P10,451,20
FACT01711,P07,526,28
FACT01711,P03,299,8000
FACT00584,P04,144,3500
FACT00584,P10,137,20
FACT00584,P19,599,3800
FACT00584,P09,346,18
FACT09902,P09,92,18
FACT09902,P01,119,4500
FACT09902,P20,456,2900
FACT09902,P17,509,280
FACT09769,P11,503,55
FACT09769,P14,333,450
FACT09769,P01,468,4500
FACT09769,P10,498,20
FACT04020,P03,197,8000
FACT04020,P14,548,450
FACT04020,P06,11,30
FACT04020,P10,104,20
FACT03102,P10,411,20
FACT03102,P17,321,280
FACT03102,P05,540,45
FACT03102,P15,485,650
FACT08335,P13,133,350
FACT08335,P14,112,450
FACT08335,P01,224,4500
FACT08335,P12,286,70
FACT07927,P09,46,18
FACT07927,P01,86,4500
FACT07927,P14,133,450
FACT07927,P11,353,55
FACT02133,P02,567,350
FACT02133,P09,133,18
FACT02133,P05,485,45
FACT02133,P18,44,900
FACT03426,P03,231,8000
FACT03426,P02,101,350
FACT03426,P14,94,450
FACT03426,P05,286,45
FACT05651,P10,137,20
FACT05651,P13,82,350
FACT05651,P01,288,4500
FACT05651,P20,139,2900
FACT09781,P08,354,65
FACT09781,P18,360,900
FACT09781,P05,194,45
FACT09781,P03,368,8000
FACT05888,P09,458,18
FACT05888,P04,331,3500
FACT05888,P03,78,8000
FACT05888,P11,356,55
FACT05993,P14,169,450
FACT05993,P17,129,280
FACT05993,P07,110,28
FACT05993,P15,248,650
FACT02887,P17,570,280
FACT02887,P20,253,2900
FACT02887,P09,359,18
FACT02887,P19,499,3800
FACT08634,P02,176,350
FACT08634,P12,259,70
FACT08634,P07,19,28
FACT08634,P04,427,3500
FACT01946,P04,83,3500
FACT01946,P06,193,30
FACT01946,P15,287,650
FACT01946,P13,154,350
FACT09936,P12,241,70
FACT09936,P19,318,3800
FACT09936,P13,193,350
FACT09936,P08,503,65
FACT09417,P19,464,3800
FACT09417,P16,471,800
FACT09417,P17,33,280
FACT09417,P06,37,30
FACT04632,P17,257,280
FACT04632,P07,130,28
FACT04632,P19,159,3800
FACT04632,P15,545,650
FACT09484,P11,200,55
FACT09484,P03,472,8000
FACT09484,P19,389,3800
FACT09484,P13,464,350
FACT00314,P07,227,28
FACT00314,P04,468,3500
FACT00314,P16,558,800
FACT00314,P06,111,30
FACT01316,P01,188,4500
FACT01316,P07,304,28
FACT01316,P11,306,55
FACT01316,P19,174,3800
FACT07956,P19,50,3800
FACT07956,P09,295,18
FACT07956,P02,526,350
FACT07956,P01,288,4500
FACT07709,P19,589,3800
FACT07709,P05,290,45
FACT07709,P18,60,900
FACT07709,P16,138,800
FACT03658,P11,91,55
FACT03658,P08,440,65
FACT03658,P03,187,8000
FACT03658,P05,285,45
FACT07184,P19,160,3800
FACT07184,P08,345,65
FACT07184,P12,236,70
FACT07184,P20,343,2900
FACT01854,P19,27,3800
FACT01854,P01,183,4500
FACT01854,P03,202,8000
FACT01854,P20,81,2900
FACT03448,P19,349,3800
FACT03448,P12,330,70
FACT03448,P08,488,65
FACT03448,P11,376,55
FACT01664,P07,454,28
FACT01664,P18,39,900
FACT01664,P11,432,55
FACT01664,P05,334,45
FACT03703,P19,207,3800
FACT03703,P02,384,350
FACT03703,P03,274,8000
FACT03703,P16,48,800
FACT05707,P20,298,2900
FACT05707,P05,205,45
FACT05707,P02,91,350
FACT05707,P17,457,280
FACT04341,P02,207,350
FACT04341,P05,237,45
FACT04341,P14,306,450
FACT04341,P03,268,8000
FACT04705,P16,467,800
FACT04705,P05,504,45
FACT04705,P03,42,8000
FACT04705,P10,436,20
FACT00138,P03,116,8000
FACT00138,P11,331,55
FACT00138,P19,308,3800
FACT00138,P10,303,20
FACT04545,P07,549,28
FACT04545,P09,583,18
FACT04545,P13,540,350
FACT04545,P12,430,70
FACT00429,P14,10,450
FACT00429,P18,414,900
FACT00429,P02,322,350
FACT00429,P04,376,3500
FACT07229,P15,49,650
FACT07229,P14,525,450
FACT07229,P18,32,900
FACT07229,P17,132,280
FACT01485,P14,392,450
FACT01485,P15,83,650
FACT01485,P16,206,800
FACT01485,P17,82,280
FACT07954,P15,208,650
FACT07954,P01,582,4500
FACT07954,P05,310,45
FACT07954,P16,73,800
FACT09153,P16,473,800
FACT09153,P12,267,70
FACT09153,P11,65,55
FACT09153,P08,185,65
FACT01749,P12,463,70
FACT01749,P19,259,3800
FACT01749,P20,264,2900
FACT01749,P02,370,350
FACT01712,P05,341,45
FACT01712,P14,560,450
FACT01712,P08,407,65
FACT01712,P20,97,2900
FACT01390,P14,326,450
FACT01390,P06,542,30
FACT01390,P16,457,800
FACT01390,P10,312,20
FACT02599,P15,519,650
FACT02599,P18,391,900
FACT02599,P11,120,55
FACT02599,P05,567,45
FACT07274,P13,127,350
FACT07274,P14,404,450
FACT07274,P12,107,70
FACT07274,P20,201,2900
FACT06322,P10,390,20
FACT06322,P06,384,30
FACT06322,P04,469,3500
FACT06322,P02,590,350
FACT09192,P09,221,18
FACT09192,P16,578,800
FACT09192,P15,59,650
FACT09192,P19,474,3800
FACT05820,P17,163,280
FACT05820,P10,18,20
FACT05820,P04,343,3500
FACT05820,P15,560,650
FACT02375,P14,24,450
FACT02375,P12,213,70
FACT02375,P05,292,45
FACT02375,P20,370,2900
FACT09761,P15,506,650
FACT09761,P13,81,350
FACT09761,P04,281,3500
FACT09761,P17,468,280
FACT08112,P20,257,2900
FACT08112,P17,180,280
FACT08112,P02,360,350
FACT08112,P01,597,4500
FACT05055,P12,489,70
FACT05055,P01,585,4500
FACT05055,P08,209,65
FACT05055,P05,456,45
FACT06782,P01,171,4500
FACT06782,P08,545,65
FACT06782,P18,232,900
FACT06782,P07,155,28
FACT05999,P12,124,70
FACT05999,P08,378,65
FACT05999,P07,391,28
FACT05999,P20,306,2900
FACT00599,P03,22,8000
FACT00599,P09,165,18
FACT00599,P17,180,280
FACT00599,P16,512,800
FACT04861,P11,446,55
FACT04861,P10,269,20
FACT04861,P09,91,18
FACT04861,P15,127,650
FACT05295,P11,380,55
FACT05295,P09,93,18
FACT05295,P16,184,800
FACT05295,P08,181,65
FACT03841,P03,7,8000
FACT03841,P19,390,3800
FACT03841,P02,216,350
FACT03841,P01,457,4500
FACT00266,P01,26,4500
FACT00266,P10,106,20
FACT00266,P13,353,350
FACT00266,P11,254,55
FACT07393,P02,394,350
FACT07393,P12,211,70
FACT07393,P01,179,4500
FACT07393,P13,207,350
FACT04950,P15,451,650
FACT04950,P20,489,2900
FACT04950,P04,468,3500
FACT04950,P01,237,4500
FACT09397,P09,442,18
FACT09397,P13,519,350
FACT09397,P07,137,28
FACT09397,P08,241,65
FACT01772,P07,586,28
FACT01772,P06,245,30
FACT01772,P14,379,450
FACT01772,P15,30,650
FACT03133,P18,82,900
FACT03133,P13,196,350
FACT03133,P14,460,450
FACT03133,P05,336,45
FACT04551,P20,210,2900
FACT04551,P11,158,55
FACT04551,P12,13,70
FACT04551,P05,251,45
FACT04132,P03,74,8000
FACT04132,P05,405,45
FACT04132,P11,225,55
FACT04132,P14,531,450
FACT05731,P04,332,3500
FACT05731,P03,45,8000
FACT05731,P13,356,350
FACT05731,P08,525,65
FACT05447,P06,300,30
FACT05447,P09,118,18
FACT05447,P20,200,2900
FACT05447,P17,164,280
FACT02591,P11,347,55
FACT02591,P02,319,350
FACT02591,P03,69,8000
FACT02591,P12,68,70
FACT05410,P10,433,20
FACT05410,P19,155,3800
FACT05410,P01,416,4500
FACT05410,P02,15,350
FACT06624,P04,178,3500
FACT06624,P12,388,70
FACT06624,P03,46,8000
FACT06624,P19,355,3800
FACT08679,P01,272,4500
FACT08679,P16,152,800
FACT08679,P03,11,8000
FACT08679,P04,528,3500
FACT00016,P08,415,65
FACT00016,P01,515,4500
FACT00016,P11,525,55
FACT00016,P19,345,3800
FACT04269,P10,479,20
FACT04269,P17,30,280
FACT04269,P14,587,450
FACT04269,P11,487,55
FACT08227,P13,504,350
FACT08227,P05,548,45
FACT08227,P11,143,55
FACT08227,P03,224,8000
FACT01511,P07,425,28
FACT01511,P15,229,650
FACT01511,P13,316,350
FACT01511,P12,351,70
FACT05606,P07,581,28
FACT05606,P08,422,65
FACT05606,P13,292,350
FACT05606,P10,461,20
FACT03036,P17,240,280
FACT03036,P11,292,55
FACT03036,P07,534,28
FACT03036,P20,578,2900
FACT00588,P18,94,900
FACT00588,P05,102,45
FACT00588,P15,138,650
FACT00588,P01,299,4500
FACT01741,P10,535,20
FACT01741,P16,267,800
FACT01741,P07,388,28
FACT01741,P09,285,18
FACT02478,P08,240,65
FACT02478,P19,380,3800
FACT02478,P10,548,20
FACT02478,P11,334,55
FACT06438,P05,111,45
FACT06438,P20,211,2900
FACT06438,P12,321,70
FACT06438,P07,124,28
FACT00528,P01,66,4500
FACT00528,P20,440,2900
FACT00528,P18,386,900
FACT00528,P09,480,18
FACT09027,P11,369,55
FACT09027,P20,32,2900
FACT09027,P04,205,3500
FACT09027,P09,238,18
FACT08073,P19,134,3800
FACT08073,P20,585,2900
FACT08073,P17,453,280
FACT08073,P10,534,20
FACT06896,P17,302,280
FACT06896,P20,447,2900
FACT06896,P03,576,8000
FACT06896,P09,341,18
FACT05495,P06,230,30
FACT05495,P08,298,65
FACT05495,P03,74,8000
FACT05495,P05,239,45
FACT08091,P17,417,280
FACT08091,P12,377,70
FACT08091,P02,570,350
FACT08091,P07,503,28
FACT07996,P06,132,30
FACT07996,P12,535,70
FACT07996,P14,156,450
FACT07996,P10,437,20
FACT02639,P12,375,70
FACT02639,P16,256,800
FACT02639,P03,576,8000
FACT02639,P04,78,3500
FACT00521,P19,228,3800
FACT00521,P09,74,18
FACT00521,P08,274,65
FACT00521,P12,117,70
FACT09142,P16,365,800
FACT09142,P18,318,900
FACT09142,P15,212,650
FACT09142,P02,334,350
FACT05304,P15,50,650
FACT05304,P20,212,2900
FACT05304,P08,434,65
FACT05304,P09,341,18
FACT08609,P01,413,4500
FACT08609,P08,490,65
FACT08609,P05,331,45
FACT08609,P18,258,900
FACT03503,P14,599,450
FACT03503,P16,544,800
FACT03503,P04,156,3500
FACT03503,P20,515,2900
FACT07725,P07,450,28
FACT07725,P12,501,70
FACT07725,P04,466,3500
FACT07725,P14,428,450
FACT05938,P05,133,45
FACT05938,P17,143,280
FACT05938,P20,211,2900
FACT05938,P06,566,30
FACT02622,P07,289,28
FACT02622,P08,119,65
FACT02622,P03,192,8000
FACT02622,P12,211,70
FACT03236,P06,381,30
FACT03236,P14,19,450
FACT03236,P05,378,45
FACT03236,P17,92,280
FACT00762,P16,51,800
FACT00762,P12,367,70
FACT00762,P14,359,450
FACT00762,P07,461,28
FACT05658,P06,499,30
FACT05658,P18,170,900
FACT05658,P05,339,45
FACT05658,P09,393,18
FACT02553,P19,116,3800
FACT02553,P01,90,4500
FACT02553,P05,443,45
FACT02553,P15,329,650
FACT09039,P05,168,45
FACT09039,P17,360,280
FACT09039,P15,24,650
FACT09039,P04,558,3500
FACT07477,P05,483,45
FACT07477,P13,506,350
FACT07477,P11,248,55
FACT07477,P10,215,20
FACT02339,P09,52,18
FACT02339,P14,260,450
FACT02339,P07,128,28
FACT02339,P19,225,3800
FACT07590,P20,168,2900
FACT07590,P12,185,70
FACT07590,P11,383,55
FACT07590,P03,508,8000
FACT00855,P06,524,30
FACT00855,P01,27,4500
FACT00855,P17,309,280
FACT00855,P05,186,45
FACT01277,P12,171,70
FACT01277,P14,73,450
FACT01277,P18,39,900
FACT01277,P09,508,18
FACT09479,P20,214,2900
FACT09479,P06,536,30
FACT09479,P13,293,350
FACT09479,P03,346,8000
FACT00096,P08,387,65
FACT00096,P05,179,45
FACT00096,P20,411,2900
FACT00096,P16,224,800
FACT09329,P04,151,3500
FACT09329,P20,184,2900
FACT09329,P06,33,30
FACT09329,P09,233,18
FACT01107,P16,185,800
FACT01107,P08,431,65
FACT01107,P19,81,3800
FACT01107,P01,97,4500
FACT03258,P14,15,450
FACT03258,P12,586,70
FACT03258,P07,306,28
FACT03258,P20,109,2900
FACT01569,P17,132,280
FACT01569,P11,184,55
FACT01569,P08,43,65
FACT01569,P05,171,45
FACT07641,P09,325,18
FACT07641,P12,298,70
FACT07641,P10,449,20
FACT07641,P15,547,650
FACT02253,P09,150,18
FACT02253,P20,476,2900
FACT02253,P06,285,30
FACT02253,P16,50,800
FACT04671,P06,236,30
FACT04671,P03,516,8000
FACT04671,P01,578,4500
FACT04671,P07,20,28
FACT03150,P16,209,800
FACT03150,P03,176,8000
FACT03150,P14,536,450
FACT03150,P15,268,650
FACT07501,P15,391,650
FACT07501,P16,511,800
FACT07501,P01,55,4500
FACT07501,P19,195,3800
FACT02476,P05,14,45
FACT02476,P20,379,2900
FACT02476,P04,486,3500
FACT02476,P12,501,70
FACT09813,P18,437,900
FACT09813,P10,423,20
FACT09813,P16,370,800
FACT09813,P05,137,45
FACT02783,P06,291,30
FACT02783,P11,491,55
FACT02783,P17,269,280
FACT02783,P01,222,4500
FACT00875,P13,250,350
FACT00875,P06,595,30
FACT00875,P19,276,3800
FACT00875,P08,100,65
FACT03107,P08,420,65
FACT03107,P11,180,55
FACT03107,P04,211,3500
FACT03107,P01,163,4500
FACT01876,P02,580,350
FACT01876,P08,417,65
FACT01876,P15,504,650
FACT01876,P10,214,20
FACT06368,P16,269,800
FACT06368,P11,50,55
FACT06368,P03,472,8000
FACT06368,P19,364,3800
FACT04400,P05,423,45
FACT04400,P08,577,65
FACT04400,P12,265,70
FACT04400,P10,587,20
FACT00935,P10,142,20
FACT00935,P13,229,350
FACT00935,P18,257,900
FACT00935,P09,214,18
FACT05200,P03,50,8000
FACT05200,P10,508,20
FACT05200,P13,194,350
FACT05200,P09,595,18
FACT00285,P01,161,4500
FACT00285,P03,342,8000
FACT00285,P09,229,18
FACT00285,P12,384,70
FACT05381,P17,26,280
FACT05381,P08,437,65
FACT05381,P13,205,350
FACT05381,P04,229,3500
FACT09818,P03,464,8000
FACT09818,P18,368,900
FACT09818,P19,396,3800
FACT09818,P13,276,350
FACT03090,P06,465,30
FACT03090,P07,350,28
FACT03090,P04,546,3500
FACT03090,P05,160,45
FACT03781,P13,584,350
FACT03781,P18,185,900
FACT03781,P04,444,3500
FACT03781,P09,92,18
FACT03488,P07,135,28
FACT03488,P11,337,55
FACT03488,P08,166,65
FACT03488,P14,325,450
FACT04557,P07,512,28
FACT04557,P12,93,70
FACT04557,P14,423,450
FACT04557,P08,462,65
FACT08845,P12,590,70
FACT08845,P07,408,28
FACT08845,P09,19,18
FACT08845,P06,474,30
FACT04423,P15,412,650
FACT04423,P16,100,800
FACT04423,P10,182,20
FACT04423,P02,593,350
FACT05749,P04,483,3500
FACT05749,P08,176,65
FACT05749,P11,410,55
FACT05749,P16,84,800
FACT01324,P10,237,20
FACT01324,P02,444,350
FACT01324,P01,289,4500
FACT01324,P16,357,800
FACT00940,P03,565,8000
FACT00940,P07,89,28
FACT00940,P09,187,18
FACT00940,P12,550,70
FACT02715,P13,320,350
FACT02715,P11,215,55
FACT02715,P03,591,8000
FACT02715,P14,113,450
FACT04601,P04,399,3500
FACT04601,P07,6,28
FACT04601,P20,134,2900
FACT04601,P17,456,280
FACT04800,P13,293,350
FACT04800,P16,152,800
FACT04800,P08,203,65
FACT04800,P05,240,45
FACT08657,P15,316,650
FACT08657,P04,421,3500
FACT08657,P20,173,2900
FACT08657,P17,233,280
FACT08610,P02,21,350
FACT08610,P17,167,280
FACT08610,P19,446,3800
FACT08610,P18,12,900
FACT04808,P08,381,65
FACT04808,P03,325,8000
FACT04808,P15,372,650
FACT04808,P14,439,450
FACT03595,P04,231,3500
FACT03595,P02,389,350
FACT03595,P01,233,4500
FACT03595,P14,257,450
FACT02598,P04,112,3500
FACT02598,P06,375,30
FACT02598,P12,500,70
FACT02598,P15,251,650
FACT00396,P11,8,55
FACT00396,P08,442,65
FACT00396,P02,36,350
FACT00396,P20,175,2900
FACT02713,P19,504,3800
FACT02713,P06,154,30
FACT02713,P13,69,350
FACT02713,P10,228,20
FACT06252,P15,576,650
FACT06252,P10,118,20
FACT06252,P09,455,18
FACT06252,P17,281,280
FACT08706,P16,410,800
FACT08706,P03,516,8000
FACT08706,P20,232,2900
FACT08706,P15,359,650
FACT02469,P15,577,650
FACT02469,P17,453,280
FACT02469,P04,400,3500
FACT02469,P03,379,8000
FACT00230,P08,164,65
FACT00230,P10,80,20
FACT00230,P11,110,55
FACT00230,P16,178,800
FACT03193,P09,542,18
FACT03193,P12,272,70
FACT03193,P01,197,4500
FACT03193,P10,490,20
FACT07795,P09,320,18
FACT07795,P10,564,20
FACT07795,P18,110,900
FACT07795,P20,10,2900
FACT02872,P08,516,65
FACT02872,P11,145,55
FACT02872,P18,136,900
FACT02872,P20,589,2900
FACT04814,P17,447,280
FACT04814,P10,416,20
FACT04814,P19,570,3800
FACT04814,P15,489,650
FACT07106,P16,232,800
FACT07106,P10,193,20
FACT07106,P08,537,65
FACT07106,P09,249,18
FACT02914,P16,133,800
FACT02914,P15,208,650
FACT02914,P02,107,350
FACT02914,P04,238,3500
FACT09073,P17,14,280
FACT09073,P16,221,800
FACT09073,P07,510,28
FACT09073,P14,200,450
FACT08025,P15,330,650
FACT08025,P17,293,280
FACT08025,P01,524,4500
FACT08025,P10,138,20
FACT09790,P13,348,350
FACT09790,P17,583,280
FACT09790,P19,18,3800
FACT09790,P10,97,20
FACT06684,P20,311,2900
FACT06684,P01,173,4500
FACT06684,P05,434,45
FACT06684,P08,391,65
FACT09217,P05,550,45
FACT09217,P10,212,20
FACT09217,P09,140,18
FACT09217,P17,457,280
FACT03506,P10,105,20
FACT03506,P14,477,450
FACT03506,P19,460,3800
FACT03506,P01,38,4500
FACT03811,P10,255,20
FACT03811,P13,562,350
FACT03811,P12,423,70
FACT03811,P19,150,3800
FACT06833,P05,388,45
FACT06833,P12,295,70
FACT06833,P03,491,8000
FACT06833,P10,340,20
FACT00586,P06,159,30
FACT00586,P12,585,70
FACT00586,P17,360,280
FACT00586,P16,168,800
FACT07019,P02,418,350
FACT07019,P20,554,2900
FACT07019,P19,374,3800
FACT07019,P14,442,450
FACT09167,P16,162,800
FACT09167,P05,236,45
FACT09167,P09,256,18
FACT09167,P03,196,8000
FACT03372,P13,515,350
FACT03372,P06,551,30
FACT03372,P07,260,28
FACT03372,P15,413,650
FACT00365,P02,288,350
FACT00365,P15,374,650
FACT00365,P05,34,45
FACT00365,P06,224,30
FACT02611,P13,565,350
FACT02611,P08,541,65
FACT02611,P01,50,4500
FACT02611,P03,7,8000
FACT05583,P14,580,450
FACT05583,P04,224,3500
FACT05583,P15,87,650
FACT05583,P01,214,4500
FACT01538,P09,328,18
FACT01538,P14,577,450
FACT01538,P15,402,650
FACT01538,P03,475,8000
FACT08095,P04,175,3500
FACT08095,P17,482,280
FACT08095,P06,401,30
FACT08095,P16,432,800
FACT09792,P14,93,450
FACT09792,P11,82,55
FACT09792,P03,439,8000
FACT09792,P20,309,2900
FACT00461,P20,351,2900
FACT00461,P17,224,280
FACT00461,P09,430,18
FACT00461,P07,530,28
FACT09350,P10,140,20
FACT09350,P13,242,350
FACT09350,P18,39,900
FACT09350,P01,319,4500
FACT01305,P13,77,350
FACT01305,P08,516,65
FACT01305,P20,112,2900
FACT01305,P01,487,4500
FACT00899,P11,163,55
FACT00899,P20,214,2900
FACT00899,P17,181,280
FACT00899,P02,123,350
FACT08278,P13,558,350
FACT08278,P05,98,45
FACT08278,P14,204,450
FACT08278,P02,492,350
FACT08682,P10,275,20
FACT08682,P20,419,2900
FACT08682,P14,558,450
FACT08682,P06,200,30
FACT06654,P17,398,280
FACT06654,P19,355,3800
FACT06654,P18,115,900
FACT06654,P11,331,55
FACT07483,P10,387,20
FACT07483,P07,81,28
FACT07483,P18,138,900
FACT07483,P12,589,70
FACT06104,P20,256,2900
FACT06104,P09,127,18
FACT06104,P03,504,8000
FACT06104,P12,120,70
FACT03979,P20,457,2900
FACT03979,P15,525,650
FACT03979,P04,301,3500
FACT03979,P08,326,65
FACT05380,P07,95,28
FACT05380,P16,394,800
FACT05380,P15,440,650
FACT05380,P05,177,45
FACT08848,P10,34,20
FACT08848,P13,38,350
FACT08848,P02,259,350
FACT08848,P01,498,4500
FACT02448,P19,515,3800
FACT02448,P15,574,650
FACT02448,P03,379,8000
FACT02448,P13,50,350
FACT07890,P10,521,20
FACT07890,P03,487,8000
FACT07890,P15,35,650
FACT07890,P04,240,3500
FACT07736,P19,49,3800
FACT07736,P11,305,55
FACT07736,P12,357,70
FACT07736,P18,591,900
FACT01618,P15,155,650
FACT01618,P11,309,55
FACT01618,P14,498,450
FACT01618,P06,361,30
FACT09563,P04,477,3500
FACT09563,P11,266,55
FACT09563,P19,221,3800
FACT09563,P02,335,350
FACT08951,P03,591,8000
FACT08951,P15,52,650
FACT08951,P02,279,350
FACT08951,P08,171,65
FACT04832,P14,118,450
FACT04832,P20,412,2900
FACT04832,P17,173,280
FACT04832,P01,87,4500
FACT07235,P02,315,350
FACT07235,P08,325,65
FACT07235,P20,418,2900
FACT07235,P11,289,55
FACT05652,P04,338,3500
FACT05652,P05,21,45
FACT05652,P06,232,30
FACT05652,P13,121,350
FACT03962,P04,27,3500
FACT03962,P18,15,900
FACT03962,P14,255,450
FACT03962,P10,285,20
FACT07109,P09,516,18
FACT07109,P03,65,8000
FACT07109,P14,222,450
FACT07109,P18,382,900
FACT08279,P19,298,3800
FACT08279,P20,406,2900
FACT08279,P08,307,65
FACT08279,P17,445,280
FACT03797,P04,15,3500
FACT03797,P15,371,650
FACT03797,P01,390,4500
FACT03797,P19,116,3800
FACT06042,P16,105,800
FACT06042,P04,475,3500
FACT06042,P09,92,18
FACT06042,P08,122,65
FACT01157,P05,194,45
FACT01157,P06,591,30
FACT01157,P11,425,55
FACT01157,P02,153,350
FACT03987,P14,338,450
FACT03987,P08,137,65
FACT03987,P13,587,350
FACT03987,P17,57,280
FACT04007,P13,236,350
FACT04007,P03,193,8000
FACT04007,P15,374,650
FACT04007,P01,407,4500
FACT03124,P16,522,800
FACT03124,P15,184,650
FACT03124,P05,75,45
FACT03124,P14,268,450
FACT09189,P11,181,55
FACT09189,P20,179,2900
FACT09189,P06,553,30
FACT09189,P12,359,70
FACT04594,P15,305,650
FACT04594,P01,86,4500
FACT04594,P18,321,900
FACT04594,P16,441,800
FACT02921,P14,41,450
FACT02921,P12,337,70
FACT02921,P08,363,65
FACT02921,P01,197,4500
FACT09406,P18,285,900
FACT09406,P04,288,3500
FACT09406,P17,182,280
FACT09406,P03,55,8000
FACT01588,P03,137,8000
FACT01588,P19,338,3800
FACT01588,P14,528,450
FACT01588,P10,367,20
FACT01967,P15,394,650
FACT01967,P06,425,30
FACT01967,P12,83,70
FACT01967,P02,300,350
FACT02942,P08,218,65
FACT02942,P13,384,350
FACT02942,P06,34,30
FACT02942,P03,105,8000
FACT06895,P20,202,2900
FACT06895,P13,103,350
FACT06895,P09,269,18
FACT06895,P08,245,65
FACT04446,P19,221,3800
FACT04446,P10,139,20
FACT04446,P08,527,65
FACT04446,P15,444,650
FACT05008,P08,280,65
FACT05008,P01,147,4500
FACT05008,P06,406,30
FACT05008,P05,281,45
FACT09654,P03,372,8000
FACT09654,P11,535,55
FACT09654,P06,251,30
FACT09654,P04,468,3500
FACT05675,P05,591,45
FACT05675,P07,144,28
FACT05675,P14,540,450
FACT05675,P03,14,8000
FACT07757,P04,444,3500
FACT07757,P17,404,280
FACT07757,P05,196,45
FACT07757,P19,44,3800
FACT09145,P12,342,70
FACT09145,P07,65,28
FACT09145,P20,519,2900
FACT09145,P11,232,55
FACT09754,P20,578,2900
FACT09754,P14,492,450
FACT09754,P17,493,280
FACT09754,P07,114,28
FACT04976,P02,137,350
FACT04976,P12,69,70
FACT04976,P06,501,30
FACT04976,P18,190,900
FACT03911,P06,118,30
FACT03911,P20,569,2900
FACT03911,P10,347,20
FACT03911,P18,169,900
FACT06217,P16,366,800
FACT06217,P01,205,4500
FACT06217,P19,306,3800
FACT06217,P02,562,350
FACT05319,P02,22,350
FACT05319,P13,391,350
FACT05319,P07,164,28
FACT05319,P17,368,280
FACT03191,P04,132,3500
FACT03191,P08,331,65
FACT03191,P11,339,55
FACT03191,P20,548,2900
FACT05259,P16,465,800
FACT05259,P13,83,350
FACT05259,P17,514,280
FACT05259,P19,115,3800
FACT06296,P12,431,70
FACT06296,P15,23,650
FACT06296,P01,193,4500
FACT06296,P02,10,350
FACT09744,P02,205,350
FACT09744,P01,339,4500
FACT09744,P12,411,70
FACT09744,P04,64,3500
FACT00775,P08,314,65
FACT00775,P01,401,4500
FACT00775,P06,359,30
FACT00775,P03,577,8000
FACT06409,P20,239,2900
FACT06409,P13,23,350
FACT06409,P03,356,8000
FACT06409,P15,107,650
FACT00870,P12,466,70
FACT00870,P11,206,55
FACT00870,P19,590,3800
FACT00870,P20,441,2900
FACT09372,P04,585,3500
FACT09372,P18,27,900
FACT09372,P13,243,350
FACT09372,P03,208,8000
FACT09186,P11,66,55
FACT09186,P13,369,350
FACT09186,P01,481,4500
FACT09186,P05,564,45
FACT06229,P18,22,900
FACT06229,P06,505,30
FACT06229,P13,21,350
FACT06229,P17,332,280
FACT05601,P07,91,28
FACT05601,P09,487,18
FACT05601,P18,258,900
FACT05601,P08,542,65
FACT09404,P15,86,650
FACT09404,P02,55,350
FACT09404,P12,299,70
FACT09404,P09,223,18
FACT02488,P04,409,3500
FACT02488,P13,156,350
FACT02488,P09,257,18
FACT02488,P12,164,70
FACT02656,P10,255,20
FACT02656,P20,506,2900
FACT02656,P12,48,70
FACT02656,P08,142,65
FACT01512,P11,594,55
FACT01512,P13,417,350
FACT01512,P09,312,18
FACT01512,P08,156,65
FACT00357,P14,264,450
FACT00357,P05,148,45
FACT00357,P12,31,70
FACT00357,P19,49,3800
FACT03234,P16,12,800
FACT03234,P13,424,350
FACT03234,P06,176,30
FACT03234,P11,537,55
FACT02045,P01,464,4500
FACT02045,P07,246,28
FACT02045,P19,21,3800
FACT02045,P04,38,3500
FACT07746,P11,43,55
FACT07746,P05,361,45
FACT07746,P18,330,900
FACT07746,P14,15,450
FACT01960,P03,289,8000
FACT01960,P13,352,350
FACT01960,P08,533,65
FACT01960,P12,329,70
FACT04941,P10,331,20
FACT04941,P11,177,55
FACT04941,P14,519,450
FACT04941,P19,156,3800
FACT07443,P10,392,20
FACT07443,P01,77,4500
FACT07443,P06,209,30
FACT07443,P20,85,2900
FACT09558,P07,125,28
FACT09558,P08,344,65
FACT09558,P02,67,350
FACT09558,P17,81,280
FACT02948,P08,460,65
FACT02948,P07,596,28
FACT02948,P14,77,450
FACT02948,P04,517,3500
FACT04965,P15,106,650
FACT04965,P06,292,30
FACT04965,P10,221,20
FACT04965,P07,329,28
FACT04927,P19,595,3800
FACT04927,P03,261,8000
FACT04927,P08,323,65
FACT04927,P04,204,3500
FACT07179,P13,328,350
FACT07179,P01,313,4500
FACT07179,P10,118,20
FACT07179,P08,82,65
FACT06233,P15,183,650
FACT06233,P11,469,55
FACT06233,P13,66,350
FACT06233,P16,12,800
FACT06105,P01,508,4500
FACT06105,P17,296,280
FACT06105,P07,70,28
FACT06105,P10,162,20
FACT04558,P18,576,900
FACT04558,P07,400,28
FACT04558,P19,358,3800
FACT04558,P02,61,350
FACT04084,P15,156,650
FACT04084,P19,326,3800
FACT04084,P16,147,800
FACT04084,P04,196,3500
FACT00936,P08,537,65
FACT00936,P16,84,800
FACT00936,P13,274,350
FACT00936,P19,246,3800
FACT00328,P16,548,800
FACT00328,P01,172,4500
FACT00328,P13,237,350
FACT00328,P02,41,350
FACT06231,P02,454,350
FACT06231,P01,363,4500
FACT06231,P06,449,30
FACT06231,P09,368,18
FACT00937,P13,506,350
FACT00937,P09,466,18
FACT00937,P05,185,45
FACT00937,P07,7,28
FACT00349,P16,179,800
FACT00349,P11,272,55
FACT00349,P12,218,70
FACT00349,P15,350,650
FACT00351,P15,294,650
FACT00351,P17,384,280
FACT00351,P16,460,800
FACT00351,P04,29,3500
FACT02684,P08,41,65
FACT02684,P10,20,20
FACT02684,P15,181,650
FACT02684,P05,395,45
FACT03030,P01,408,4500
FACT03030,P16,513,800
FACT03030,P06,391,30
FACT03030,P19,280,3800
FACT02910,P01,329,4500
FACT02910,P11,165,55
FACT02910,P19,394,3800
FACT02910,P05,246,45
FACT01670,P15,542,650
FACT01670,P18,318,900
FACT01670,P13,324,350
FACT01670,P07,576,28
FACT04296,P08,222,65
FACT04296,P18,539,900
FACT04296,P13,18,350
FACT04296,P19,44,3800
FACT04700,P03,506,8000
FACT04700,P10,586,20
FACT04700,P08,265,65
FACT04700,P13,528,350
FACT02081,P08,497,65
FACT02081,P05,369,45
FACT02081,P06,463,30
FACT02081,P20,208,2900
FACT04763,P12,334,70
FACT04763,P04,30,3500
FACT04763,P14,60,450
FACT04763,P11,353,55
FACT08928,P05,211,45
FACT08928,P04,381,3500
FACT08928,P13,555,350
FACT08928,P16,190,800
FACT05046,P16,344,800
FACT05046,P04,334,3500
FACT05046,P03,320,8000
FACT05046,P15,456,650
FACT02917,P16,529,800
FACT02917,P15,313,650
FACT02917,P07,415,28
FACT02917,P18,514,900
FACT00804,P08,566,65
FACT00804,P10,600,20
FACT00804,P19,38,3800
FACT00804,P13,458,350
FACT08659,P01,10,4500
FACT08659,P15,368,650
FACT08659,P19,415,3800
FACT08659,P16,209,800
FACT01564,P16,90,800
FACT01564,P03,140,8000
FACT01564,P11,280,55
FACT01564,P20,160,2900
FACT05139,P10,586,20
FACT05139,P14,104,450
FACT05139,P15,75,650
FACT05139,P03,479,8000
FACT09741,P15,417,650
FACT09741,P03,325,8000
FACT09741,P17,238,280
FACT09741,P06,254,30
FACT03758,P08,45,65
FACT03758,P05,15,45
FACT03758,P01,367,4500
FACT03758,P02,189,350
FACT02943,P16,150,800
FACT02943,P18,379,900
FACT02943,P07,313,28
FACT02943,P06,42,30
FACT07242,P03,315,8000
FACT07242,P16,321,800
FACT07242,P07,555,28
FACT07242,P11,284,55
FACT04634,P13,251,350
FACT04634,P02,225,350
FACT04634,P03,176,8000
FACT04634,P05,99,45
FACT08762,P04,145,3500
FACT08762,P09,471,18
FACT08762,P01,261,4500
FACT08762,P19,553,3800
FACT05982,P07,548,28
FACT05982,P03,257,8000
FACT05982,P18,404,900
FACT05982,P19,112,3800
FACT07649,P08,129,65
FACT07649,P11,389,55
FACT07649,P02,186,350
FACT07649,P18,305,900
FACT09302,P09,378,18
FACT09302,P14,419,450
FACT09302,P19,140,3800
FACT09302,P20,264,2900
FACT06219,P01,307,4500
FACT06219,P04,205,3500
FACT06219,P14,491,450
FACT06219,P18,343,900
FACT05783,P04,192,3500
FACT05783,P08,347,65
FACT05783,P07,288,28
FACT05783,P16,12,800
FACT00736,P10,349,20
FACT00736,P05,104,45
FACT00736,P02,518,350
FACT00736,P12,97,70
FACT07910,P01,315,4500
FACT07910,P11,326,55
FACT07910,P17,139,280
FACT07910,P15,499,650
FACT02626,P05,436,45
FACT02626,P01,378,4500
FACT02626,P07,62,28
FACT02626,P02,266,350
FACT09444,P05,69,45
FACT09444,P19,47,3800
FACT09444,P06,7,30
FACT09444,P07,8,28
FACT01304,P16,348,800
FACT01304,P04,410,3500
FACT01304,P20,503,2900
FACT01304,P19,49,3800
FACT04213,P03,84,8000
FACT04213,P06,206,30
FACT04213,P04,89,3500
FACT04213,P14,78,450
FACT01116,P06,353,30
FACT01116,P12,111,70
FACT01116,P08,553,65
FACT01116,P17,94,280
FACT02281,P04,207,3500
FACT02281,P20,384,2900
FACT02281,P11,482,55
FACT02281,P12,134,70
FACT05015,P06,464,30
FACT05015,P20,544,2900
FACT05015,P13,450,350
FACT05015,P03,165,8000
FACT00055,P09,322,18
FACT00055,P04,262,3500
FACT00055,P12,121,70
FACT00055,P05,484,45
FACT04955,P07,568,28
FACT04955,P13,16,350
FACT04955,P04,12,3500
FACT04955,P17,534,280
FACT01174,P18,16,900
FACT01174,P19,386,3800
FACT01174,P16,41,800
FACT01174,P04,223,3500
FACT04708,P16,546,800
FACT04708,P02,461,350
FACT04708,P17,439,280
FACT04708,P18,193,900
FACT04348,P16,421,800
FACT04348,P09,336,18
FACT04348,P06,223,30
FACT04348,P03,347,8000
FACT07760,P09,536,18
FACT07760,P12,25,70
FACT07760,P02,559,350
FACT07760,P05,566,45
FACT02308,P02,121,350
FACT02308,P06,221,30
FACT02308,P11,495,55
FACT02308,P13,256,350
FACT08697,P16,361,800
FACT08697,P04,173,3500
FACT08697,P10,478,20
FACT08697,P14,273,450
FACT07667,P07,70,28
FACT07667,P18,15,900
FACT07667,P16,392,800
FACT07667,P15,260,650
FACT09975,P03,405,8000
FACT09975,P20,28,2900
FACT09975,P07,502,28
FACT09975,P13,442,350
FACT03843,P11,151,55
FACT03843,P09,527,18
FACT03843,P02,150,350
FACT03843,P15,163,650
FACT06631,P16,495,800
FACT06631,P10,85,20
FACT06631,P07,339,28
FACT06631,P13,379,350
FACT09327,P11,167,55
FACT09327,P17,378,280
FACT09327,P06,507,30
FACT09327,P12,567,70
FACT03360,P03,88,8000
FACT03360,P06,369,30
FACT03360,P19,36,3800
FACT03360,P09,556,18
FACT06328,P17,203,280
FACT06328,P09,202,18
FACT06328,P14,211,450
FACT06328,P03,330,8000
FACT03712,P13,20,350
FACT03712,P12,220,70
FACT03712,P15,276,650
FACT03712,P10,386,20
FACT07504,P11,319,55
FACT07504,P18,440,900
FACT07504,P19,557,3800
FACT07504,P04,8,3500
FACT05956,P05,75,45
FACT05956,P14,522,450
FACT05956,P11,539,55
FACT05956,P10,276,20
FACT03433,P16,466,800
FACT03433,P12,62,70
FACT03433,P09,309,18
FACT03433,P11,600,55
FACT06783,P14,198,450
FACT06783,P17,498,280
FACT06783,P04,398,3500
FACT06783,P16,320,800
FACT04858,P09,200,18
FACT04858,P07,288,28
FACT04858,P10,183,20
FACT04858,P11,190,55
FACT08098,P02,518,350
FACT08098,P08,103,65
FACT08098,P06,176,30
FACT08098,P17,288,280
FACT02104,P19,437,3800
FACT02104,P17,140,280
FACT02104,P14,579,450
FACT02104,P13,64,350
FACT07674,P10,126,20
FACT07674,P20,586,2900
FACT07674,P17,309,280
FACT07674,P14,253,450
FACT01443,P09,311,18
FACT01443,P15,453,650
FACT01443,P05,493,45
FACT01443,P03,94,8000
FACT03654,P17,229,280
FACT03654,P07,396,28
FACT03654,P15,132,650
FACT03654,P02,61,350
FACT03981,P05,323,45
FACT03981,P20,260,2900
FACT03981,P09,174,18
FACT03981,P17,305,280
FACT05340,P10,73,20
FACT05340,P09,144,18
FACT05340,P02,470,350
FACT05340,P17,565,280
FACT07268,P20,223,2900
FACT07268,P05,450,45
FACT07268,P01,429,4500
FACT07268,P03,208,8000
FACT00208,P05,94,45
FACT00208,P18,92,900
FACT00208,P20,380,2900
FACT00208,P17,494,280
FACT08019,P15,363,650
FACT08019,P19,355,3800
FACT08019,P05,139,45
FACT08019,P09,557,18
FACT07966,P20,70,2900
FACT07966,P03,555,8000
FACT07966,P08,484,65
FACT07966,P02,240,350
FACT09840,P09,198,18
FACT09840,P10,354,20
FACT09840,P02,204,350
FACT09840,P13,45,350
FACT09203,P09,301,18
FACT09203,P12,413,70
FACT09203,P19,493,3800
FACT09203,P11,186,55
FACT01650,P16,563,800
FACT01650,P05,574,45
FACT01650,P18,391,900
FACT01650,P12,463,70
FACT04377,P20,263,2900
FACT04377,P09,265,18
FACT04377,P15,570,650
FACT04377,P02,559,350
FACT00990,P11,468,55
FACT00990,P12,298,70
FACT00990,P17,514,280
FACT00990,P05,426,45
FACT08866,P17,194,280
FACT08866,P14,381,450
FACT08866,P04,218,3500
FACT08866,P08,119,65
FACT08655,P20,168,2900
FACT08655,P18,436,900
FACT08655,P10,364,20
FACT08655,P08,322,65
FACT06851,P19,130,3800
FACT06851,P13,552,350
FACT06851,P16,276,800
FACT06851,P20,199,2900
FACT06386,P16,419,800
FACT06386,P08,68,65
FACT06386,P02,365,350
FACT06386,P18,184,900
FACT06822,P07,15,28
FACT06822,P17,503,280
FACT06822,P10,329,20
FACT06822,P01,226,4500
FACT04581,P14,35,450
FACT04581,P15,235,650
FACT04581,P02,226,350
FACT04581,P05,94,45
FACT03887,P18,513,900
FACT03887,P16,561,800
FACT03887,P20,217,2900
FACT03887,P02,122,350
FACT06786,P18,448,900
FACT06786,P04,227,3500
FACT06786,P13,264,350
FACT06786,P08,552,65
FACT00453,P12,45,70
FACT00453,P10,154,20
FACT00453,P17,523,280
FACT00453,P19,396,3800
FACT01885,P10,302,20
FACT01885,P12,109,70
FACT01885,P13,194,350
FACT01885,P18,328,900
FACT09998,P05,258,45
FACT09998,P17,536,280
FACT09998,P11,359,55
FACT09998,P16,459,800
FACT05557,P12,223,70
FACT05557,P17,231,280
FACT05557,P10,567,20
FACT05557,P15,321,650
FACT01323,P03,174,8000
FACT01323,P19,188,3800
FACT01323,P11,17,55
FACT01323,P06,428,30
FACT06230,P10,55,20
FACT06230,P06,350,30
FACT06230,P19,111,3800
FACT06230,P07,259,28
FACT09962,P03,331,8000
FACT09962,P01,59,4500
FACT09962,P19,403,3800
FACT09962,P16,103,800
FACT00621,P07,500,28
FACT00621,P06,395,30
FACT00621,P04,26,3500
FACT00621,P05,233,45
FACT06247,P06,272,30
FACT06247,P11,267,55
FACT06247,P15,358,650
FACT06247,P16,429,800
FACT02534,P18,195,900
FACT02534,P06,494,30
FACT02534,P15,353,650
FACT02534,P08,558,65
FACT04501,P10,502,20
FACT04501,P13,289,350
FACT04501,P06,462,30
FACT04501,P12,318,70
FACT00478,P09,417,18
FACT00478,P19,379,3800
FACT00478,P15,346,650
FACT00478,P04,247,3500
FACT08878,P09,418,18
FACT08878,P06,580,30
FACT08878,P18,480,900
FACT08878,P20,402,2900
FACT01842,P15,552,650
FACT01842,P04,322,3500
FACT01842,P14,469,450
FACT01842,P02,68,350
FACT03248,P03,232,8000
FACT03248,P06,469,30
FACT03248,P09,451,18
FACT03248,P01,543,4500
FACT02526,P04,219,3500
FACT02526,P02,95,350
FACT02526,P03,451,8000
FACT02526,P20,36,2900
FACT00696,P05,428,45
FACT00696,P18,20,900
FACT00696,P16,262,800
FACT00696,P09,318,18
FACT03861,P16,504,800
FACT03861,P03,580,8000
FACT03861,P14,300,450
FACT03861,P20,531,2900
FACT01315,P01,593,4500
FACT01315,P20,428,2900
FACT01315,P16,194,800
FACT01315,P17,341,280
FACT06618,P08,376,65
FACT06618,P06,233,30
FACT06618,P09,153,18
FACT06618,P11,115,55
FACT01083,P05,434,45
FACT01083,P13,403,350
FACT01083,P19,592,3800
FACT01083,P01,165,4500
FACT09564,P06,468,30
FACT09564,P19,142,3800
FACT09564,P11,191,55
FACT09564,P07,261,28
FACT09342,P02,550,350
FACT09342,P03,395,8000
FACT09342,P13,76,350
FACT09342,P01,230,4500
FACT01136,P05,492,45
FACT01136,P08,589,65
FACT01136,P07,507,28
FACT01136,P20,310,2900
FACT09570,P18,396,900
FACT09570,P19,237,3800
FACT09570,P02,366,350
FACT09570,P12,551,70
FACT03041,P11,538,55
FACT03041,P14,465,450
FACT03041,P05,345,45
FACT03041,P01,387,4500
FACT01066,P20,237,2900
FACT01066,P12,80,70
FACT01066,P11,368,55
FACT01066,P10,82,20
FACT01722,P18,486,900
FACT01722,P11,68,55
FACT01722,P19,53,3800
FACT01722,P10,253,20
FACT07277,P19,369,3800
FACT07277,P11,439,55
FACT07277,P10,586,20
FACT07277,P18,584,900
FACT02483,P17,458,280
FACT02483,P11,374,55
FACT02483,P20,268,2900
FACT02483,P07,569,28
FACT08131,P17,254,280
FACT08131,P05,274,45
FACT08131,P18,464,900
FACT08131,P11,369,55
FACT00710,P01,111,4500
FACT00710,P13,246,350
FACT00710,P17,592,280
FACT00710,P11,566,55
FACT05957,P17,85,280
FACT05957,P13,92,350
FACT05957,P15,71,650
FACT05957,P08,135,65
FACT07676,P07,219,28
FACT07676,P02,494,350
FACT07676,P18,139,900
FACT07676,P15,354,650
FACT01013,P04,543,3500
FACT01013,P01,520,4500
FACT01013,P02,236,350
FACT01013,P18,74,900
FACT01549,P13,391,350
FACT01549,P05,403,45
FACT01549,P01,464,4500
FACT01549,P19,268,3800
FACT08316,P16,345,800
FACT08316,P09,13,18
FACT08316,P04,210,3500
FACT08316,P05,565,45
FACT01554,P13,331,350
FACT01554,P11,129,55
FACT01554,P05,223,45
FACT01554,P04,567,3500
FACT00494,P13,471,350
FACT00494,P15,555,650
FACT00494,P18,427,900
FACT00494,P07,441,28
FACT01958,P13,195,350
FACT01958,P06,191,30
FACT01958,P16,327,800
FACT01958,P12,567,70
FACT04648,P08,369,65
FACT04648,P13,573,350
FACT04648,P01,305,4500
FACT04648,P07,488,28
FACT03704,P10,186,20
FACT03704,P05,426,45
FACT03704,P02,393,350
FACT03704,P09,248,18
FACT05855,P06,455,30
FACT05855,P07,210,28
FACT05855,P14,415,450
FACT05855,P17,73,280
FACT07561,P16,158,800
FACT07561,P19,545,3800
FACT07561,P04,325,3500
FACT07561,P20,197,2900
FACT08443,P14,308,450
FACT08443,P17,292,280
FACT08443,P08,401,65
FACT08443,P11,515,55
FACT01245,P10,115,20
FACT01245,P12,524,70
FACT01245,P08,386,65
FACT01245,P13,419,350
FACT02368,P13,500,350
FACT02368,P14,393,450
FACT02368,P10,229,20
FACT02368,P15,80,650
FACT06089,P07,259,28
FACT06089,P15,237,650
FACT06089,P01,599,4500
FACT06089,P20,354,2900
FACT00260,P17,402,280
FACT00260,P04,394,3500
FACT00260,P12,499,70
FACT00260,P02,360,350
FACT05837,P08,229,65
FACT05837,P03,532,8000
FACT05837,P17,190,280
FACT05837,P10,554,20
FACT04917,P08,356,65
FACT04917,P15,511,650
FACT04917,P07,101,28
FACT04917,P12,154,70
FACT02781,P13,423,350
FACT02781,P20,236,2900
FACT02781,P04,20,3500
FACT02781,P11,464,55
FACT05653,P15,305,650
FACT05653,P07,190,28
FACT05653,P05,115,45
FACT05653,P04,189,3500
FACT02011,P08,229,65
FACT02011,P14,596,450
FACT02011,P10,259,20
FACT02011,P12,306,70
FACT05143,P05,289,45
FACT05143,P14,354,450
FACT05143,P20,360,2900
FACT05143,P09,219,18
FACT05144,P05,121,45
FACT05144,P15,507,650
FACT05144,P17,222,280
FACT05144,P14,389,450
FACT04134,P07,196,28
FACT04134,P08,55,65
FACT04134,P03,312,8000
FACT04134,P02,321,350
FACT05362,P17,116,280
FACT05362,P14,127,450
FACT05362,P20,179,2900
FACT05362,P13,515,350
FACT06393,P11,119,55
FACT06393,P01,361,4500
FACT06393,P16,462,800
FACT06393,P08,414,65
FACT04276,P07,359,28
FACT04276,P08,483,65
FACT04276,P14,436,450
FACT04276,P13,90,350
FACT00625,P10,355,20
FACT00625,P08,557,65
FACT00625,P13,46,350
FACT00625,P03,362,8000
FACT00980,P15,15,650
FACT00980,P04,368,3500
FACT00980,P13,353,350
FACT00980,P18,38,900
FACT00953,P03,38,8000
FACT00953,P20,376,2900
FACT00953,P13,185,350
FACT00953,P16,511,800
FACT05773,P09,199,18
FACT05773,P19,543,3800
FACT05773,P11,540,55
FACT05773,P01,382,4500
FACT01423,P14,463,450
FACT01423,P16,498,800
FACT01423,P06,105,30
FACT01423,P12,78,70
FACT00971,P12,549,70
FACT00971,P14,109,450
FACT00971,P02,66,350
FACT00971,P13,233,350
FACT00379,P20,318,2900
FACT00379,P12,143,70
FACT00379,P10,159,20
FACT00379,P02,445,350
FACT02211,P15,507,650
FACT02211,P01,240,4500
FACT02211,P13,266,350
FACT02211,P08,110,65
FACT00902,P10,565,20
FACT00902,P05,51,45
FACT00902,P20,404,2900
FACT00902,P12,80,70
FACT07401,P06,158,30
FACT07401,P13,319,350
FACT07401,P04,522,3500
FACT07401,P01,553,4500
FACT05987,P01,487,4500
FACT05987,P06,303,30
FACT05987,P20,424,2900
FACT05987,P12,338,70
FACT00326,P04,316,3500
FACT00326,P01,492,4500
FACT00326,P14,240,450
FACT00326,P06,222,30
FACT02612,P07,431,28
FACT02612,P03,452,8000
FACT02612,P14,117,450
FACT02612,P02,520,350
FACT06703,P17,213,280
FACT06703,P10,210,20
FACT06703,P11,592,55
FACT06703,P01,261,4500
FACT08533,P15,87,650
FACT08533,P14,391,450
FACT08533,P07,269,28
FACT08533,P13,117,350
FACT04920,P11,346,55
FACT04920,P12,84,70
FACT04920,P16,245,800
FACT04920,P17,278,280
FACT00861,P18,228,900
FACT00861,P01,246,4500
FACT00861,P03,459,8000
FACT00861,P02,109,350
FACT05640,P02,79,350
FACT05640,P10,385,20
FACT05640,P12,327,70
FACT05640,P04,391,3500
FACT08289,P19,545,3800
FACT08289,P03,375,8000
FACT08289,P14,575,450
FACT08289,P07,91,28
FACT05296,P12,54,70
FACT05296,P01,211,4500
FACT05296,P19,497,3800
FACT05296,P08,191,65
FACT08584,P04,552,3500
FACT08584,P05,444,45
FACT08584,P11,600,55
FACT08584,P20,177,2900
FACT09208,P04,495,3500
FACT09208,P15,138,650
FACT09208,P02,254,350
FACT09208,P13,569,350
FACT00144,P05,180,45
FACT00144,P06,117,30
FACT00144,P07,247,28
FACT00144,P03,297,8000
FACT02968,P09,106,18
FACT02968,P04,466,3500
FACT02968,P17,277,280
FACT02968,P19,119,3800
FACT09668,P07,262,28
FACT09668,P16,325,800
FACT09668,P20,397,2900
FACT09668,P19,502,3800
FACT08877,P06,543,30
FACT08877,P11,231,55
FACT08877,P01,417,4500
FACT08877,P12,438,70
FACT04391,P07,463,28
FACT04391,P02,91,350
FACT04391,P15,483,650
FACT04391,P12,600,70
FACT07756,P02,403,350
FACT07756,P19,577,3800
FACT07756,P04,87,3500
FACT07756,P17,550,280
FACT00639,P03,178,8000
FACT00639,P06,556,30
FACT00639,P07,319,28
FACT00639,P19,99,3800
FACT07542,P17,190,280
FACT07542,P03,351,8000
FACT07542,P04,414,3500
FACT07542,P15,480,650
FACT04436,P18,396,900
FACT04436,P01,398,4500
FACT04436,P16,196,800
FACT04436,P03,383,8000
FACT09234,P05,24,45
FACT09234,P09,433,18
FACT09234,P18,526,900
FACT09234,P06,157,30
FACT06561,P12,407,70
FACT06561,P07,112,28
FACT06561,P03,238,8000
FACT06561,P16,324,800
FACT04643,P16,27,800
FACT04643,P17,233,280
FACT04643,P14,485,450
FACT04643,P13,56,350
FACT05251,P14,343,450
FACT05251,P20,447,2900
FACT05251,P05,230,45
FACT05251,P15,346,650
FACT06171,P10,446,20
FACT06171,P19,596,3800
FACT06171,P08,177,65
FACT06171,P11,257,55
FACT00707,P13,339,350
FACT00707,P08,226,65
FACT00707,P12,49,70
FACT00707,P20,464,2900
FACT04510,P12,517,70
FACT04510,P17,391,280
FACT04510,P18,137,900
FACT04510,P10,435,20
FACT01307,P10,275,20
FACT01307,P07,92,28
FACT01307,P17,226,280
FACT01307,P06,578,30
FACT09643,P13,576,350
FACT09643,P06,527,30
FACT09643,P05,275,45
FACT09643,P07,83,28
FACT09568,P14,328,450
FACT09568,P17,352,280
FACT09568,P03,216,8000
FACT09568,P08,580,65
FACT05785,P12,131,70
FACT05785,P19,495,3800
FACT05785,P16,387,800
FACT05785,P04,574,3500
FACT01274,P11,536,55
FACT01274,P05,22,45
FACT01274,P20,455,2900
FACT01274,P19,107,3800
FACT00510,P03,180,8000
FACT00510,P17,325,280
FACT00510,P08,43,65
FACT00510,P06,291,30
FACT00166,P11,436,55
FACT00166,P19,82,3800
FACT00166,P01,128,4500
FACT00166,P17,45,280
FACT08311,P05,585,45
FACT08311,P03,414,8000
FACT08311,P10,429,20
FACT08311,P13,213,350
FACT04698,P15,168,650
FACT04698,P20,365,2900
FACT04698,P05,589,45
FACT04698,P16,592,800
FACT05551,P11,32,55
FACT05551,P09,343,18
FACT05551,P16,591,800
FACT05551,P10,83,20
FACT05404,P16,402,800
FACT05404,P05,21,45
FACT05404,P04,401,3500
FACT05404,P07,304,28
FACT03745,P06,176,30
FACT03745,P03,326,8000
FACT03745,P16,16,800
FACT03745,P14,419,450
FACT08120,P04,276,3500
FACT08120,P11,456,55
FACT08120,P03,482,8000
FACT08120,P16,255,800
FACT05947,P14,408,450
FACT05947,P20,15,2900
FACT05947,P07,456,28
FACT05947,P09,396,18
FACT06111,P08,583,65
FACT06111,P05,137,45
FACT06111,P04,512,3500
FACT06111,P02,575,350
FACT03875,P08,422,65
FACT03875,P12,425,70
FACT03875,P03,214,8000
FACT03875,P14,355,450
FACT00867,P17,229,280
FACT00867,P20,44,2900
FACT00867,P04,230,3500
FACT00867,P02,101,350
FACT03823,P08,317,65
FACT03823,P11,502,55
FACT03823,P16,584,800
FACT03823,P19,497,3800
FACT00081,P03,302,8000
FACT00081,P18,65,900
FACT00081,P16,30,800
FACT00081,P17,573,280
FACT09960,P15,525,650
FACT09960,P19,443,3800
FACT09960,P18,533,900
FACT09960,P01,387,4500
FACT09357,P13,355,350
FACT09357,P01,280,4500
FACT09357,P18,91,900
FACT09357,P02,158,350
FACT09537,P15,323,650
FACT09537,P01,49,4500
FACT09537,P07,383,28
FACT09537,P02,238,350
FACT08973,P17,533,280
FACT08973,P04,37,3500
FACT08973,P08,174,65
FACT08973,P16,481,800
FACT02945,P19,587,3800
FACT02945,P11,575,55
FACT02945,P10,557,20
FACT02945,P07,410,28
FACT09079,P17,147,280
FACT09079,P09,565,18
FACT09079,P20,508,2900
FACT09079,P02,366,350
FACT06139,P01,549,4500
FACT06139,P19,78,3800
FACT06139,P16,120,800
FACT06139,P05,590,45
FACT09120,P06,130,30
FACT09120,P02,214,350
FACT09120,P03,95,8000
FACT09120,P05,189,45
FACT02844,P20,245,2900
FACT02844,P15,148,650
FACT02844,P01,150,4500
FACT02844,P02,183,350
FACT01401,P18,60,900
FACT01401,P05,265,45
FACT01401,P06,461,30
FACT01401,P07,485,28
FACT02621,P20,65,2900
FACT02621,P06,524,30
FACT02621,P07,268,28
FACT02621,P04,338,3500
FACT05104,P09,416,18
FACT05104,P14,489,450
FACT05104,P08,125,65
FACT05104,P17,519,280
FACT09231,P06,48,30
FACT09231,P05,469,45
FACT09231,P03,411,8000
FACT09231,P02,52,350
FACT02355,P10,452,20
FACT02355,P14,447,450
FACT02355,P01,465,4500
FACT02355,P05,365,45
FACT03586,P04,34,3500
FACT03586,P15,308,650
FACT03586,P08,86,65
FACT03586,P02,194,350
FACT02337,P06,175,30
FACT02337,P20,381,2900
FACT02337,P14,16,450
FACT02337,P13,396,350
FACT00137,P20,8,2900
FACT00137,P10,520,20
FACT00137,P02,421,350
FACT00137,P01,101,4500
FACT05543,P11,113,55
FACT05543,P15,413,650
FACT05543,P19,466,3800
FACT05543,P07,439,28
FACT04791,P13,60,350
FACT04791,P07,105,28
FACT04791,P04,440,3500
FACT04791,P18,93,900
FACT09882,P07,443,28
FACT09882,P15,413,650
FACT09882,P11,226,55
FACT09882,P01,134,4500
FACT06331,P01,224,4500
FACT06331,P10,209,20
FACT06331,P17,393,280
FACT06331,P09,274,18
FACT05227,P17,41,280
FACT05227,P12,370,70
FACT05227,P03,366,8000
FACT05227,P08,54,65
FACT06916,P15,438,650
FACT06916,P01,540,4500
FACT06916,P18,42,900
FACT06916,P09,377,18
FACT02685,P09,327,18
FACT02685,P03,433,8000
FACT02685,P08,450,65
FACT02685,P19,581,3800
FACT03552,P17,128,280
FACT03552,P07,315,28
FACT03552,P13,8,350
FACT03552,P04,52,3500
FACT02051,P17,171,280
FACT02051,P12,324,70
FACT02051,P03,397,8000
FACT02051,P07,442,28
FACT02321,P04,521,3500
FACT02321,P12,539,70
FACT02321,P07,316,28
FACT02321,P16,434,800
FACT00946,P15,182,650
FACT00946,P17,481,280
FACT00946,P14,463,450
FACT00946,P06,435,30
FACT07123,P17,86,280
FACT07123,P05,92,45
FACT07123,P10,77,20
FACT07123,P11,200,55
FACT04590,P18,402,900
FACT04590,P14,172,450
FACT04590,P13,315,350
FACT04590,P16,56,800
FACT03909,P13,405,350
FACT03909,P03,326,8000
FACT03909,P06,292,30
FACT03909,P16,531,800
FACT06276,P11,478,55
FACT06276,P18,480,900
FACT06276,P07,52,28
FACT06276,P16,343,800
FACT02110,P08,265,65
FACT02110,P13,506,350
FACT02110,P11,248,55
FACT02110,P02,518,350
FACT02016,P20,50,2900
FACT02016,P10,472,20
FACT02016,P08,54,65
FACT02016,P03,35,8000
FACT03854,P16,267,800
FACT03854,P02,418,350
FACT03854,P01,82,4500
FACT03854,P17,200,280
FACT02451,P17,116,280
FACT02451,P06,220,30
FACT02451,P04,560,3500
FACT02451,P11,14,55
FACT04406,P12,280,70
FACT04406,P17,114,280
FACT04406,P13,325,350
FACT04406,P08,129,65
FACT00067,P18,329,900
FACT00067,P10,297,20
FACT00067,P15,423,650
FACT00067,P19,569,3800
FACT02955,P15,457,650
FACT02955,P01,336,4500
FACT02955,P20,263,2900
FACT02955,P08,354,65
FACT02718,P01,95,4500
FACT02718,P18,380,900
FACT02718,P13,104,350
FACT02718,P10,309,20
FACT06546,P17,368,280
FACT06546,P13,355,350
FACT06546,P03,476,8000
FACT06546,P05,23,45
FACT09605,P09,23,18
FACT09605,P17,516,280
FACT09605,P11,207,55
FACT09605,P04,434,3500
FACT08856,P20,379,2900
FACT08856,P14,474,450
FACT08856,P16,344,800
FACT08856,P15,78,650
FACT06568,P05,128,45
FACT06568,P19,44,3800
FACT06568,P11,396,55
FACT06568,P18,12,900
FACT07302,P01,52,4500
FACT07302,P16,479,800
FACT07302,P15,338,650
FACT07302,P08,569,65
FACT08152,P16,422,800
FACT08152,P13,284,350
FACT08152,P14,413,450
FACT08152,P10,61,20
FACT01942,P09,334,18
FACT01942,P08,394,65
FACT01942,P04,414,3500
FACT01942,P12,268,70
FACT06162,P10,424,20
FACT06162,P13,24,350
FACT06162,P03,551,8000
FACT06162,P18,579,900
FACT04495,P03,395,8000
FACT04495,P07,217,28
FACT04495,P16,442,800
FACT04495,P17,317,280
FACT05875,P02,334,350
FACT05875,P10,220,20
FACT05875,P15,226,650
FACT05875,P12,137,70
FACT03079,P09,301,18
FACT03079,P04,18,3500
FACT03079,P19,339,3800
FACT03079,P12,230,70
FACT02767,P13,172,350
FACT02767,P05,506,45
FACT02767,P17,125,280
FACT02767,P14,531,450
FACT03020,P12,495,70
FACT03020,P13,304,350
FACT03020,P07,466,28
FACT03020,P05,16,45
FACT00913,P01,255,4500
FACT00913,P15,262,650
FACT00913,P19,360,3800
FACT00913,P09,221,18
FACT03082,P07,252,28
FACT03082,P02,554,350
FACT03082,P09,348,18
FACT03082,P13,374,350
FACT09393,P02,60,350
FACT09393,P07,181,28
FACT09393,P03,251,8000
FACT09393,P06,189,30
FACT01887,P11,107,55
FACT01887,P14,294,450
FACT01887,P07,416,28
FACT01887,P05,14,45
FACT00491,P09,128,18
FACT00491,P08,366,65
FACT00491,P20,419,2900
FACT00491,P01,203,4500
FACT02938,P15,145,650
FACT02938,P07,518,28
FACT02938,P19,251,3800
FACT02938,P03,134,8000
FACT04716,P14,578,450
FACT04716,P18,402,900
FACT04716,P04,13,3500
FACT04716,P06,287,30
FACT01148,P11,265,55
FACT01148,P16,343,800
FACT01148,P06,506,30
FACT01148,P14,480,450
FACT03048,P18,441,900
FACT03048,P01,175,4500
FACT03048,P02,95,350
FACT03048,P12,340,70
FACT03864,P05,417,45
FACT03864,P15,92,650
FACT03864,P03,237,8000
FACT03864,P10,354,20
FACT06243,P12,410,70
FACT06243,P14,143,450
FACT06243,P08,514,65
FACT06243,P10,597,20
FACT01503,P07,329,28
FACT01503,P20,459,2900
FACT01503,P09,301,18
FACT01503,P04,412,3500
FACT08446,P14,564,450
FACT08446,P07,280,28
FACT08446,P09,86,18
FACT08446,P19,224,3800
FACT01300,P15,424,650
FACT01300,P06,248,30
FACT01300,P10,109,20
FACT01300,P05,416,45
FACT01261,P03,22,8000
FACT01261,P15,104,650
FACT01261,P10,48,20
FACT01261,P08,75,65
FACT08074,P13,228,350
FACT08074,P08,295,65
FACT08074,P18,428,900
FACT08074,P11,80,55
FACT01407,P20,363,2900
FACT01407,P15,192,650
FACT01407,P02,201,350
FACT01407,P05,450,45
FACT08885,P14,398,450
FACT08885,P12,26,70
FACT08885,P07,386,28
FACT08885,P05,233,45
FACT05127,P05,203,45
FACT05127,P09,160,18
FACT05127,P20,237,2900
FACT05127,P11,15,55
FACT07306,P07,225,28
FACT07306,P16,218,800
FACT07306,P15,289,650
FACT07306,P12,16,70
FACT03869,P11,576,55
FACT03869,P14,86,450
FACT03869,P10,411,20
FACT03869,P01,166,4500
FACT08021,P14,10,450
FACT08021,P20,300,2900
FACT08021,P18,95,900
FACT08021,P02,18,350
FACT09088,P08,294,65
FACT09088,P13,147,350
FACT09088,P10,171,20
FACT09088,P19,157,3800
FACT01100,P01,496,4500
FACT01100,P11,516,55
FACT01100,P10,325,20
FACT01100,P07,261,28
FACT06411,P11,272,55
FACT06411,P05,215,45
FACT06411,P04,57,3500
FACT06411,P19,138,3800
FACT07351,P18,441,900
FACT07351,P02,381,350
FACT07351,P06,473,30
FACT07351,P01,417,4500
FACT01894,P06,519,30
FACT01894,P05,254,45
FACT01894,P15,43,650
FACT01894,P01,464,4500
FACT03074,P14,510,450
FACT03074,P11,451,55
FACT03074,P04,75,3500
FACT03074,P07,313,28
FACT04248,P02,92,350
FACT04248,P10,50,20
FACT04248,P03,466,8000
FACT04248,P18,477,900
FACT09250,P18,34,900
FACT09250,P08,591,65
FACT09250,P10,168,20
FACT09250,P15,91,650
FACT02850,P05,465,45
FACT02850,P07,87,28
FACT02850,P13,205,350
FACT02850,P04,161,3500
FACT07014,P03,477,8000
FACT07014,P19,434,3800
FACT07014,P14,531,450
FACT07014,P16,480,800
FACT05391,P02,37,350
FACT05391,P17,61,280
FACT05391,P10,313,20
FACT05391,P11,492,55
FACT05632,P15,415,650
FACT05632,P18,204,900
FACT05632,P09,278,18
FACT05632,P17,214,280
FACT08529,P04,562,3500
FACT08529,P11,541,55
FACT08529,P17,393,280
FACT08529,P14,218,450
FACT01909,P19,547,3800
FACT01909,P09,125,18
FACT01909,P12,475,70
FACT01909,P10,374,20
FACT08500,P15,200,650
FACT08500,P03,579,8000
FACT08500,P17,465,280
FACT08500,P18,319,900
FACT06555,P14,424,450
FACT06555,P10,500,20
FACT06555,P20,213,2900
FACT06555,P03,534,8000
FACT09971,P07,22,28
FACT09971,P15,538,650
FACT09971,P09,379,18
FACT09971,P06,133,30
FACT08373,P16,391,800
FACT08373,P01,163,4500
FACT08373,P17,567,280
FACT08373,P18,71,900
FACT08484,P15,231,650
FACT08484,P16,109,800
FACT08484,P12,571,70
FACT08484,P01,430,4500
FACT02255,P07,597,28
FACT02255,P12,446,70
FACT02255,P10,421,20
FACT02255,P18,386,900
FACT03664,P10,378,20
FACT03664,P13,97,350
FACT03664,P02,332,350
FACT03664,P15,276,650
FACT09218,P15,98,650
FACT09218,P07,255,28
FACT09218,P01,23,4500
FACT09218,P03,60,8000
FACT01568,P04,285,3500
FACT01568,P05,166,45
FACT01568,P14,192,450
FACT01568,P11,190,55
FACT04602,P17,446,280
FACT04602,P20,137,2900
FACT04602,P07,29,28
FACT04602,P18,388,900
FACT08870,P05,365,45
FACT08870,P10,411,20
FACT08870,P15,73,650
FACT08870,P11,85,55
FACT06595,P17,356,280
FACT06595,P01,21,4500
FACT06595,P02,530,350
FACT06595,P08,427,65
FACT00763,P11,485,55
FACT00763,P12,408,70
FACT00763,P05,379,45
FACT00763,P09,445,18
FACT09715,P15,343,650
FACT09715,P10,257,20
FACT09715,P05,354,45
FACT09715,P16,320,800
FACT08863,P11,365,55
FACT08863,P17,45,280
FACT08863,P19,599,3800
FACT08863,P13,132,350
FACT01463,P01,58,4500
FACT01463,P15,314,650
FACT01463,P04,372,3500
FACT01463,P13,571,350
FACT02018,P10,251,20
FACT02018,P03,67,8000
FACT02018,P11,499,55
FACT02018,P05,542,45
FACT01003,P09,509,18
FACT01003,P14,79,450
FACT01003,P15,399,650
FACT01003,P07,249,28
FACT05763,P14,187,450
FACT05763,P11,426,55
FACT05763,P08,491,65
FACT05763,P12,165,70
FACT04340,P05,243,45
FACT04340,P19,286,3800
FACT04340,P10,206,20
FACT04340,P15,159,650
FACT01587,P10,74,20
FACT01587,P14,250,450
FACT01587,P18,58,900
FACT01587,P17,346,280
FACT09618,P13,101,350
FACT09618,P15,30,650
FACT09618,P19,54,3800
FACT09618,P12,556,70
FACT09072,P08,110,65
FACT09072,P10,491,20
FACT09072,P07,179,28
FACT09072,P06,181,30
FACT05178,P03,101,8000
FACT05178,P16,62,800
FACT05178,P19,119,3800
FACT05178,P10,428,20
FACT05342,P16,48,800
FACT05342,P02,453,350
FACT05342,P19,352,3800
FACT05342,P15,350,650
FACT03632,P19,111,3800
FACT03632,P17,57,280
FACT03632,P12,14,70
FACT03632,P05,417,45
FACT08535,P16,550,800
FACT08535,P11,245,55
FACT08535,P12,384,70
FACT08535,P19,553,3800
FACT09579,P07,15,28
FACT09579,P20,328,2900
FACT09579,P13,153,350
FACT09579,P08,354,65
FACT07043,P14,319,450
FACT07043,P15,544,650
FACT07043,P05,197,45
FACT07043,P11,12,55
FACT02506,P15,421,650
FACT02506,P14,275,450
FACT02506,P19,466,3800
FACT02506,P08,505,65
FACT07755,P09,73,18
FACT07755,P01,140,4500
FACT07755,P19,535,3800
FACT07755,P15,365,650
FACT03145,P07,417,28
FACT03145,P10,200,20
FACT03145,P17,430,280
FACT03145,P18,307,900
FACT02585,P06,170,30
FACT02585,P02,263,350
FACT02585,P03,64,8000
FACT02585,P12,50,70
FACT09290,P20,225,2900
FACT09290,P04,352,3500
FACT09290,P10,529,20
FACT09290,P01,115,4500
FACT02796,P15,168,650
FACT02796,P05,203,45
FACT02796,P07,438,28
FACT02796,P14,267,450
FACT04684,P09,130,18
FACT04684,P08,389,65
FACT04684,P02,411,350
FACT04684,P20,378,2900
FACT04522,P09,144,18
FACT04522,P04,21,3500
FACT04522,P14,324,450
FACT04522,P15,264,650
FACT05748,P16,116,800
FACT05748,P09,582,18
FACT05748,P19,10,3800
FACT05748,P06,356,30
FACT07658,P15,19,650
FACT07658,P20,221,2900
FACT07658,P11,223,55
FACT07658,P03,185,8000
FACT05527,P01,478,4500
FACT05527,P13,404,350
FACT05527,P19,438,3800
FACT05527,P15,394,650
FACT06986,P07,380,28
FACT06986,P08,199,65
FACT06986,P16,136,800
FACT06986,P15,542,650
FACT01466,P01,277,4500
FACT01466,P13,27,350
FACT01466,P03,595,8000
FACT01466,P17,572,280
FACT02380,P15,513,650
FACT02380,P07,88,28
FACT02380,P03,409,8000
FACT02380,P16,60,800
FACT05426,P10,60,20
FACT05426,P13,276,350
FACT05426,P18,395,900
FACT05426,P03,471,8000
FACT06492,P20,278,2900
FACT06492,P09,582,18
FACT06492,P05,67,45
FACT06492,P06,526,30
FACT07324,P07,451,28
FACT07324,P19,565,3800
FACT07324,P11,192,55
FACT07324,P18,364,900
FACT07713,P16,259,800
FACT07713,P20,154,2900
FACT07713,P09,290,18
FACT07713,P05,329,45
FACT04997,P12,136,70
FACT04997,P11,139,55
FACT04997,P03,391,8000
FACT04997,P17,241,280
FACT05081,P02,114,350
FACT05081,P04,577,3500
FACT05081,P08,275,65
FACT05081,P05,402,45
FACT09826,P19,232,3800
FACT09826,P08,306,65
FACT09826,P05,425,45
FACT09826,P03,8,8000
FACT08034,P02,578,350
FACT08034,P01,228,4500
FACT08034,P13,439,350
FACT08034,P04,462,3500
FACT09045,P17,381,280
FACT09045,P03,439,8000
FACT09045,P12,188,70
FACT09045,P18,475,900
FACT05757,P09,52,18
FACT05757,P08,288,65
FACT05757,P20,98,2900
FACT05757,P19,557,3800
FACT01470,P15,566,650
FACT01470,P10,282,20
FACT01470,P13,54,350
FACT01470,P03,84,8000
FACT00564,P06,62,30
FACT00564,P13,512,350
FACT00564,P16,123,800
FACT00564,P15,39,650
FACT01632,P20,337,2900
FACT01632,P07,161,28
FACT01632,P04,201,3500
FACT01632,P12,166,70
FACT07694,P04,227,3500
FACT07694,P03,166,8000
FACT07694,P20,494,2900
FACT07694,P05,583,45
FACT05534,P03,515,8000
FACT05534,P14,268,450
FACT05534,P16,419,800
FACT05534,P06,225,30
FACT09299,P14,400,450
FACT09299,P20,169,2900
FACT09299,P04,293,3500
FACT09299,P07,52,28
FACT00087,P10,98,20
FACT00087,P05,387,45
FACT00087,P14,17,450
FACT00087,P12,416,70
FACT09210,P10,521,20
FACT09210,P15,201,650
FACT09210,P12,163,70
FACT09210,P07,562,28
FACT01517,P16,345,800
FACT01517,P10,478,20
FACT01517,P05,53,45
FACT01517,P17,82,280
FACT05411,P03,578,8000
FACT05411,P20,411,2900
FACT05411,P14,119,450
FACT05411,P11,443,55
FACT04721,P04,375,3500
FACT04721,P06,447,30
FACT04721,P13,486,350
FACT04721,P20,467,2900
FACT05254,P10,107,20
FACT05254,P18,355,900
FACT05254,P01,357,4500
FACT05254,P13,294,350
FACT09414,P05,516,45
FACT09414,P16,444,800
FACT09414,P08,267,65
FACT09414,P09,182,18
FACT07918,P02,55,350
FACT07918,P05,166,45
FACT07918,P19,245,3800
FACT07918,P07,274,28
FACT08975,P02,61,350
FACT08975,P12,270,70
FACT08975,P01,498,4500
FACT08975,P06,19,30
FACT02319,P08,396,65
FACT02319,P20,201,2900
FACT02319,P16,553,800
FACT02319,P11,328,55
FACT01212,P02,16,350
FACT01212,P18,382,900
FACT01212,P19,532,3800
FACT01212,P03,340,8000
FACT06778,P08,472,65
FACT06778,P10,402,20
FACT06778,P07,560,28
FACT06778,P13,573,350
FACT08532,P19,436,3800
FACT08532,P20,235,2900
FACT08532,P01,504,4500
FACT08532,P04,254,3500
FACT08070,P15,340,650
FACT08070,P18,50,900
FACT08070,P17,91,280
FACT08070,P08,311,65
FACT07613,P09,333,18
FACT07613,P07,31,28
FACT07613,P10,590,20
FACT07613,P04,360,3500
FACT02937,P02,406,350
FACT02937,P05,460,45
FACT02937,P01,538,4500
FACT02937,P16,49,800
FACT01369,P11,581,55
FACT01369,P04,248,3500
FACT01369,P06,319,30
FACT01369,P13,83,350
FACT07318,P05,548,45
FACT07318,P19,38,3800
FACT07318,P07,311,28
FACT07318,P10,551,20
FACT09348,P11,168,55
FACT09348,P03,343,8000
FACT09348,P07,540,28
FACT09348,P02,421,350
FACT01504,P07,263,28
FACT01504,P12,153,70
FACT01504,P06,187,30
FACT01504,P03,259,8000
FACT01090,P08,590,65
FACT01090,P07,50,28
FACT01090,P19,346,3800
FACT01090,P01,285,4500
FACT02578,P05,230,45
FACT02578,P17,429,280
FACT02578,P09,399,18
FACT02578,P08,275,65
FACT06055,P04,37,3500
FACT06055,P03,568,8000
FACT06055,P01,72,4500
FACT06055,P10,517,20
FACT06852,P19,38,3800
FACT06852,P16,554,800
FACT06852,P05,213,45
FACT06852,P10,318,20
FACT05526,P04,485,3500
FACT05526,P03,418,8000
FACT05526,P07,132,28
FACT05526,P12,526,70
FACT05111,P19,36,3800
FACT05111,P20,86,2900
FACT05111,P02,118,350
FACT05111,P14,105,450
FACT03780,P01,313,4500
FACT03780,P05,404,45
FACT03780,P19,538,3800
FACT03780,P04,62,3500
FACT07500,P13,352,350
FACT07500,P17,475,280
FACT07500,P09,225,18
FACT07500,P20,416,2900
FACT03480,P17,591,280
FACT03480,P10,52,20
FACT03480,P19,419,3800
FACT03480,P14,101,450
FACT07952,P10,229,20
FACT07952,P04,368,3500
FACT07952,P03,19,8000
FACT07952,P08,377,65
FACT01726,P13,281,350
FACT01726,P09,555,18
FACT01726,P17,14,280
FACT01726,P07,421,28
FACT09296,P20,240,2900
FACT09296,P02,378,350
FACT09296,P07,91,28
FACT09296,P14,288,450
FACT03283,P11,460,55
FACT03283,P13,420,350
FACT03283,P02,24,350
FACT03283,P08,48,65
FACT02724,P12,440,70
FACT02724,P15,135,650
FACT02724,P18,245,900
FACT02724,P04,419,3500
FACT08978,P16,152,800
FACT08978,P19,529,3800
FACT08978,P03,278,8000
FACT08978,P11,401,55
FACT06676,P07,348,28
FACT06676,P20,30,2900
FACT06676,P12,590,70
FACT06676,P01,223,4500
FACT07088,P04,68,3500
FACT07088,P09,534,18
FACT07088,P11,224,55
FACT07088,P13,236,350
FACT07121,P12,443,70
FACT07121,P05,99,45
FACT07121,P04,91,3500
FACT07121,P20,106,2900
FACT09621,P12,462,70
FACT09621,P03,47,8000
FACT09621,P04,303,3500
FACT09621,P13,227,350
FACT03121,P09,276,18
FACT03121,P10,127,20
FACT03121,P05,478,45
FACT03121,P12,331,70
FACT00741,P03,27,8000
FACT00741,P08,136,65
FACT00741,P16,339,800
FACT00741,P15,379,650
FACT09018,P12,56,70
FACT09018,P04,168,3500
FACT09018,P07,95,28
FACT09018,P14,91,450
FACT01901,P10,82,20
FACT01901,P14,562,450
FACT01901,P09,555,18
FACT01901,P01,38,4500
FACT08943,P03,323,8000
FACT08943,P01,148,4500
FACT08943,P15,596,650
FACT08943,P05,293,45
FACT05636,P03,458,8000
FACT05636,P17,211,280
FACT05636,P09,477,18
FACT05636,P18,328,900
FACT01218,P14,115,450
FACT01218,P02,107,350
FACT01218,P03,139,8000
FACT01218,P04,200,3500
FACT06912,P03,442,8000
FACT06912,P18,587,900
FACT06912,P09,255,18
FACT06912,P15,422,650
FACT08255,P03,220,8000
FACT08255,P02,553,350
FACT08255,P07,600,28
FACT08255,P17,235,280
FACT08103,P10,328,20
FACT08103,P16,431,800
FACT08103,P20,244,2900
FACT08103,P01,69,4500
FACT07831,P08,192,65
FACT07831,P07,150,28
FACT07831,P04,493,3500
FACT07831,P11,303,55
FACT00543,P10,502,20
FACT00543,P07,437,28
FACT00543,P19,537,3800
FACT00543,P12,354,70
FACT06650,P08,165,65
FACT06650,P03,509,8000
FACT06650,P10,505,20
FACT06650,P04,463,3500
FACT06116,P19,357,3800
FACT06116,P03,474,8000
FACT06116,P20,332,2900
FACT06116,P05,101,45
FACT09416,P15,479,650
FACT09416,P02,533,350
FACT09416,P18,327,900
FACT09416,P07,588,28
FACT07905,P09,453,18
FACT07905,P12,326,70
FACT07905,P14,200,450
FACT07905,P04,25,3500
FACT04196,P01,394,4500
FACT04196,P05,36,45
FACT04196,P08,158,65
FACT04196,P14,392,450
FACT03087,P20,386,2900
FACT03087,P03,361,8000
FACT03087,P13,266,350
FACT03087,P01,99,4500
FACT07172,P01,463,4500
FACT07172,P06,522,30
FACT07172,P09,136,18
FACT07172,P14,298,450
FACT08104,P07,354,28
FACT08104,P09,252,18
FACT08104,P10,58,20
FACT08104,P04,210,3500
FACT02816,P07,90,28
FACT02816,P06,502,30
FACT02816,P13,44,350
FACT02816,P02,208,350
FACT04410,P02,108,350
FACT04410,P16,279,800
FACT04410,P08,365,65
FACT04410,P04,110,3500
FACT08076,P16,162,800
FACT08076,P17,187,280
FACT08076,P08,461,65
FACT08076,P14,236,450
FACT07366,P01,121,4500
FACT07366,P14,472,450
FACT07366,P13,155,350
FACT07366,P08,453,65
FACT04613,P02,243,350
FACT04613,P10,58,20
FACT04613,P17,451,280
FACT04613,P07,256,28
FACT05387,P01,75,4500
FACT05387,P17,310,280
FACT05387,P07,155,28
FACT05387,P05,172,45
FACT00105,P12,511,70
FACT00105,P08,149,65
FACT00105,P16,207,800
FACT00105,P07,85,28
FACT05496,P05,286,45
FACT05496,P08,543,65
FACT05496,P18,8,900
FACT05496,P11,266,55
FACT00925,P14,419,450
FACT00925,P06,482,30
FACT00925,P18,567,900
FACT00925,P08,82,65
FACT02797,P09,444,18
FACT02797,P04,250,3500
FACT02797,P05,281,45
FACT02797,P12,528,70
FACT02158,P08,571,65
FACT02158,P19,102,3800
FACT02158,P17,443,280
FACT02158,P16,125,800
FACT01393,P17,277,280
FACT01393,P16,393,800
FACT01393,P15,578,650
FACT01393,P13,553,350
FACT03771,P16,547,800
FACT03771,P08,311,65
FACT03771,P03,300,8000
FACT03771,P17,53,280
FACT05473,P16,296,800
FACT05473,P09,339,18
FACT05473,P15,195,650
FACT05473,P10,438,20
FACT05233,P10,530,20
FACT05233,P05,464,45
FACT05233,P11,258,55
FACT05233,P12,107,70
FACT02951,P18,561,900
FACT02951,P06,416,30
FACT02951,P11,267,55
FACT02951,P16,507,800
FACT00433,P02,83,350
FACT00433,P14,155,450
FACT00433,P08,549,65
FACT00433,P06,23,30
FACT05503,P10,433,20
FACT05503,P05,572,45
FACT05503,P18,102,900
FACT05503,P11,104,55
FACT02441,P11,253,55
FACT02441,P09,228,18
FACT02441,P14,315,450
FACT02441,P20,201,2900
FACT03314,P15,46,650
FACT03314,P01,480,4500
FACT03314,P07,431,28
FACT03314,P11,90,55
FACT07682,P19,319,3800
FACT07682,P14,77,450
FACT07682,P16,352,800
FACT07682,P06,493,30
FACT01339,P13,147,350
FACT01339,P03,127,8000
FACT01339,P12,336,70
FACT01339,P14,494,450
FACT00826,P02,297,350
FACT00826,P14,222,450
FACT00826,P05,140,45
FACT00826,P08,556,65
FACT01399,P13,499,350
FACT01399,P06,23,30
FACT01399,P11,172,55
FACT01399,P17,483,280
FACT05265,P14,574,450
FACT05265,P15,172,650
FACT05265,P18,598,900
FACT05265,P11,426,55
FACT00189,P02,455,350
FACT00189,P11,372,55
FACT00189,P10,337,20
FACT00189,P07,140,28
FACT09966,P05,256,45
FACT09966,P14,322,450
FACT09966,P04,410,3500
FACT09966,P11,102,55
FACT01237,P15,121,650
FACT01237,P18,373,900
FACT01237,P04,338,3500
FACT01237,P07,48,28
FACT01931,P02,64,350
FACT01931,P15,411,650
FACT01931,P19,357,3800
FACT01931,P18,599,900
FACT00197,P06,489,30
FACT00197,P17,339,280
FACT00197,P15,324,650
FACT00197,P14,63,450
FACT00782,P02,447,350
FACT00782,P04,500,3500
FACT00782,P11,217,55
FACT00782,P06,436,30
FACT07889,P10,426,20
FACT07889,P06,371,30
FACT07889,P11,583,55
FACT07889,P18,339,900
FACT04860,P18,552,900
FACT04860,P01,183,4500
FACT04860,P07,282,28
FACT04860,P17,514,280
FACT03300,P15,12,650
FACT03300,P16,593,800
FACT03300,P05,54,45
FACT03300,P07,527,28
FACT03117,P12,530,70
FACT03117,P19,115,3800
FACT03117,P05,458,45
FACT03117,P10,557,20
FACT01733,P04,164,3500
FACT01733,P13,255,350
FACT01733,P02,323,350
FACT01733,P05,383,45
FACT06244,P04,51,3500
FACT06244,P10,575,20
FACT06244,P17,404,280
FACT06244,P11,479,55
FACT08875,P05,538,45
FACT08875,P08,35,65
FACT08875,P03,268,8000
FACT08875,P06,23,30
FACT08259,P10,422,20
FACT08259,P20,348,2900
FACT08259,P06,232,30
FACT08259,P14,197,450
FACT04259,P08,463,65
FACT04259,P04,327,3500
FACT04259,P17,451,280
FACT04259,P02,380,350
FACT02766,P20,87,2900
FACT02766,P03,596,8000
FACT02766,P02,554,350
FACT02766,P16,342,800
FACT04637,P05,222,45
FACT04637,P07,298,28
FACT04637,P12,457,70
FACT04637,P10,442,20
FACT09925,P17,465,280
FACT09925,P20,23,2900
FACT09925,P08,375,65
FACT09925,P16,221,800
FACT08985,P14,53,450
FACT08985,P09,41,18
FACT08985,P11,381,55
FACT08985,P18,380,900
FACT00901,P08,174,65
FACT00901,P01,265,4500
FACT00901,P05,571,45
FACT00901,P19,104,3800
FACT02745,P19,314,3800
FACT02745,P18,547,900
FACT02745,P09,436,18
FACT02745,P08,462,65
FACT05414,P06,408,30
FACT05414,P12,177,70
FACT05414,P03,159,8000
FACT05414,P20,321,2900
FACT02512,P17,173,280
FACT02512,P15,64,650
FACT02512,P03,558,8000
FACT02512,P07,29,28
FACT01678,P07,314,28
FACT01678,P20,353,2900
FACT01678,P14,91,450
FACT01678,P12,121,70
FACT02743,P11,300,55
FACT02743,P08,75,65
FACT02743,P02,536,350
FACT02743,P14,61,450
FACT01159,P16,228,800
FACT01159,P17,12,280
FACT01159,P19,575,3800
FACT01159,P10,526,20
FACT04819,P13,402,350
FACT04819,P05,591,45
FACT04819,P06,366,30
FACT04819,P18,341,900
FACT03376,P20,527,2900
FACT03376,P12,75,70
FACT03376,P10,67,20
FACT03376,P13,32,350
FACT04325,P05,16,45
FACT04325,P14,385,450
FACT04325,P19,539,3800
FACT04325,P01,109,4500
FACT01164,P20,235,2900
FACT01164,P15,209,650
FACT01164,P12,492,70
FACT01164,P05,374,45
FACT01002,P08,275,65
FACT01002,P14,314,450
FACT01002,P02,405,350
FACT01002,P16,401,800
FACT07217,P20,101,2900
FACT07217,P07,459,28
FACT07217,P05,546,45
FACT07217,P16,240,800
FACT08799,P03,183,8000
FACT08799,P06,79,30
FACT08799,P20,110,2900
FACT08799,P17,92,280
FACT06073,P15,299,650
FACT06073,P04,248,3500
FACT06073,P18,318,900
FACT06073,P13,139,350
FACT03982,P11,182,55
FACT03982,P04,338,3500
FACT03982,P16,314,800
FACT03982,P07,574,28
FACT00677,P18,417,900
FACT00677,P03,128,8000
FACT00677,P20,454,2900
FACT00677,P02,148,350
FACT00383,P08,6,65
FACT00383,P13,250,350
FACT00383,P20,60,2900
FACT00383,P14,280,450
FACT08369,P07,440,28
FACT08369,P17,272,280
FACT08369,P20,267,2900
FACT08369,P11,22,55
FACT04060,P03,455,8000
FACT04060,P08,11,65
FACT04060,P09,543,18
FACT04060,P02,444,350
FACT07032,P02,552,350
FACT07032,P19,204,3800
FACT07032,P05,568,45
FACT07032,P15,565,650
FACT07518,P12,438,70
FACT07518,P03,16,8000
FACT07518,P07,415,28
FACT07518,P13,461,350
FACT07132,P16,240,800
FACT07132,P03,220,8000
FACT07132,P11,7,55
FACT07132,P14,79,450
FACT08621,P04,69,3500
FACT08621,P01,45,4500
FACT08621,P16,153,800
FACT08621,P11,591,55
FACT04307,P12,374,70
FACT04307,P02,537,350
FACT04307,P10,337,20
FACT04307,P18,525,900
FACT03679,P16,276,800
FACT03679,P14,85,450
FACT03679,P03,565,8000
FACT03679,P20,257,2900
FACT01500,P19,102,3800
FACT01500,P08,158,65
FACT01500,P16,314,800
FACT01500,P11,209,55
FACT08619,P01,151,4500
FACT08619,P06,116,30
FACT08619,P04,29,3500
FACT08619,P15,98,650
FACT08999,P14,575,450
FACT08999,P19,548,3800
FACT08999,P05,112,45
FACT08999,P11,495,55
FACT02909,P07,408,28
FACT02909,P14,206,450
FACT02909,P12,159,70
FACT02909,P10,331,20
FACT05192,P09,158,18
FACT05192,P01,337,4500
FACT05192,P12,326,70
FACT05192,P20,347,2900
FACT07772,P04,501,3500
FACT07772,P09,44,18
FACT07772,P06,409,30
FACT07772,P17,596,280
FACT04404,P13,536,350
FACT04404,P08,94,65
FACT04404,P19,111,3800
FACT04404,P04,524,3500
FACT01044,P13,436,350
FACT01044,P07,406,28
FACT01044,P09,560,18
FACT01044,P08,420,65
FACT00863,P01,540,4500
FACT00863,P13,335,350
FACT00863,P17,518,280
FACT00863,P08,452,65
FACT06051,P10,519,20
FACT06051,P11,215,55
FACT06051,P02,33,350
FACT06051,P16,322,800
FACT04351,P06,314,30
FACT04351,P08,224,65
FACT04351,P09,292,18
FACT04351,P03,452,8000
FACT03075,P15,358,650
FACT03075,P10,493,20
FACT03075,P01,223,4500
FACT03075,P06,52,30
FACT09121,P02,546,350
FACT09121,P05,424,45
FACT09121,P01,425,4500
FACT09121,P14,190,450
FACT04393,P05,468,45
FACT04393,P16,136,800
FACT04393,P18,260,900
FACT04393,P02,285,350
FACT07383,P05,189,45
FACT07383,P16,554,800
FACT07383,P09,500,18
FACT07383,P11,353,55
FACT03269,P13,83,350
FACT03269,P03,537,8000
FACT03269,P14,55,450
FACT03269,P12,519,70
FACT00047,P12,503,70
FACT00047,P19,438,3800
FACT00047,P11,63,55
FACT00047,P06,331,30
FACT06883,P02,170,350
FACT06883,P10,106,20
FACT06883,P18,413,900
FACT06883,P03,317,8000
FACT07491,P20,168,2900
FACT07491,P10,176,20
FACT07491,P07,30,28
FACT07491,P12,16,70
FACT01467,P08,377,65
FACT01467,P18,412,900
FACT01467,P15,538,650
FACT01467,P13,178,350
FACT07979,P02,214,350
FACT07979,P11,478,55
FACT07979,P15,581,650
FACT07979,P01,20,4500
FACT02997,P06,245,30
FACT02997,P19,327,3800
FACT02997,P04,463,3500
FACT02997,P20,164,2900
FACT05708,P10,495,20
FACT05708,P02,94,350
FACT05708,P05,185,45
FACT05708,P20,262,2900
FACT01900,P14,489,450
FACT01900,P18,69,900
FACT01900,P13,80,350
FACT01900,P06,191,30
FACT05848,P16,329,800
FACT05848,P01,482,4500
FACT05848,P11,551,55
FACT05848,P15,301,650
FACT01058,P02,486,350
FACT01058,P09,280,18
FACT01058,P15,396,650
FACT01058,P19,522,3800
FACT07453,P20,545,2900
FACT07453,P07,457,28
FACT07453,P19,403,3800
FACT07453,P18,167,900
FACT02147,P11,109,55
FACT02147,P10,493,20
FACT02147,P03,344,8000
FACT02147,P14,279,450
FACT06694,P11,43,55
FACT06694,P05,211,45
FACT06694,P17,319,280
FACT06694,P06,241,30
FACT01754,P03,260,8000
FACT01754,P09,556,18
FACT01754,P04,598,3500
FACT01754,P10,332,20
FACT06983,P03,347,8000
FACT06983,P12,447,70
FACT06983,P17,436,280
FACT06983,P04,55,3500
FACT08693,P20,263,2900
FACT08693,P07,158,28
FACT08693,P10,177,20
FACT08693,P14,571,450
FACT04770,P03,600,8000
FACT04770,P13,86,350
FACT04770,P16,45,800
FACT04770,P06,392,30
FACT09523,P02,503,350
FACT09523,P06,424,30
FACT09523,P16,365,800
FACT09523,P11,257,55
FACT01956,P14,419,450
FACT01956,P03,246,8000
FACT01956,P16,574,800
FACT01956,P04,509,3500
FACT08768,P02,47,350
FACT08768,P16,182,800
FACT08768,P05,259,45
FACT08768,P03,319,8000
FACT00952,P15,565,650
FACT00952,P14,115,450
FACT00952,P20,257,2900
FACT00952,P09,466,18
FACT08567,P05,591,45
FACT08567,P19,77,3800
FACT08567,P11,349,55
FACT08567,P14,66,450
FACT00541,P02,271,350
FACT00541,P06,47,30
FACT00541,P19,495,3800
FACT00541,P13,242,350
FACT02271,P09,476,18
FACT02271,P16,536,800
FACT02271,P17,598,280
FACT02271,P03,585,8000
FACT08022,P02,33,350
FACT08022,P16,195,800
FACT08022,P04,174,3500
FACT08022,P18,233,900
FACT00076,P20,186,2900
FACT00076,P08,264,65
FACT00076,P06,40,30
FACT00076,P10,346,20
FACT06990,P10,439,20
FACT06990,P11,550,55
FACT06990,P17,473,280
FACT06990,P02,411,350
FACT05226,P08,83,65
FACT05226,P11,452,55
FACT05226,P12,306,70
FACT05226,P18,519,900
FACT09058,P17,595,280
FACT09058,P12,187,70
FACT09058,P16,196,800
FACT09058,P04,529,3500
FACT08422,P12,157,70
FACT08422,P06,175,30
FACT08422,P18,514,900
FACT08422,P03,528,8000
FACT05068,P13,186,350
FACT05068,P11,219,55
FACT05068,P15,277,650
FACT05068,P19,214,3800
FACT02940,P18,166,900
FACT02940,P10,366,20
FACT02940,P12,299,70
FACT02940,P09,592,18
FACT06879,P16,16,800
FACT06879,P13,558,350
FACT06879,P02,499,350
FACT06879,P12,230,70
FACT00012,P04,575,3500
FACT00012,P08,472,65
FACT00012,P19,278,3800
FACT00012,P18,234,900
FACT02577,P20,74,2900
FACT02577,P02,323,350
FACT02577,P13,120,350
FACT02577,P11,328,55
FACT07738,P06,196,30
FACT07738,P03,281,8000
FACT07738,P01,185,4500
FACT07738,P20,497,2900
FACT07095,P17,347,280
FACT07095,P05,378,45
FACT07095,P20,206,2900
FACT07095,P15,445,650
FACT00607,P15,179,650
FACT00607,P03,317,8000
FACT00607,P10,368,20
FACT00607,P01,280,4500
FACT03922,P13,66,350
FACT03922,P09,549,18
FACT03922,P07,275,28
FACT03922,P16,74,800
FACT07164,P06,297,30
FACT07164,P13,318,350
FACT07164,P02,132,350
FACT07164,P05,285,45
FACT08751,P19,322,3800
FACT08751,P14,338,450
FACT08751,P20,30,2900
FACT08751,P15,424,650
FACT00126,P07,353,28
FACT00126,P17,338,280
FACT00126,P10,199,20
FACT00126,P01,354,4500
FACT06463,P08,89,65
FACT06463,P02,304,350
FACT06463,P11,14,55
FACT06463,P13,559,350
FACT06882,P13,480,350
FACT06882,P10,363,20
FACT06882,P18,155,900
FACT06882,P12,354,70
FACT00345,P04,370,3500
FACT00345,P01,273,4500
FACT00345,P03,596,8000
FACT00345,P17,403,280
FACT02931,P07,167,28
FACT02931,P03,411,8000
FACT02931,P06,65,30
FACT02931,P02,90,350
FACT02063,P04,506,3500
FACT02063,P20,521,2900
FACT02063,P08,409,65
FACT02063,P14,235,450
FACT06699,P12,544,70
FACT06699,P02,168,350
FACT06699,P17,561,280
FACT06699,P08,209,65
FACT03523,P03,155,8000
FACT03523,P19,27,3800
FACT03523,P02,44,350
FACT03523,P09,448,18
FACT06096,P04,531,3500
FACT06096,P19,152,3800
FACT06096,P05,567,45
FACT06096,P10,307,20
FACT08939,P02,592,350
FACT08939,P20,466,2900
FACT08939,P06,533,30
FACT08939,P09,429,18
FACT05745,P06,380,30
FACT05745,P07,67,28
FACT05745,P10,203,20
FACT05745,P03,285,8000
FACT07215,P13,217,350
FACT07215,P20,110,2900
FACT07215,P06,505,30
FACT07215,P16,372,800
FACT01551,P15,131,650
FACT01551,P03,596,8000
FACT01551,P12,323,70
FACT01551,P18,398,900
FACT08796,P19,28,3800
FACT08796,P14,289,450
FACT08796,P02,144,350
FACT08796,P07,410,28
FACT03623,P01,38,4500
FACT03623,P11,192,55
FACT03623,P15,329,650
FACT03623,P12,197,70
FACT01951,P20,573,2900
FACT01951,P03,156,8000
FACT01951,P18,479,900
FACT01951,P16,501,800
FACT09056,P19,595,3800
FACT09056,P18,247,900
FACT09056,P08,488,65
FACT09056,P16,287,800
FACT00714,P03,199,8000
FACT00714,P09,215,18
FACT00714,P13,596,350
FACT00714,P06,15,30
FACT09093,P13,344,350
FACT09093,P17,364,280
FACT09093,P12,318,70
FACT09093,P05,154,45
FACT05513,P18,594,900
FACT05513,P08,123,65
FACT05513,P13,193,350
FACT05513,P10,530,20
FACT05182,P03,259,8000
FACT05182,P12,455,70
FACT05182,P07,143,28
FACT05182,P14,189,450
FACT07878,P06,181,30
FACT07878,P11,97,55
FACT07878,P07,339,28
FACT07878,P04,41,3500
FACT08303,P13,413,350
FACT08303,P03,329,8000
FACT08303,P02,352,350
FACT08303,P20,178,2900
FACT08720,P14,359,450
FACT08720,P02,99,350
FACT08720,P16,473,800
FACT08720,P15,65,650
FACT02888,P06,7,30
FACT02888,P05,161,45
FACT02888,P18,137,900
FACT02888,P20,300,2900
FACT04064,P12,54,70
FACT04064,P10,400,20
FACT04064,P05,72,45
FACT04064,P17,196,280
FACT04012,P09,507,18
FACT04012,P20,254,2900
FACT04012,P05,83,45
FACT04012,P08,458,65
FACT07348,P09,13,18
FACT07348,P18,499,900
FACT07348,P05,64,45
FACT07348,P07,92,28
FACT07454,P13,200,350
FACT07454,P17,275,280
FACT07454,P14,319,450
FACT07454,P19,522,3800
FACT03470,P12,444,70
FACT03470,P04,454,3500
FACT03470,P16,316,800
FACT03470,P14,382,450
FACT05006,P08,69,65
FACT05006,P01,517,4500
FACT05006,P20,255,2900
FACT05006,P10,17,20
FACT02153,P18,514,900
FACT02153,P10,172,20
FACT02153,P17,47,280
FACT02153,P11,394,55
FACT04930,P15,564,650
FACT04930,P07,549,28
FACT04930,P14,561,450
FACT04930,P01,520,4500
FACT00514,P06,589,30
FACT00514,P08,212,65
FACT00514,P02,196,350
FACT00514,P17,584,280
FACT04670,P12,569,70
FACT04670,P06,423,30
FACT04670,P04,217,3500
FACT04670,P01,492,4500
FACT01750,P20,103,2900
FACT01750,P05,495,45
FACT01750,P15,365,650
FACT01750,P03,489,8000
FACT02987,P05,552,45
FACT02987,P17,24,280
FACT02987,P03,186,8000
FACT02987,P19,335,3800
FACT03986,P08,115,65
FACT03986,P17,532,280
FACT03986,P05,572,45
FACT03986,P01,418,4500
FACT00989,P09,213,18
FACT00989,P19,519,3800
FACT00989,P04,17,3500
FACT00989,P18,130,900
FACT09082,P17,515,280
FACT09082,P02,157,350
FACT09082,P11,479,55
FACT09082,P07,446,28
FACT03159,P11,536,55
FACT03159,P20,275,2900
FACT03159,P16,185,800
FACT03159,P06,539,30
FACT09599,P03,69,8000
FACT09599,P16,50,800
FACT09599,P06,260,30
FACT09599,P14,379,450
FACT05862,P01,103,4500
FACT05862,P13,89,350
FACT05862,P10,585,20
FACT05862,P06,460,30
FACT04792,P10,278,20
FACT04792,P09,599,18
FACT04792,P16,171,800
FACT04792,P15,257,650
FACT06709,P20,511,2900
FACT06709,P15,123,650
FACT06709,P07,553,28
FACT06709,P13,377,350
FACT02609,P19,279,3800
FACT02609,P13,291,350
FACT02609,P01,248,4500
FACT02609,P03,338,8000
FACT04475,P13,68,350
FACT04475,P15,18,650
FACT04475,P20,549,2900
FACT04475,P19,447,3800
FACT00838,P16,299,800
FACT00838,P11,46,55
FACT00838,P15,296,650
FACT00838,P01,364,4500
FACT07679,P15,569,650
FACT07679,P20,14,2900
FACT07679,P06,39,30
FACT07679,P07,9,28
FACT06932,P14,577,450
FACT06932,P19,51,3800
FACT06932,P03,393,8000
FACT06932,P05,282,45
FACT06865,P16,129,800
FACT06865,P20,78,2900
FACT06865,P01,277,4500
FACT06865,P13,77,350
FACT00425,P05,464,45
FACT00425,P11,517,55
FACT00425,P16,204,800
FACT00425,P06,24,30
FACT08168,P04,157,3500
FACT08168,P17,311,280
FACT08168,P12,460,70
FACT08168,P02,444,350
FACT05204,P05,409,45
FACT05204,P18,444,900
FACT05204,P19,507,3800
FACT05204,P17,50,280
FACT00064,P02,579,350
FACT00064,P14,382,450
FACT00064,P05,440,45
FACT00064,P17,374,280
FACT09150,P13,172,350
FACT09150,P02,247,350
FACT09150,P06,189,30
FACT09150,P11,89,55
FACT07102,P04,173,3500
FACT07102,P08,366,65
FACT07102,P12,179,70
FACT07102,P15,200,650
FACT00220,P04,432,3500
FACT00220,P06,271,30
FACT00220,P12,136,70
FACT00220,P16,546,800
FACT00536,P07,365,28
FACT00536,P15,282,650
FACT00536,P09,93,18
FACT00536,P12,175,70
FACT07987,P01,571,4500
FACT07987,P20,48,2900
FACT07987,P03,505,8000
FACT07987,P11,121,55
FACT09504,P08,549,65
FACT09504,P10,49,20
FACT09504,P15,64,650
FACT09504,P02,197,350
FACT07753,P11,573,55
FACT07753,P03,303,8000
FACT07753,P07,327,28
FACT07753,P17,369,280
FACT01437,P14,21,450
FACT01437,P16,596,800
FACT01437,P19,159,3800
FACT01437,P18,582,900
FACT04658,P08,118,65
FACT04658,P18,231,900
FACT04658,P20,308,2900
FACT04658,P07,50,28
FACT09009,P07,358,28
FACT09009,P08,561,65
FACT09009,P01,293,4500
FACT09009,P02,505,350
FACT05569,P06,242,30
FACT05569,P01,540,4500
FACT05569,P18,151,900
FACT05569,P09,317,18
FACT07882,P17,370,280
FACT07882,P18,181,900
FACT07882,P09,378,18
FACT07882,P08,257,65
FACT02193,P08,539,65
FACT02193,P06,70,30
FACT02193,P18,406,900
FACT02193,P01,84,4500
FACT03624,P02,88,350
FACT03624,P10,70,20
FACT03624,P13,228,350
FACT03624,P15,436,650
FACT00950,P01,264,4500
FACT00950,P09,480,18
FACT00950,P19,427,3800
FACT00950,P10,561,20
FACT05098,P15,361,650
FACT05098,P02,600,350
FACT05098,P09,530,18
FACT05098,P08,99,65
FACT08407,P17,413,280
FACT08407,P05,259,45
FACT08407,P15,228,650
FACT08407,P01,346,4500
FACT07061,P19,243,3800
FACT07061,P13,533,350
FACT07061,P09,191,18
FACT07061,P01,307,4500
FACT00068,P18,323,900
FACT00068,P03,525,8000
FACT00068,P04,273,3500
FACT00068,P19,233,3800
FACT01306,P14,186,450
FACT01306,P05,534,45
FACT01306,P18,72,900
FACT01306,P06,272,30
FACT02834,P02,95,350
FACT02834,P03,309,8000
FACT02834,P12,531,70
FACT02834,P07,247,28
FACT05118,P03,45,8000
FACT05118,P11,375,55
FACT05118,P18,429,900
FACT05118,P19,382,3800
FACT05795,P05,169,45
FACT05795,P17,73,280
FACT05795,P19,226,3800
FACT05795,P07,140,28
FACT03382,P10,19,20
FACT03382,P14,128,450
FACT03382,P13,595,350
FACT03382,P09,419,18
FACT00185,P06,40,30
FACT00185,P17,142,280
FACT00185,P11,275,55
FACT00185,P05,506,45
FACT02403,P06,419,30
FACT02403,P08,39,65
FACT02403,P14,146,450
FACT02403,P11,477,55
FACT00666,P05,364,45
FACT00666,P01,522,4500
FACT00666,P03,58,8000
FACT00666,P13,494,350
FACT08058,P01,370,4500
FACT08058,P11,90,55
FACT08058,P18,558,900
FACT08058,P08,244,65
FACT06185,P09,101,18
FACT06185,P07,442,28
FACT06185,P11,518,55
FACT06185,P20,402,2900
FACT07655,P20,397,2900
FACT07655,P03,375,8000
FACT07655,P02,449,350
FACT07655,P09,476,18
FACT06284,P18,590,900
FACT06284,P07,93,28
FACT06284,P14,228,450
FACT06284,P16,344,800
FACT04945,P05,141,45
FACT04945,P16,366,800
FACT04945,P01,500,4500
FACT04945,P20,280,2900
FACT09352,P03,498,8000
FACT09352,P17,197,280
FACT09352,P02,516,350
FACT09352,P10,242,20
FACT07686,P11,522,55
FACT07686,P17,535,280
FACT07686,P19,259,3800
FACT07686,P14,376,450
FACT05488,P01,14,4500
FACT05488,P02,512,350
FACT05488,P07,478,28
FACT05488,P15,527,650
FACT05100,P05,561,45
FACT05100,P08,176,65
FACT05100,P12,107,70
FACT05100,P02,258,350
FACT09197,P19,471,3800
FACT09197,P01,107,4500
FACT09197,P20,476,2900
FACT09197,P10,211,20
FACT01452,P04,476,3500
FACT01452,P14,521,450
FACT01452,P08,492,65
FACT01452,P13,18,350
FACT04681,P16,565,800
FACT04681,P08,596,65
FACT04681,P13,24,350
FACT04681,P19,110,3800
FACT05349,P10,129,20
FACT05349,P19,304,3800
FACT05349,P15,117,650
FACT05349,P08,552,65
FACT04287,P10,592,20
FACT04287,P13,579,350
FACT04287,P04,133,3500
FACT04287,P18,420,900
FACT05541,P11,327,55
FACT05541,P12,97,70
FACT05541,P18,113,900
FACT05541,P04,500,3500
FACT05829,P01,280,4500
FACT05829,P12,511,70
FACT05829,P19,95,3800
FACT05829,P18,31,900
FACT00930,P18,536,900
FACT00930,P03,372,8000
FACT00930,P02,504,350
FACT00930,P12,209,70
FACT09806,P20,528,2900
FACT09806,P08,126,65
FACT09806,P11,422,55
FACT09806,P02,150,350
FACT03177,P11,236,55
FACT03177,P13,455,350
FACT03177,P17,456,280
FACT03177,P04,90,3500
FACT05290,P08,15,65
FACT05290,P14,401,450
FACT05290,P18,204,900
FACT05290,P05,573,45
FACT01338,P13,192,350
FACT01338,P03,568,8000
FACT01338,P12,401,70
FACT01338,P18,94,900
FACT01167,P07,537,28
FACT01167,P16,286,800
FACT01167,P03,125,8000
FACT01167,P19,562,3800
FACT01309,P08,20,65
FACT01309,P12,220,70
FACT01309,P10,192,20
FACT01309,P15,306,650
FACT07218,P14,29,450
FACT07218,P11,405,55
FACT07218,P15,143,650
FACT07218,P13,313,350
FACT00324,P09,94,18
FACT00324,P13,137,350
FACT00324,P04,177,3500
FACT00324,P15,557,650
FACT07236,P16,502,800
FACT07236,P18,126,900
FACT07236,P06,202,30
FACT07236,P08,138,65
FACT08142,P10,589,20
FACT08142,P02,91,350
FACT08142,P01,129,4500
FACT08142,P09,174,18
FACT03200,P04,474,3500
FACT03200,P01,28,4500
FACT03200,P08,428,65
FACT03200,P06,26,30
FACT06295,P12,119,70
FACT06295,P13,440,350
FACT06295,P15,158,650
FACT06295,P17,548,280
FACT03662,P01,544,4500
FACT03662,P10,54,20
FACT03662,P14,325,450
FACT03662,P07,218,28
FACT00581,P10,544,20
FACT00581,P03,10,8000
FACT00581,P16,64,800
FACT00581,P18,192,900
FACT03473,P01,493,4500
FACT03473,P13,59,350
FACT03473,P06,266,30
FACT03473,P09,514,18
FACT03431,P04,141,3500
FACT03431,P03,26,8000
FACT03431,P12,499,70
FACT03431,P09,168,18
FACT01717,P09,90,18
FACT01717,P07,475,28
FACT01717,P15,137,650
FACT01717,P10,204,20
FACT03332,P10,539,20
FACT03332,P08,77,65
FACT03332,P06,182,30
FACT03332,P12,487,70
FACT01625,P10,363,20
FACT01625,P16,133,800
FACT01625,P18,480,900
FACT01625,P03,90,8000
FACT02272,P09,402,18
FACT02272,P03,249,8000
FACT02272,P11,26,55
FACT02272,P13,80,350
FACT08895,P06,479,30
FACT08895,P07,511,28
FACT08895,P13,58,350
FACT08895,P09,142,18
FACT05746,P19,294,3800
FACT05746,P05,164,45
FACT05746,P15,302,650
FACT05746,P07,186,28
FACT06170,P02,266,350
FACT06170,P19,225,3800
FACT06170,P10,347,20
FACT06170,P20,57,2900
FACT02624,P08,485,65
FACT02624,P02,237,350
FACT02624,P06,437,30
FACT02624,P20,378,2900
FACT08932,P07,365,28
FACT08932,P15,32,650
FACT08932,P09,9,18
FACT08932,P14,431,450
FACT01081,P02,341,350
FACT01081,P09,397,18
FACT01081,P05,246,45
FACT01081,P16,49,800
FACT07015,P16,154,800
FACT07015,P05,545,45
FACT07015,P01,155,4500
FACT07015,P09,538,18
FACT06347,P18,58,900
FACT06347,P17,293,280
FACT06347,P07,187,28
FACT06347,P10,113,20
FACT05072,P02,436,350
FACT05072,P16,107,800
FACT05072,P04,409,3500
FACT05072,P18,488,900
FACT04722,P13,535,350
FACT04722,P17,191,280
FACT04722,P05,138,45
FACT04722,P01,308,4500
FACT01358,P09,589,18
FACT01358,P20,411,2900
FACT01358,P03,222,8000
FACT01358,P02,406,350
FACT02832,P03,230,8000
FACT02832,P10,434,20
FACT02832,P09,503,18
FACT02832,P13,169,350
FACT00812,P11,227,55
FACT00812,P07,97,28
FACT00812,P18,201,900
FACT00812,P20,188,2900
FACT02044,P19,158,3800
FACT02044,P06,516,30
FACT02044,P08,227,65
FACT02044,P11,267,55
FACT04365,P08,354,65
FACT04365,P09,574,18
FACT04365,P16,449,800
FACT04365,P10,28,20
FACT01780,P06,44,30
FACT01780,P07,453,28
FACT01780,P02,347,350
FACT01780,P12,211,70
FACT06957,P08,288,65
FACT06957,P20,81,2900
FACT06957,P04,234,3500
FACT06957,P01,538,4500
FACT05485,P04,542,3500
FACT05485,P15,115,650
FACT05485,P06,597,30
FACT05485,P05,157,45
FACT01193,P13,255,350
FACT01193,P08,194,65
FACT01193,P01,364,4500
FACT01193,P18,266,900
FACT08331,P10,461,20
FACT08331,P13,129,350
FACT08331,P06,138,30
FACT08331,P02,169,350
FACT06057,P08,104,65
FACT06057,P10,581,20
FACT06057,P01,269,4500
FACT06057,P06,36,30
FACT01523,P20,572,2900
FACT01523,P11,314,55
FACT01523,P14,336,450
FACT01523,P08,406,65
FACT08020,P15,131,650
FACT08020,P06,6,30
FACT08020,P12,82,70
FACT08020,P16,253,800
FACT09026,P05,95,45
FACT09026,P11,492,55
FACT09026,P03,584,8000
FACT09026,P06,453,30
FACT08127,P10,404,20
FACT08127,P14,231,450
FACT08127,P03,64,8000
FACT08127,P12,38,70
FACT00848,P14,336,450
FACT00848,P17,239,280
FACT00848,P12,521,70
FACT00848,P02,266,350
FACT01930,P17,332,280
FACT01930,P16,158,800
FACT01930,P10,342,20
FACT01930,P06,243,30
FACT01060,P19,281,3800
FACT01060,P07,41,28
FACT01060,P18,421,900
FACT01060,P02,438,350
FACT07739,P06,440,30
FACT07739,P12,215,70
FACT07739,P11,597,55
FACT07739,P05,484,45
FACT05328,P09,588,18
FACT05328,P04,390,3500
FACT05328,P01,246,4500
FACT05328,P16,353,800
FACT06660,P03,476,8000
FACT06660,P08,537,65
FACT06660,P01,296,4500
FACT06660,P18,578,900
FACT03450,P05,565,45
FACT03450,P09,285,18
FACT03450,P13,343,350
FACT03450,P17,375,280
FACT09139,P04,471,3500
FACT09139,P18,417,900
FACT09139,P15,162,650
FACT09139,P03,590,8000
FACT01147,P19,496,3800
FACT01147,P07,330,28
FACT01147,P11,52,55
FACT01147,P15,582,650
FACT05456,P14,160,450
FACT05456,P15,91,650
FACT05456,P02,233,350
FACT05456,P20,152,2900
FACT08936,P01,156,4500
FACT08936,P15,118,650
FACT08936,P13,483,350
FACT08936,P07,517,28
FACT05900,P04,194,3500
FACT05900,P16,471,800
FACT05900,P07,450,28
FACT05900,P17,337,280
FACT08495,P01,380,4500
FACT08495,P08,25,65
FACT08495,P14,22,450
FACT08495,P18,268,900
FACT04271,P01,322,4500
FACT04271,P19,461,3800
FACT04271,P13,29,350
FACT04271,P12,593,70
FACT05805,P09,447,18
FACT05805,P14,351,450
FACT05805,P08,422,65
FACT05805,P01,338,4500
FACT04660,P15,278,650
FACT04660,P12,372,70
FACT04660,P13,486,350
FACT04660,P08,228,65
FACT02008,P02,396,350
FACT02008,P17,487,280
FACT02008,P01,323,4500
FACT02008,P08,527,65
FACT01746,P12,562,70
FACT01746,P18,107,900
FACT01746,P20,566,2900
FACT01746,P03,15,8000
FACT07837,P12,534,70
FACT07837,P20,299,2900
FACT07837,P16,24,800
FACT07837,P08,441,65
FACT03000,P20,378,2900
FACT03000,P18,120,900
FACT03000,P07,532,28
FACT03000,P02,406,350
FACT04038,P17,579,280
FACT04038,P11,362,55
FACT04038,P05,434,45
FACT04038,P10,68,20
FACT08515,P15,326,650
FACT08515,P01,249,4500
FACT08515,P06,329,30
FACT08515,P09,342,18
FACT05528,P02,583,350
FACT05528,P07,153,28
FACT05528,P14,349,450
FACT05528,P20,525,2900
FACT07010,P20,112,2900
FACT07010,P11,114,55
FACT07010,P03,125,8000
FACT07010,P18,152,900
FACT05223,P03,122,8000
FACT05223,P04,588,3500
FACT05223,P16,444,800
FACT05223,P14,138,450
FACT03136,P08,163,65
FACT03136,P10,479,20
FACT03136,P07,149,28
FACT03136,P11,266,55
FACT09022,P19,51,3800
FACT09022,P16,261,800
FACT09022,P12,286,70
FACT09022,P11,532,55
FACT02838,P01,281,4500
FACT02838,P06,386,30
FACT02838,P10,295,20
FACT02838,P11,13,55
FACT08432,P07,486,28
FACT08432,P17,219,280
FACT08432,P06,21,30
FACT08432,P12,167,70
FACT03309,P08,233,65
FACT03309,P04,365,3500
FACT03309,P02,443,350
FACT03309,P20,351,2900
FACT03350,P15,106,650
FACT03350,P02,297,350
FACT03350,P06,242,30
FACT03350,P19,247,3800
FACT06906,P15,292,650
FACT06906,P11,167,55
FACT06906,P02,447,350
FACT06906,P07,217,28
FACT05932,P14,25,450
FACT05932,P06,323,30
FACT05932,P01,130,4500
FACT05932,P13,232,350
FACT01299,P08,52,65
FACT01299,P15,204,650
FACT01299,P11,436,55
FACT01299,P19,537,3800
FACT06198,P09,516,18
FACT06198,P19,485,3800
FACT06198,P03,225,8000
FACT06198,P05,578,45
FACT02181,P06,77,30
FACT02181,P19,43,3800
FACT02181,P16,203,800
FACT02181,P03,298,8000
FACT08548,P14,75,450
FACT08548,P17,64,280
FACT08548,P01,548,4500
FACT08548,P08,370,65
FACT09240,P09,267,18
FACT09240,P13,365,350
FACT09240,P11,450,55
FACT09240,P15,280,650
FACT00645,P09,50,18
FACT00645,P17,96,280
FACT00645,P13,480,350
FACT00645,P03,392,8000
FACT04009,P13,168,350
FACT04009,P04,36,3500
FACT04009,P11,7,55
FACT04009,P08,108,65
FACT01312,P14,418,450
FACT01312,P08,579,65
FACT01312,P01,194,4500
FACT01312,P06,361,30
FACT06457,P20,599,2900
FACT06457,P09,496,18
FACT06457,P01,436,4500
FACT06457,P13,234,350
FACT00728,P11,300,55
FACT00728,P14,382,450
FACT00728,P04,473,3500
FACT00728,P10,235,20
FACT08510,P03,427,8000
FACT08510,P07,433,28
FACT08510,P06,8,30
FACT08510,P01,287,4500
FACT06534,P16,205,800
FACT06534,P14,257,450
FACT06534,P09,534,18
FACT06534,P01,541,4500
FACT06046,P20,486,2900
FACT06046,P01,60,4500
FACT06046,P06,460,30
FACT06046,P12,272,70
FACT06359,P14,475,450
FACT06359,P10,155,20
FACT06359,P01,448,4500
FACT06359,P17,520,280
FACT04385,P01,190,4500
FACT04385,P12,67,70
FACT04385,P20,292,2900
FACT04385,P18,182,900
FACT03576,P07,102,28
FACT03576,P15,157,650
FACT03576,P06,85,30
FACT03576,P14,178,450
FACT09640,P04,33,3500
FACT09640,P05,582,45
FACT09640,P07,92,28
FACT09640,P10,8,20
FACT00234,P08,473,65
FACT00234,P01,81,4500
FACT00234,P18,352,900
FACT00234,P19,469,3800
FACT08953,P07,25,28
FACT08953,P03,528,8000
FACT08953,P08,361,65
FACT08953,P12,429,70
FACT04908,P01,561,4500
FACT04908,P18,461,900
FACT04908,P06,485,30
FACT04908,P17,93,280
FACT07978,P18,225,900
FACT07978,P20,274,2900
FACT07978,P10,84,20
FACT07978,P19,556,3800
FACT06615,P01,319,4500
FACT06615,P12,590,70
FACT06615,P10,165,20
FACT06615,P18,269,900
FACT02354,P06,128,30
FACT02354,P09,152,18
FACT02354,P02,164,350
FACT02354,P13,443,350
FACT03829,P16,67,800
FACT03829,P05,65,45
FACT03829,P04,96,3500
FACT03829,P11,494,55
FACT07868,P03,292,8000
FACT07868,P10,551,20
FACT07868,P15,171,650
FACT07868,P20,119,2900
FACT03062,P09,55,18
FACT03062,P20,563,2900
FACT03062,P05,562,45
FACT03062,P12,250,70
FACT00590,P03,18,8000
FACT00590,P17,475,280
FACT00590,P20,555,2900
FACT00590,P01,313,4500
FACT02699,P19,133,3800
FACT02699,P07,483,28
FACT02699,P16,173,800
FACT02699,P09,298,18
FACT00110,P17,319,280
FACT00110,P16,520,800
FACT00110,P11,312,55
FACT00110,P13,456,350
FACT03010,P13,224,350
FACT03010,P12,183,70
FACT03010,P19,97,3800
FACT03010,P10,542,20
FACT03364,P09,166,18
FACT03364,P14,430,450
FACT03364,P07,84,28
FACT03364,P05,265,45
FACT03040,P04,374,3500
FACT03040,P06,524,30
FACT03040,P09,579,18
FACT03040,P12,411,70
FACT01145,P08,425,65
FACT01145,P19,78,3800
FACT01145,P11,432,55
FACT01145,P09,362,18
FACT00768,P13,446,350
FACT00768,P05,288,45
FACT00768,P16,367,800
FACT00768,P10,583,20
FACT00473,P03,104,8000
FACT00473,P14,432,450
FACT00473,P15,165,650
FACT00473,P19,543,3800
FACT08399,P06,293,30
FACT08399,P18,48,900
FACT08399,P01,588,4500
FACT08399,P08,514,65
FACT04427,P19,369,3800
FACT04427,P09,285,18
FACT04427,P18,386,900
FACT04427,P06,600,30
FACT08051,P05,589,45
FACT08051,P06,415,30
FACT08051,P02,407,350
FACT08051,P19,554,3800
FACT09557,P04,109,3500
FACT09557,P02,523,350
FACT09557,P01,23,4500
FACT09557,P12,327,70
FACT02517,P17,379,280
FACT02517,P04,567,3500
FACT02517,P20,446,2900
FACT02517,P03,559,8000
FACT03527,P04,196,3500
FACT03527,P07,93,28
FACT03527,P14,581,450
FACT03527,P16,182,800
FACT09832,P17,218,280
FACT09832,P06,323,30
FACT09832,P07,264,28
FACT09832,P02,466,350
FACT02885,P14,532,450
FACT02885,P05,393,45
FACT02885,P03,557,8000
FACT02885,P09,591,18
FACT00608,P15,39,650
FACT00608,P17,267,280
FACT00608,P06,470,30
FACT00608,P02,448,350
FACT07168,P19,333,3800
FACT07168,P03,401,8000
FACT07168,P17,297,280
FACT07168,P13,263,350
FACT03749,P03,405,8000
FACT03749,P17,342,280
FACT03749,P02,384,350
FACT03749,P12,244,70
FACT07329,P01,345,4500
FACT07329,P17,412,280
FACT07329,P03,244,8000
FACT07329,P18,226,900
FACT04137,P11,141,55
FACT04137,P02,127,350
FACT04137,P12,9,70
FACT04137,P08,121,65
FACT06115,P03,505,8000
FACT06115,P05,148,45
FACT06115,P18,335,900
FACT06115,P17,376,280
FACT08508,P14,375,450
FACT08508,P10,126,20
FACT08508,P04,138,3500
FACT08508,P16,264,800
FACT01051,P06,399,30
FACT01051,P19,18,3800
FACT01051,P20,140,2900
FACT01051,P03,241,8000
FACT08607,P05,149,45
FACT08607,P06,360,30
FACT08607,P19,401,3800
FACT08607,P10,384,20
FACT04633,P14,119,450
FACT04633,P12,484,70
FACT04633,P09,461,18
FACT04633,P01,366,4500
FACT02235,P09,259,18
FACT02235,P13,26,350
FACT02235,P08,90,65
FACT02235,P01,293,4500
FACT08937,P09,399,18
FACT08937,P14,97,450
FACT08937,P17,580,280
FACT08937,P20,267,2900
FACT01995,P11,64,55
FACT01995,P15,497,650
FACT01995,P08,552,65
FACT01995,P06,382,30
FACT03319,P12,44,70
FACT03319,P14,388,450
FACT03319,P05,550,45
FACT03319,P20,440,2900
FACT03420,P09,102,18
FACT03420,P20,485,2900
FACT03420,P14,449,450
FACT03420,P02,505,350
FACT09602,P08,110,65
FACT09602,P05,308,45
FACT09602,P04,21,3500
FACT09602,P19,413,3800
FACT06019,P14,35,450
FACT06019,P09,274,18
FACT06019,P02,336,350
FACT06019,P13,389,350
FACT03325,P19,246,3800
FACT03325,P14,575,450
FACT03325,P07,402,28
FACT03325,P03,284,8000
FACT05545,P17,310,280
FACT05545,P10,302,20
FACT05545,P12,158,70
FACT05545,P13,278,350
FACT02273,P15,129,650
FACT02273,P12,131,70
FACT02273,P04,58,3500
FACT02273,P01,573,4500
FACT01700,P20,418,2900
FACT01700,P13,442,350
FACT01700,P12,193,70
FACT01700,P01,501,4500
FACT07080,P11,194,55
FACT07080,P13,350,350
FACT07080,P14,370,450
FACT07080,P09,238,18
FACT00412,P16,112,800
FACT00412,P17,363,280
FACT00412,P05,571,45
FACT00412,P01,505,4500
FACT03494,P10,125,20
FACT03494,P04,539,3500
FACT03494,P17,597,280
FACT03494,P05,67,45
FACT06483,P06,447,30
FACT06483,P03,410,8000
FACT06483,P07,405,28
FACT06483,P11,169,55
FACT07507,P17,540,280
FACT07507,P03,314,8000
FACT07507,P07,506,28
FACT07507,P09,295,18
FACT07942,P10,458,20
FACT07942,P02,67,350
FACT07942,P07,174,28
FACT07942,P06,170,30
FACT01465,P01,576,4500
FACT01465,P18,144,900
FACT01465,P20,395,2900
FACT01465,P12,488,70
FACT04980,P01,366,4500
FACT04980,P20,348,2900
FACT04980,P19,80,3800
FACT04980,P09,56,18
FACT07517,P14,517,450
FACT07517,P13,101,350
FACT07517,P09,376,18
FACT07517,P03,521,8000
FACT06920,P12,418,70
FACT06920,P20,44,2900
FACT06920,P05,320,45
FACT06920,P03,152,8000
FACT00460,P19,200,3800
FACT00460,P11,244,55
FACT00460,P12,456,70
FACT00460,P02,579,350
FACT05645,P03,239,8000
FACT05645,P19,554,3800
FACT05645,P20,374,2900
FACT05645,P04,595,3500
FACT04502,P04,37,3500
FACT04502,P17,189,280
FACT04502,P12,530,70
FACT04502,P10,556,20
FACT01385,P15,544,650
FACT01385,P10,343,20
FACT01385,P01,341,4500
FACT01385,P13,73,350
FACT08166,P11,521,55
FACT08166,P15,64,650
FACT08166,P16,86,800
FACT08166,P18,157,900
FACT03964,P14,65,450
FACT03964,P15,45,650
FACT03964,P02,323,350
FACT03964,P16,526,800
FACT04625,P08,364,65
FACT04625,P13,101,350
FACT04625,P04,404,3500
FACT04625,P12,317,70
FACT09739,P16,174,800
FACT09739,P07,575,28
FACT09739,P08,177,65
FACT09739,P05,224,45
FACT05800,P01,405,4500
FACT05800,P10,482,20
FACT05800,P05,272,45
FACT05800,P19,562,3800
FACT02384,P08,579,65
FACT02384,P12,385,70
FACT02384,P03,138,8000
FACT02384,P11,515,55
FACT07724,P20,539,2900
FACT07724,P02,403,350
FACT07724,P08,467,65
FACT07724,P12,598,70
FACT06307,P08,199,65
FACT06307,P14,93,450
FACT06307,P12,372,70
FACT06307,P17,137,280
FACT08844,P11,202,55
FACT08844,P07,532,28
FACT08844,P20,54,2900
FACT08844,P12,565,70
FACT09822,P03,443,8000
FACT09822,P02,566,350
FACT09822,P06,400,30
FACT09822,P15,575,650
FACT08524,P18,428,900
FACT08524,P02,395,350
FACT08524,P12,407,70
FACT08524,P20,435,2900
FACT08748,P15,333,650
FACT08748,P08,445,65
FACT08748,P18,498,900
FACT08748,P01,573,4500
FACT00745,P07,366,28
FACT00745,P20,163,2900
FACT00745,P19,30,3800
FACT00745,P01,12,4500
FACT05843,P02,104,350
FACT05843,P13,310,350
FACT05843,P14,454,450
FACT05843,P11,155,55
FACT06494,P03,172,8000
FACT06494,P07,62,28
FACT06494,P19,250,3800
FACT06494,P02,404,350
FACT05904,P11,307,55
FACT05904,P07,45,28
FACT05904,P13,200,350
FACT05904,P01,329,4500
FACT01674,P08,371,65
FACT01674,P01,135,4500
FACT01674,P02,14,350
FACT01674,P14,220,450
FACT02412,P16,147,800
FACT02412,P04,585,3500
FACT02412,P12,381,70
FACT02412,P11,418,55
FACT06661,P20,522,2900
FACT06661,P10,28,20
FACT06661,P19,545,3800
FACT06661,P11,540,55
FACT03255,P12,80,70
FACT03255,P02,571,350
FACT03255,P16,85,800
FACT03255,P14,370,450
FACT06844,P18,200,900
FACT06844,P10,361,20
FACT06844,P05,321,45
FACT06844,P16,539,800
FACT05817,P01,304,4500
FACT05817,P14,247,450
FACT05817,P06,192,30
FACT05817,P20,287,2900
FACT04778,P10,196,20
FACT04778,P19,516,3800
FACT04778,P12,66,70
FACT04778,P07,99,28
FACT00167,P03,438,8000
FACT00167,P13,517,350
FACT00167,P18,216,900
FACT00167,P08,503,65
FACT03399,P12,169,70
FACT03399,P19,221,3800
FACT03399,P03,245,8000
FACT03399,P13,140,350
FACT05438,P17,216,280
FACT05438,P09,270,18
FACT05438,P02,339,350
FACT05438,P15,349,650
FACT02735,P15,195,650
FACT02735,P20,427,2900
FACT02735,P06,489,30
FACT02735,P07,479,28
FACT06712,P11,373,55
FACT06712,P09,475,18
FACT06712,P16,247,800
FACT06712,P07,524,28
FACT00982,P08,316,65
FACT00982,P18,495,900
FACT00982,P12,337,70
FACT00982,P13,533,350
FACT05564,P17,518,280
FACT05564,P12,281,70
FACT05564,P13,374,350
FACT05564,P06,274,30
FACT02371,P08,218,65
FACT02371,P18,217,900
FACT02371,P13,222,350
FACT02371,P14,169,450
FACT02727,P20,62,2900
FACT02727,P09,140,18
FACT02727,P04,451,3500
FACT02727,P14,23,450
FACT05562,P04,182,3500
FACT05562,P06,8,30
FACT05562,P13,145,350
FACT05562,P16,450,800
FACT09914,P03,134,8000
FACT09914,P02,481,350
FACT09914,P19,36,3800
FACT09914,P13,438,350
FACT02930,P05,448,45
FACT02930,P02,410,350
FACT02930,P04,523,3500
FACT02930,P15,593,650
FACT09130,P08,429,65
FACT09130,P20,81,2900
FACT09130,P17,62,280
FACT09130,P18,296,900
FACT03934,P14,379,450
FACT03934,P08,317,65
FACT03934,P06,268,30
FACT03934,P19,456,3800
FACT07976,P10,9,20
FACT07976,P20,99,2900
FACT07976,P16,562,800
FACT07976,P03,150,8000
FACT08862,P10,39,20
FACT08862,P12,134,70
FACT08862,P16,447,800
FACT08862,P03,114,8000
FACT04667,P12,147,70
FACT04667,P13,186,350
FACT04667,P15,101,650
FACT04667,P07,31,28
FACT02300,P15,213,650
FACT02300,P12,182,70
FACT02300,P07,341,28
FACT02300,P04,312,3500
FACT05217,P19,576,3800
FACT05217,P11,21,55
FACT05217,P17,465,280
FACT05217,P07,533,28
FACT02404,P03,203,8000
FACT02404,P09,449,18
FACT02404,P14,185,450
FACT02404,P20,481,2900
FACT07390,P10,309,20
FACT07390,P03,179,8000
FACT07390,P05,195,45
FACT07390,P07,581,28
FACT04026,P20,45,2900
FACT04026,P06,262,30
FACT04026,P19,102,3800
FACT04026,P18,486,900
FACT03556,P19,516,3800
FACT03556,P05,345,45
FACT03556,P02,234,350
FACT03556,P18,38,900
FACT08165,P17,394,280
FACT08165,P15,236,650
FACT08165,P18,350,900
FACT08165,P01,38,4500
FACT03458,P16,334,800
FACT03458,P18,532,900
FACT03458,P19,381,3800
FACT03458,P20,453,2900
FACT05421,P11,185,55
FACT05421,P17,314,280
FACT05421,P19,358,3800
FACT05421,P04,417,3500
FACT06850,P18,235,900
FACT06850,P08,566,65
FACT06850,P15,496,650
FACT06850,P06,202,30
FACT05457,P14,576,450
FACT05457,P01,47,4500
FACT05457,P08,112,65
FACT05457,P03,501,8000
FACT03047,P12,54,70
FACT03047,P08,593,65
FACT03047,P05,30,45
FACT03047,P11,336,55
FACT01204,P13,28,350
FACT01204,P16,539,800
FACT01204,P02,496,350
FACT01204,P17,90,280
FACT01344,P20,269,2900
FACT01344,P19,339,3800
FACT01344,P16,561,800
FACT01344,P03,220,8000
FACT04798,P16,159,800
FACT04798,P10,23,20
FACT04798,P08,476,65
FACT04798,P07,230,28
FACT03776,P16,561,800
FACT03776,P20,22,2900
FACT03776,P11,43,55
FACT03776,P12,525,70
FACT05656,P10,421,20
FACT05656,P20,294,2900
FACT05656,P07,571,28
FACT05656,P12,460,70
FACT00688,P13,181,350
FACT00688,P11,493,55
FACT00688,P04,283,3500
FACT00688,P07,288,28
FACT07126,P20,522,2900
FACT07126,P16,377,800
FACT07126,P06,575,30
FACT07126,P15,260,650
FACT05563,P13,457,350
FACT05563,P16,167,800
FACT05563,P17,286,280
FACT05563,P06,121,30
FACT01965,P18,449,900
FACT01965,P15,545,650
FACT01965,P14,437,450
FACT01965,P05,88,45
FACT03599,P04,400,3500
FACT03599,P02,36,350
FACT03599,P18,328,900
FACT03599,P20,483,2900
FACT02644,P13,95,350
FACT02644,P09,250,18
FACT02644,P01,492,4500
FACT02644,P08,590,65
FACT04536,P01,528,4500
FACT04536,P05,160,45
FACT04536,P11,455,55
FACT04536,P07,488,28
FACT05894,P08,46,65
FACT05894,P16,326,800
FACT05894,P10,453,20
FACT05894,P02,177,350
FACT08351,P01,524,4500
FACT08351,P05,17,45
FACT08351,P18,587,900
FACT08351,P15,67,650
FACT04167,P19,313,3800
FACT04167,P11,118,55
FACT04167,P01,106,4500
FACT04167,P12,390,70
FACT06775,P06,330,30
FACT06775,P05,192,45
FACT06775,P18,585,900
FACT06775,P12,489,70
FACT02482,P08,533,65
FACT02482,P18,537,900
FACT02482,P04,122,3500
FACT02482,P20,510,2900
FACT06805,P10,130,20
FACT06805,P14,74,450
FACT06805,P18,382,900
FACT06805,P04,85,3500
FACT05919,P06,347,30
FACT05919,P03,189,8000
FACT05919,P16,155,800
FACT05919,P08,574,65
FACT00321,P10,273,20
FACT00321,P02,339,350
FACT00321,P06,289,30
FACT00321,P17,536,280
FACT04422,P14,274,450
FACT04422,P06,489,30
FACT04422,P15,325,650
FACT04422,P17,336,280
FACT09843,P15,154,650
FACT09843,P10,568,20
FACT09843,P13,276,350
FACT09843,P01,342,4500
FACT04023,P12,185,70
FACT04023,P11,244,55
FACT04023,P06,417,30
FACT04023,P15,163,650
FACT02812,P14,180,450
FACT02812,P11,576,55
FACT02812,P19,357,3800
FACT02812,P02,87,350
FACT05577,P02,561,350
FACT05577,P13,560,350
FACT05577,P17,424,280
FACT05577,P14,162,450
FACT01076,P08,167,65
FACT01076,P01,104,4500
FACT01076,P09,28,18
FACT01076,P19,465,3800
FACT08042,P19,31,3800
FACT08042,P02,391,350
FACT08042,P09,319,18
FACT08042,P13,461,350
FACT04666,P10,203,20
FACT04666,P04,398,3500
FACT04666,P07,91,28
FACT04666,P15,362,650
FACT09762,P10,120,20
FACT09762,P06,353,30
FACT09762,P14,468,450
FACT09762,P07,467,28
FACT02632,P10,397,20
FACT02632,P19,131,3800
FACT02632,P20,26,2900
FACT02632,P03,359,8000
FACT02383,P18,456,900
FACT02383,P19,127,3800
FACT02383,P13,393,350
FACT02383,P02,189,350
FACT06485,P17,204,280
FACT06485,P15,366,650
FACT06485,P09,534,18
FACT06485,P04,587,3500
FACT04045,P03,171,8000
FACT04045,P17,218,280
FACT04045,P01,495,4500
FACT04045,P18,516,900
FACT04311,P16,558,800
FACT04311,P03,280,8000
FACT04311,P08,28,65
FACT04311,P02,117,350
FACT05175,P01,200,4500
FACT05175,P14,317,450
FACT05175,P16,282,800
FACT05175,P05,427,45
FACT00418,P05,481,45
FACT00418,P12,429,70
FACT00418,P04,249,3500
FACT00418,P18,573,900
FACT09530,P09,410,18
FACT09530,P05,503,45
FACT09530,P20,190,2900
FACT09530,P13,15,350
FACT09948,P15,424,650
FACT09948,P10,175,20
FACT09948,P05,328,45
FACT09948,P19,386,3800
FACT06529,P15,138,650
FACT06529,P20,474,2900
FACT06529,P09,90,18
FACT06529,P12,29,70
FACT05620,P10,32,20
FACT05620,P02,350,350
FACT05620,P03,12,8000
FACT05620,P13,367,350
FACT02162,P19,459,3800
FACT02162,P11,118,55
FACT02162,P12,172,70
FACT02162,P15,225,650
FACT04039,P02,10,350
FACT04039,P17,389,280
FACT04039,P15,116,650
FACT04039,P13,547,350
FACT00175,P17,315,280
FACT00175,P14,254,450
FACT00175,P13,126,350
FACT00175,P10,161,20
FACT01655,P01,549,4500
FACT01655,P13,231,350
FACT01655,P16,19,800
FACT01655,P05,598,45
FACT03794,P01,478,4500
FACT03794,P15,126,650
FACT03794,P09,51,18
FACT03794,P04,466,3500
FACT05002,P05,500,45
FACT05002,P08,389,65
FACT05002,P10,76,20
FACT05002,P06,17,30
FACT04896,P04,213,3500
FACT04896,P13,41,350
FACT04896,P08,189,65
FACT04896,P20,244,2900
FACT07522,P19,26,3800
FACT07522,P17,59,280
FACT07522,P06,289,30
FACT07522,P13,244,350
FACT06934,P03,508,8000
FACT06934,P01,431,4500
FACT06934,P09,179,18
FACT06934,P20,205,2900
FACT05509,P20,389,2900
FACT05509,P09,533,18
FACT05509,P08,348,65
FACT05509,P14,542,450
FACT00905,P04,316,3500
FACT00905,P20,450,2900
FACT00905,P15,485,650
FACT00905,P11,554,55
FACT07259,P07,327,28
FACT07259,P20,381,2900
FACT07259,P12,195,70
FACT07259,P16,69,800
FACT00964,P10,301,20
FACT00964,P02,38,350
FACT00964,P04,453,3500
FACT00964,P20,259,2900
FACT02123,P06,174,30
FACT02123,P10,535,20
FACT02123,P12,285,70
FACT02123,P13,31,350
FACT00089,P13,362,350
FACT00089,P04,407,3500
FACT00089,P20,230,2900
FACT00089,P15,337,650
FACT03489,P09,584,18
FACT03489,P05,572,45
FACT03489,P17,378,280
FACT03489,P18,224,900
FACT07731,P16,151,800
FACT07731,P13,278,350
FACT07731,P07,180,28
FACT07731,P12,217,70
FACT03143,P13,108,350
FACT03143,P14,107,450
FACT03143,P02,58,350
FACT03143,P20,182,2900
FACT08085,P04,12,3500
FACT08085,P18,77,900
FACT08085,P03,306,8000
FACT08085,P14,139,450
FACT01947,P14,533,450
FACT01947,P16,15,800
FACT01947,P12,174,70
FACT01947,P13,76,350
FACT00243,P08,138,65
FACT00243,P14,249,450
FACT00243,P09,381,18
FACT00243,P16,456,800
FACT05089,P16,142,800
FACT05089,P08,361,65
FACT05089,P18,594,900
FACT05089,P03,531,8000
FACT06586,P17,288,280
FACT06586,P16,221,800
FACT06586,P01,441,4500
FACT06586,P14,341,450
FACT06537,P19,175,3800
FACT06537,P14,517,450
FACT06537,P13,240,350
FACT06537,P12,528,70
FACT01797,P05,86,45
FACT01797,P13,19,350
FACT01797,P03,495,8000
FACT01797,P12,114,70
FACT06462,P14,334,450
FACT06462,P16,141,800
FACT06462,P20,59,2900
FACT06462,P13,253,350
FACT02028,P09,301,18
FACT02028,P14,460,450
FACT02028,P02,147,350
FACT02028,P10,34,20
FACT07551,P20,300,2900
FACT07551,P16,352,800
FACT07551,P03,354,8000
FACT07551,P06,262,30
FACT02641,P03,463,8000
FACT02641,P02,350,350
FACT02641,P01,416,4500
FACT02641,P15,225,650
FACT06458,P11,319,55
FACT06458,P05,415,45
FACT06458,P07,503,28
FACT06458,P17,366,280
FACT03168,P05,393,45
FACT03168,P17,104,280
FACT03168,P16,71,800
FACT03168,P19,523,3800
FACT00565,P01,511,4500
FACT00565,P05,349,45
FACT00565,P14,190,450
FACT00565,P20,335,2900
FACT05244,P16,505,800
FACT05244,P18,296,900
FACT05244,P03,60,8000
FACT05244,P07,536,28
FACT01534,P04,315,3500
FACT01534,P11,241,55
FACT01534,P01,323,4500
FACT01534,P19,76,3800
FACT00250,P02,527,350
FACT00250,P12,390,70
FACT00250,P08,479,65
FACT00250,P10,397,20
FACT09903,P14,509,450
FACT09903,P11,488,55
FACT09903,P13,175,350
FACT09903,P03,204,8000
FACT06732,P06,357,30
FACT06732,P15,301,650
FACT06732,P20,448,2900
FACT06732,P07,314,28
FACT00034,P09,390,18
FACT00034,P20,532,2900
FACT00034,P07,22,28
FACT00034,P19,291,3800
FACT04164,P15,238,650
FACT04164,P11,366,55
FACT04164,P06,69,30
FACT04164,P10,563,20
FACT06308,P01,84,4500
FACT06308,P02,457,350
FACT06308,P11,200,55
FACT06308,P20,334,2900
FACT04774,P17,309,280
FACT04774,P05,439,45
FACT04774,P06,499,30
FACT04774,P02,408,350
FACT07480,P06,134,30
FACT07480,P14,65,450
FACT07480,P20,60,2900
FACT07480,P13,579,350
FACT01961,P15,558,650
FACT01961,P07,589,28
FACT01961,P06,312,30
FACT01961,P01,69,4500
FACT02314,P18,241,900
FACT02314,P19,533,3800
FACT02314,P07,30,28
FACT02314,P13,527,350
FACT05581,P05,266,45
FACT05581,P15,572,650
FACT05581,P02,134,350
FACT05581,P19,452,3800
FACT06982,P18,498,900
FACT06982,P04,538,3500
FACT06982,P03,14,8000
FACT06982,P12,591,70
FACT07440,P13,409,350
FACT07440,P01,89,4500
FACT07440,P09,339,18
FACT07440,P16,378,800
FACT04889,P11,218,55
FACT04889,P17,405,280
FACT04889,P07,388,28
FACT04889,P15,494,650
FACT02468,P11,525,55
FACT02468,P17,239,280
FACT02468,P03,46,8000
FACT02468,P08,19,65
FACT04037,P17,295,280
FACT04037,P09,12,18
FACT04037,P14,84,450
FACT04037,P02,550,350
FACT08211,P05,478,45
FACT08211,P09,114,18
FACT08211,P18,425,900
FACT08211,P07,570,28
FACT08212,P17,587,280
FACT08212,P02,509,350
FACT08212,P11,589,55
FACT08212,P09,496,18
FACT00974,P07,420,28
FACT00974,P03,196,8000
FACT00974,P08,408,65
FACT00974,P01,39,4500
FACT04614,P09,540,18
FACT04614,P11,18,55
FACT04614,P05,138,45
FACT04614,P20,528,2900
FACT07999,P17,106,280
FACT07999,P18,101,900
FACT07999,P05,392,45
FACT07999,P01,408,4500
FACT06921,P01,504,4500
FACT06921,P08,213,65
FACT06921,P20,417,2900
FACT06921,P19,262,3800
FACT08578,P16,238,800
FACT08578,P04,269,3500
FACT08578,P14,13,450
FACT08578,P11,16,55
FACT06268,P06,216,30
FACT06268,P16,187,800
FACT06268,P12,79,70
FACT06268,P18,518,900
FACT02219,P05,48,45
FACT02219,P13,348,350
FACT02219,P11,345,55
FACT02219,P15,490,650
FACT05430,P07,95,28
FACT05430,P13,396,350
FACT05430,P20,334,2900
FACT05430,P02,445,350
FACT04424,P07,123,28
FACT04424,P13,353,350
FACT04424,P16,479,800
FACT04424,P17,563,280
FACT05186,P12,430,70
FACT05186,P11,308,55
FACT05186,P15,8,650
FACT05186,P07,72,28
FACT08363,P10,129,20
FACT08363,P16,40,800
FACT08363,P14,202,450
FACT08363,P13,553,350
FACT08133,P12,84,70
FACT08133,P20,34,2900
FACT08133,P18,496,900
FACT08133,P04,353,3500
FACT04550,P17,220,280
FACT04550,P18,168,900
FACT04550,P12,229,70
FACT04550,P01,139,4500
FACT07633,P19,486,3800
FACT07633,P11,347,55
FACT07633,P20,49,2900
FACT07633,P17,122,280
FACT06059,P05,429,45
FACT06059,P13,593,350
FACT06059,P03,120,8000
FACT06059,P04,240,3500
FACT09929,P16,254,800
FACT09929,P13,19,350
FACT09929,P15,182,650
FACT09929,P11,538,55
FACT09795,P01,128,4500
FACT09795,P18,456,900
FACT09795,P15,65,650
FACT09795,P12,504,70
FACT01398,P14,591,450
FACT01398,P06,25,30
FACT01398,P05,399,45
FACT01398,P18,321,900
FACT08717,P16,424,800
FACT08717,P12,55,70
FACT08717,P09,389,18
FACT08717,P20,347,2900
FACT08195,P20,386,2900
FACT08195,P03,317,8000
FACT08195,P06,566,30
FACT08195,P14,297,450
FACT02566,P07,436,28
FACT02566,P04,271,3500
FACT02566,P16,329,800
FACT02566,P03,538,8000
FACT00206,P11,78,55
FACT00206,P09,417,18
FACT00206,P04,366,3500
FACT00206,P02,126,350
FACT04265,P03,337,8000
FACT04265,P15,493,650
FACT04265,P18,231,900
FACT04265,P08,198,65
FACT07589,P14,178,450
FACT07589,P15,104,650
FACT07589,P13,343,350
FACT07589,P19,351,3800
FACT04937,P02,380,350
FACT04937,P16,447,800
FACT04937,P11,310,55
FACT04937,P05,302,45
FACT06470,P13,556,350
FACT06470,P15,342,650
FACT06470,P08,291,65
FACT06470,P18,481,900
FACT04110,P09,44,18
FACT04110,P06,453,30
FACT04110,P17,333,280
FACT04110,P05,173,45
FACT09293,P03,224,8000
FACT09293,P15,56,650
FACT09293,P19,428,3800
FACT09293,P02,201,350
FACT06777,P05,388,45
FACT06777,P13,97,350
FACT06777,P09,17,18
FACT06777,P03,547,8000
FACT03148,P16,335,800
FACT03148,P06,283,30
FACT03148,P09,360,18
FACT03148,P12,272,70
FACT01656,P05,347,45
FACT01656,P09,128,18
FACT01656,P08,493,65
FACT01656,P13,373,350
FACT03306,P07,519,28
FACT03306,P08,434,65
FACT03306,P12,479,70
FACT03306,P05,273,45
FACT08770,P06,115,30
FACT08770,P03,171,8000
FACT08770,P19,380,3800
FACT08770,P09,483,18
FACT02607,P06,20,30
FACT02607,P17,219,280
FACT02607,P04,548,3500
FACT02607,P09,254,18
FACT02941,P02,503,350
FACT02941,P04,130,3500
FACT02941,P01,14,4500
FACT02941,P20,203,2900
FACT05874,P15,449,650
FACT05874,P05,321,45
FACT05874,P16,276,800
FACT05874,P19,564,3800
FACT01997,P02,251,350
FACT01997,P11,498,55
FACT01997,P01,246,4500
FACT01997,P09,182,18
FACT00283,P15,58,650
FACT00283,P08,414,65
FACT00283,P06,135,30
FACT00283,P16,588,800
FACT02633,P11,274,55
FACT02633,P18,192,900
FACT02633,P14,144,450
FACT02633,P16,550,800
FACT05128,P08,78,65
FACT05128,P06,419,30
FACT05128,P11,180,55
FACT05128,P15,515,650
FACT03537,P02,118,350
FACT03537,P01,65,4500
FACT03537,P14,540,450
FACT03537,P20,392,2900
FACT07929,P12,278,70
FACT07929,P05,168,45
FACT07929,P20,459,2900
FACT07929,P16,279,800
FACT08144,P18,165,900
FACT08144,P01,393,4500
FACT08144,P13,67,350
FACT08144,P14,115,450
FACT02972,P03,411,8000
FACT02972,P06,106,30
FACT02972,P12,54,70
FACT02972,P16,502,800
FACT06468,P03,230,8000
FACT06468,P04,587,3500
FACT06468,P07,359,28
FACT06468,P18,454,900
FACT01944,P04,337,3500
FACT01944,P12,446,70
FACT01944,P17,71,280
FACT01944,P02,571,350
FACT01812,P13,88,350
FACT01812,P03,129,8000
FACT01812,P05,466,45
FACT01812,P15,412,650
FACT04914,P15,505,650
FACT04914,P10,229,20
FACT04914,P18,38,900
FACT04914,P04,432,3500
FACT08741,P19,354,3800
FACT08741,P16,546,800
FACT08741,P08,357,65
FACT08741,P17,574,280
FACT03681,P14,36,450
FACT03681,P15,106,650
FACT03681,P04,415,3500
FACT03681,P03,329,8000
FACT01529,P08,326,65
FACT01529,P14,286,450
FACT01529,P02,384,350
FACT01529,P15,404,650
FACT01053,P16,393,800
FACT01053,P06,318,30
FACT01053,P02,593,350
FACT01053,P07,64,28
FACT00319,P16,35,800
FACT00319,P18,280,900
FACT00319,P08,418,65
FACT00319,P02,384,350
FACT01319,P14,563,450
FACT01319,P17,550,280
FACT01319,P06,525,30
FACT01319,P19,579,3800
FACT06216,P18,220,900
FACT06216,P10,483,20
FACT06216,P16,70,800
FACT06216,P20,146,2900
FACT04994,P04,189,3500
FACT04994,P01,80,4500
FACT04994,P18,278,900
FACT04994,P19,297,3800
FACT05578,P05,7,45
FACT05578,P20,176,2900
FACT05578,P06,357,30
FACT05578,P14,426,450
FACT07286,P17,23,280
FACT07286,P13,401,350
FACT07286,P05,342,45
FACT07286,P10,285,20
FACT00731,P16,92,800
FACT00731,P09,355,18
FACT00731,P13,178,350
FACT00731,P17,599,280
FACT01775,P07,172,28
FACT01775,P12,340,70
FACT01775,P15,74,650
FACT01775,P04,318,3500
FACT09565,P13,180,350
FACT09565,P17,438,280
FACT09565,P16,555,800
FACT09565,P09,348,18
FACT04685,P20,366,2900
FACT04685,P09,590,18
FACT04685,P19,71,3800
FACT04685,P04,453,3500
FACT08333,P13,484,350
FACT08333,P20,157,2900
FACT08333,P11,587,55
FACT08333,P19,393,3800
FACT03874,P14,168,450
FACT03874,P10,555,20
FACT03874,P18,587,900
FACT03874,P17,183,280
FACT02857,P18,486,900
FACT02857,P06,144,30
FACT02857,P05,175,45
FACT02857,P07,51,28
FACT05521,P02,119,350
FACT05521,P16,145,800
FACT05521,P07,451,28
FACT05521,P19,127,3800
FACT01495,P14,418,450
FACT01495,P04,451,3500
FACT01495,P12,17,70
FACT01495,P13,406,350
FACT09303,P18,434,900
FACT09303,P19,171,3800
FACT09303,P16,375,800
FACT09303,P10,398,20
FACT03738,P19,536,3800
FACT03738,P20,360,2900
FACT03738,P18,373,900
FACT03738,P15,401,650
FACT05469,P04,340,3500
FACT05469,P02,84,350
FACT05469,P17,509,280
FACT05469,P01,388,4500
FACT07840,P10,307,20
FACT07840,P09,499,18
FACT07840,P14,197,450
FACT07840,P19,342,3800
FACT07636,P19,476,3800
FACT07636,P10,542,20
FACT07636,P20,449,2900
FACT07636,P18,177,900
FACT09006,P14,193,450
FACT09006,P20,357,2900
FACT09006,P02,65,350
FACT09006,P15,184,650
FACT01802,P10,255,20
FACT01802,P15,191,650
FACT01802,P05,243,45
FACT01802,P16,518,800
FACT06245,P14,317,450
FACT06245,P17,131,280
FACT06245,P10,41,20
FACT06245,P05,464,45
FACT03645,P16,140,800
FACT03645,P13,182,350
FACT03645,P09,246,18
FACT03645,P02,298,350
FACT06523,P03,352,8000
FACT06523,P19,517,3800
FACT06523,P14,562,450
FACT06523,P10,385,20
FACT05626,P06,526,30
FACT05626,P20,528,2900
FACT05626,P11,19,55
FACT05626,P04,551,3500
FACT03862,P06,310,30
FACT03862,P18,303,900
FACT03862,P03,291,8000
FACT03862,P09,108,18
FACT00755,P12,388,70
FACT00755,P02,483,350
FACT00755,P14,355,450
FACT00755,P13,42,350
FACT01474,P14,51,450
FACT01474,P06,117,30
FACT01474,P16,453,800
FACT01474,P10,385,20
FACT01045,P05,322,45
FACT01045,P17,67,280
FACT01045,P06,284,30
FACT01045,P04,521,3500
FACT00296,P03,437,8000
FACT00296,P15,7,650
FACT00296,P10,180,20
FACT00296,P01,449,4500
FACT09140,P05,98,45
FACT09140,P07,400,28
FACT09140,P03,313,8000
FACT09140,P01,291,4500
FACT08492,P06,108,30
FACT08492,P07,155,28
FACT08492,P01,189,4500
FACT08492,P10,173,20
FACT06161,P08,405,65
FACT06161,P07,158,28
FACT06161,P01,402,4500
FACT06161,P03,561,8000
FACT01457,P08,427,65
FACT01457,P17,549,280
FACT01457,P05,432,45
FACT01457,P16,586,800
FACT06041,P04,319,3500
FACT06041,P19,140,3800
FACT06041,P02,477,350
FACT06041,P14,263,450
FACT09126,P02,398,350
FACT09126,P18,428,900
FACT09126,P10,314,20
FACT09126,P01,41,4500
FACT03616,P03,182,8000
FACT03616,P16,303,800
FACT03616,P12,476,70
FACT03616,P17,75,280
FACT06451,P02,170,350
FACT06451,P15,582,650
FACT06451,P17,467,280
FACT06451,P09,458,18
FACT03974,P11,345,55
FACT03974,P20,513,2900
FACT03974,P17,481,280
FACT03974,P09,130,18
FACT00086,P10,301,20
FACT00086,P16,459,800
FACT00086,P11,195,55
FACT00086,P07,448,28
FACT03960,P06,552,30
FACT03960,P19,358,3800
FACT03960,P09,438,18
FACT03960,P13,497,350
FACT01032,P14,501,450
FACT01032,P19,9,3800
FACT01032,P07,200,28
FACT01032,P18,77,900
FACT03614,P13,441,350
FACT03614,P11,460,55
FACT03614,P18,392,900
FACT03614,P02,371,350
FACT07461,P04,318,3500
FACT07461,P16,482,800
FACT07461,P03,9,8000
FACT07461,P17,283,280
FACT02049,P05,235,45
FACT02049,P18,588,900
FACT02049,P09,281,18
FACT02049,P17,300,280
FACT02461,P15,50,650
FACT02461,P17,519,280
FACT02461,P14,52,450
FACT02461,P18,384,900
FACT09209,P08,393,65
FACT09209,P19,183,3800
FACT09209,P09,536,18
FACT09209,P04,481,3500
FACT00757,P07,480,28
FACT00757,P10,520,20
FACT00757,P20,108,2900
FACT00757,P12,379,70
FACT01550,P12,98,70
FACT01550,P17,370,280
FACT01550,P20,585,2900
FACT01550,P08,564,65
FACT05210,P03,12,8000
FACT05210,P04,484,3500
FACT05210,P06,248,30
FACT05210,P01,126,4500
FACT07300,P20,25,2900
FACT07300,P16,481,800
FACT07300,P08,553,65
FACT07300,P10,345,20
FACT03335,P01,548,4500
FACT03335,P02,363,350
FACT03335,P12,375,70
FACT03335,P11,410,55
FACT02958,P07,211,28
FACT02958,P14,545,450
FACT02958,P09,244,18
FACT02958,P17,563,280
FACT01195,P05,110,45
FACT01195,P13,196,350
FACT01195,P12,131,70
FACT01195,P09,12,18
FACT04161,P08,216,65
FACT04161,P09,277,18
FACT04161,P12,112,70
FACT04161,P04,363,3500
FACT07799,P17,52,280
FACT07799,P13,446,350
FACT07799,P15,589,650
FACT07799,P19,147,3800
FACT03810,P11,276,55
FACT03810,P18,580,900
FACT03810,P01,262,4500
FACT03810,P05,203,45
FACT02322,P06,58,30
FACT02322,P09,584,18
FACT02322,P02,293,350
FACT02322,P14,274,450
FACT09634,P15,393,650
FACT09634,P19,99,3800
FACT09634,P10,496,20
FACT09634,P08,354,65
FACT06847,P09,532,18
FACT06847,P01,482,4500
FACT06847,P07,38,28
FACT06847,P19,54,3800
FACT00824,P09,559,18
FACT00824,P19,62,3800
FACT00824,P04,196,3500
FACT00824,P02,271,350
FACT02969,P13,492,350
FACT02969,P12,357,70
FACT02969,P20,599,2900
FACT02969,P18,162,900
FACT09828,P01,334,4500
FACT09828,P05,223,45
FACT09828,P02,550,350
FACT09828,P15,36,650
FACT01056,P09,139,18
FACT01056,P12,228,70
FACT01056,P01,315,4500
FACT01056,P08,407,65
FACT04892,P01,576,4500
FACT04892,P12,191,70
FACT04892,P05,496,45
FACT04892,P04,88,3500
FACT04723,P20,225,2900
FACT04723,P14,141,450
FACT04723,P13,109,350
FACT04723,P19,86,3800
FACT02240,P02,179,350
FACT02240,P19,249,3800
FACT02240,P17,542,280
FACT02240,P04,255,3500
FACT07785,P03,219,8000
FACT07785,P08,385,65
FACT07785,P18,320,900
FACT07785,P07,106,28
FACT07807,P05,214,45
FACT07807,P07,587,28
FACT07807,P18,176,900
FACT07807,P12,577,70
FACT03677,P08,366,65
FACT03677,P10,569,20
FACT03677,P16,358,800
FACT03677,P04,351,3500
FACT08441,P12,343,70
FACT08441,P15,12,650
FACT08441,P11,293,55
FACT08441,P14,428,450
FACT00209,P04,69,3500
FACT00209,P14,55,450
FACT00209,P01,596,4500
FACT00209,P09,487,18
FACT08583,P10,573,20
FACT08583,P07,587,28
FACT08583,P13,252,350
FACT08583,P02,17,350
FACT04059,P07,477,28
FACT04059,P06,193,30
FACT04059,P19,555,3800
FACT04059,P02,296,350
FACT03722,P15,595,650
FACT03722,P01,490,4500
FACT03722,P09,120,18
FACT03722,P10,477,20
FACT08974,P20,555,2900
FACT08974,P17,61,280
FACT08974,P18,477,900
FACT08974,P02,229,350
FACT02465,P03,11,8000
FACT02465,P05,74,45
FACT02465,P06,543,30
FACT02465,P09,450,18
FACT03785,P18,263,900
FACT03785,P16,143,800
FACT03785,P08,433,65
FACT03785,P04,162,3500
FACT07810,P13,438,350
FACT07810,P15,426,650
FACT07810,P01,244,4500
FACT07810,P02,121,350
FACT02439,P01,446,4500
FACT02439,P17,299,280
FACT02439,P18,263,900
FACT02439,P05,95,45
FACT05401,P02,428,350
FACT05401,P11,109,55
FACT05401,P14,327,450
FACT05401,P01,385,4500
FACT07602,P14,67,450
FACT07602,P08,103,65
FACT07602,P07,595,28
FACT07602,P17,592,280
FACT01422,P09,223,18
FACT01422,P02,571,350
FACT01422,P14,598,450
FACT01422,P12,557,70
FACT02504,P06,44,30
FACT02504,P03,198,8000
FACT02504,P02,455,350
FACT02504,P11,263,55
FACT04044,P15,586,650
FACT04044,P18,224,900
FACT04044,P08,323,65
FACT04044,P07,577,28
FACT03693,P14,163,450
FACT03693,P19,391,3800
FACT03693,P16,563,800
FACT03693,P07,223,28
FACT00123,P03,277,8000
FACT00123,P08,227,65
FACT00123,P15,26,650
FACT00123,P07,335,28
FACT05166,P07,551,28
FACT05166,P16,594,800
FACT05166,P06,585,30
FACT05166,P02,295,350
FACT05592,P19,294,3800
FACT05592,P12,531,70
FACT05592,P07,72,28
FACT05592,P20,398,2900
FACT04303,P09,104,18
FACT04303,P12,303,70
FACT04303,P18,384,900
FACT04303,P03,278,8000
FACT02726,P07,554,28
FACT02726,P02,172,350
FACT02726,P15,169,650
FACT02726,P08,104,65
FACT02867,P14,194,450
FACT02867,P15,225,650
FACT02867,P09,559,18
FACT02867,P12,359,70
FACT02592,P12,141,70
FACT02592,P18,213,900
FACT02592,P17,41,280
FACT02592,P16,597,800
FACT08993,P04,138,3500
FACT08993,P13,520,350
FACT08993,P19,251,3800
FACT08993,P03,64,8000
FACT02538,P11,576,55
FACT02538,P04,189,3500
FACT02538,P16,426,800
FACT02538,P12,490,70
FACT04387,P20,134,2900
FACT04387,P06,560,30
FACT04387,P02,204,350
FACT04387,P18,6,900
FACT03462,P01,30,4500
FACT03462,P17,153,280
FACT03462,P09,114,18
FACT03462,P13,310,350
FACT06836,P01,599,4500
FACT06836,P09,300,18
FACT06836,P08,159,65
FACT06836,P19,60,3800
FACT06434,P06,109,30
FACT06434,P08,54,65
FACT06434,P01,76,4500
FACT06434,P19,403,3800
FACT07583,P17,490,280
FACT07583,P02,367,350
FACT07583,P20,460,2900
FACT07583,P11,412,55
FACT08504,P16,252,800
FACT08504,P13,566,350
FACT08504,P01,22,4500
FACT08504,P10,324,20
FACT01687,P18,299,900
FACT01687,P13,303,350
FACT01687,P01,330,4500
FACT01687,P04,132,3500
FACT06077,P13,273,350
FACT06077,P05,116,45
FACT06077,P16,477,800
FACT06077,P08,142,65
FACT02829,P01,466,4500
FACT02829,P11,420,55
FACT02829,P08,255,65
FACT02829,P13,426,350
FACT07610,P17,38,280
FACT07610,P11,418,55
FACT07610,P09,309,18
FACT07610,P05,577,45
FACT05954,P17,262,280
FACT05954,P18,289,900
FACT05954,P05,307,45
FACT05954,P20,118,2900
FACT05845,P09,177,18
FACT05845,P07,9,28
FACT05845,P20,567,2900
FACT05845,P17,275,280
FACT01233,P05,136,45
FACT01233,P15,327,650
FACT01233,P08,285,65
FACT01233,P09,75,18
FACT00592,P16,26,800
FACT00592,P15,90,650
FACT00592,P08,184,65
FACT00592,P09,231,18
FACT02234,P11,85,55
FACT02234,P15,584,650
FACT02234,P20,463,2900
FACT02234,P07,287,28
FACT02347,P13,99,350
FACT02347,P02,6,350
FACT02347,P14,514,450
FACT02347,P17,32,280
FACT05202,P02,199,350
FACT05202,P08,184,65
FACT05202,P09,156,18
FACT05202,P06,569,30
FACT09675,P12,440,70
FACT09675,P14,40,450
FACT09675,P16,437,800
FACT09675,P20,305,2900
FACT05983,P08,168,65
FACT05983,P18,12,900
FACT05983,P14,514,450
FACT05983,P15,435,650
FACT03598,P14,267,450
FACT03598,P12,563,70
FACT03598,P06,239,30
FACT03598,P16,295,800
FACT05106,P07,599,28
FACT05106,P12,303,70
FACT05106,P08,182,65
FACT05106,P15,148,650
FACT01882,P08,521,65
FACT01882,P09,216,18
FACT01882,P19,479,3800
FACT01882,P01,447,4500
FACT09183,P01,398,4500
FACT09183,P18,518,900
FACT09183,P07,487,28
FACT09183,P06,390,30
FACT06066,P10,408,20
FACT06066,P03,473,8000
FACT06066,P19,246,3800
FACT06066,P13,311,350
FACT03799,P17,597,280
FACT03799,P11,246,55
FACT03799,P03,523,8000
FACT03799,P04,509,3500
FACT00422,P19,416,3800
FACT00422,P09,346,18
FACT00422,P16,193,800
FACT00422,P14,219,450
FACT00909,P09,451,18
FACT00909,P04,26,3500
FACT00909,P19,545,3800
FACT00909,P20,416,2900
FACT03094,P10,116,20
FACT03094,P12,35,70
FACT03094,P05,58,45
FACT03094,P19,109,3800
FACT05680,P16,291,800
FACT05680,P18,567,900
FACT05680,P20,160,2900
FACT05680,P12,388,70
FACT04944,P10,164,20
FACT04944,P05,173,45
FACT04944,P03,28,8000
FACT04944,P07,479,28
FACT02665,P09,48,18
FACT02665,P18,421,900
FACT02665,P20,222,2900
FACT02665,P15,368,650
FACT07718,P19,429,3800
FACT07718,P15,588,650
FACT07718,P10,585,20
FACT07718,P20,333,2900
FACT00436,P13,197,350
FACT00436,P18,596,900
FACT00436,P15,395,650
FACT00436,P19,305,3800
FACT02454,P14,253,450
FACT02454,P08,175,65
FACT02454,P03,526,8000
FACT02454,P09,71,18
FACT08454,P19,69,3800
FACT08454,P01,276,4500
FACT08454,P17,132,280
FACT08454,P09,308,18
FACT05054,P07,144,28
FACT05054,P13,34,350
FACT05054,P15,282,650
FACT05054,P02,217,350
FACT07060,P16,502,800
FACT07060,P05,399,45
FACT07060,P03,305,8000
FACT07060,P10,293,20
FACT09588,P07,364,28
FACT09588,P19,573,3800
FACT09588,P01,30,4500
FACT09588,P17,6,280
FACT09993,P11,153,55
FACT09993,P18,95,900
FACT09993,P10,237,20
FACT09993,P04,105,3500
FACT04432,P20,426,2900
FACT04432,P02,108,350
FACT04432,P04,75,3500
FACT04432,P01,148,4500
FACT00644,P12,257,70
FACT00644,P10,541,20
FACT00644,P04,418,3500
FACT00644,P02,505,350
FACT07608,P11,196,55
FACT07608,P08,27,65
FACT07608,P06,533,30
FACT07608,P16,343,800
FACT05765,P15,238,650
FACT05765,P04,563,3500
FACT05765,P13,326,350
FACT05765,P06,362,30
FACT03099,P05,226,45
FACT03099,P09,346,18
FACT03099,P13,546,350
FACT03099,P07,93,28
FACT05865,P02,137,350
FACT05865,P18,466,900
FACT05865,P17,557,280
FACT05865,P11,325,55
FACT02360,P07,266,28
FACT02360,P04,228,3500
FACT02360,P19,204,3800
FACT02360,P11,293,55
FACT08228,P07,579,28
FACT08228,P02,306,350
FACT08228,P10,510,20
FACT08228,P16,276,800
FACT04669,P03,382,8000
FACT04669,P19,251,3800
FACT04669,P17,424,280
FACT04669,P15,488,650
FACT08309,P11,156,55
FACT08309,P03,165,8000
FACT08309,P06,190,30
FACT08309,P09,478,18
FACT00071,P12,542,70
FACT00071,P13,285,350
FACT00071,P04,91,3500
FACT00071,P14,364,450
FACT00315,P09,273,18
FACT00315,P05,67,45
FACT00315,P17,372,280
FACT00315,P20,171,2900
FACT06138,P19,21,3800
FACT06138,P14,19,450
FACT06138,P11,85,55
FACT06138,P10,132,20
FACT02990,P02,494,350
FACT02990,P13,207,350
FACT02990,P10,532,20
FACT02990,P18,533,900
FACT02492,P14,30,450
FACT02492,P16,577,800
FACT02492,P01,136,4500
FACT02492,P11,401,55
FACT06337,P20,430,2900
FACT06337,P15,6,650
FACT06337,P18,86,900
FACT06337,P08,59,65
FACT08111,P06,418,30
FACT08111,P18,340,900
FACT08111,P07,299,28
FACT08111,P02,309,350
FACT00602,P10,307,20
FACT00602,P05,272,45
FACT00602,P16,444,800
FACT00602,P08,562,65
FACT02406,P10,480,20
FACT02406,P13,157,350
FACT02406,P07,244,28
FACT02406,P01,255,4500
FACT07559,P20,34,2900
FACT07559,P14,544,450
FACT07559,P08,399,65
FACT07559,P11,157,55
FACT02638,P18,286,900
FACT02638,P16,326,800
FACT02638,P01,131,4500
FACT02638,P13,594,350
FACT02800,P17,189,280
FACT02800,P04,169,3500
FACT02800,P05,380,45
FACT02800,P03,372,8000
FACT03302,P16,257,800
FACT03302,P04,553,3500
FACT03302,P05,61,45
FACT03302,P02,350,350
FACT08742,P20,8,2900
FACT08742,P10,170,20
FACT08742,P15,266,650
FACT08742,P01,512,4500
FACT00338,P11,112,55
FACT00338,P15,325,650
FACT00338,P06,96,30
FACT00338,P10,217,20
FACT02200,P20,574,2900
FACT02200,P01,536,4500
FACT02200,P16,579,800
FACT02200,P08,460,65
FACT05198,P14,240,450
FACT05198,P08,482,65
FACT05198,P11,31,55
FACT05198,P07,306,28
FACT05546,P17,186,280
FACT05546,P01,304,4500
FACT05546,P08,475,65
FACT05546,P04,483,3500
FACT02473,P16,103,800
FACT02473,P10,85,20
FACT02473,P11,246,55
FACT02473,P12,205,70
FACT07492,P18,246,900
FACT07492,P11,86,55
FACT07492,P08,362,65
FACT07492,P01,308,4500
FACT05589,P01,247,4500
FACT05589,P16,18,800
FACT05589,P02,47,350
FACT05589,P09,223,18
FACT00145,P03,273,8000
FACT00145,P16,144,800
FACT00145,P05,554,45
FACT00145,P15,477,650
FACT03188,P04,368,3500
FACT03188,P01,582,4500
FACT03188,P20,147,2900
FACT03188,P05,6,45
FACT08132,P12,281,70
FACT08132,P13,433,350
FACT08132,P15,78,650
FACT08132,P18,105,900
FACT01884,P13,219,350
FACT01884,P04,398,3500
FACT01884,P01,143,4500
FACT01884,P03,81,8000
FACT05776,P14,249,450
FACT05776,P05,444,45
FACT05776,P13,577,350
FACT05776,P03,584,8000
FACT09750,P01,50,4500
FACT09750,P05,134,45
FACT09750,P15,286,650
FACT09750,P19,87,3800
FACT07282,P19,23,3800
FACT07282,P06,193,30
FACT07282,P05,171,45
FACT07282,P11,124,55
FACT05760,P18,155,900
FACT05760,P05,56,45
FACT05760,P14,97,450
FACT05760,P03,216,8000
FACT09257,P04,548,3500
FACT09257,P02,598,350
FACT09257,P15,234,650
FACT09257,P14,455,450
FACT05170,P20,137,2900
FACT05170,P16,184,800
FACT05170,P03,560,8000
FACT05170,P14,422,450
FACT03674,P07,586,28
FACT03674,P09,294,18
FACT03674,P17,107,280
FACT03674,P05,517,45
FACT07899,P14,485,450
FACT07899,P04,387,3500
FACT07899,P06,575,30
FACT07899,P17,579,280
FACT01838,P10,372,20
FACT01838,P04,22,3500
FACT01838,P02,152,350
FACT01838,P03,392,8000
FACT08773,P15,271,650
FACT08773,P06,58,30
FACT08773,P20,104,2900
FACT08773,P09,465,18
FACT01977,P04,316,3500
FACT01977,P03,271,8000
FACT01977,P13,88,350
FACT01977,P05,372,45
FACT00306,P06,120,30
FACT00306,P09,90,18
FACT00306,P11,153,55
FACT00306,P13,228,350
FACT06902,P14,489,450
FACT06902,P15,223,650
FACT06902,P05,558,45
FACT06902,P08,287,65
FACT02034,P16,64,800
FACT02034,P18,494,900
FACT02034,P08,425,65
FACT02034,P14,324,450
FACT05490,P05,339,45
FACT05490,P03,524,8000
FACT05490,P13,314,350
FACT05490,P09,287,18
FACT01526,P15,173,650
FACT01526,P08,120,65
FACT01526,P14,305,450
FACT01526,P12,234,70
FACT08280,P07,600,28
FACT08280,P15,421,650
FACT08280,P20,73,2900
FACT08280,P01,281,4500
FACT06039,P05,272,45
FACT06039,P15,299,650
FACT06039,P20,216,2900
FACT06039,P14,102,450
FACT07293,P04,355,3500
FACT07293,P01,406,4500
FACT07293,P14,91,450
FACT07293,P16,593,800
FACT05408,P14,558,450
FACT05408,P05,554,45
FACT05408,P13,527,350
FACT05408,P07,27,28
FACT06214,P08,79,65
FACT06214,P05,290,45
FACT06214,P13,502,350
FACT06214,P01,423,4500
FACT06947,P20,341,2900
FACT06947,P01,430,4500
FACT06947,P11,205,55
FACT06947,P18,535,900
FACT05448,P05,217,45
FACT05448,P12,458,70
FACT05448,P18,191,900
FACT05448,P16,57,800
FACT02390,P19,345,3800
FACT02390,P10,452,20
FACT02390,P04,174,3500
FACT02390,P16,453,800
FACT07804,P02,311,350
FACT07804,P16,421,800
FACT07804,P04,78,3500
FACT07804,P09,510,18
FACT02529,P14,178,450
FACT02529,P04,89,3500
FACT02529,P01,144,4500
FACT02529,P20,19,2900
FACT02176,P02,506,350
FACT02176,P20,324,2900
FACT02176,P01,420,4500
FACT02176,P19,79,3800
FACT02396,P05,104,45
FACT02396,P07,349,28
FACT02396,P14,39,450
FACT02396,P17,434,280
FACT01563,P19,345,3800
FACT01563,P15,536,650
FACT01563,P09,530,18
FACT01563,P04,397,3500
FACT06205,P08,260,65
FACT06205,P15,75,650
FACT06205,P17,352,280
FACT06205,P11,531,55
FACT00631,P02,459,350
FACT00631,P04,402,3500
FACT00631,P15,593,650
FACT00631,P10,489,20
FACT00413,P07,23,28
FACT00413,P06,385,30
FACT00413,P20,429,2900
FACT00413,P18,249,900
FACT03401,P12,541,70
FACT03401,P07,524,28
FACT03401,P03,370,8000
FACT03401,P18,565,900
FACT01380,P11,83,55
FACT01380,P01,365,4500
FACT01380,P20,439,2900
FACT01380,P09,400,18
FACT06176,P01,17,4500
FACT06176,P10,36,20
FACT06176,P09,281,18
FACT06176,P03,101,8000
FACT08581,P19,600,3800
FACT08581,P17,559,280
FACT08581,P13,44,350
FACT08581,P16,426,800
FACT00893,P16,495,800
FACT00893,P09,280,18
FACT00893,P05,193,45
FACT00893,P12,108,70
FACT03342,P04,373,3500
FACT03342,P17,276,280
FACT03342,P15,230,650
FACT03342,P06,291,30
FACT04833,P01,348,4500
FACT04833,P18,36,900
FACT04833,P05,330,45
FACT04833,P11,103,55
FACT03764,P02,480,350
FACT03764,P13,141,350
FACT03764,P08,499,65
FACT03764,P07,103,28
FACT08336,P16,71,800
FACT08336,P04,124,3500
FACT08336,P06,597,30
FACT08336,P01,163,4500
FACT08616,P18,44,900
FACT08616,P07,556,28
FACT08616,P09,568,18
FACT08616,P14,274,450
FACT04237,P14,254,450
FACT04237,P01,598,4500
FACT04237,P02,350,350
FACT04237,P15,342,650
FACT01151,P06,174,30
FACT01151,P17,282,280
FACT01151,P10,530,20
FACT01151,P13,520,350
FACT06611,P13,504,350
FACT06611,P03,529,8000
FACT06611,P20,527,2900
FACT06611,P08,573,65
FACT07022,P06,263,30
FACT07022,P07,121,28
FACT07022,P04,455,3500
FACT07022,P05,376,45
FACT02891,P12,295,70
FACT02891,P14,420,450
FACT02891,P04,574,3500
FACT02891,P06,281,30
FACT08444,P02,119,350
FACT08444,P01,389,4500
FACT08444,P11,268,55
FACT08444,P08,32,65
FACT05225,P10,231,20
FACT05225,P12,537,70
FACT05225,P01,430,4500
FACT05225,P17,366,280
FACT06938,P03,35,8000
FACT06938,P20,486,2900
FACT06938,P13,355,350
FACT06938,P05,184,45
FACT08466,P17,385,280
FACT08466,P18,281,900
FACT08466,P12,534,70
FACT08466,P06,336,30
FACT05906,P14,296,450
FACT05906,P07,240,28
FACT05906,P16,454,800
FACT05906,P19,51,3800
FACT02132,P06,357,30
FACT02132,P17,267,280
FACT02132,P09,412,18
FACT02132,P16,31,800
FACT07175,P04,84,3500
FACT07175,P17,381,280
FACT07175,P15,169,650
FACT07175,P05,528,45
FACT01185,P10,154,20
FACT01185,P15,446,650
FACT01185,P19,453,3800
FACT01185,P06,365,30
FACT08176,P15,16,650
FACT08176,P19,55,3800
FACT08176,P01,371,4500
FACT08176,P16,443,800
FACT08377,P14,432,450
FACT08377,P01,74,4500
FACT08377,P05,198,45
FACT08377,P19,286,3800
FACT03573,P19,105,3800
FACT03573,P14,182,450
FACT03573,P01,468,4500
FACT03573,P10,152,20
FACT03072,P09,89,18
FACT03072,P10,127,20
FACT03072,P19,372,3800
FACT03072,P07,257,28
FACT09991,P04,169,3500
FACT09991,P20,141,2900
FACT09991,P19,46,3800
FACT09991,P01,214,4500
FACT06384,P12,305,70
FACT06384,P17,12,280
FACT06384,P03,174,8000
FACT06384,P08,582,65
FACT06975,P10,480,20
FACT06975,P05,510,45
FACT06975,P07,59,28
FACT06975,P09,496,18
FACT09080,P14,572,450
FACT09080,P12,475,70
FACT09080,P04,19,3500
FACT09080,P13,91,350
FACT01866,P05,153,45
FACT01866,P08,451,65
FACT01866,P13,35,350
FACT01866,P14,74,450
FACT02890,P19,181,3800
FACT02890,P14,69,450
FACT02890,P04,239,3500
FACT02890,P10,21,20
FACT07353,P19,457,3800
FACT07353,P11,25,55
FACT07353,P02,350,350
FACT07353,P18,183,900
FACT07381,P20,423,2900
FACT07381,P01,581,4500
FACT07381,P06,93,30
FACT07381,P12,239,70
FACT06339,P02,504,350
FACT06339,P12,539,70
FACT06339,P15,30,650
FACT06339,P16,143,800
FACT03235,P06,143,30
FACT03235,P04,207,3500
FACT03235,P13,481,350
FACT03235,P09,258,18
FACT00808,P13,94,350
FACT00808,P04,562,3500
FACT00808,P18,498,900
FACT00808,P07,301,28
FACT05323,P14,170,450
FACT05323,P08,510,65
FACT05323,P15,290,650
FACT05323,P03,58,8000
FACT09432,P17,515,280
FACT09432,P19,525,3800
FACT09432,P09,415,18
FACT09432,P04,367,3500
FACT07241,P13,89,350
FACT07241,P11,390,55
FACT07241,P07,555,28
FACT07241,P02,552,350
FACT04519,P04,372,3500
FACT04519,P01,415,4500
FACT04519,P20,467,2900
FACT04519,P03,346,8000
FACT09338,P14,197,450
FACT09338,P20,306,2900
FACT09338,P15,157,650
FACT09338,P16,414,800
FACT06760,P20,12,2900
FACT06760,P02,150,350
FACT06760,P11,100,55
FACT06760,P04,595,3500
FACT01966,P16,335,800
FACT01966,P04,308,3500
FACT01966,P18,446,900
FACT01966,P05,139,45
FACT00028,P12,544,70
FACT00028,P02,582,350
FACT00028,P15,431,650
FACT00028,P10,580,20
FACT09735,P20,63,2900
FACT09735,P09,383,18
FACT09735,P14,231,450
FACT09735,P08,108,65
FACT08628,P10,202,20
FACT08628,P01,465,4500
FACT08628,P18,383,900
FACT08628,P20,306,2900
FACT00492,P06,440,30
FACT00492,P18,342,900
FACT00492,P07,479,28
FACT00492,P05,380,45
FACT02330,P06,341,30
FACT02330,P11,429,55
FACT02330,P09,198,18
FACT02330,P14,7,450
FACT01484,P13,92,350
FACT01484,P05,467,45
FACT01484,P04,405,3500
FACT01484,P18,213,900
FACT09689,P18,577,900
FACT09689,P15,118,650
FACT09689,P10,539,20
FACT09689,P08,181,65
FACT08114,P19,109,3800
FACT08114,P17,170,280
FACT08114,P18,272,900
FACT08114,P03,12,8000
FACT08304,P15,599,650
FACT08304,P18,324,900
FACT08304,P09,135,18
FACT08304,P07,498,28
FACT06873,P12,235,70
FACT06873,P03,224,8000
FACT06873,P08,346,65
FACT06873,P02,478,350
FACT03095,P09,462,18
FACT03095,P13,574,350
FACT03095,P03,33,8000
FACT03095,P16,508,800
FACT02242,P10,443,20
FACT02242,P20,599,2900
FACT02242,P17,358,280
FACT02242,P12,357,70
FACT07915,P13,39,350
FACT07915,P08,74,65
FACT07915,P15,274,650
FACT07915,P19,522,3800
FACT03355,P18,131,900
FACT03355,P06,234,30
FACT03355,P01,275,4500
FACT03355,P04,393,3500
FACT07053,P17,121,280
FACT07053,P18,353,900
FACT07053,P04,228,3500
FACT07053,P01,237,4500
FACT02407,P07,586,28
FACT02407,P16,392,800
FACT02407,P11,47,55
FACT02407,P05,69,45
FACT01626,P03,558,8000
FACT01626,P05,208,45
FACT01626,P07,95,28
FACT01626,P17,406,280
FACT06310,P02,386,350
FACT06310,P03,425,8000
FACT06310,P19,428,3800
FACT06310,P17,508,280
FACT07404,P12,592,70
FACT07404,P18,254,900
FACT07404,P16,284,800
FACT07404,P06,119,30
FACT05587,P19,257,3800
FACT05587,P20,247,2900
FACT05587,P14,219,450
FACT05587,P09,182,18
FACT01026,P05,160,45
FACT01026,P09,180,18
FACT01026,P06,6,30
FACT01026,P19,233,3800
FACT05016,P13,523,350
FACT05016,P08,403,65
FACT05016,P17,203,280
FACT05016,P06,597,30
FACT05964,P09,528,18
FACT05964,P20,533,2900
FACT05964,P18,165,900
FACT05964,P17,553,280
FACT05646,P09,460,18
FACT05646,P11,352,55
FACT05646,P16,516,800
FACT05646,P12,279,70
FACT01642,P10,232,20
FACT01642,P03,208,8000
FACT01642,P12,513,70
FACT01642,P06,44,30
FACT02203,P03,532,8000
FACT02203,P02,142,350
FACT02203,P14,338,450
FACT02203,P12,43,70
FACT03073,P15,570,650
FACT03073,P11,461,55
FACT03073,P01,475,4500
FACT03073,P13,560,350
FACT08337,P18,433,900
FACT08337,P16,527,800
FACT08337,P20,235,2900
FACT08337,P12,569,70
FACT04978,P16,588,800
FACT04978,P03,213,8000
FACT04978,P04,116,3500
FACT04978,P05,289,45
FACT09188,P19,176,3800
FACT09188,P09,134,18
FACT09188,P13,21,350
FACT09188,P11,289,55
FACT04900,P13,390,350
FACT04900,P20,267,2900
FACT04900,P12,464,70
FACT04900,P07,512,28
FACT00903,P10,107,20
FACT00903,P05,378,45
FACT00903,P03,84,8000
FACT00903,P04,21,3500
FACT04175,P18,141,900
FACT04175,P06,105,30
FACT04175,P15,512,650
FACT04175,P10,477,20
FACT09107,P18,444,900
FACT09107,P06,239,30
FACT09107,P03,296,8000
FACT09107,P04,24,3500
FACT08433,P17,314,280
FACT08433,P18,340,900
FACT08433,P14,164,450
FACT08433,P08,313,65
FACT05996,P03,29,8000
FACT05996,P15,123,650
FACT05996,P20,165,2900
FACT05996,P16,475,800
FACT08408,P15,206,650
FACT08408,P05,30,45
FACT08408,P02,515,350
FACT08408,P07,228,28
FACT02929,P12,283,70
FACT02929,P16,542,800
FACT02929,P06,495,30
FACT02929,P18,497,900
FACT00929,P05,344,45
FACT00929,P09,595,18
FACT00929,P04,145,3500
FACT00929,P10,193,20
FACT01478,P01,60,4500
FACT01478,P11,187,55
FACT01478,P16,399,800
FACT01478,P19,199,3800
FACT06253,P02,556,350
FACT06253,P20,410,2900
FACT06253,P16,246,800
FACT06253,P12,336,70
FACT01023,P14,135,450
FACT01023,P11,234,55
FACT01023,P06,55,30
FACT01023,P20,164,2900
FACT07587,P10,388,20
FACT07587,P15,90,650
FACT07587,P02,59,350
FACT07587,P17,508,280
FACT03995,P03,506,8000
FACT03995,P07,366,28
FACT03995,P14,242,450
FACT03995,P19,213,3800
FACT06183,P14,199,450
FACT06183,P17,54,280
FACT06183,P07,180,28
FACT06183,P09,22,18
FACT06154,P14,361,450
FACT06154,P01,216,4500
FACT06154,P02,105,350
FACT06154,P03,493,8000
FACT07714,P16,77,800
FACT07714,P20,93,2900
FACT07714,P02,62,350
FACT07714,P05,510,45
FACT02269,P01,411,4500
FACT02269,P05,13,45
FACT02269,P06,368,30
FACT02269,P13,283,350
FACT06669,P03,290,8000
FACT06669,P01,373,4500
FACT06669,P08,403,65
FACT06669,P13,346,350
FACT01548,P09,291,18
FACT01548,P08,342,65
FACT01548,P11,173,55
FACT01548,P18,588,900
FACT08413,P12,502,70
FACT08413,P02,105,350
FACT08413,P08,500,65
FACT08413,P14,349,450
FACT04759,P13,578,350
FACT04759,P08,42,65
FACT04759,P07,156,28
FACT04759,P01,574,4500
FACT02501,P13,594,350
FACT02501,P16,187,800
FACT02501,P15,228,650
FACT02501,P04,580,3500
FACT02768,P05,552,45
FACT02768,P13,252,350
FACT02768,P19,354,3800
FACT02768,P10,163,20
FACT05854,P15,8,650
FACT05854,P12,101,70
FACT05854,P19,175,3800
FACT05854,P13,98,350
FACT08173,P19,368,3800
FACT08173,P03,112,8000
FACT08173,P12,191,70
FACT08173,P16,491,800
FACT02012,P06,19,30
FACT02012,P02,106,350
FACT02012,P03,397,8000
FACT02012,P01,258,4500
FACT05730,P05,44,45
FACT05730,P06,551,30
FACT05730,P16,600,800
FACT05730,P03,161,8000
FACT02463,P12,94,70
FACT02463,P17,587,280
FACT02463,P10,211,20
FACT02463,P04,48,3500
FACT05799,P10,178,20
FACT05799,P08,485,65
FACT05799,P14,367,450
FACT05799,P11,130,55
FACT08281,P01,562,4500
FACT08281,P09,99,18
FACT08281,P04,563,3500
FACT08281,P03,188,8000
FACT09632,P18,467,900
FACT09632,P02,228,350
FACT09632,P05,54,45
FACT09632,P16,198,800
FACT07334,P11,401,55
FACT07334,P01,530,4500
FACT07334,P19,121,3800
FACT07334,P06,463,30
FACT05057,P06,540,30
FACT05057,P07,120,28
FACT05057,P08,209,65
FACT05057,P01,63,4500
FACT08153,P18,200,900
FACT08153,P05,53,45
FACT08153,P19,285,3800
FACT08153,P17,410,280
FACT00692,P14,156,450
FACT00692,P16,594,800
FACT00692,P20,359,2900
FACT00692,P15,286,650
FACT08552,P08,276,65
FACT08552,P09,60,18
FACT08552,P17,585,280
FACT08552,P01,352,4500
FACT04611,P20,549,2900
FACT04611,P13,6,350
FACT04611,P02,291,350
FACT04611,P07,134,28
FACT01599,P04,10,3500
FACT01599,P03,80,8000
FACT01599,P11,256,55
FACT01599,P13,155,350
FACT04168,P10,171,20
FACT04168,P04,396,3500
FACT04168,P13,413,350
FACT04168,P17,553,280
FACT08585,P18,303,900
FACT08585,P14,578,450
FACT08585,P02,84,350
FACT08585,P16,216,800
FACT02167,P19,345,3800
FACT02167,P03,170,8000
FACT02167,P17,385,280
FACT02167,P18,91,900
FACT01603,P11,564,55
FACT01603,P02,338,350
FACT01603,P19,292,3800
FACT01603,P04,106,3500
FACT07084,P14,255,450
FACT07084,P15,20,650
FACT07084,P20,513,2900
FACT07084,P05,213,45
FACT02818,P12,125,70
FACT02818,P04,149,3500
FACT02818,P10,165,20
FACT02818,P16,431,800
FACT02655,P08,165,65
FACT02655,P01,560,4500
FACT02655,P17,153,280
FACT02655,P04,525,3500
FACT01373,P05,438,45
FACT01373,P07,254,28
FACT01373,P16,233,800
FACT01373,P18,93,900
FACT00484,P18,519,900
FACT00484,P07,13,28
FACT00484,P12,220,70
FACT00484,P15,401,650
FACT00915,P16,351,800
FACT00915,P15,93,650
FACT00915,P19,389,3800
FACT00915,P11,72,55
FACT06074,P19,265,3800
FACT06074,P02,70,350
FACT06074,P18,589,900
FACT06074,P14,374,450
FACT05341,P09,442,18
FACT05341,P17,323,280
FACT05341,P15,454,650
FACT05341,P05,471,45
FACT09193,P07,291,28
FACT09193,P15,422,650
FACT09193,P11,469,55
FACT09193,P19,438,3800
FACT01537,P07,16,28
FACT01537,P17,184,280
FACT01537,P10,204,20
FACT01537,P19,9,3800
FACT01097,P17,161,280
FACT01097,P10,282,20
FACT01097,P04,524,3500
FACT01097,P20,29,2900
FACT09170,P09,557,18
FACT09170,P12,236,70
FACT09170,P20,293,2900
FACT09170,P07,106,28
FACT01286,P06,439,30
FACT01286,P02,246,350
FACT01286,P17,273,280
FACT01286,P05,568,45
FACT05422,P12,116,70
FACT05422,P06,358,30
FACT05422,P03,507,8000
FACT05422,P15,571,650
FACT08645,P05,187,45
FACT08645,P17,496,280
FACT08645,P15,127,650
FACT08645,P19,386,3800
FACT09765,P04,552,3500
FACT09765,P07,595,28
FACT09765,P09,319,18
FACT09765,P20,191,2900
FACT02493,P02,188,350
FACT02493,P08,492,65
FACT02493,P20,245,2900
FACT02493,P10,349,20
FACT08035,P05,557,45
FACT08035,P12,435,70
FACT08035,P19,575,3800
FACT08035,P07,278,28
FACT08451,P20,463,2900
FACT08451,P13,227,350
FACT08451,P14,477,450
FACT08451,P12,538,70
FACT04295,P12,344,70
FACT04295,P17,29,280
FACT04295,P14,109,450
FACT04295,P09,461,18
FACT01487,P03,57,8000
FACT01487,P06,424,30
FACT01487,P12,499,70
FACT01487,P01,564,4500
FACT04859,P07,39,28
FACT04859,P10,158,20
FACT04859,P05,559,45
FACT04859,P18,480,900
FACT00204,P08,515,65
FACT00204,P20,159,2900
FACT00204,P03,372,8000
FACT00204,P11,29,55
FACT08370,P02,197,350
FACT08370,P04,292,3500
FACT08370,P08,379,65
FACT08370,P18,408,900
FACT05302,P02,446,350
FACT05302,P07,132,28
FACT05302,P17,251,280
FACT05302,P19,143,3800
FACT06634,P08,553,65
FACT06634,P16,173,800
FACT06634,P13,544,350
FACT06634,P05,305,45
FACT06306,P16,361,800
FACT06306,P10,317,20
FACT06306,P04,472,3500
FACT06306,P07,534,28
FACT02651,P07,450,28
FACT02651,P05,277,45
FACT02651,P03,89,8000
FACT02651,P06,384,30
FACT02106,P08,326,65
FACT02106,P13,392,350
FACT02106,P02,116,350
FACT02106,P18,353,900
FACT05212,P03,154,8000
FACT05212,P01,172,4500
FACT05212,P12,304,70
FACT05212,P18,430,900
FACT03277,P09,498,18
FACT03277,P13,550,350
FACT03277,P04,174,3500
FACT03277,P03,474,8000
FACT01246,P03,322,8000
FACT01246,P12,169,70
FACT01246,P01,158,4500
FACT01246,P19,274,3800
FACT09507,P11,422,55
FACT09507,P03,121,8000
FACT09507,P10,423,20
FACT09507,P16,536,800
FACT04940,P10,79,20
FACT04940,P16,387,800
FACT04940,P19,365,3800
FACT04940,P01,269,4500
FACT03717,P17,514,280
FACT03717,P06,25,30
FACT03717,P04,478,3500
FACT03717,P01,313,4500
FACT01064,P19,68,3800
FACT01064,P18,218,900
FACT01064,P04,65,3500
FACT01064,P10,485,20
FACT02760,P09,519,18
FACT02760,P03,400,8000
FACT02760,P14,113,450
FACT02760,P15,322,650
FACT02561,P02,157,350
FACT02561,P10,94,20
FACT02561,P16,16,800
FACT02561,P20,171,2900
FACT01355,P07,28,28
FACT01355,P10,365,20
FACT01355,P01,262,4500
FACT01355,P08,34,65
FACT08582,P01,358,4500
FACT08582,P15,117,650
FACT08582,P10,62,20
FACT08582,P14,430,450
FACT00633,P10,351,20
FACT00633,P16,401,800
FACT00633,P07,435,28
FACT00633,P15,104,650
FACT01095,P01,43,4500
FACT01095,P08,336,65
FACT01095,P20,346,2900
FACT01095,P15,263,650
FACT02226,P04,333,3500
FACT02226,P14,564,450
FACT02226,P03,125,8000
FACT02226,P20,363,2900
FACT08676,P05,430,45
FACT08676,P02,195,350
FACT08676,P13,395,350
FACT08676,P18,539,900
FACT09529,P14,241,450
FACT09529,P12,15,70
FACT09529,P05,146,45
FACT09529,P17,332,280
FACT04862,P09,549,18
FACT04862,P16,380,800
FACT04862,P03,567,8000
FACT04862,P12,547,70
FACT03173,P02,329,350
FACT03173,P18,563,900
FACT03173,P11,454,55
FACT03173,P09,540,18
FACT04854,P10,35,20
FACT04854,P18,466,900
FACT04854,P05,122,45
FACT04854,P11,154,55
FACT07549,P10,350,20
FACT07549,P17,520,280
FACT07549,P07,552,28
FACT07549,P12,89,70
FACT04707,P19,312,3800
FACT04707,P10,31,20
FACT04707,P16,295,800
FACT04707,P13,491,350
FACT03272,P14,498,450
FACT03272,P16,551,800
FACT03272,P09,150,18
FACT03272,P20,438,2900
FACT03012,P13,55,350
FACT03012,P16,67,800
FACT03012,P15,174,650
FACT03012,P09,89,18
FACT03038,P09,566,18
FACT03038,P06,148,30
FACT03038,P05,423,45
FACT03038,P01,534,4500
FACT06711,P08,41,65
FACT06711,P11,193,55
FACT06711,P01,347,4500
FACT06711,P09,100,18
FACT00767,P16,31,800
FACT00767,P15,216,650
FACT00767,P07,482,28
FACT00767,P01,387,4500
FACT06270,P15,366,650
FACT06270,P07,130,28
FACT06270,P20,558,2900
FACT06270,P17,568,280
FACT00276,P10,589,20
FACT00276,P17,166,280
FACT00276,P08,581,65
FACT00276,P20,67,2900
FACT07787,P03,279,8000
FACT07787,P12,379,70
FACT07787,P16,292,800
FACT07787,P05,253,45
FACT09138,P16,122,800
FACT09138,P04,467,3500
FACT09138,P14,541,450
FACT09138,P07,12,28
FACT08065,P09,518,18
FACT08065,P11,334,55
FACT08065,P08,187,65
FACT08065,P13,219,350
FACT08716,P01,161,4500
FACT08716,P15,20,650
FACT08716,P09,477,18
FACT08716,P05,82,45
FACT01497,P11,432,55
FACT01497,P03,177,8000
FACT01497,P09,468,18
FACT01497,P04,465,3500
FACT02810,P18,340,900
FACT02810,P05,107,45
FACT02810,P02,247,350
FACT02810,P09,99,18
FACT02113,P17,570,280
FACT02113,P09,535,18
FACT02113,P12,171,70
FACT02113,P15,534,650
FACT00274,P20,482,2900
FACT00274,P11,165,55
FACT00274,P13,593,350
FACT00274,P01,211,4500
FACT02999,P18,597,900
FACT02999,P03,349,8000
FACT02999,P02,531,350
FACT02999,P08,462,65
FACT00803,P05,290,45
FACT00803,P14,157,450
FACT00803,P12,400,70
FACT00803,P09,549,18
FACT05004,P03,272,8000
FACT05004,P13,6,350
FACT05004,P04,598,3500
FACT05004,P06,467,30
FACT06541,P16,48,800
FACT06541,P02,104,350
FACT06541,P12,386,70
FACT06541,P14,452,450
FACT06653,P17,547,280
FACT06653,P05,173,45
FACT06653,P09,561,18
FACT06653,P11,424,55
FACT06203,P01,291,4500
FACT06203,P07,455,28
FACT06203,P02,414,350
FACT06203,P11,76,55
FACT07439,P14,542,450
FACT07439,P15,561,650
FACT07439,P06,249,30
FACT07439,P18,432,900
FACT08658,P11,371,55
FACT08658,P20,278,2900
FACT08658,P05,342,45
FACT08658,P01,319,4500
FACT01378,P14,201,450
FACT01378,P05,258,45
FACT01378,P18,257,900
FACT01378,P04,54,3500
FACT01213,P17,143,280
FACT01213,P16,240,800
FACT01213,P20,175,2900
FACT01213,P06,243,30
FACT07338,P11,229,55
FACT07338,P18,202,900
FACT07338,P10,552,20
FACT07338,P17,477,280
FACT00469,P13,537,350
FACT00469,P05,259,45
FACT00469,P17,478,280
FACT00469,P11,408,55
FACT02500,P03,254,8000
FACT02500,P06,334,30
FACT02500,P12,134,70
FACT02500,P13,174,350
FACT05346,P01,158,4500
FACT05346,P04,309,3500
FACT05346,P11,253,55
FACT05346,P02,65,350
FACT05282,P03,241,8000
FACT05282,P19,365,3800
FACT05282,P20,303,2900
FACT05282,P08,286,65
FACT09245,P14,490,450
FACT09245,P10,64,20
FACT09245,P06,25,30
FACT09245,P01,517,4500
FACT03640,P08,483,65
FACT03640,P15,459,650
FACT03640,P09,592,18
FACT03640,P06,42,30
FACT00333,P05,216,45
FACT00333,P12,320,70
FACT00333,P09,380,18
FACT00333,P18,537,900
FACT09385,P07,270,28
FACT09385,P06,165,30
FACT09385,P03,348,8000
FACT09385,P02,30,350
FACT00503,P13,169,350
FACT00503,P10,252,20
FACT00503,P14,470,450
FACT00503,P17,469,280
FACT06992,P06,343,30
FACT06992,P04,151,3500
FACT06992,P08,365,65
FACT06992,P18,244,900
FACT07844,P07,405,28
FACT07844,P09,145,18
FACT07844,P14,547,450
FACT07844,P01,108,4500
FACT09462,P08,297,65
FACT09462,P13,96,350
FACT09462,P06,46,30
FACT09462,P18,441,900
FACT03276,P08,17,65
FACT03276,P14,292,450
FACT03276,P02,591,350
FACT03276,P18,270,900
FACT05156,P14,65,450
FACT05156,P10,429,20
FACT05156,P07,201,28
FACT05156,P11,440,55
FACT03106,P20,364,2900
FACT03106,P02,491,350
FACT03106,P18,142,900
FACT03106,P16,535,800
FACT02485,P07,287,28
FACT02485,P06,475,30
FACT02485,P12,42,70
FACT02485,P03,425,8000
FACT09185,P17,544,280
FACT09185,P11,112,55
FACT09185,P15,486,650
FACT09185,P20,430,2900
FACT08570,P12,323,70
FACT08570,P10,204,20
FACT08570,P08,403,65
FACT08570,P01,7,4500
FACT07047,P18,405,900
FACT07047,P01,35,4500
FACT07047,P17,95,280
FACT07047,P04,398,3500
FACT08832,P12,183,70
FACT08832,P14,316,450
FACT08832,P20,294,2900
FACT08832,P16,420,800
FACT06482,P12,331,70
FACT06482,P06,244,30
FACT06482,P07,390,28
FACT06482,P01,510,4500
FACT07005,P09,553,18
FACT07005,P08,577,65
FACT07005,P12,472,70
FACT07005,P07,536,28
FACT00579,P02,388,350
FACT00579,P15,403,650
FACT00579,P14,404,450
FACT00579,P05,540,45
FACT01099,P18,83,900
FACT01099,P11,468,55
FACT01099,P01,577,4500
FACT01099,P02,48,350
FACT01267,P16,347,800
FACT01267,P10,274,20
FACT01267,P12,45,70
FACT01267,P01,345,4500
FACT09710,P01,405,4500
FACT09710,P17,21,280
FACT09710,P18,137,900
FACT09710,P08,338,65
FACT03308,P06,149,30
FACT03308,P01,416,4500
FACT03308,P10,158,20
FACT03308,P08,148,65
FACT04457,P09,83,18
FACT04457,P10,436,20
FACT04457,P18,585,900
FACT04457,P06,342,30
FACT09291,P17,488,280
FACT09291,P15,317,650
FACT09291,P04,72,3500
FACT09291,P07,219,28
FACT08157,P09,208,18
FACT08157,P01,308,4500
FACT08157,P18,261,900
FACT08157,P10,244,20
FACT08123,P19,38,3800
FACT08123,P13,320,350
FACT08123,P17,41,280
FACT08123,P07,259,28
FACT04207,P18,55,900
FACT04207,P16,276,800
FACT04207,P07,231,28
FACT04207,P06,223,30
FACT04882,P16,316,800
FACT04882,P13,449,350
FACT04882,P19,313,3800
FACT04882,P03,502,8000
FACT06522,P08,183,65
FACT06522,P20,104,2900
FACT06522,P11,547,55
FACT06522,P12,448,70
FACT05786,P14,489,450
FACT05786,P09,131,18
FACT05786,P15,42,650
FACT05786,P13,502,350
FACT01767,P01,336,4500
FACT01767,P03,369,8000
FACT01767,P20,54,2900
FACT01767,P07,112,28
FACT04921,P16,500,800
FACT04921,P20,549,2900
FACT04921,P03,176,8000
FACT04921,P14,311,450
FACT01629,P08,55,65
FACT01629,P18,244,900
FACT01629,P07,565,28
FACT01629,P09,393,18
FACT05694,P13,203,350
FACT05694,P04,419,3500
FACT05694,P02,362,350
FACT05694,P17,375,280
FACT01253,P16,206,800
FACT01253,P08,326,65
FACT01253,P20,257,2900
FACT01253,P13,198,350
FACT07161,P02,347,350
FACT07161,P05,151,45
FACT07161,P01,206,4500
FACT07161,P12,425,70
FACT01311,P09,145,18
FACT01311,P07,264,28
FACT01311,P02,324,350
FACT01311,P11,223,55
FACT05500,P05,275,45
FACT05500,P12,527,70
FACT05500,P11,20,55
FACT05500,P20,319,2900
FACT00844,P14,10,450
FACT00844,P17,172,280
FACT00844,P08,350,65
FACT00844,P06,224,30
FACT06819,P10,139,20
FACT06819,P12,456,70
FACT06819,P17,411,280
FACT06819,P09,314,18
FACT03555,P03,61,8000
FACT03555,P01,460,4500
FACT03555,P16,197,800
FACT03555,P17,360,280
FACT00730,P03,568,8000
FACT00730,P11,495,55
FACT00730,P20,237,2900
FACT00730,P13,151,350
FACT04612,P11,535,55
FACT04612,P12,598,70
FACT04612,P07,487,28
FACT04612,P01,234,4500
FACT05870,P07,436,28
FACT05870,P14,223,450
FACT05870,P15,54,650
FACT05870,P02,222,350
FACT00113,P03,435,8000
FACT00113,P05,276,45
FACT00113,P20,165,2900
FACT00113,P17,481,280
FACT00891,P13,147,350
FACT00891,P17,451,280
FACT00891,P10,85,20
FACT00891,P19,31,3800
FACT05995,P18,206,900
FACT05995,P08,120,65
FACT05995,P13,522,350
FACT05995,P06,218,30
FACT00322,P10,542,20
FACT00322,P16,153,800
FACT00322,P15,185,650
FACT00322,P04,295,3500
FACT02573,P01,551,4500
FACT02573,P16,426,800
FACT02573,P13,562,350
FACT02573,P19,456,3800
FACT02593,P10,249,20
FACT02593,P12,393,70
FACT02593,P03,253,8000
FACT02593,P13,276,350
FACT08318,P09,172,18
FACT08318,P04,212,3500
FACT08318,P01,461,4500
FACT08318,P06,177,30
FACT03603,P01,126,4500
FACT03603,P20,260,2900
FACT03603,P06,134,30
FACT03603,P15,299,650
FACT00847,P07,155,28
FACT00847,P04,493,3500
FACT00847,P06,344,30
FACT00847,P09,540,18
FACT08696,P13,458,350
FACT08696,P19,400,3800
FACT08696,P20,203,2900
FACT08696,P05,289,45
FACT04939,P07,331,28
FACT04939,P17,149,280
FACT04939,P12,89,70
FACT04939,P03,482,8000
FACT03756,P05,388,45
FACT03756,P01,208,4500
FACT03756,P07,239,28
FACT03756,P08,216,65
FACT07131,P04,123,3500
FACT07131,P18,429,900
FACT07131,P07,295,28
FACT07131,P14,17,450
FACT09950,P20,537,2900
FACT09950,P14,75,450
FACT09950,P04,125,3500
FACT09950,P12,364,70
FACT09162,P04,531,3500
FACT09162,P19,527,3800
FACT09162,P20,78,2900
FACT09162,P11,95,55
FACT07458,P11,487,55
FACT07458,P13,389,350
FACT07458,P12,123,70
FACT07458,P09,150,18
FACT04388,P19,447,3800
FACT04388,P17,40,280
FACT04388,P15,123,650
FACT04388,P03,475,8000
FACT06951,P11,84,55
FACT06951,P19,77,3800
FACT06951,P10,189,20
FACT06951,P04,176,3500
FACT05834,P09,422,18
FACT05834,P20,351,2900
FACT05834,P18,500,900
FACT05834,P07,313,28
FACT03742,P16,515,800
FACT03742,P01,584,4500
FACT03742,P11,421,55
FACT03742,P17,217,280
FACT03545,P16,304,800
FACT03545,P05,105,45
FACT03545,P15,234,650
FACT03545,P07,434,28
FACT06923,P01,101,4500
FACT06923,P02,549,350
FACT06923,P05,75,45
FACT06923,P14,163,450
FACT04180,P11,254,55
FACT04180,P06,528,30
FACT04180,P15,21,650
FACT04180,P12,127,70
FACT05507,P20,230,2900
FACT05507,P15,424,650
FACT05507,P03,551,8000
FACT05507,P02,10,350
FACT00011,P18,423,900
FACT00011,P05,511,45
FACT00011,P17,204,280
FACT00011,P02,529,350
FACT09845,P13,150,350
FACT09845,P19,18,3800
FACT09845,P11,227,55
FACT09845,P06,237,30
FACT08366,P18,388,900
FACT08366,P20,557,2900
FACT08366,P12,205,70
FACT08366,P07,452,28
FACT07848,P20,230,2900
FACT07848,P19,287,3800
FACT07848,P07,440,28
FACT07848,P01,598,4500
FACT09949,P07,15,28
FACT09949,P13,453,350
FACT09949,P18,271,900
FACT09949,P19,381,3800
FACT02223,P17,329,280
FACT02223,P20,442,2900
FACT02223,P16,528,800
FACT02223,P09,33,18
FACT07484,P04,211,3500
FACT07484,P09,119,18
FACT07484,P15,64,650
FACT07484,P07,535,28
FACT04104,P06,45,30
FACT04104,P19,390,3800
FACT04104,P16,94,800
FACT04104,P14,278,450
FACT04610,P10,102,20
FACT04610,P05,355,45
FACT04610,P07,186,28
FACT04610,P20,388,2900
FACT07199,P17,531,280
FACT07199,P16,341,800
FACT07199,P20,315,2900
FACT07199,P09,510,18
FACT08186,P07,479,28
FACT08186,P06,428,30
FACT08186,P19,352,3800
FACT08186,P11,345,55
FACT07960,P11,164,55
FACT07960,P15,467,650
FACT07960,P03,304,8000
FACT07960,P17,371,280
FACT09232,P01,37,4500
FACT09232,P09,170,18
FACT09232,P11,194,55
FACT09232,P19,410,3800
FACT00947,P08,496,65
FACT00947,P05,245,45
FACT00947,P13,249,350
FACT00947,P12,55,70
FACT03493,P13,393,350
FACT03493,P19,333,3800
FACT03493,P10,79,20
FACT03493,P18,466,900
FACT09508,P14,334,450
FACT09508,P15,540,650
FACT09508,P06,545,30
FACT09508,P20,541,2900
FACT08476,P09,528,18
FACT08476,P05,502,45
FACT08476,P17,531,280
FACT08476,P06,417,30
FACT08949,P02,109,350
FACT08949,P09,516,18
FACT08949,P01,498,4500
FACT08949,P10,471,20
FACT09265,P14,94,450
FACT09265,P18,312,900
FACT09265,P03,156,8000
FACT09265,P17,212,280
FACT08703,P15,511,650
FACT08703,P01,101,4500
FACT08703,P12,40,70
FACT08703,P03,69,8000
FACT05609,P12,458,70
FACT05609,P13,362,350
FACT05609,P10,346,20
FACT05609,P03,76,8000
FACT07298,P13,177,350
FACT07298,P17,198,280
FACT07298,P08,124,65
FACT07298,P20,13,2900
FACT00199,P05,242,45
FACT00199,P20,18,2900
FACT00199,P19,597,3800
FACT00199,P03,96,8000
FACT03454,P03,489,8000
FACT03454,P07,137,28
FACT03454,P09,356,18
FACT03454,P04,15,3500
FACT09596,P15,430,650
FACT09596,P18,447,900
FACT09596,P04,545,3500
FACT09596,P03,340,8000
FACT01998,P03,413,8000
FACT01998,P06,521,30
FACT01998,P20,170,2900
FACT01998,P11,116,55
FACT02075,P04,337,3500
FACT02075,P02,531,350
FACT02075,P16,221,800
FACT02075,P15,186,650
FACT03997,P09,213,18
FACT03997,P04,598,3500
FACT03997,P02,428,350
FACT03997,P18,427,900
FACT03611,P03,137,8000
FACT03611,P01,177,4500
FACT03611,P06,320,30
FACT03611,P07,564,28
FACT08113,P08,207,65
FACT08113,P11,573,55
FACT08113,P17,198,280
FACT08113,P12,272,70
FACT03680,P09,156,18
FACT03680,P06,592,30
FACT03680,P20,517,2900
FACT03680,P01,240,4500
FACT07091,P03,438,8000
FACT07091,P18,356,900
FACT07091,P16,565,800
FACT07091,P09,465,18
FACT00496,P02,245,350
FACT00496,P07,143,28
FACT00496,P13,583,350
FACT00496,P17,127,280
FACT07617,P17,283,280
FACT07617,P01,136,4500
FACT07617,P06,79,30
FACT07617,P20,305,2900
FACT08732,P11,142,55
FACT08732,P15,76,650
FACT08732,P16,121,800
FACT08732,P09,365,18
FACT07309,P19,112,3800
FACT07309,P16,110,800
FACT07309,P05,384,45
FACT07309,P09,592,18
FACT03445,P14,201,450
FACT03445,P08,321,65
FACT03445,P01,362,4500
FACT03445,P03,512,8000
FACT08560,P08,535,65
FACT08560,P12,574,70
FACT08560,P03,99,8000
FACT08560,P20,88,2900
FACT06346,P15,52,650
FACT06346,P20,373,2900
FACT06346,P03,10,8000
FACT06346,P12,227,70
FACT00831,P01,363,4500
FACT00831,P07,529,28
FACT00831,P09,590,18
FACT00831,P06,28,30
FACT02138,P12,444,70
FACT02138,P10,443,20
FACT02138,P09,262,18
FACT02138,P17,340,280
FACT05662,P08,6,65
FACT05662,P03,466,8000
FACT05662,P06,91,30
FACT05662,P17,260,280
FACT00258,P13,509,350
FACT00258,P08,526,65
FACT00258,P11,382,55
FACT00258,P07,475,28
FACT05146,P09,363,18
FACT05146,P08,62,65
FACT05146,P06,53,30
FACT05146,P01,529,4500
FACT09905,P18,324,900
FACT09905,P07,533,28
FACT09905,P16,369,800
FACT09905,P11,278,55
FACT04821,P19,360,3800
FACT04821,P02,107,350
FACT04821,P03,234,8000
FACT04821,P01,556,4500
FACT08834,P16,213,800
FACT08834,P17,50,280
FACT08834,P06,377,30
FACT08834,P05,12,45
FACT05059,P17,221,280
FACT05059,P18,381,900
FACT05059,P04,501,3500
FACT05059,P03,519,8000
FACT07879,P07,434,28
FACT07879,P11,438,55
FACT07879,P18,327,900
FACT07879,P02,568,350
FACT02756,P16,294,800
FACT02756,P14,358,450
FACT02756,P05,66,45
FACT02756,P17,253,280
FACT09895,P13,449,350
FACT09895,P11,470,55
FACT09895,P02,334,350
FACT09895,P05,560,45
FACT00583,P06,21,30
FACT00583,P07,387,28
FACT00583,P09,402,18
FACT00583,P16,146,800
FACT08416,P06,552,30
FACT08416,P17,557,280
FACT08416,P13,405,350
FACT08416,P10,370,20
FACT01181,P05,267,45
FACT01181,P19,557,3800
FACT01181,P10,116,20
FACT01181,P16,299,800
FACT06212,P18,75,900
FACT06212,P04,519,3500
FACT06212,P16,321,800
FACT06212,P11,526,55
FACT07949,P05,407,45
FACT07949,P11,237,55
FACT07949,P07,270,28
FACT07949,P16,373,800
FACT09855,P20,294,2900
FACT09855,P04,445,3500
FACT09855,P08,330,65
FACT09855,P12,402,70
FACT04890,P12,560,70
FACT04890,P10,142,20
FACT04890,P08,502,65
FACT04890,P18,268,900
FACT09674,P11,373,55
FACT09674,P14,71,450
FACT09674,P19,501,3800
FACT09674,P16,432,800
FACT04718,P16,193,800
FACT04718,P02,88,350
FACT04718,P13,363,350
FACT04718,P18,507,900
FACT09669,P09,114,18
FACT09669,P12,536,70
FACT09669,P08,501,65
FACT09669,P14,149,450
FACT04008,P20,382,2900
FACT04008,P06,359,30
FACT04008,P16,381,800
FACT04008,P05,324,45
FACT07213,P20,216,2900
FACT07213,P06,516,30
FACT07213,P19,126,3800
FACT07213,P02,213,350
FACT01490,P07,71,28
FACT01490,P20,301,2900
FACT01490,P11,73,55
FACT01490,P08,318,65
FACT07206,P01,457,4500
FACT07206,P19,344,3800
FACT07206,P02,120,350
FACT07206,P10,157,20
FACT06853,P09,482,18
FACT06853,P05,362,45
FACT06853,P13,208,350
FACT06853,P04,333,3500
FACT03743,P02,259,350
FACT03743,P12,34,70
FACT03743,P04,352,3500
FACT03743,P03,486,8000
FACT03334,P09,254,18
FACT03334,P02,558,350
FACT03334,P17,68,280
FACT03334,P08,166,65
FACT06576,P08,499,65
FACT06576,P17,523,280
FACT06576,P09,170,18
FACT06576,P10,266,20
FACT05267,P11,505,55
FACT05267,P07,508,28
FACT05267,P04,11,3500
FACT05267,P17,364,280
FACT01296,P15,163,650
FACT01296,P06,460,30
FACT01296,P13,233,350
FACT01296,P19,451,3800
FACT09461,P18,441,900
FACT09461,P10,59,20
FACT09461,P08,357,65
FACT09461,P20,229,2900
FACT02602,P18,480,900
FACT02602,P01,590,4500
FACT02602,P09,365,18
FACT02602,P15,196,650
FACT00468,P10,363,20
FACT00468,P02,70,350
FACT00468,P05,149,45
FACT00468,P19,598,3800
FACT09841,P05,221,45
FACT09841,P17,541,280
FACT09841,P07,311,28
FACT09841,P04,390,3500
FACT09933,P05,526,45
FACT09933,P10,28,20
FACT09933,P18,414,900
FACT09933,P20,458,2900
FACT05670,P10,398,20
FACT05670,P07,266,28
FACT05670,P02,160,350
FACT05670,P12,293,70
FACT03304,P10,109,20
FACT03304,P06,531,30
FACT03304,P15,60,650
FACT03304,P20,88,2900
FACT04426,P17,35,280
FACT04426,P08,161,65
FACT04426,P10,148,20
FACT04426,P18,92,900
FACT03086,P16,178,800
FACT03086,P01,322,4500
FACT03086,P10,175,20
FACT03086,P09,164,18
FACT03772,P20,128,2900
FACT03772,P03,546,8000
FACT03772,P17,114,280
FACT03772,P02,533,350
FACT04395,P04,389,3500
FACT04395,P11,24,55
FACT04395,P12,35,70
FACT04395,P09,290,18
FACT08494,P18,249,900
FACT08494,P20,191,2900
FACT08494,P09,141,18
FACT08494,P05,68,45
FACT09090,P03,432,8000
FACT09090,P19,64,3800
FACT09090,P09,449,18
FACT09090,P15,538,650
FACT02894,P13,532,350
FACT02894,P20,513,2900
FACT02894,P19,258,3800
FACT02894,P09,42,18
FACT00075,P05,49,45
FACT00075,P14,167,450
FACT00075,P13,580,350
FACT00075,P08,234,65
FACT03252,P04,276,3500
FACT03252,P09,491,18
FACT03252,P16,89,800
FACT03252,P07,333,28
FACT06545,P16,374,800
FACT06545,P13,269,350
FACT06545,P01,176,4500
FACT06545,P18,568,900
FACT01281,P17,401,280
FACT01281,P16,535,800
FACT01281,P12,494,70
FACT01281,P04,315,3500
FACT06224,P17,237,280
FACT06224,P11,125,55
FACT06224,P10,136,20
FACT06224,P06,93,30
FACT08597,P11,447,55
FACT08597,P17,412,280
FACT08597,P09,289,18
FACT08597,P03,76,8000
FACT05297,P08,13,65
FACT05297,P15,133,650
FACT05297,P07,232,28
FACT05297,P02,390,350
FACT04214,P08,528,65
FACT04214,P04,500,3500
FACT04214,P16,203,800
FACT04214,P10,579,20
FACT09382,P03,322,8000
FACT09382,P05,157,45
FACT09382,P02,202,350
FACT09382,P19,144,3800
FACT08375,P17,42,280
FACT08375,P03,138,8000
FACT08375,P14,215,450
FACT08375,P07,512,28
FACT08684,P07,580,28
FACT08684,P13,205,350
FACT08684,P17,69,280
FACT08684,P09,94,18
FACT09999,P09,488,18
FACT09999,P15,312,650
FACT09999,P03,345,8000
FACT09999,P12,332,70
FACT08979,P10,67,20
FACT08979,P07,550,28
FACT08979,P09,146,18
FACT08979,P16,377,800
FACT05206,P19,551,3800
FACT05206,P04,409,3500
FACT05206,P16,405,800
FACT05206,P07,109,28
FACT04416,P05,149,45
FACT04416,P01,356,4500
FACT04416,P06,507,30
FACT04416,P03,222,8000
FACT01566,P19,168,3800
FACT01566,P04,445,3500
FACT01566,P16,27,800
FACT01566,P14,18,450
FACT03727,P19,581,3800
FACT03727,P20,290,2900
FACT03727,P08,449,65
FACT03727,P14,334,450
FACT00022,P08,102,65
FACT00022,P04,126,3500
FACT00022,P13,412,350
FACT00022,P20,70,2900
FACT02324,P17,53,280
FACT02324,P12,582,70
FACT02324,P20,600,2900
FACT02324,P02,276,350
FACT08061,P04,394,3500
FACT08061,P01,112,4500
FACT08061,P11,391,55
FACT08061,P10,268,20
FACT06525,P16,377,800
FACT06525,P09,529,18
FACT06525,P08,384,65
FACT06525,P03,277,8000
FACT08519,P11,84,55
FACT08519,P19,386,3800
FACT08519,P02,522,350
FACT08519,P14,506,450
FACT07578,P13,395,350
FACT07578,P05,434,45
FACT07578,P17,270,280
FACT07578,P14,305,450
FACT03975,P12,100,70
FACT03975,P16,330,800
FACT03975,P13,413,350
FACT03975,P20,344,2900
FACT01539,P14,154,450
FACT01539,P06,591,30
FACT01539,P12,439,70
FACT01539,P09,484,18
FACT08864,P20,322,2900
FACT08864,P09,385,18
FACT08864,P08,377,65
FACT08864,P18,457,900
FACT01984,P14,545,450
FACT01984,P06,235,30
FACT01984,P20,417,2900
FACT01984,P05,70,45
FACT03968,P02,179,350
FACT03968,P03,61,8000
FACT03968,P08,402,65
FACT03968,P19,482,3800
FACT08418,P03,280,8000
FACT08418,P04,351,3500
FACT08418,P15,198,650
FACT08418,P08,412,65
FACT00403,P08,382,65
FACT00403,P06,76,30
FACT00403,P15,325,650
FACT00403,P17,126,280
FACT07068,P17,556,280
FACT07068,P08,104,65
FACT07068,P02,346,350
FACT07068,P13,271,350
FACT03229,P05,369,45
FACT03229,P06,366,30
FACT03229,P17,223,280
FACT03229,P07,433,28
FACT06088,P01,309,4500
FACT06088,P17,578,280
FACT06088,P12,523,70
FACT06088,P14,465,450
FACT05567,P18,100,900
FACT05567,P20,564,2900
FACT05567,P12,239,70
FACT05567,P14,134,450
FACT06894,P12,437,70
FACT06894,P09,332,18
FACT06894,P19,473,3800
FACT06894,P04,503,3500
FACT09469,P12,528,70
FACT09469,P11,164,55
FACT09469,P07,22,28
FACT09469,P13,144,350
FACT04238,P05,449,45
FACT04238,P03,331,8000
FACT04238,P12,579,70
FACT04238,P18,135,900
FACT05137,P06,580,30
FACT05137,P04,470,3500
FACT05137,P15,117,650
FACT05137,P20,301,2900
FACT02087,P08,417,65
FACT02087,P20,378,2900
FACT02087,P19,177,3800
FACT02087,P18,227,900
FACT07489,P03,173,8000
FACT07489,P17,479,280
FACT07489,P06,59,30
FACT07489,P16,287,800
FACT00483,P15,208,650
FACT00483,P12,202,70
FACT00483,P04,370,3500
FACT00483,P06,573,30
FACT01592,P12,39,70
FACT01592,P20,251,2900
FACT01592,P01,102,4500
FACT01592,P17,38,280
FACT07665,P20,388,2900
FACT07665,P15,142,650
FACT07665,P09,122,18
FACT07665,P06,439,30
FACT04108,P05,55,45
FACT04108,P15,443,650
FACT04108,P18,352,900
FACT04108,P12,376,70
FACT07190,P13,488,350
FACT07190,P09,458,18
FACT07190,P11,477,55
FACT07190,P04,424,3500
FACT02868,P09,449,18
FACT02868,P04,463,3500
FACT02868,P19,273,3800
FACT02868,P10,543,20
FACT07073,P16,193,800
FACT07073,P05,499,45
FACT07073,P03,59,8000
FACT07073,P20,214,2900
FACT07505,P05,65,45
FACT07505,P08,64,65
FACT07505,P12,407,70
FACT07505,P18,576,900
FACT03004,P18,432,900
FACT03004,P05,561,45
FACT03004,P15,164,650
FACT03004,P16,409,800
FACT09478,P01,296,4500
FACT09478,P05,364,45
FACT09478,P17,386,280
FACT09478,P11,546,55
FACT07237,P10,359,20
FACT07237,P13,320,350
FACT07237,P14,236,450
FACT07237,P16,582,800
FACT03655,P20,38,2900
FACT03655,P14,52,450
FACT03655,P17,431,280
FACT03655,P03,444,8000
FACT03440,P19,17,3800
FACT03440,P10,563,20
FACT03440,P02,551,350
FACT03440,P15,398,650
FACT04618,P08,528,65
FACT04618,P07,396,28
FACT04618,P13,232,350
FACT04618,P16,143,800
FACT08723,P20,203,2900
FACT08723,P11,417,55
FACT08723,P18,488,900
FACT08723,P05,202,45
FACT03826,P05,569,45
FACT03826,P03,545,8000
FACT03826,P11,176,55
FACT03826,P04,430,3500
FACT01379,P11,326,55
FACT01379,P16,8,800
FACT01379,P15,288,650
FACT01379,P03,449,8000
FACT05584,P17,100,280
FACT05584,P19,380,3800
FACT05584,P18,234,900
FACT05584,P06,494,30
FACT04647,P07,160,28
FACT04647,P06,42,30
FACT04647,P17,444,280
FACT04647,P10,60,20
FACT04417,P02,524,350
FACT04417,P03,115,8000
FACT04417,P13,586,350
FACT04417,P12,379,70
FACT08108,P07,546,28
FACT08108,P10,394,20
FACT08108,P20,559,2900
FACT08108,P05,97,45
FACT00513,P08,490,65
FACT00513,P17,274,280
FACT00513,P11,383,55
FACT00513,P14,142,450
FACT05439,P17,213,280
FACT05439,P10,478,20
FACT05439,P20,256,2900
FACT05439,P08,511,65
FACT09979,P08,230,65
FACT09979,P10,594,20
FACT09979,P11,218,55
FACT09979,P01,171,4500
FACT06636,P07,120,28
FACT06636,P20,305,2900
FACT06636,P14,275,450
FACT06636,P10,171,20
FACT06173,P06,279,30
FACT06173,P16,102,800
FACT06173,P04,408,3500
FACT06173,P02,293,350
FACT07419,P18,496,900
FACT07419,P14,140,450
FACT07419,P19,452,3800
FACT07419,P09,52,18
FACT08897,P19,404,3800
FACT08897,P10,79,20
FACT08897,P02,109,350
FACT08897,P12,534,70
FACT07283,P13,82,350
FACT07283,P16,323,800
FACT07283,P20,429,2900
FACT07283,P03,350,8000
FACT04619,P08,408,65
FACT04619,P02,366,350
FACT04619,P01,137,4500
FACT04619,P17,565,280
FACT03670,P18,465,900
FACT03670,P03,315,8000
FACT03670,P17,12,280
FACT03670,P14,528,450
FACT09758,P09,317,18
FACT09758,P12,494,70
FACT09758,P10,467,20
FACT09758,P08,283,65
FACT00534,P18,112,900
FACT00534,P09,488,18
FACT00534,P17,579,280
FACT00534,P12,320,70
FACT08536,P12,372,70
FACT08536,P05,298,45
FACT08536,P20,257,2900
FACT08536,P09,101,18
FACT08501,P20,420,2900
FACT08501,P06,296,30
FACT08501,P16,163,800
FACT08501,P05,256,45
FACT09400,P03,562,8000
FACT09400,P15,263,650
FACT09400,P16,71,800
FACT09400,P11,164,55
FACT00691,P12,172,70
FACT00691,P18,428,900
FACT00691,P17,444,280
FACT00691,P10,385,20
FACT04202,P17,215,280
FACT04202,P09,39,18
FACT04202,P04,394,3500
FACT04202,P19,489,3800
FACT04281,P08,534,65
FACT04281,P16,252,800
FACT04281,P20,496,2900
FACT04281,P15,287,650
FACT00048,P03,325,8000
FACT00048,P20,109,2900
FACT00048,P13,565,350
FACT00048,P17,247,280
FACT02936,P15,11,650
FACT02936,P12,254,70
FACT02936,P19,455,3800
FACT02936,P18,266,900
FACT02157,P20,341,2900
FACT02157,P05,15,45
FACT02157,P17,520,280
FACT02157,P02,343,350
FACT01873,P15,249,650
FACT01873,P16,130,800
FACT01873,P08,494,65
FACT01873,P05,99,45
FACT00809,P18,447,900
FACT00809,P05,83,45
FACT00809,P04,33,3500
FACT00809,P10,297,20
FACT08971,P08,594,65
FACT08971,P20,379,2900
FACT08971,P03,236,8000
FACT08971,P19,293,3800
FACT09377,P20,250,2900
FACT09377,P04,70,3500
FACT09377,P14,89,450
FACT09377,P10,591,20
FACT05153,P02,442,350
FACT05153,P19,256,3800
FACT05153,P12,405,70
FACT05153,P15,141,650
FACT05793,P10,430,20
FACT05793,P01,193,4500
FACT05793,P08,403,65
FACT05793,P13,33,350
FACT01321,P12,346,70
FACT01321,P03,571,8000
FACT01321,P05,507,45
FACT01321,P09,327,18
FACT09305,P10,236,20
FACT09305,P03,458,8000
FACT09305,P12,531,70
FACT09305,P16,6,800
FACT08184,P18,334,900
FACT08184,P08,454,65
FACT08184,P20,487,2900
FACT08184,P05,219,45
FACT02522,P20,405,2900
FACT02522,P04,497,3500
FACT02522,P13,281,350
FACT02522,P12,569,70
FACT08328,P10,18,20
FACT08328,P02,577,350
FACT08328,P01,153,4500
FACT08328,P03,563,8000
FACT01287,P07,496,28
FACT01287,P05,564,45
FACT01287,P11,517,55
FACT01287,P04,495,3500
FACT04753,P04,566,3500
FACT04753,P11,212,55
FACT04753,P19,286,3800
FACT04753,P06,150,30
FACT04428,P15,216,650
FACT04428,P08,122,65
FACT04428,P09,319,18
FACT04428,P17,251,280
FACT01042,P13,54,350
FACT01042,P20,281,2900
FACT01042,P07,114,28
FACT01042,P12,470,70
FACT02190,P02,112,350
FACT02190,P09,89,18
FACT02190,P10,194,20
FACT02190,P03,287,8000
FACT02817,P17,519,280
FACT02817,P12,221,70
FACT02817,P05,193,45
FACT02817,P18,487,900
FACT08633,P12,64,70
FACT08633,P14,172,450
FACT08633,P09,407,18
FACT08633,P19,528,3800
FACT04720,P08,348,65
FACT04720,P16,522,800
FACT04720,P15,540,650
FACT04720,P02,481,350
FACT04847,P06,556,30
FACT04847,P10,241,20
FACT04847,P12,582,70
FACT04847,P09,25,18
FACT02873,P15,26,650
FACT02873,P04,56,3500
FACT02873,P03,80,8000
FACT02873,P02,531,350
FACT08849,P06,36,30
FACT08849,P18,486,900
FACT08849,P20,297,2900
FACT08849,P10,214,20
FACT00665,P03,386,8000
FACT00665,P12,565,70
FACT00665,P01,161,4500
FACT00665,P17,17,280
FACT06387,P05,493,45
FACT06387,P04,231,3500
FACT06387,P09,189,18
FACT06387,P03,114,8000
FACT07487,P20,57,2900
FACT07487,P13,203,350
FACT07487,P14,186,450
FACT07487,P16,239,800
FACT02405,P08,528,65
FACT02405,P20,60,2900
FACT02405,P16,49,800
FACT02405,P13,91,350
FACT05643,P19,333,3800
FACT05643,P06,376,30
FACT05643,P16,88,800
FACT05643,P07,36,28
FACT06072,P14,257,450
FACT06072,P10,272,20
FACT06072,P07,386,28
FACT06072,P13,401,350
FACT00280,P18,41,900
FACT00280,P07,564,28
FACT00280,P10,146,20
FACT00280,P17,551,280
FACT09486,P13,425,350
FACT09486,P06,562,30
FACT09486,P02,596,350
FACT09486,P14,479,450
FACT01879,P11,402,55
FACT01879,P10,184,20
FACT01879,P03,359,8000
FACT01879,P16,21,800
FACT05403,P11,6,55
FACT05403,P05,587,45
FACT05403,P18,242,900
FACT05403,P17,137,280
FACT05600,P19,211,3800
FACT05600,P13,543,350
FACT05600,P01,565,4500
FACT05600,P11,333,55
FACT00438,P09,247,18
FACT00438,P14,388,450
FACT00438,P16,410,800
FACT00438,P17,366,280
FACT09219,P18,155,900
FACT09219,P05,280,45
FACT09219,P11,136,55
FACT09219,P09,581,18
FACT03379,P12,386,70
FACT03379,P03,367,8000
FACT03379,P05,125,45
FACT03379,P15,486,650
FACT06524,P20,318,2900
FACT06524,P12,578,70
FACT06524,P18,164,900
FACT06524,P09,486,18
FACT06747,P05,253,45
FACT06747,P10,362,20
FACT06747,P12,153,70
FACT06747,P15,340,650
FACT06117,P04,359,3500
FACT06117,P08,108,65
FACT06117,P11,223,55
FACT06117,P12,242,70
FACT09584,P13,137,350
FACT09584,P20,501,2900
FACT09584,P17,305,280
FACT09584,P08,251,65
FACT04072,P05,532,45
FACT04072,P14,106,450
FACT04072,P15,496,650
FACT04072,P09,235,18
FACT07185,P03,541,8000
FACT07185,P06,383,30
FACT07185,P20,546,2900
FACT07185,P05,543,45
FACT00570,P15,476,650
FACT00570,P12,391,70
FACT00570,P09,477,18
FACT00570,P20,242,2900
FACT01892,P14,69,450
FACT01892,P09,494,18
FACT01892,P11,21,55
FACT01892,P07,316,28
FACT03088,P05,398,45
FACT03088,P10,42,20
FACT03088,P17,564,280
FACT03088,P09,150,18
FACT00186,P18,10,900
FACT00186,P01,444,4500
FACT00186,P10,308,20
FACT00186,P20,395,2900
FACT07750,P17,281,280
FACT07750,P14,221,450
FACT07750,P20,270,2900
FACT07750,P04,237,3500
FACT01850,P03,481,8000
FACT01850,P02,168,350
FACT01850,P13,221,350
FACT01850,P12,167,70
FACT05293,P04,126,3500
FACT05293,P03,388,8000
FACT05293,P02,406,350
FACT05293,P16,179,800
FACT03490,P07,271,28
FACT03490,P12,295,70
FACT03490,P15,77,650
FACT03490,P10,350,20
FACT01914,P18,458,900
FACT01914,P20,523,2900
FACT01914,P14,37,450
FACT01914,P10,72,20
FACT07948,P03,587,8000
FACT07948,P17,288,280
FACT07948,P16,540,800
FACT07948,P08,352,65
FACT07181,P10,415,20
FACT07181,P14,297,450
FACT07181,P13,466,350
FACT07181,P06,382,30
FACT04884,P03,57,8000
FACT04884,P20,421,2900
FACT04884,P18,205,900
FACT04884,P12,553,70
FACT08483,P04,393,3500
FACT08483,P20,254,2900
FACT08483,P01,257,4500
FACT08483,P12,286,70
FACT00549,P07,400,28
FACT00549,P15,453,650
FACT00549,P18,587,900
FACT00549,P20,395,2900
FACT00785,P10,121,20
FACT00785,P09,595,18
FACT00785,P16,261,800
FACT00785,P02,289,350
FACT09943,P13,314,350
FACT09943,P16,400,800
FACT09943,P01,110,4500
FACT09943,P03,159,8000
FACT01028,P02,542,350
FACT01028,P09,305,18
FACT01028,P04,292,3500
FACT01028,P08,127,65
FACT04046,P16,108,800
FACT04046,P20,413,2900
FACT04046,P06,309,30
FACT04046,P09,579,18
FACT02385,P08,330,65
FACT02385,P13,116,350
FACT02385,P06,349,30
FACT02385,P19,87,3800
FACT01760,P08,391,65
FACT01760,P15,56,650
FACT01760,P01,198,4500
FACT01760,P19,370,3800
FACT01203,P18,26,900
FACT01203,P09,480,18
FACT01203,P04,600,3500
FACT01203,P06,588,30
FACT04540,P11,387,55
FACT04540,P14,328,450
FACT04540,P17,309,280
FACT04540,P10,290,20
FACT07874,P20,389,2900
FACT07874,P19,100,3800
FACT07874,P08,96,65
FACT07874,P13,484,350
FACT02775,P06,259,30
FACT02775,P03,455,8000
FACT02775,P17,80,280
FACT02775,P12,462,70
FACT07002,P13,440,350
FACT07002,P12,75,70
FACT07002,P05,561,45
FACT07002,P15,196,650
FACT03571,P07,525,28
FACT03571,P15,591,650
FACT03571,P05,55,45
FACT03571,P02,93,350
FACT04515,P05,287,45
FACT04515,P18,439,900
FACT04515,P14,123,450
FACT04515,P01,63,4500
FACT07732,P17,287,280
FACT07732,P09,97,18
FACT07732,P04,132,3500
FACT07732,P01,498,4500
FACT07337,P15,75,650
FACT07337,P18,227,900
FACT07337,P11,129,55
FACT07337,P09,541,18
FACT09223,P06,26,30
FACT09223,P07,494,28
FACT09223,P03,284,8000
FACT09223,P13,281,350
FACT03497,P06,561,30
FACT03497,P18,293,900
FACT03497,P14,412,450
FACT03497,P03,69,8000
FACT07380,P09,212,18
FACT07380,P02,580,350
FACT07380,P01,312,4500
FACT07380,P06,201,30
FACT04143,P13,524,350
FACT04143,P09,589,18
FACT04143,P11,448,55
FACT04143,P07,207,28
FACT02541,P15,328,650
FACT02541,P19,544,3800
FACT02541,P16,244,800
FACT02541,P11,263,55
FACT03158,P08,189,65
FACT03158,P01,537,4500
FACT03158,P02,238,350
FACT03158,P05,319,45
FACT02238,P19,568,3800
FACT02238,P08,141,65
FACT02238,P03,494,8000
FACT02238,P13,9,350
FACT09836,P19,579,3800
FACT09836,P02,524,350
FACT09836,P16,14,800
FACT09836,P05,532,45
FACT05180,P20,313,2900
FACT05180,P09,566,18
FACT05180,P01,404,4500
FACT05180,P12,369,70
FACT03606,P04,175,3500
FACT03606,P20,600,2900
FACT03606,P02,463,350
FACT03606,P16,87,800
FACT01170,P10,504,20
FACT01170,P01,376,4500
FACT01170,P11,383,55
FACT01170,P14,237,450
FACT08965,P08,391,65
FACT08965,P19,264,3800
FACT08965,P05,414,45
FACT08965,P14,482,450
FACT09083,P20,57,2900
FACT09083,P19,392,3800
FACT09083,P05,9,45
FACT09083,P15,453,650
FACT06250,P14,135,450
FACT06250,P08,354,65
FACT06250,P09,170,18
FACT06250,P15,498,650
FACT09025,P14,244,450
FACT09025,P15,71,650
FACT09025,P04,533,3500
FACT09025,P18,293,900
FACT05666,P20,354,2900
FACT05666,P15,194,650
FACT05666,P06,385,30
FACT05666,P13,294,350
FACT04029,P19,322,3800
FACT04029,P05,343,45
FACT04029,P14,449,450
FACT04029,P13,149,350
FACT08117,P10,274,20
FACT08117,P16,419,800
FACT08117,P14,242,450
FACT08117,P17,518,280
FACT08994,P05,526,45
FACT08994,P04,382,3500
FACT08994,P15,577,650
FACT08994,P02,391,350
FACT02741,P19,261,3800
FACT02741,P11,147,55
FACT02741,P12,537,70
FACT02741,P06,18,30
FACT05406,P07,364,28
FACT05406,P04,104,3500
FACT05406,P17,333,280
FACT05406,P19,497,3800
FACT06123,P03,549,8000
FACT06123,P18,550,900
FACT06123,P05,166,45
FACT06123,P16,206,800
FACT05497,P07,442,28
FACT05497,P14,462,450
FACT05497,P06,302,30
FACT05497,P11,341,55
FACT09701,P14,582,450
FACT09701,P05,127,45
FACT09701,P17,407,280
FACT09701,P09,553,18
FACT00070,P08,136,65
FACT00070,P07,155,28
FACT00070,P04,582,3500
FACT00070,P06,192,30
FACT09894,P06,207,30
FACT09894,P04,412,3500
FACT09894,P07,378,28
FACT09894,P10,72,20
FACT00698,P20,417,2900
FACT00698,P17,15,280
FACT00698,P07,514,28
FACT00698,P10,459,20
FACT02264,P02,320,350
FACT02264,P17,95,280
FACT02264,P11,527,55
FACT02264,P16,480,800
FACT05359,P13,207,350
FACT05359,P01,236,4500
FACT05359,P16,237,800
FACT05359,P04,294,3500
FACT00083,P15,568,650
FACT00083,P11,95,55
FACT00083,P20,585,2900
FACT00083,P12,97,70
FACT04769,P10,340,20
FACT04769,P16,152,800
FACT04769,P20,96,2900
FACT04769,P12,432,70
FACT04928,P17,449,280
FACT04928,P06,482,30
FACT04928,P12,55,70
FACT04928,P04,200,3500
FACT03310,P12,50,70
FACT03310,P02,179,350
FACT03310,P15,375,650
FACT03310,P05,474,45
FACT01926,P18,285,900
FACT01926,P10,23,20
FACT01926,P08,537,65
FACT01926,P01,220,4500
FACT08463,P12,75,70
FACT08463,P11,201,55
FACT08463,P18,69,900
FACT08463,P01,413,4500
FACT04569,P07,130,28
FACT04569,P10,524,20
FACT04569,P15,552,650
FACT04569,P09,423,18
FACT04691,P18,13,900
FACT04691,P09,470,18
FACT04691,P20,405,2900
FACT04691,P19,555,3800
FACT04979,P18,133,900
FACT04979,P09,452,18
FACT04979,P14,399,450
FACT04979,P04,79,3500
FACT06102,P02,370,350
FACT06102,P07,299,28
FACT06102,P10,160,20
FACT06102,P13,224,350
FACT05979,P10,180,20
FACT05979,P05,489,45
FACT05979,P07,218,28
FACT05979,P18,450,900
FACT07263,P01,123,4500
FACT07263,P03,57,8000
FACT07263,P17,84,280
FACT07263,P20,532,2900
FACT02939,P13,137,350
FACT02939,P10,10,20
FACT02939,P12,529,70
FACT02939,P02,334,350
FACT07245,P06,335,30
FACT07245,P02,389,350
FACT07245,P15,8,650
FACT07245,P17,428,280
FACT02197,P15,329,650
FACT02197,P19,412,3800
FACT02197,P20,137,2900
FACT02197,P04,108,3500
FACT03297,P14,281,450
FACT03297,P04,13,3500
FACT03297,P19,210,3800
FACT03297,P13,189,350
FACT02668,P18,560,900
FACT02668,P08,40,65
FACT02668,P17,428,280
FACT02668,P02,128,350
FACT05516,P03,562,8000
FACT05516,P16,198,800
FACT05516,P19,561,3800
FACT05516,P13,589,350
FACT04256,P04,582,3500
FACT04256,P14,348,450
FACT04256,P20,393,2900
FACT04256,P02,447,350
FACT02391,P03,37,8000
FACT02391,P13,469,350
FACT02391,P20,356,2900
FACT02391,P08,417,65
FACT08431,P20,314,2900
FACT08431,P17,396,280
FACT08431,P09,155,18
FACT08431,P14,595,450
FACT06903,P17,573,280
FACT06903,P14,317,450
FACT06903,P20,335,2900
FACT06903,P04,393,3500
FACT01005,P02,308,350
FACT01005,P12,542,70
FACT01005,P13,192,350
FACT01005,P17,39,280
FACT08265,P13,292,350
FACT08265,P09,141,18
FACT08265,P03,251,8000
FACT08265,P15,570,650
FACT04232,P10,221,20
FACT04232,P13,251,350
FACT04232,P02,257,350
FACT04232,P20,304,2900
FACT04895,P05,461,45
FACT04895,P08,412,65
FACT04895,P10,116,20
FACT04895,P02,357,350
FACT00684,P20,52,2900
FACT00684,P11,9,55
FACT00684,P19,37,3800
FACT00684,P06,278,30
FACT04468,P17,286,280
FACT04468,P20,351,2900
FACT04468,P13,511,350
FACT04468,P11,327,55
FACT01647,P18,517,900
FACT01647,P20,320,2900
FACT01647,P04,38,3500
FACT01647,P13,68,350
FACT09604,P08,526,65
FACT09604,P07,315,28
FACT09604,P06,431,30
FACT09604,P14,544,450
FACT08692,P16,433,800
FACT08692,P17,23,280
FACT08692,P13,521,350
FACT08692,P01,145,4500
FACT02134,P20,78,2900
FACT02134,P17,405,280
FACT02134,P04,144,3500
FACT02134,P16,474,800
FACT01335,P05,453,45
FACT01335,P07,131,28
FACT01335,P02,592,350
FACT01335,P11,298,55
FACT08401,P20,50,2900
FACT08401,P16,95,800
FACT08401,P02,39,350
FACT08401,P05,301,45
FACT05889,P14,101,450
FACT05889,P20,556,2900
FACT05889,P05,187,45
FACT05889,P13,486,350
FACT03415,P13,472,350
FACT03415,P10,510,20
FACT03415,P11,265,55
FACT03415,P19,460,3800
FACT02369,P12,35,70
FACT02369,P14,31,450
FACT02369,P03,198,8000
FACT02369,P15,25,650
FACT09402,P07,559,28
FACT09402,P03,80,8000
FACT09402,P10,554,20
FACT09402,P09,179,18
FACT02536,P11,419,55
FACT02536,P03,495,8000
FACT02536,P08,568,65
FACT02536,P20,35,2900
FACT02643,P08,86,65
FACT02643,P02,115,350
FACT02643,P17,37,280
FACT02643,P19,521,3800
FACT09496,P10,592,20
FACT09496,P19,35,3800
FACT09496,P06,475,30
FACT09496,P04,410,3500
FACT08317,P06,533,30
FACT08317,P17,277,280
FACT08317,P01,224,4500
FACT08317,P14,186,450
FACT06731,P14,433,450
FACT06731,P09,158,18
FACT06731,P05,263,45
FACT06731,P04,512,3500
FACT07067,P01,258,4500
FACT07067,P16,496,800
FACT07067,P03,382,8000
FACT07067,P11,274,55
FACT08641,P16,166,800
FACT08641,P08,518,65
FACT08641,P13,184,350
FACT08641,P11,468,55
FACT09030,P04,539,3500
FACT09030,P01,208,4500
FACT09030,P03,578,8000
FACT09030,P14,171,450
FACT05172,P07,227,28
FACT05172,P10,119,20
FACT05172,P02,572,350
FACT05172,P17,198,280
FACT04335,P03,418,8000
FACT04335,P20,356,2900
FACT04335,P17,254,280
FACT04335,P05,353,45
FACT07162,P18,448,900
FACT07162,P06,96,30
FACT07162,P15,417,650
FACT07162,P10,265,20
FACT07869,P02,546,350
FACT07869,P08,227,65
FACT07869,P11,436,55
FACT07869,P05,468,45
FACT06538,P19,450,3800
FACT06538,P11,74,55
FACT06538,P10,17,20
FACT06538,P05,333,45
FACT07150,P15,542,650
FACT07150,P05,507,45
FACT07150,P13,166,350
FACT07150,P14,594,450
FACT03947,P18,301,900
FACT03947,P06,304,30
FACT03947,P20,26,2900
FACT03947,P11,14,55
FACT09117,P06,140,30
FACT09117,P09,184,18
FACT09117,P02,478,350
FACT09117,P19,71,3800
FACT07341,P14,465,450
FACT07341,P17,587,280
FACT07341,P13,380,350
FACT07341,P03,401,8000
FACT09428,P08,517,65
FACT09428,P20,222,2900
FACT09428,P06,85,30
FACT09428,P19,162,3800
FACT08512,P08,215,65
FACT08512,P03,457,8000
FACT08512,P17,299,280
FACT08512,P01,174,4500
FACT03268,P07,114,28
FACT03268,P02,173,350
FACT03268,P14,257,450
FACT03268,P12,580,70
FACT04375,P09,505,18
FACT04375,P02,289,350
FACT04375,P12,105,70
FACT04375,P19,434,3800
FACT00432,P07,566,28
FACT00432,P03,135,8000
FACT00432,P12,95,70
FACT00432,P19,536,3800
FACT07312,P13,120,350
FACT07312,P08,595,65
FACT07312,P19,54,3800
FACT07312,P03,48,8000
FACT06793,P08,106,65
FACT06793,P15,418,650
FACT06793,P11,91,55
FACT06793,P04,300,3500
FACT06279,P04,425,3500
FACT06279,P10,94,20
FACT06279,P17,199,280
FACT06279,P08,244,65
FACT01609,P13,259,350
FACT01609,P08,64,65
FACT01609,P02,115,350
FACT01609,P06,159,30
FACT09441,P02,470,350
FACT09441,P08,329,65
FACT09441,P07,526,28
FACT09441,P03,81,8000
FACT04960,P09,299,18
FACT04960,P05,280,45
FACT04960,P01,561,4500
FACT04960,P02,27,350
FACT08288,P17,191,280
FACT08288,P02,567,350
FACT08288,P01,398,4500
FACT08288,P09,32,18
FACT03063,P14,521,450
FACT03063,P05,387,45
FACT03063,P09,8,18
FACT03063,P18,190,900
FACT01742,P17,397,280
FACT01742,P16,112,800
FACT01742,P11,514,55
FACT01742,P06,166,30
FACT06796,P04,551,3500
FACT06796,P16,444,800
FACT06796,P14,582,450
FACT06796,P09,425,18
FACT04788,P01,327,4500
FACT04788,P11,237,55
FACT04788,P19,247,3800
FACT04788,P06,157,30
FACT02825,P07,484,28
FACT02825,P18,183,900
FACT02825,P15,7,650
FACT02825,P02,237,350
FACT07917,P02,43,350
FACT07917,P07,258,28
FACT07917,P09,470,18
FACT07917,P19,222,3800
FACT06215,P15,345,650
FACT06215,P16,122,800
FACT06215,P02,417,350
FACT06215,P09,555,18
FACT09166,P08,105,65
FACT09166,P07,289,28
FACT09166,P09,382,18
FACT09166,P16,369,800
FACT01978,P06,149,30
FACT01978,P01,98,4500
FACT01978,P16,388,800
FACT01978,P07,138,28
FACT07476,P10,377,20
FACT07476,P20,242,2900
FACT07476,P18,488,900
FACT07476,P08,173,65
FACT08027,P10,96,20
FACT08027,P02,336,350
FACT08027,P18,416,900
FACT08027,P09,548,18
FACT02659,P20,536,2900
FACT02659,P11,227,55
FACT02659,P19,312,3800
FACT02659,P04,417,3500
FACT01999,P11,93,55
FACT01999,P05,383,45
FACT01999,P04,216,3500
FACT01999,P07,28,28
FACT06303,P15,44,650
FACT06303,P18,109,900
FACT06303,P20,353,2900
FACT06303,P14,150,450
FACT07961,P17,302,280
FACT07961,P20,392,2900
FACT07961,P04,102,3500
FACT07961,P11,386,55
FACT06764,P04,470,3500
FACT06764,P06,600,30
FACT06764,P16,334,800
FACT06764,P12,398,70
FACT09180,P08,294,65
FACT09180,P06,32,30
FACT09180,P16,531,800
FACT09180,P01,217,4500
FACT08963,P08,479,65
FACT08963,P07,301,28
FACT08963,P17,25,280
FACT08963,P20,85,2900
FACT03551,P08,104,65
FACT03551,P09,62,18
FACT03551,P05,540,45
FACT03551,P10,562,20
FACT07354,P15,375,650
FACT07354,P13,303,350
FACT07354,P17,182,280
FACT07354,P12,543,70
FACT06110,P13,570,350
FACT06110,P07,94,28
FACT06110,P08,475,65
FACT06110,P06,415,30
FACT02351,P12,219,70
FACT02351,P02,448,350
FACT02351,P20,264,2900
FACT02351,P10,597,20
FACT05110,P09,220,18
FACT05110,P17,455,280
FACT05110,P14,305,450
FACT05110,P07,26,28
FACT03744,P13,15,350
FACT03744,P07,94,28
FACT03744,P11,24,55
FACT03744,P15,313,650
FACT03292,P01,500,4500
FACT03292,P13,38,350
FACT03292,P06,183,30
FACT03292,P15,148,650
FACT06780,P14,548,450
FACT06780,P18,134,900
FACT06780,P05,204,45
FACT06780,P09,385,18
FACT06655,P15,218,650
FACT06655,P17,317,280
FACT06655,P16,548,800
FACT06655,P01,213,4500
FACT07040,P12,241,70
FACT07040,P20,471,2900
FACT07040,P06,469,30
FACT07040,P08,498,65
FACT01728,P15,569,650
FACT01728,P02,375,350
FACT01728,P17,148,280
FACT01728,P01,171,4500
FACT02168,P14,62,450
FACT02168,P01,183,4500
FACT02168,P12,118,70
FACT02168,P15,382,650
FACT01989,P04,543,3500
FACT01989,P03,484,8000
FACT01989,P16,501,800
FACT01989,P19,577,3800
FACT01080,P02,319,350
FACT01080,P03,446,8000
FACT01080,P18,128,900
FACT01080,P06,434,30
FACT02038,P20,91,2900
FACT02038,P01,70,4500
FACT02038,P19,245,3800
FACT02038,P11,329,55
FACT09196,P19,108,3800
FACT09196,P06,277,30
FACT09196,P20,351,2900
FACT09196,P13,19,350
FACT06605,P10,32,20
FACT06605,P19,101,3800
FACT06605,P09,388,18
FACT06605,P16,46,800
FACT00240,P04,132,3500
FACT00240,P06,21,30
FACT00240,P17,396,280
FACT00240,P13,112,350
FACT02164,P09,33,18
FACT02164,P17,405,280
FACT02164,P10,196,20
FACT02164,P18,259,900
FACT07866,P09,484,18
FACT07866,P16,69,800
FACT07866,P03,482,8000
FACT07866,P14,523,450
FACT00006,P17,349,280
FACT00006,P18,125,900
FACT00006,P06,420,30
FACT00006,P16,124,800
FACT07858,P12,556,70
FACT07858,P08,97,65
FACT07858,P14,104,450
FACT07858,P15,137,650
FACT07336,P10,244,20
FACT07336,P07,443,28
FACT07336,P02,89,350
FACT07336,P20,250,2900
FACT02328,P11,15,55
FACT02328,P01,88,4500
FACT02328,P02,525,350
FACT02328,P19,596,3800
FACT01708,P18,285,900
FACT01708,P19,353,3800
FACT01708,P17,269,280
FACT01708,P11,345,55
FACT05017,P14,312,450
FACT05017,P02,395,350
FACT05017,P01,126,4500
FACT05017,P09,385,18
FACT07659,P03,199,8000
FACT07659,P02,344,350
FACT07659,P14,110,450
FACT07659,P08,405,65
FACT08087,P03,521,8000
FACT08087,P17,321,280
FACT08087,P15,145,650
FACT08087,P09,330,18
FACT06211,P11,450,55
FACT06211,P05,477,45
FACT06211,P13,165,350
FACT06211,P06,221,30
FACT06838,P12,18,70
FACT06838,P15,68,650
FACT06838,P06,532,30
FACT06838,P03,138,8000
FACT04408,P01,106,4500
FACT04408,P10,179,20
FACT04408,P20,423,2900
FACT04408,P15,501,650
FACT03870,P06,427,30
FACT03870,P15,127,650
FACT03870,P13,496,350
FACT03870,P20,393,2900
FACT07759,P03,213,8000
FACT07759,P02,411,350
FACT07759,P07,76,28
FACT07759,P20,342,2900
FACT00756,P10,399,20
FACT00756,P18,118,900
FACT00756,P03,485,8000
FACT00756,P06,193,30
FACT05673,P19,238,3800
FACT05673,P03,300,8000
FACT05673,P13,89,350
FACT05673,P17,164,280
FACT02900,P04,547,3500
FACT02900,P18,77,900
FACT02900,P17,164,280
FACT02900,P14,375,450
FACT05042,P18,537,900
FACT05042,P17,324,280
FACT05042,P05,494,45
FACT05042,P15,150,650
FACT05161,P20,301,2900
FACT05161,P17,378,280
FACT05161,P15,442,650
FACT05161,P07,542,28
FACT01334,P04,76,3500
FACT01334,P13,110,350
FACT01334,P06,547,30
FACT01334,P16,49,800
FACT06708,P01,39,4500
FACT06708,P09,159,18
FACT06708,P10,180,20
FACT06708,P04,510,3500
FACT04871,P11,23,55
FACT04871,P10,328,20
FACT04871,P03,435,8000
FACT04871,P01,367,4500
FACT06859,P02,293,350
FACT06859,P08,453,65
FACT06859,P14,363,450
FACT06859,P09,364,18
FACT07317,P18,111,900
FACT07317,P16,264,800
FACT07317,P20,91,2900
FACT07317,P10,413,20
FACT08865,P19,235,3800
FACT08865,P08,481,65
FACT08865,P18,296,900
FACT08865,P05,253,45
FACT05152,P05,272,45
FACT05152,P10,169,20
FACT05152,P19,269,3800
FACT05152,P16,355,800
FACT08414,P08,369,65
FACT08414,P05,509,45
FACT08414,P14,567,450
FACT08414,P10,523,20
FACT02472,P19,191,3800
FACT02472,P08,25,65
FACT02472,P04,430,3500
FACT02472,P18,529,900
FACT00713,P05,513,45
FACT00713,P17,198,280
FACT00713,P09,548,18
FACT00713,P02,595,350
FACT07503,P18,24,900
FACT07503,P15,462,650
FACT07503,P08,184,65
FACT07503,P12,301,70
FACT07009,P19,378,3800
FACT07009,P14,400,450
FACT07009,P08,254,65
FACT07009,P09,320,18
FACT01179,P19,339,3800
FACT01179,P08,277,65
FACT01179,P10,204,20
FACT01179,P02,310,350
FACT03275,P19,523,3800
FACT03275,P13,217,350
FACT03275,P07,266,28
FACT03275,P03,414,8000
FACT01915,P12,252,70
FACT01915,P03,475,8000
FACT01915,P04,93,3500
FACT01915,P09,531,18
FACT08249,P03,280,8000
FACT08249,P11,78,55
FACT08249,P06,377,30
FACT08249,P20,132,2900
FACT08819,P19,290,3800
FACT08819,P03,364,8000
FACT08819,P09,555,18
FACT08819,P14,526,450
FACT02975,P10,133,20
FACT02975,P20,209,2900
FACT02975,P18,437,900
FACT02975,P06,555,30
FACT02915,P06,557,30
FACT02915,P05,78,45
FACT02915,P11,454,55
FACT02915,P15,410,650
FACT09627,P17,137,280
FACT09627,P12,552,70
FACT09627,P16,187,800
FACT09627,P11,22,55
FACT05437,P19,500,3800
FACT05437,P05,294,45
FACT05437,P01,269,4500
FACT05437,P15,139,650
FACT09407,P13,30,350
FACT09407,P05,166,45
FACT09407,P20,256,2900
FACT09407,P02,408,350
FACT02502,P20,470,2900
FACT02502,P14,172,450
FACT02502,P06,13,30
FACT02502,P17,41,280
FACT02112,P15,582,650
FACT02112,P16,32,800
FACT02112,P17,492,280
FACT02112,P02,479,350
FACT03830,P01,403,4500
FACT03830,P08,323,65
FACT03830,P12,364,70
FACT03830,P18,348,900
FACT07885,P19,180,3800
FACT07885,P20,445,2900
FACT07885,P11,21,55
FACT07885,P03,38,8000
FACT04279,P13,242,350
FACT04279,P08,91,65
FACT04279,P14,525,450
FACT04279,P20,217,2900
FACT00051,P09,323,18
FACT00051,P02,12,350
FACT00051,P15,59,650
FACT00051,P10,251,20
FACT06190,P09,222,18
FACT06190,P01,82,4500
FACT06190,P11,510,55
FACT06190,P05,343,45
FACT08447,P20,533,2900
FACT08447,P12,127,70
FACT08447,P02,482,350
FACT08447,P08,500,65
FACT06405,P12,31,70
FACT06405,P06,212,30
FACT06405,P04,534,3500
FACT06405,P07,427,28
FACT02824,P15,420,650
FACT02824,P06,231,30
FACT02824,P20,390,2900
FACT02824,P19,41,3800
FACT06629,P10,178,20
FACT06629,P07,531,28
FACT06629,P18,584,900
FACT06629,P15,246,650
FACT03231,P17,378,280
FACT03231,P02,327,350
FACT03231,P01,361,4500
FACT03231,P11,135,55
FACT02446,P08,118,65
FACT02446,P14,297,450
FACT02446,P12,529,70
FACT02446,P05,19,45
FACT00609,P19,35,3800
FACT00609,P01,114,4500
FACT00609,P20,365,2900
FACT00609,P08,188,65
FACT00482,P02,259,350
FACT00482,P01,191,4500
FACT00482,P12,426,70
FACT00482,P16,552,800
FACT08024,P08,492,65
FACT08024,P06,314,30
FACT08024,P11,118,55
FACT08024,P10,13,20
FACT05752,P12,323,70
FACT05752,P13,175,350
FACT05752,P14,26,450
FACT05752,P20,591,2900
FACT01117,P06,429,30
FACT01117,P07,409,28
FACT01117,P01,227,4500
FACT01117,P20,224,2900
FACT03430,P11,580,55
FACT03430,P15,247,650
FACT03430,P09,153,18
FACT03430,P08,115,65
FACT06607,P09,460,18
FACT06607,P14,336,450
FACT06607,P12,584,70
FACT06607,P11,178,55
FACT08672,P11,232,55
FACT08672,P18,84,900
FACT08672,P16,205,800
FACT08672,P10,145,20
FACT00205,P01,69,4500
FACT00205,P18,256,900
FACT00205,P10,386,20
FACT00205,P11,597,55
FACT06005,P15,367,650
FACT06005,P19,159,3800
FACT06005,P04,11,3500
FACT06005,P06,311,30
FACT09695,P19,332,3800
FACT09695,P08,366,65
FACT09695,P16,428,800
FACT09695,P06,216,30
FACT07395,P10,144,20
FACT07395,P08,110,65
FACT07395,P19,472,3800
FACT07395,P18,285,900
FACT06403,P11,356,55
FACT06403,P09,585,18
FACT06403,P14,582,450
FACT06403,P02,248,350
FACT05697,P02,429,350
FACT05697,P08,182,65
FACT05697,P06,344,30
FACT05697,P19,380,3800
FACT09916,P13,41,350
FACT09916,P19,307,3800
FACT09916,P09,470,18
FACT09916,P01,162,4500
FACT01141,P18,535,900
FACT01141,P14,284,450
FACT01141,P09,32,18
FACT01141,P15,102,650
FACT00817,P20,134,2900
FACT00817,P12,593,70
FACT00817,P04,179,3500
FACT00817,P19,340,3800
FACT02682,P10,248,20
FACT02682,P14,44,450
FACT02682,P17,309,280
FACT02682,P06,288,30
FACT08102,P09,266,18
FACT08102,P13,85,350
FACT08102,P05,78,45
FACT08102,P12,213,70
FACT03728,P05,61,45
FACT03728,P09,43,18
FACT03728,P07,71,28
FACT03728,P11,298,55
FACT03365,P12,443,70
FACT03365,P09,333,18
FACT03365,P13,39,350
FACT03365,P16,435,800
FACT06750,P09,551,18
FACT06750,P05,64,45
FACT06750,P06,138,30
FACT06750,P02,104,350
FACT00222,P02,369,350
FACT00222,P16,376,800
FACT00222,P13,35,350
FACT00222,P07,160,28
FACT00862,P09,200,18
FACT00862,P17,49,280
FACT00862,P15,321,650
FACT00862,P12,533,70
FACT09518,P01,295,4500
FACT09518,P05,110,45
FACT09518,P11,313,55
FACT09518,P19,521,3800
FACT01123,P18,19,900
FACT01123,P16,423,800
FACT01123,P13,331,350
FACT01123,P01,356,4500
FACT08941,P01,317,4500
FACT08941,P10,203,20
FACT08941,P03,171,8000
FACT08941,P05,65,45
FACT05269,P14,82,450
FACT05269,P15,355,650
FACT05269,P08,281,65
FACT05269,P18,366,900
FACT06256,P13,332,350
FACT06256,P18,377,900
FACT06256,P16,48,800
FACT06256,P17,124,280
FACT02184,P13,435,350
FACT02184,P15,111,650
FACT02184,P02,490,350
FACT02184,P18,103,900
FACT04850,P20,24,2900
FACT04850,P03,176,8000
FACT04850,P17,215,280
FACT04850,P02,418,350
FACT02568,P08,28,65
FACT02568,P04,507,3500
FACT02568,P20,30,2900
FACT02568,P11,371,55
FACT08938,P08,399,65
FACT08938,P03,347,8000
FACT08938,P07,126,28
FACT08938,P15,517,650
FACT02187,P14,210,450
FACT02187,P16,488,800
FACT02187,P09,461,18
FACT02187,P04,379,3500
FACT08636,P14,158,450
FACT08636,P03,280,8000
FACT08636,P10,279,20
FACT08636,P17,477,280
